{
    "ECS_p": 0.416232,
    "ECS_n": 0.514421,
    "APower_p": 0.631092,
    "APower_n": 0.700603
}