{
    "ECS_p": 0.317883,
    "ECS_n": 0.603954,
    "APower_p": 0.696804,
    "APower_n": 0.637614
}