{
    "CH89RealCentral": {
        "V_0": 56.944,
        "V_t": 21.6269,
        "V_e": -0.368779,
        "r_o": 1.18435,
        "r_o_0": -0.186417,
        "a_0": 0.737426
    },
    "CH89Coulomb": {
        "r_c": 1.16666,
        "r_c_0": 0.15146
    },
    "CH89SpinOrbit": {
        "V_so": 5.72824,
        "r_so": 1.4149,
        "r_so_0": -1.98354,
        "a_so": 0.568059
    },
    "CH89ImagCentral": {
        "W_v0": 16.1902,
        "W_ve0": 54.9601,
        "W_vew": 40.0156,
        "W_s0": 12.1865,
        "W_st": 40.2997,
        "W_se0": 4.71221,
        "W_sew": 26.8819,
        "r_w": 1.47538,
        "r_w0": -1.03154,
        "a_w": 0.684612
    }
}