{
    "WLHReal_V0_p": 52.50350208604562,
    "WLHReal_V1_p": 0.30292209050085206,
    "WLHReal_V2_p": -0.00047436566525038053,
    "WLHReal_V3_p": 2.994321354915284e-06,
    "WLHReal_V4_p": 11.798571498214073,
    "WLHReal_V5_p": 0.11936309501796431,
    "WLHReal_V6_p": 0.00042152577977247474,
    "WLHReal_r0_p": 1.3160249972203963,
    "WLHReal_r1_p": 0.22229569452045728,
    "WLHReal_r2_p": 0.0011153180084290957,
    "WLHReal_r3_p": 1.2120034373543814e-05,
    "WLHReal_a0_p": 0.7942352994898807,
    "WLHReal_a1_p": 3.5114147723277556e-05,
    "WLHReal_a2_p": 9.661363144463896e-06,
    "WLHReal_a3_p": 0.018538904728886172,
    "WLHReal_a4_p": 0.6056736785457596,
    "WLHReal_V0_n": 49.927906857700364,
    "WLHReal_V1_n": 0.2547696984520008,
    "WLHReal_V2_n": -0.0006594756006255723,
    "WLHReal_V3_n": 3.2907693501672813e-06,
    "WLHReal_V4_n": 21.445126372263516,
    "WLHReal_V5_n": 0.29940159958069434,
    "WLHReal_V6_n": 0.0014139944529812578,
    "WLHReal_r0_n": 1.3132629617101943,
    "WLHReal_r1_n": 0.2547676900179246,
    "WLHReal_r2_n": 0.0011808783008914175,
    "WLHReal_r3_n": 1.4480141325598753e-05,
    "WLHReal_a0_n": 0.7571948764999152,
    "WLHReal_a1_n": 0.0012336412369565323,
    "WLHReal_a2_n": 1.762470142449875e-05,
    "WLHReal_a3_n": 0.3706354255517356,
    "WLHReal_a4_n": 1.063968103039724,
    "WLHImagVolume_W0_p": 5.087768233110271,
    "WLHImagVolume_W1_p": 0.23078289770177754,
    "WLHImagVolume_W2_p": 0.00033603971500430197,
    "WLHImagVolume_W3_p": 11.384676408282461,
    "WLHImagVolume_W4_p": 0.08102437643891504,
    "WLHImagVolume_r0_p": 0.7557583647418522,
    "WLHImagVolume_r1_p": 42.434349790407644,
    "WLHImagVolume_r2_p": 0.5377207988919707,
    "WLHImagVolume_r3_p": 60.69279333334817,
    "WLHImagVolume_r4_p": 0.7114597458035693,
    "WLHImagVolume_r5_p": 1.7214388684289029e-06,
    "WLHImagVolume_a0_p": 0.589422535870911,
    "WLHImagVolume_a1_p": 0.2586179815128619,
    "WLHImagVolume_a2_p": 14.004006520849488,
    "WLHImagVolume_a3_p": 0.4391728016233465,
    "WLHImagVolume_a4_p": 0.0028117141887329293,
    "WLHImagVolume_W0_n": 2.97855734399154,
    "WLHImagVolume_W1_n": 0.20300615961652138,
    "WLHImagVolume_W2_n": 0.0003229761407027753,
    "WLHImagVolume_W3_n": 8.613062243993582,
    "WLHImagVolume_W4_n": -0.013494445190854524,
    "WLHImagVolume_r0_n": 0.626534257191071,
    "WLHImagVolume_r1_n": 78.36195851393526,
    "WLHImagVolume_r2_n": 0.679356468262339,
    "WLHImagVolume_r3_n": 89.57359026739223,
    "WLHImagVolume_r4_n": 0.968030956204246,
    "WLHImagVolume_r5_n": 5.2106141119196954e-06,
    "WLHImagVolume_a0_n": 0.2636871998644814,
    "WLHImagVolume_a1_n": 0.5568415436584928,
    "WLHImagVolume_a2_n": 6.597556881175153,
    "WLHImagVolume_a3_n": 0.06435140337280543,
    "WLHImagVolume_a4_n": 0.0005085063896996683,
    "WLHImagSurface_W0_p": 0.5753306860828498,
    "WLHImagSurface_W1_p": 0.004294796710767559,
    "WLHImagSurface_W2_p": -0.36778820311789007,
    "WLHImagSurface_W3_p": -0.0016973953169773515,
    "WLHImagSurface_r0_p": 0.8637658515837038,
    "WLHImagSurface_r1_p": 0.14964989979074,
    "WLHImagSurface_r2_p": 0.001269705568774552,
    "WLHImagSurface_a0_p": 0.7892207154762643,
    "WLHImagSurface_W0_n": 1.1976269803719695,
    "WLHImagSurface_W1_n": 0.032541880394798675,
    "WLHImagSurface_W2_n": 1.3692824326337254,
    "WLHImagSurface_W3_n": 0.12473263195975065,
    "WLHImagSurface_r0_n": 1.2856880431388158,
    "WLHImagSurface_r1_n": 1.4473061508989604,
    "WLHImagSurface_r2_n": 0.002180184122126001,
    "WLHImagSurface_a0_n": 0.8719005896656472,
    "WLHRealSpinOrbit_V0_p": 9.583789224076858,
    "WLHRealSpinOrbit_V1_p": 0.00883678326215067,
    "WLHRealSpinOrbit_r0_p": 1.3036747228660548,
    "WLHRealSpinOrbit_r1_p": 0.9262575839155202,
    "WLHRealSpinOrbit_a0_p": 0.831583017200728,
    "WLHRealSpinOrbit_a1_p": 0.0003268048072457733,
    "WLHRealSpinOrbit_V0_n": 9.632757404069185,
    "WLHRealSpinOrbit_V1_n": 0.008840086202386707,
    "WLHRealSpinOrbit_r0_n": 1.3086169389570708,
    "WLHRealSpinOrbit_r1_n": 0.9171419561322401,
    "WLHRealSpinOrbit_a0_n": 0.8308776502856714,
    "WLHRealSpinOrbit_a1_n": 0.0003552563571785052
}