{
    "ECS_p": 0.481651,
    "ECS_n": 0.485685,
    "APower_p": 0.801223,
    "APower_n": 0.486494
}