{
    "CH89RealCentral": {
        "V_0": 55.7845,
        "V_t": 16.7896,
        "V_e": -0.347274,
        "r_o": 1.1895,
        "r_o_0": -0.198098,
        "a_0": 0.801916
    },
    "CH89Coulomb": {
        "r_c": 1.41654,
        "r_c_0": 0.363497
    },
    "CH89SpinOrbit": {
        "V_so": 4.33553,
        "r_so": 1.33396,
        "r_so_0": -0.930812,
        "a_so": 0.584202
    },
    "CH89ImagCentral": {
        "W_v0": 7.49836,
        "W_ve0": 57.2409,
        "W_vew": 16.5636,
        "W_s0": 8.70206,
        "W_st": 10.4028,
        "W_se0": 59.3161,
        "W_sew": 11.3368,
        "r_w": 1.3014,
        "r_w0": -0.694755,
        "a_w": 0.737959
    }
}