{
    "ECS_p": 0.276462,
    "ECS_n": 0.304399,
    "APower_p": 0.816264,
    "APower_n": 0.321393
}