{
    "WLHReal_V0_p": 50.98165483870161,
    "WLHReal_V1_p": 0.29868217394592633,
    "WLHReal_V2_p": -0.000773619383262861,
    "WLHReal_V3_p": 4.232705841140821e-06,
    "WLHReal_V4_p": 10.960695550002292,
    "WLHReal_V5_p": 0.11458160794697145,
    "WLHReal_V6_p": 0.000505476515051672,
    "WLHReal_r0_p": 1.3401780979884848,
    "WLHReal_r1_p": 0.20233939639776471,
    "WLHReal_r2_p": 0.0012454846229359676,
    "WLHReal_r3_p": 1.4091470606326926e-05,
    "WLHReal_a0_p": 0.8053708702273846,
    "WLHReal_a1_p": -3.06809822165032e-05,
    "WLHReal_a2_p": 1.2575189006262522e-05,
    "WLHReal_a3_p": -0.0105133717328744,
    "WLHReal_a4_p": 0.6052691106948332,
    "WLHReal_V0_n": 56.36349978552452,
    "WLHReal_V1_n": 0.3325945310851994,
    "WLHReal_V2_n": -0.00010521515792630417,
    "WLHReal_V3_n": 2.400765672872807e-06,
    "WLHReal_V4_n": 20.079488868175584,
    "WLHReal_V5_n": 0.2939065027960135,
    "WLHReal_V6_n": 0.0009909512593513636,
    "WLHReal_r0_n": 1.296314505303332,
    "WLHReal_r1_n": 0.3843851554176129,
    "WLHReal_r2_n": 0.0007878830692300736,
    "WLHReal_r3_n": 6.09792408620668e-06,
    "WLHReal_a0_n": 0.7404911919155637,
    "WLHReal_a1_n": 0.0006056188240039374,
    "WLHReal_a2_n": 6.643726954521389e-06,
    "WLHReal_a3_n": 0.19570546378455497,
    "WLHReal_a4_n": 0.763901815611021,
    "WLHImagVolume_W0_p": 5.55626448651661,
    "WLHImagVolume_W1_p": 0.2231850183365538,
    "WLHImagVolume_W2_p": 0.0003272427173446235,
    "WLHImagVolume_W3_p": 10.526680972183843,
    "WLHImagVolume_W4_p": 0.08320131181482418,
    "WLHImagVolume_r0_p": 0.803418348649712,
    "WLHImagVolume_r1_p": 41.31675278778599,
    "WLHImagVolume_r2_p": 0.5224518304173086,
    "WLHImagVolume_r3_p": 61.842107499163305,
    "WLHImagVolume_r4_p": 0.7114867413415195,
    "WLHImagVolume_r5_p": 1.1750959531557865e-06,
    "WLHImagVolume_a0_p": 0.6085415064683156,
    "WLHImagVolume_a1_p": 0.2566618133232213,
    "WLHImagVolume_a2_p": 14.32550936524841,
    "WLHImagVolume_a3_p": 0.4495100934201139,
    "WLHImagVolume_a4_p": 0.003038853128356791,
    "WLHImagVolume_W0_n": 3.5597934677608687,
    "WLHImagVolume_W1_n": 0.3509039034072752,
    "WLHImagVolume_W2_n": 0.0008699267537786583,
    "WLHImagVolume_W3_n": 10.260909826339695,
    "WLHImagVolume_W4_n": 0.08068183175980924,
    "WLHImagVolume_r0_n": 0.5056140834741557,
    "WLHImagVolume_r1_n": 81.78704606773279,
    "WLHImagVolume_r2_n": 0.7844739609438145,
    "WLHImagVolume_r3_n": 90.28270094930507,
    "WLHImagVolume_r4_n": 0.874735820367214,
    "WLHImagVolume_r5_n": 2.644435584170683e-06,
    "WLHImagVolume_a0_n": 0.24373554650467497,
    "WLHImagVolume_a1_n": 0.5894783923282363,
    "WLHImagVolume_a2_n": 4.5375964313849675,
    "WLHImagVolume_a3_n": 0.011228985445868304,
    "WLHImagVolume_a4_n": 0.0004635989632430611,
    "WLHImagSurface_W0_p": 0.4317303525641129,
    "WLHImagSurface_W1_p": -0.006674907464876131,
    "WLHImagSurface_W2_p": -0.8050087382543445,
    "WLHImagSurface_W3_p": -0.04434998958367761,
    "WLHImagSurface_r0_p": 0.8071406978499294,
    "WLHImagSurface_r1_p": -0.07083406018253513,
    "WLHImagSurface_r2_p": -0.0007091653602836851,
    "WLHImagSurface_a0_p": 0.8040230057536429,
    "WLHImagSurface_W0_n": 2.4383578109451176,
    "WLHImagSurface_W1_n": 0.06431384287043843,
    "WLHImagSurface_W2_n": 3.9323636579652854,
    "WLHImagSurface_W3_n": 0.20640643375420373,
    "WLHImagSurface_r0_n": 1.2925062540752286,
    "WLHImagSurface_r1_n": 1.6472969118974377,
    "WLHImagSurface_r2_n": 0.0038155396727837763,
    "WLHImagSurface_a0_n": 0.8350482467410878,
    "WLHRealSpinOrbit_V0_p": 9.367581888527312,
    "WLHRealSpinOrbit_V1_p": 0.008939078661222961,
    "WLHRealSpinOrbit_r0_p": 1.334420869424285,
    "WLHRealSpinOrbit_r1_p": 0.9750592956890423,
    "WLHRealSpinOrbit_a0_p": 0.8557058763079178,
    "WLHRealSpinOrbit_a1_p": 0.00032370585232132493,
    "WLHRealSpinOrbit_V0_n": 9.548237887284403,
    "WLHRealSpinOrbit_V1_n": 0.00842699423190146,
    "WLHRealSpinOrbit_r0_n": 1.2660954786029153,
    "WLHRealSpinOrbit_r1_n": 0.8687932384866504,
    "WLHRealSpinOrbit_a0_n": 0.7986511409280239,
    "WLHRealSpinOrbit_a1_n": 0.000321873907662239
}