{
    "WLHReal_V0_p": 54.66622442113707,
    "WLHReal_V1_p": 0.30702278084535406,
    "WLHReal_V2_p": 0.000726566488601616,
    "WLHReal_V3_p": -3.5700438500256085e-07,
    "WLHReal_V4_p": 15.029048752768519,
    "WLHReal_V5_p": 0.12033554162872716,
    "WLHReal_V6_p": 1.4090265197049402e-05,
    "WLHReal_r0_p": 1.2385366931637736,
    "WLHReal_r1_p": 0.2805693582744848,
    "WLHReal_r2_p": 0.0004415757191686026,
    "WLHReal_r3_p": 1.1029496250775789e-07,
    "WLHReal_a0_p": 0.7370992933152968,
    "WLHReal_a1_p": 7.687616247015205e-05,
    "WLHReal_a2_p": 2.9661314370194867e-08,
    "WLHReal_a3_p": 0.10003052812655895,
    "WLHReal_a4_p": 0.5230973083509962,
    "WLHReal_V0_n": 50.65200120340691,
    "WLHReal_V1_n": 0.26361934162016715,
    "WLHReal_V2_n": 0.00034222038598590607,
    "WLHReal_V3_n": 7.919781748073503e-07,
    "WLHReal_V4_n": 22.012661924887087,
    "WLHReal_V5_n": 0.22944076074928443,
    "WLHReal_V6_n": 0.0004359097328573684,
    "WLHReal_r0_n": 1.2741544300333398,
    "WLHReal_r1_n": 0.29944758496506046,
    "WLHReal_r2_n": 0.00047844518412055407,
    "WLHReal_r3_n": 1.8118370031754974e-06,
    "WLHReal_a0_n": 0.7047480700488544,
    "WLHReal_a1_n": 0.00043591528978925465,
    "WLHReal_a2_n": 1.8232572095246641e-06,
    "WLHReal_a3_n": 0.23793485567330497,
    "WLHReal_a4_n": 0.6719008695933177,
    "WLHImagVolume_W0_p": 2.266547198321103,
    "WLHImagVolume_W1_p": 0.16622059526614694,
    "WLHImagVolume_W2_p": 0.00026459005860686826,
    "WLHImagVolume_W3_p": 11.634571316468653,
    "WLHImagVolume_W4_p": 0.04604387023019882,
    "WLHImagVolume_r0_p": 0.5012266885011358,
    "WLHImagVolume_r1_p": 62.108441096914646,
    "WLHImagVolume_r2_p": 0.6956814665945577,
    "WLHImagVolume_r3_p": 68.7625317497704,
    "WLHImagVolume_r4_p": 0.5534101077157039,
    "WLHImagVolume_r5_p": 1.1705930062040796e-06,
    "WLHImagVolume_a0_p": 0.46482546760185994,
    "WLHImagVolume_a1_p": 0.3202041248885048,
    "WLHImagVolume_a2_p": 17.782528179339163,
    "WLHImagVolume_a3_p": 0.32452726278824157,
    "WLHImagVolume_a4_p": 0.0008942786022568306,
    "WLHImagVolume_W0_n": 0.9861725782686994,
    "WLHImagVolume_W1_n": 0.12713922843410386,
    "WLHImagVolume_W2_n": 0.0001388926911644939,
    "WLHImagVolume_W3_n": 5.0778341847884025,
    "WLHImagVolume_W4_n": -0.006338099300169559,
    "WLHImagVolume_r0_n": 0.4793306076739362,
    "WLHImagVolume_r1_n": 93.46524995891417,
    "WLHImagVolume_r2_n": 0.7796936948605622,
    "WLHImagVolume_r3_n": 79.16193364371638,
    "WLHImagVolume_r4_n": 0.7913848416468529,
    "WLHImagVolume_r5_n": 1.5293957954592403e-06,
    "WLHImagVolume_a0_n": 0.15644089463005303,
    "WLHImagVolume_a1_n": 0.6549845361168347,
    "WLHImagVolume_a2_n": 12.14135438554488,
    "WLHImagVolume_a3_n": 0.11554572256857487,
    "WLHImagVolume_a4_n": 0.0008269660965969173,
    "WLHImagSurface_W0_p": 1.4647077878702852,
    "WLHImagSurface_W1_p": 0.07473348590884799,
    "WLHImagSurface_W2_p": 2.041964691803052,
    "WLHImagSurface_W3_p": 0.2560170127584854,
    "WLHImagSurface_r0_p": 1.204491014692751,
    "WLHImagSurface_r1_p": 0.8977261575457797,
    "WLHImagSurface_r2_p": 0.009579251654950117,
    "WLHImagSurface_a0_p": 0.876940331449042,
    "WLHImagSurface_W0_n": 1.1249152804146856,
    "WLHImagSurface_W1_n": 0.00967198276336988,
    "WLHImagSurface_W2_n": 1.7295359582316672,
    "WLHImagSurface_W3_n": 0.06726682776057864,
    "WLHImagSurface_r0_n": 1.3106670434980845,
    "WLHImagSurface_r1_n": 1.2384386179059457,
    "WLHImagSurface_r2_n": 0.003799867525789596,
    "WLHImagSurface_a0_n": 0.835739477983608,
    "WLHRealSpinOrbit_V0_p": 9.823003206043834,
    "WLHRealSpinOrbit_V1_p": 0.007918723017460116,
    "WLHRealSpinOrbit_r0_p": 1.2046065858744621,
    "WLHRealSpinOrbit_r1_p": 0.7436586063037338,
    "WLHRealSpinOrbit_a0_p": 0.7404780072838538,
    "WLHRealSpinOrbit_a1_p": 0.0003793823401052948,
    "WLHRealSpinOrbit_V0_n": 9.470158095920661,
    "WLHRealSpinOrbit_V1_n": 0.007875765270238944,
    "WLHRealSpinOrbit_r0_n": 1.2462407380137448,
    "WLHRealSpinOrbit_r1_n": 0.7881394634221623,
    "WLHRealSpinOrbit_a0_n": 0.7651329600941345,
    "WLHRealSpinOrbit_a1_n": 0.0004093395297381098
}