{
    "WLHReal_V0_p": 54.43219877425658,
    "WLHReal_V1_p": 0.34062966102185815,
    "WLHReal_V2_p": -0.0007856131241125471,
    "WLHReal_V3_p": 5.158978788454313e-06,
    "WLHReal_V4_p": 9.343380165219065,
    "WLHReal_V5_p": 0.147417969774959,
    "WLHReal_V6_p": 0.0005866887123245894,
    "WLHReal_r0_p": 1.3739840206791456,
    "WLHReal_r1_p": 0.33576084931546024,
    "WLHReal_r2_p": 0.0012791229982064313,
    "WLHReal_r3_p": 1.2725271360339746e-05,
    "WLHReal_a0_p": 0.8317605435535471,
    "WLHReal_a1_p": 0.00018476153092044265,
    "WLHReal_a2_p": 1.0758615903254422e-05,
    "WLHReal_a3_p": 0.03914834757140424,
    "WLHReal_a4_p": 0.6901340175318321,
    "WLHReal_V0_n": 54.48921766075816,
    "WLHReal_V1_n": 0.2472056857584506,
    "WLHReal_V2_n": 2.955209508914041e-05,
    "WLHReal_V3_n": 6.436272983823225e-07,
    "WLHReal_V4_n": 23.17417188960559,
    "WLHReal_V5_n": 0.2546906693960388,
    "WLHReal_V6_n": 0.0008087469039351365,
    "WLHReal_r0_n": 1.2315177465304836,
    "WLHReal_r1_n": 0.23678873967269082,
    "WLHReal_r2_n": 0.0007275414835053086,
    "WLHReal_r3_n": 6.928043842241636e-06,
    "WLHReal_a0_n": 0.7238595593798675,
    "WLHReal_a1_n": 0.0004576898170828472,
    "WLHReal_a2_n": 6.529113363126e-06,
    "WLHReal_a3_n": 0.3085527682396481,
    "WLHReal_a4_n": 0.8528424006533055,
    "WLHImagVolume_W0_p": 6.740741484724324,
    "WLHImagVolume_W1_p": 0.3467317355724578,
    "WLHImagVolume_W2_p": 0.0007809973021188391,
    "WLHImagVolume_W3_p": 14.081378659365189,
    "WLHImagVolume_W4_p": 0.11656863982696772,
    "WLHImagVolume_r0_p": 0.5990498528219554,
    "WLHImagVolume_r1_p": 60.16416029754827,
    "WLHImagVolume_r2_p": 0.7384906261466188,
    "WLHImagVolume_r3_p": 72.98350101022876,
    "WLHImagVolume_r4_p": 0.569274206193595,
    "WLHImagVolume_r5_p": 1.305741960280311e-06,
    "WLHImagVolume_a0_p": 0.6321816881610524,
    "WLHImagVolume_a1_p": 0.2720390992355961,
    "WLHImagVolume_a2_p": 15.280080486491068,
    "WLHImagVolume_a3_p": 0.4852150998014086,
    "WLHImagVolume_a4_p": 0.0035343296985000045,
    "WLHImagVolume_W0_n": 2.632095808745741,
    "WLHImagVolume_W1_n": 0.20087882221432785,
    "WLHImagVolume_W2_n": -6.757828748764317e-05,
    "WLHImagVolume_W3_n": 9.061490058309298,
    "WLHImagVolume_W4_n": 0.011128405325310505,
    "WLHImagVolume_r0_n": 0.7499491008209376,
    "WLHImagVolume_r1_n": 31.636460191210055,
    "WLHImagVolume_r2_n": 0.4728758896708369,
    "WLHImagVolume_r3_n": 51.77562206473409,
    "WLHImagVolume_r4_n": 1.2119543340201808,
    "WLHImagVolume_r5_n": 4.576016927803932e-06,
    "WLHImagVolume_a0_n": 0.24277721551692683,
    "WLHImagVolume_a1_n": 0.5661509861642133,
    "WLHImagVolume_a2_n": 9.06020220150181,
    "WLHImagVolume_a3_n": 0.06891307212514022,
    "WLHImagVolume_a4_n": 0.0011165351037785312,
    "WLHImagSurface_W0_p": 0.5357720651672042,
    "WLHImagSurface_W1_p": 0.016060633278174766,
    "WLHImagSurface_W2_p": -0.32130075870846153,
    "WLHImagSurface_W3_p": 0.06144998874655895,
    "WLHImagSurface_r0_p": 0.8359239810004048,
    "WLHImagSurface_r1_p": 0.24228838719464804,
    "WLHImagSurface_r2_p": -0.0012274135627991867,
    "WLHImagSurface_a0_p": 0.7836413471627756,
    "WLHImagSurface_W0_n": 0.8590826860132155,
    "WLHImagSurface_W1_n": -0.0026287015858926233,
    "WLHImagSurface_W2_n": 0.18140698290537438,
    "WLHImagSurface_W3_n": 0.0033448582860991782,
    "WLHImagSurface_r0_n": 1.19988724539327,
    "WLHImagSurface_r1_n": 1.13490287976102,
    "WLHImagSurface_r2_n": 0.0033242624363273815,
    "WLHImagSurface_a0_n": 0.8318764566205652,
    "WLHRealSpinOrbit_V0_p": 9.142514457211135,
    "WLHRealSpinOrbit_V1_p": 0.008801507196995486,
    "WLHRealSpinOrbit_r0_p": 1.337066069299976,
    "WLHRealSpinOrbit_r1_p": 0.9899223329091357,
    "WLHRealSpinOrbit_a0_p": 0.858091430037931,
    "WLHRealSpinOrbit_a1_p": 0.0003001732148254126,
    "WLHRealSpinOrbit_V0_n": 10.757790012055676,
    "WLHRealSpinOrbit_V1_n": 0.009142258401158322,
    "WLHRealSpinOrbit_r0_n": 1.2236802636217448,
    "WLHRealSpinOrbit_r1_n": 0.7939053687732462,
    "WLHRealSpinOrbit_a0_n": 0.7742416897231181,
    "WLHRealSpinOrbit_a1_n": 0.00034632166820713504
}