{
    "CH89RealCentral": {
        "V_0": 55.298,
        "V_t": 14.9755,
        "V_e": -0.332944,
        "r_o": 1.20353,
        "r_o_0": -0.161184,
        "a_0": 0.73554
    },
    "CH89Coulomb": {
        "r_c": 1.27602,
        "r_c_0": 0.184282
    },
    "CH89SpinOrbit": {
        "V_so": 6.11284,
        "r_so": 1.36908,
        "r_so_0": -1.51318,
        "a_so": 0.588389
    },
    "CH89ImagCentral": {
        "W_v0": 13.1702,
        "W_ve0": 69.1922,
        "W_vew": 34.6628,
        "W_s0": 12.9816,
        "W_st": 25.3864,
        "W_se0": 23.2858,
        "W_sew": 129.5,
        "r_w": 1.22549,
        "r_w0": -0.175874,
        "a_w": 0.655317
    }
}