{
    "ECS_p": 0.351403,
    "ECS_n": 0.44493,
    "APower_p": 0.670907,
    "APower_n": 0.586113
}