{
    "CH89RealCentral": {
        "V_0": 55.2516,
        "V_t": 20.5438,
        "V_e": -0.368362,
        "r_o": 1.18036,
        "r_o_0": -0.0628314,
        "a_0": 0.72284
    },
    "CH89Coulomb": {
        "r_c": 1.28353,
        "r_c_0": 0.0203893
    },
    "CH89SpinOrbit": {
        "V_so": 5.32467,
        "r_so": 1.25243,
        "r_so_0": -0.590067,
        "a_so": 0.616643
    },
    "CH89ImagCentral": {
        "W_v0": 4.03666,
        "W_ve0": 47.6028,
        "W_vew": 20.2353,
        "W_s0": 11.8885,
        "W_st": 14.0988,
        "W_se0": 58.8116,
        "W_sew": 51.5491,
        "r_w": 1.30204,
        "r_w0": -0.701739,
        "a_w": 0.717864
    }
}