{
    "CH89RealCentral": {
        "V_0": 57.1036,
        "V_t": 13.0164,
        "V_e": -0.365956,
        "r_o": 1.18724,
        "r_o_0": -0.183803,
        "a_0": 0.745522
    },
    "CH89Coulomb": {
        "r_c": 1.21513,
        "r_c_0": 0.170922
    },
    "CH89SpinOrbit": {
        "V_so": 5.50451,
        "r_so": 1.19509,
        "r_so_0": -0.713911,
        "a_so": 0.592475
    },
    "CH89ImagCentral": {
        "W_v0": 6.35602,
        "W_ve0": 17.9478,
        "W_vew": 22.4976,
        "W_s0": 7.3578,
        "W_st": 16.6993,
        "W_se0": 56.1094,
        "W_sew": 30.6499,
        "r_w": 1.34447,
        "r_w0": -0.470917,
        "a_w": 0.694306
    }
}