{
    "WLHReal_V0_p": 51.72590962677072,
    "WLHReal_V1_p": 0.30460678247208023,
    "WLHReal_V2_p": -0.00045058156991939176,
    "WLHReal_V3_p": 3.6048886576175673e-06,
    "WLHReal_V4_p": 11.342102166825411,
    "WLHReal_V5_p": 0.1389873896712865,
    "WLHReal_V6_p": 0.00043912510400794305,
    "WLHReal_r0_p": 1.3595196449580198,
    "WLHReal_r1_p": 0.34302972112049196,
    "WLHReal_r2_p": 0.0008318673985129428,
    "WLHReal_r3_p": 7.79068606147165e-06,
    "WLHReal_a0_p": 0.7976774093817468,
    "WLHReal_a1_p": 6.102945449611393e-05,
    "WLHReal_a2_p": 7.3355345821796995e-06,
    "WLHReal_a3_p": 0.017167111930649053,
    "WLHReal_a4_p": 0.5389449625886328,
    "WLHReal_V0_n": 50.93446115143787,
    "WLHReal_V1_n": 0.2711942113259923,
    "WLHReal_V2_n": -0.0003037789620026635,
    "WLHReal_V3_n": 2.238773265681937e-06,
    "WLHReal_V4_n": 21.47530702841867,
    "WLHReal_V5_n": 0.27690750867877345,
    "WLHReal_V6_n": 0.0011086216793276332,
    "WLHReal_r0_n": 1.2909550065967468,
    "WLHReal_r1_n": 0.2520972375941195,
    "WLHReal_r2_n": 0.0009847673481450706,
    "WLHReal_r3_n": 1.0428252465196776e-05,
    "WLHReal_a0_n": 0.741130716703605,
    "WLHReal_a1_n": 0.0009937514944573533,
    "WLHReal_a2_n": 1.2798696001696728e-05,
    "WLHReal_a3_n": 0.3348934253083722,
    "WLHReal_a4_n": 0.9684118963690335,
    "WLHImagVolume_W0_p": 4.964826865771997,
    "WLHImagVolume_W1_p": 0.23020558137217625,
    "WLHImagVolume_W2_p": 0.00047592938903692826,
    "WLHImagVolume_W3_p": 10.389941631474779,
    "WLHImagVolume_W4_p": 0.08342552965463905,
    "WLHImagVolume_r0_p": 0.5765941715568694,
    "WLHImagVolume_r1_p": 59.25217995506452,
    "WLHImagVolume_r2_p": 0.7438637415882451,
    "WLHImagVolume_r3_p": 68.15395211330522,
    "WLHImagVolume_r4_p": 0.49308393661261124,
    "WLHImagVolume_r5_p": 6.599088932786831e-07,
    "WLHImagVolume_a0_p": 0.5729538248352442,
    "WLHImagVolume_a1_p": 0.2990187505050791,
    "WLHImagVolume_a2_p": 17.27459891804049,
    "WLHImagVolume_a3_p": 0.41463713015741827,
    "WLHImagVolume_a4_p": 0.002477974284994936,
    "WLHImagVolume_W0_n": 2.58808434967282,
    "WLHImagVolume_W1_n": 0.1940052969782109,
    "WLHImagVolume_W2_n": 0.0003227186576247339,
    "WLHImagVolume_W3_n": 8.001787420392812,
    "WLHImagVolume_W4_n": -0.0014851733157785797,
    "WLHImagVolume_r0_n": 0.5819302835784708,
    "WLHImagVolume_r1_n": 82.77369024048777,
    "WLHImagVolume_r2_n": 0.7025069859199352,
    "WLHImagVolume_r3_n": 86.73604663399396,
    "WLHImagVolume_r4_n": 0.9008405749040338,
    "WLHImagVolume_r5_n": 3.679204474712271e-06,
    "WLHImagVolume_a0_n": 0.22765157808754172,
    "WLHImagVolume_a1_n": 0.5836108860428375,
    "WLHImagVolume_a2_n": 7.7107164086911455,
    "WLHImagVolume_a3_n": 0.06286200298896641,
    "WLHImagVolume_a4_n": 0.00044188823446483555,
    "WLHImagSurface_W0_p": 0.9692587268808176,
    "WLHImagSurface_W1_p": 0.05058583697122203,
    "WLHImagSurface_W2_p": 1.0884019647262588,
    "WLHImagSurface_W3_p": 0.1845260225891852,
    "WLHImagSurface_r0_p": 0.9505202276781763,
    "WLHImagSurface_r1_p": 0.2946913434979001,
    "WLHImagSurface_r2_p": 0.0018618905905699356,
    "WLHImagSurface_a0_p": 0.8215240819332202,
    "WLHImagSurface_W0_n": 1.3440298777899702,
    "WLHImagSurface_W1_n": 0.03007142272627618,
    "WLHImagSurface_W2_n": 1.62599056814406,
    "WLHImagSurface_W3_n": 0.11329331840200843,
    "WLHImagSurface_r0_n": 1.2914887268642004,
    "WLHImagSurface_r1_n": 1.4081046762107978,
    "WLHImagSurface_r2_n": 0.0028424080528891373,
    "WLHImagSurface_a0_n": 0.8566368044901466,
    "WLHRealSpinOrbit_V0_p": 8.961390437838595,
    "WLHRealSpinOrbit_V1_p": 0.0082864101846484,
    "WLHRealSpinOrbit_r0_p": 1.3238159596718915,
    "WLHRealSpinOrbit_r1_p": 0.9327773103059284,
    "WLHRealSpinOrbit_a0_p": 0.8327615113018775,
    "WLHRealSpinOrbit_a1_p": 0.0003609871075534615,
    "WLHRealSpinOrbit_V0_n": 9.64837163942115,
    "WLHRealSpinOrbit_V1_n": 0.008584488725732229,
    "WLHRealSpinOrbit_r0_n": 1.2817575820213207,
    "WLHRealSpinOrbit_r1_n": 0.8749585664882868,
    "WLHRealSpinOrbit_a0_n": 0.8080990573793593,
    "WLHRealSpinOrbit_a1_n": 0.0003573047731949119
}