{
    "WLHReal_V0_p": 50.078035000762824,
    "WLHReal_V1_p": 0.26422256102882496,
    "WLHReal_V2_p": -0.00046393467532721607,
    "WLHReal_V3_p": 3.415213152849663e-06,
    "WLHReal_V4_p": 12.915123987357267,
    "WLHReal_V5_p": 0.13567183104543104,
    "WLHReal_V6_p": 0.00043888374399304343,
    "WLHReal_r0_p": 1.3488244987855946,
    "WLHReal_r1_p": 0.32241385757887897,
    "WLHReal_r2_p": 0.0006491925077708835,
    "WLHReal_r3_p": 6.887110306262278e-06,
    "WLHReal_a0_p": 0.7818249859651923,
    "WLHReal_a1_p": 2.1550841203723373e-05,
    "WLHReal_a2_p": 6.9737398339956235e-06,
    "WLHReal_a3_p": -0.018812977080219596,
    "WLHReal_a4_p": 0.4392757369961634,
    "WLHReal_V0_n": 55.2720775672612,
    "WLHReal_V1_n": 0.290447585092749,
    "WLHReal_V2_n": 0.00025303456461862775,
    "WLHReal_V3_n": 6.465362365699823e-07,
    "WLHReal_V4_n": 21.632349491414455,
    "WLHReal_V5_n": 0.25521296468480514,
    "WLHReal_V6_n": 0.000587430006787684,
    "WLHReal_r0_n": 1.2650678799481527,
    "WLHReal_r1_n": 0.3542049308499807,
    "WLHReal_r2_n": 0.0005071131523603194,
    "WLHReal_r3_n": 2.567938776120043e-06,
    "WLHReal_a0_n": 0.7158857132550419,
    "WLHReal_a1_n": 0.00026659459359557123,
    "WLHReal_a2_n": 9.501207151255458e-07,
    "WLHReal_a3_n": 0.19100655182872742,
    "WLHReal_a4_n": 0.6447008627299565,
    "WLHImagVolume_W0_p": 4.324647736231745,
    "WLHImagVolume_W1_p": 0.16355426689543917,
    "WLHImagVolume_W2_p": 0.00014852971409849255,
    "WLHImagVolume_W3_p": 7.728472452524656,
    "WLHImagVolume_W4_p": 0.06962602164680667,
    "WLHImagVolume_r0_p": 0.7153394938211283,
    "WLHImagVolume_r1_p": 37.943685094068876,
    "WLHImagVolume_r2_p": 0.5922048453149389,
    "WLHImagVolume_r3_p": 49.38986888538861,
    "WLHImagVolume_r4_p": 0.5942110601795471,
    "WLHImagVolume_r5_p": 7.294714884773423e-07,
    "WLHImagVolume_a0_p": 0.5757315409979117,
    "WLHImagVolume_a1_p": 0.2694132066139091,
    "WLHImagVolume_a2_p": 14.617718726050736,
    "WLHImagVolume_a3_p": 0.41666972240066047,
    "WLHImagVolume_a4_p": 0.002517779377414048,
    "WLHImagVolume_W0_n": 2.337869357513332,
    "WLHImagVolume_W1_n": 0.25428008656197976,
    "WLHImagVolume_W2_n": 0.0003858623886176612,
    "WLHImagVolume_W3_n": 8.214384420536433,
    "WLHImagVolume_W4_n": 0.04778070825782606,
    "WLHImagVolume_r0_n": 0.5537400760816487,
    "WLHImagVolume_r1_n": 66.68168660194166,
    "WLHImagVolume_r2_n": 0.6988498312610381,
    "WLHImagVolume_r3_n": 70.83121559697945,
    "WLHImagVolume_r4_n": 0.962162050385564,
    "WLHImagVolume_r5_n": 2.5949868842041858e-06,
    "WLHImagVolume_a0_n": 0.2096350413061086,
    "WLHImagVolume_a1_n": 0.6160827945985806,
    "WLHImagVolume_a2_n": 8.700668812654172,
    "WLHImagVolume_a3_n": 0.06542160308683653,
    "WLHImagVolume_a4_n": 0.0009705082173878702,
    "WLHImagSurface_W0_p": 0.9302020710439372,
    "WLHImagSurface_W1_p": 0.043896535374558135,
    "WLHImagSurface_W2_p": 1.3394357668297667,
    "WLHImagSurface_W3_p": 0.1591667290089386,
    "WLHImagSurface_r0_p": 0.8847385208955273,
    "WLHImagSurface_r1_p": 0.14676792549112522,
    "WLHImagSurface_r2_p": 0.0024608665664226743,
    "WLHImagSurface_a0_p": 0.7381767210582418,
    "WLHImagSurface_W0_n": 1.6467255724636445,
    "WLHImagSurface_W1_n": 0.02601186244925209,
    "WLHImagSurface_W2_n": 2.4357498069313217,
    "WLHImagSurface_W3_n": 0.1002920925455445,
    "WLHImagSurface_r0_n": 1.2648260376434057,
    "WLHImagSurface_r1_n": 1.3504079566151161,
    "WLHImagSurface_r2_n": 0.0040426848250236696,
    "WLHImagSurface_a0_n": 0.8246127613093984,
    "WLHRealSpinOrbit_V0_p": 9.15558859206439,
    "WLHRealSpinOrbit_V1_p": 0.008384832421919692,
    "WLHRealSpinOrbit_r0_p": 1.3239036007993015,
    "WLHRealSpinOrbit_r1_p": 0.916315040244069,
    "WLHRealSpinOrbit_a0_p": 0.8296491040182543,
    "WLHRealSpinOrbit_a1_p": 0.00038916241124041024,
    "WLHRealSpinOrbit_V0_n": 9.931045044190817,
    "WLHRealSpinOrbit_V1_n": 0.008355747696039431,
    "WLHRealSpinOrbit_r0_n": 1.233729766785974,
    "WLHRealSpinOrbit_r1_n": 0.796557279892621,
    "WLHRealSpinOrbit_a0_n": 0.7683991638746055,
    "WLHRealSpinOrbit_a1_n": 0.00036134809627452584
}