{
    "ECS_p": 0.38258,
    "ECS_n": 0.351543,
    "APower_p": 0.799053,
    "APower_n": 0.492902
}