{
    "CH89RealCentral": {
        "V_0": 57.7041,
        "V_t": 15.8566,
        "V_e": -0.416881,
        "r_o": 1.19797,
        "r_o_0": -0.239337,
        "a_0": 0.705912
    },
    "CH89Coulomb": {
        "r_c": 1.09328,
        "r_c_0": 0.0589347
    },
    "CH89SpinOrbit": {
        "V_so": 6.50113,
        "r_so": 1.37323,
        "r_so_0": -1.43695,
        "a_so": 0.567537
    },
    "CH89ImagCentral": {
        "W_v0": 13.4876,
        "W_ve0": 46.9916,
        "W_vew": 45.1471,
        "W_s0": 7.88626,
        "W_st": 24.11,
        "W_se0": 17.9256,
        "W_sew": 100.019,
        "r_w": 1.41776,
        "r_w0": -0.87297,
        "a_w": 0.773417
    }
}