{
    "WLHReal_V0_p": 49.02308187141075,
    "WLHReal_V1_p": 0.25749999018910474,
    "WLHReal_V2_p": -1.49854840143449e-05,
    "WLHReal_V3_p": 1.506295505517028e-06,
    "WLHReal_V4_p": 14.489510784307825,
    "WLHReal_V5_p": 0.10070120777354048,
    "WLHReal_V6_p": 0.00020659851994080482,
    "WLHReal_r0_p": 1.2842710630665404,
    "WLHReal_r1_p": 0.1946333633463609,
    "WLHReal_r2_p": 0.0006055306916366665,
    "WLHReal_r3_p": 6.05910995446181e-06,
    "WLHReal_a0_p": 0.747366883972604,
    "WLHReal_a1_p": -0.0001518793974086261,
    "WLHReal_a2_p": 5.950552141869452e-06,
    "WLHReal_a3_p": -0.008210438795474513,
    "WLHReal_a4_p": 0.4273897046378916,
    "WLHReal_V0_n": 50.26007963839095,
    "WLHReal_V1_n": 0.2637528454452759,
    "WLHReal_V2_n": -0.00017718719870404859,
    "WLHReal_V3_n": 2.316339060300482e-06,
    "WLHReal_V4_n": 21.865266649436307,
    "WLHReal_V5_n": 0.26208576075070283,
    "WLHReal_V6_n": 0.0009867200625492231,
    "WLHReal_r0_n": 1.2776578665841334,
    "WLHReal_r1_n": 0.21995720232252067,
    "WLHReal_r2_n": 0.0009331899053340272,
    "WLHReal_r3_n": 9.722089322244489e-06,
    "WLHReal_a0_n": 0.7334376629269106,
    "WLHReal_a1_n": 0.000956684651518218,
    "WLHReal_a2_n": 1.1794604650496443e-05,
    "WLHReal_a3_n": 0.34984398662754257,
    "WLHReal_a4_n": 0.9683977540079061,
    "WLHImagVolume_W0_p": 2.701720442070652,
    "WLHImagVolume_W1_p": 0.0735662371130964,
    "WLHImagVolume_W2_p": -9.18000433649824e-05,
    "WLHImagVolume_W3_p": 6.795127660146902,
    "WLHImagVolume_W4_p": 0.034754036310992685,
    "WLHImagVolume_r0_p": 0.7595505864151669,
    "WLHImagVolume_r1_p": 39.59589291426405,
    "WLHImagVolume_r2_p": 0.5050369020542371,
    "WLHImagVolume_r3_p": 54.96813942398336,
    "WLHImagVolume_r4_p": 0.6537727179367412,
    "WLHImagVolume_r5_p": 1.2128125312299986e-06,
    "WLHImagVolume_a0_p": 0.5094746446259661,
    "WLHImagVolume_a1_p": 0.29013099563062517,
    "WLHImagVolume_a2_p": 16.368636558326504,
    "WLHImagVolume_a3_p": 0.3448255955376693,
    "WLHImagVolume_a4_p": 0.0013918239689188505,
    "WLHImagVolume_W0_n": 2.189706713761608,
    "WLHImagVolume_W1_n": 0.15411373215459678,
    "WLHImagVolume_W2_n": 0.00018423642911401163,
    "WLHImagVolume_W3_n": 7.241192758647305,
    "WLHImagVolume_W4_n": -0.014504732926487494,
    "WLHImagVolume_r0_n": 0.584782415537335,
    "WLHImagVolume_r1_n": 83.32154705365907,
    "WLHImagVolume_r2_n": 0.6866116200426982,
    "WLHImagVolume_r3_n": 83.49059703681384,
    "WLHImagVolume_r4_n": 0.886595922076719,
    "WLHImagVolume_r5_n": 3.1295550658619852e-06,
    "WLHImagVolume_a0_n": 0.2081292238806619,
    "WLHImagVolume_a1_n": 0.5938065749503113,
    "WLHImagVolume_a2_n": 8.98744172742416,
    "WLHImagVolume_a3_n": 0.07422831812818928,
    "WLHImagVolume_a4_n": 0.00042925288706158264,
    "WLHImagSurface_W0_p": 1.071510564891612,
    "WLHImagSurface_W1_p": 0.03952438463140684,
    "WLHImagSurface_W2_p": 1.1132586115332546,
    "WLHImagSurface_W3_p": 0.11674376951364764,
    "WLHImagSurface_r0_p": 1.0104275333327966,
    "WLHImagSurface_r1_p": 0.1891595293986448,
    "WLHImagSurface_r2_p": 0.005303060713652488,
    "WLHImagSurface_a0_p": 0.8514917528425893,
    "WLHImagSurface_W0_n": 1.1431493885801134,
    "WLHImagSurface_W1_n": 0.020017059507202114,
    "WLHImagSurface_W2_n": 1.164987881254282,
    "WLHImagSurface_W3_n": 0.08311754056365678,
    "WLHImagSurface_r0_n": 1.2908760507949053,
    "WLHImagSurface_r1_n": 1.3264591765813478,
    "WLHImagSurface_r2_n": 0.002935041784005117,
    "WLHImagSurface_a0_n": 0.8538697889207736,
    "WLHRealSpinOrbit_V0_p": 9.473542812297797,
    "WLHRealSpinOrbit_V1_p": 0.008259605924683751,
    "WLHRealSpinOrbit_r0_p": 1.2799558123958057,
    "WLHRealSpinOrbit_r1_p": 0.8478035115896265,
    "WLHRealSpinOrbit_a0_p": 0.7967470164002977,
    "WLHRealSpinOrbit_a1_p": 0.0003986714526323271,
    "WLHRealSpinOrbit_V0_n": 9.714919706664995,
    "WLHRealSpinOrbit_V1_n": 0.008523207583674593,
    "WLHRealSpinOrbit_r0_n": 1.271281200607326,
    "WLHRealSpinOrbit_r1_n": 0.8546139581854382,
    "WLHRealSpinOrbit_a0_n": 0.7988431991772585,
    "WLHRealSpinOrbit_a1_n": 0.00036653732798187284
}