{
    "WLHReal_V0_p": 50.71255981317348,
    "WLHReal_V1_p": 0.25377844352958023,
    "WLHReal_V2_p": -0.0009868591252559118,
    "WLHReal_V3_p": 4.219289245788423e-06,
    "WLHReal_V4_p": 12.381994243137726,
    "WLHReal_V5_p": 0.13049262804458947,
    "WLHReal_V6_p": 0.0006282747487515086,
    "WLHReal_r0_p": 1.3450016744847209,
    "WLHReal_r1_p": 0.23108140926720916,
    "WLHReal_r2_p": 0.0010977289303977257,
    "WLHReal_r3_p": 1.404837824696456e-05,
    "WLHReal_a0_p": 0.8039144040154919,
    "WLHReal_a1_p": 6.697459347832063e-05,
    "WLHReal_a2_p": 1.2063768237627264e-05,
    "WLHReal_a3_p": -0.04946130373627622,
    "WLHReal_a4_p": 0.514792589493105,
    "WLHReal_V0_n": 51.60845236519742,
    "WLHReal_V1_n": 0.26771861512155914,
    "WLHReal_V2_n": -0.0009434736251370779,
    "WLHReal_V3_n": 4.4954558012634675e-06,
    "WLHReal_V4_n": 20.09607381909783,
    "WLHReal_V5_n": 0.3416031204953442,
    "WLHReal_V6_n": 0.0016025950285728542,
    "WLHReal_r0_n": 1.3794214367845488,
    "WLHReal_r1_n": 0.44632238026723114,
    "WLHReal_r2_n": 0.0011182461228919306,
    "WLHReal_r3_n": 1.2235199619672538e-05,
    "WLHReal_a0_n": 0.7721312333471586,
    "WLHReal_a1_n": 0.0011094266337427438,
    "WLHReal_a2_n": 1.5793823272398326e-05,
    "WLHReal_a3_n": 0.2447899511952479,
    "WLHReal_a4_n": 0.8732807435901472,
    "WLHImagVolume_W0_p": 5.7646114002294455,
    "WLHImagVolume_W1_p": 0.20880782991460367,
    "WLHImagVolume_W2_p": 3.712083128626538e-05,
    "WLHImagVolume_W3_p": 8.652360871513274,
    "WLHImagVolume_W4_p": 0.08936687418894385,
    "WLHImagVolume_r0_p": 0.9963155046918237,
    "WLHImagVolume_r1_p": 6.824291595561817,
    "WLHImagVolume_r2_p": 0.3183863238098025,
    "WLHImagVolume_r3_p": 30.378011052077014,
    "WLHImagVolume_r4_p": 0.8840538617239103,
    "WLHImagVolume_r5_p": 2.351755941638542e-06,
    "WLHImagVolume_a0_p": 0.658336967683584,
    "WLHImagVolume_a1_p": 0.18848622487092315,
    "WLHImagVolume_a2_p": 8.19226214982697,
    "WLHImagVolume_a3_p": 0.5099424175431815,
    "WLHImagVolume_a4_p": 0.003945101878704458,
    "WLHImagVolume_W0_n": 3.5835239603767155,
    "WLHImagVolume_W1_n": 0.32556508247200244,
    "WLHImagVolume_W2_n": 0.0007872591189435851,
    "WLHImagVolume_W3_n": 9.727072200023251,
    "WLHImagVolume_W4_n": 0.028926151624517882,
    "WLHImagVolume_r0_n": 0.5471005467290216,
    "WLHImagVolume_r1_n": 84.8143005800097,
    "WLHImagVolume_r2_n": 0.8150350940985295,
    "WLHImagVolume_r3_n": 101.21287830246091,
    "WLHImagVolume_r4_n": 0.9708805081502101,
    "WLHImagVolume_r5_n": 5.463450122823007e-06,
    "WLHImagVolume_a0_n": 0.3143605507667909,
    "WLHImagVolume_a1_n": 0.5562416786097388,
    "WLHImagVolume_a2_n": 4.037414647391396,
    "WLHImagVolume_a3_n": 0.06437618360374613,
    "WLHImagVolume_a4_n": 0.0009542471293252037,
    "WLHImagSurface_W0_p": 0.18786924719553644,
    "WLHImagSurface_W1_p": -0.02537861952921039,
    "WLHImagSurface_W2_p": -0.6988150804422604,
    "WLHImagSurface_W3_p": -0.10004647496521571,
    "WLHImagSurface_r0_p": 0.6232859218420563,
    "WLHImagSurface_r1_p": -0.24251115723189393,
    "WLHImagSurface_r2_p": -0.001333904160452139,
    "WLHImagSurface_a0_p": 0.5947641316435379,
    "WLHImagSurface_W0_n": 1.7850289814987863,
    "WLHImagSurface_W1_n": 0.06204127302553466,
    "WLHImagSurface_W2_n": 3.37752059175355,
    "WLHImagSurface_W3_n": 0.23178056851990275,
    "WLHImagSurface_r0_n": 1.3062363323498243,
    "WLHImagSurface_r1_n": 1.7002165727253504,
    "WLHImagSurface_r2_n": 0.0020669548309351273,
    "WLHImagSurface_a0_n": 0.8791559116280748,
    "WLHRealSpinOrbit_V0_p": 9.73475262329306,
    "WLHRealSpinOrbit_V1_p": 0.009329292244029954,
    "WLHRealSpinOrbit_r0_p": 1.3440187472677598,
    "WLHRealSpinOrbit_r1_p": 0.9786057614446035,
    "WLHRealSpinOrbit_a0_p": 0.8639469380457641,
    "WLHRealSpinOrbit_a1_p": 0.000339871246111557,
    "WLHRealSpinOrbit_V0_n": 9.095564596972261,
    "WLHRealSpinOrbit_V1_n": 0.008639490183315134,
    "WLHRealSpinOrbit_r0_n": 1.348385406870168,
    "WLHRealSpinOrbit_r1_n": 0.9671020932735115,
    "WLHRealSpinOrbit_a0_n": 0.8533143561597422,
    "WLHRealSpinOrbit_a1_n": 0.0003623782373127182
}