{
    "WLHReal_V0_p": 55.262645117594786,
    "WLHReal_V1_p": 0.2994830570079416,
    "WLHReal_V2_p": -0.0004981195182876256,
    "WLHReal_V3_p": 2.9682175308547643e-06,
    "WLHReal_V4_p": 12.229150793555172,
    "WLHReal_V5_p": 0.14971845329636146,
    "WLHReal_V6_p": 0.0005163395020490897,
    "WLHReal_r0_p": 1.322499672046819,
    "WLHReal_r1_p": 0.3144896920206162,
    "WLHReal_r2_p": 0.0010198972631699503,
    "WLHReal_r3_p": 1.0345313401286856e-05,
    "WLHReal_a0_p": 0.8040213809512593,
    "WLHReal_a1_p": 0.00026144969795205105,
    "WLHReal_a2_p": 7.301948800204141e-06,
    "WLHReal_a3_p": 0.035632000800644735,
    "WLHReal_a4_p": 0.6065090342819195,
    "WLHReal_V0_n": 53.326933224146224,
    "WLHReal_V1_n": 0.2950361030264216,
    "WLHReal_V2_n": -0.0005612811377009896,
    "WLHReal_V3_n": 4.074008454809436e-06,
    "WLHReal_V4_n": 20.26304089059919,
    "WLHReal_V5_n": 0.3157654177327033,
    "WLHReal_V6_n": 0.0013380651585352293,
    "WLHReal_r0_n": 1.3330568767040718,
    "WLHReal_r1_n": 0.38230236657882405,
    "WLHReal_r2_n": 0.0010154262264582515,
    "WLHReal_r3_n": 1.0600851714799727e-05,
    "WLHReal_a0_n": 0.7576642622233873,
    "WLHReal_a1_n": 0.0009499084468927782,
    "WLHReal_a2_n": 1.2557430066060487e-05,
    "WLHReal_a3_n": 0.25133041710118514,
    "WLHReal_a4_n": 0.8769880984149153,
    "WLHImagVolume_W0_p": 5.774743091405843,
    "WLHImagVolume_W1_p": 0.3008717497217408,
    "WLHImagVolume_W2_p": 0.0003981258136420569,
    "WLHImagVolume_W3_p": 12.834575334199158,
    "WLHImagVolume_W4_p": 0.10459547799872003,
    "WLHImagVolume_r0_p": 0.7698060276175103,
    "WLHImagVolume_r1_p": 28.066773816209402,
    "WLHImagVolume_r2_p": 0.5043142057738472,
    "WLHImagVolume_r3_p": 44.12344063537034,
    "WLHImagVolume_r4_p": 0.777612145665467,
    "WLHImagVolume_r5_p": 1.981958507715582e-06,
    "WLHImagVolume_a0_p": 0.6325489547965341,
    "WLHImagVolume_a1_p": 0.2154123258603327,
    "WLHImagVolume_a2_p": 9.686175212756869,
    "WLHImagVolume_a3_p": 0.5023643349494926,
    "WLHImagVolume_a4_p": 0.003696204068807573,
    "WLHImagVolume_W0_n": 3.540428146282454,
    "WLHImagVolume_W1_n": 0.31762995673656214,
    "WLHImagVolume_W2_n": 0.0007590868214348818,
    "WLHImagVolume_W3_n": 9.87632288269862,
    "WLHImagVolume_W4_n": 0.04401900220183139,
    "WLHImagVolume_r0_n": 0.5438193423406843,
    "WLHImagVolume_r1_n": 83.11066264854263,
    "WLHImagVolume_r2_n": 0.7791148537416032,
    "WLHImagVolume_r3_n": 95.54831396503033,
    "WLHImagVolume_r4_n": 0.9251468431769995,
    "WLHImagVolume_r5_n": 4.179567116748485e-06,
    "WLHImagVolume_a0_n": 0.2770440990475245,
    "WLHImagVolume_a1_n": 0.5680081228852272,
    "WLHImagVolume_a2_n": 4.471312356410281,
    "WLHImagVolume_a3_n": 0.03815314288072755,
    "WLHImagVolume_a4_n": 0.0006200521194516604,
    "WLHImagSurface_W0_p": 0.4726670497806928,
    "WLHImagSurface_W1_p": 0.0029721403683558648,
    "WLHImagSurface_W2_p": -0.031024790121626844,
    "WLHImagSurface_W3_p": 0.014714948288264196,
    "WLHImagSurface_r0_p": 0.7660062460405842,
    "WLHImagSurface_r1_p": 0.30073330170266666,
    "WLHImagSurface_r2_p": 0.0013118667698098479,
    "WLHImagSurface_a0_p": 0.6200509034734351,
    "WLHImagSurface_W0_n": 1.9905543006851876,
    "WLHImagSurface_W1_n": 0.05954155972089614,
    "WLHImagSurface_W2_n": 3.291040243135886,
    "WLHImagSurface_W3_n": 0.20625649709225574,
    "WLHImagSurface_r0_n": 1.2978819674807442,
    "WLHImagSurface_r1_n": 1.6463428127470487,
    "WLHImagSurface_r2_n": 0.0028013005237778645,
    "WLHImagSurface_a0_n": 0.8600090141037502,
    "WLHRealSpinOrbit_V0_p": 9.894921340726173,
    "WLHRealSpinOrbit_V1_p": 0.009063747278165652,
    "WLHRealSpinOrbit_r0_p": 1.294921296684395,
    "WLHRealSpinOrbit_r1_p": 0.9149531219452014,
    "WLHRealSpinOrbit_a0_p": 0.8277354196619532,
    "WLHRealSpinOrbit_a1_p": 0.000319288957038489,
    "WLHRealSpinOrbit_V0_n": 9.372959456906745,
    "WLHRealSpinOrbit_V1_n": 0.008602168000710685,
    "WLHRealSpinOrbit_r0_n": 1.308046307337607,
    "WLHRealSpinOrbit_r1_n": 0.9209363248339545,
    "WLHRealSpinOrbit_a0_n": 0.8280632776766361,
    "WLHRealSpinOrbit_a1_n": 0.00034060340752154605
}