{
    "WLHReal_V0_p": 53.89371865137542,
    "WLHReal_V1_p": 0.3183120800363107,
    "WLHReal_V2_p": -0.0006651577378484048,
    "WLHReal_V3_p": 4.8852041750905e-06,
    "WLHReal_V4_p": 10.566945894851923,
    "WLHReal_V5_p": 0.1495324527327965,
    "WLHReal_V6_p": 0.000551899485660192,
    "WLHReal_r0_p": 1.36359144749014,
    "WLHReal_r1_p": 0.3468907631953277,
    "WLHReal_r2_p": 0.0010753289823354597,
    "WLHReal_r3_p": 1.0783491690078433e-05,
    "WLHReal_a0_p": 0.8178141442936915,
    "WLHReal_a1_p": 0.000186945787130582,
    "WLHReal_a2_p": 8.616757944625016e-06,
    "WLHReal_a3_p": 0.02890456389462201,
    "WLHReal_a4_p": 0.6204236809660462,
    "WLHReal_V0_n": 51.4199965379757,
    "WLHReal_V1_n": 0.27028977662657044,
    "WLHReal_V2_n": -0.0005247632882718218,
    "WLHReal_V3_n": 3.5940846609674953e-06,
    "WLHReal_V4_n": 21.017624040695814,
    "WLHReal_V5_n": 0.3000818418583184,
    "WLHReal_V6_n": 0.001280125431467531,
    "WLHReal_r0_n": 1.3203974132938183,
    "WLHReal_r1_n": 0.32218656120869305,
    "WLHReal_r2_n": 0.0010264378067401235,
    "WLHReal_r3_n": 1.1177494440424743e-05,
    "WLHReal_a0_n": 0.752027307246853,
    "WLHReal_a1_n": 0.001015144979500955,
    "WLHReal_a2_n": 1.3548664921480771e-05,
    "WLHReal_a3_n": 0.30079905744840024,
    "WLHReal_a4_n": 0.9309817925524753,
    "WLHImagVolume_W0_p": 6.125183864948996,
    "WLHImagVolume_W1_p": 0.3079078602634831,
    "WLHImagVolume_W2_p": 0.0006057746493778136,
    "WLHImagVolume_W3_p": 12.65303424248522,
    "WLHImagVolume_W4_p": 0.10712303444033797,
    "WLHImagVolume_r0_p": 0.6368839794065674,
    "WLHImagVolume_r1_p": 50.51146004535318,
    "WLHImagVolume_r2_p": 0.6837100616071544,
    "WLHImagVolume_r3_p": 62.62595065695588,
    "WLHImagVolume_r4_p": 0.5973388287479934,
    "WLHImagVolume_r5_p": 1.910519498256606e-06,
    "WLHImagVolume_a0_p": 0.6225255249015293,
    "WLHImagVolume_a1_p": 0.26179195524719906,
    "WLHImagVolume_a2_p": 14.112556516791372,
    "WLHImagVolume_a3_p": 0.47713602060065663,
    "WLHImagVolume_a4_p": 0.0033950028550747947,
    "WLHImagVolume_W0_n": 2.9870692308478732,
    "WLHImagVolume_W1_n": 0.24500029130072454,
    "WLHImagVolume_W2_n": 0.00048558724659732806,
    "WLHImagVolume_W3_n": 8.745128606476639,
    "WLHImagVolume_W4_n": 0.011428962407210667,
    "WLHImagVolume_r0_n": 0.5763762216656514,
    "WLHImagVolume_r1_n": 81.29788176496561,
    "WLHImagVolume_r2_n": 0.7337371729841917,
    "WLHImagVolume_r3_n": 90.68878390944705,
    "WLHImagVolume_r4_n": 0.9392024759697413,
    "WLHImagVolume_r5_n": 4.547511380197838e-06,
    "WLHImagVolume_a0_n": 0.26047206016449975,
    "WLHImagVolume_a1_n": 0.572177132390825,
    "WLHImagVolume_a2_n": 6.329245987158677,
    "WLHImagVolume_a3_n": 0.061827592774838264,
    "WLHImagVolume_a4_n": 0.0006446649096028624,
    "WLHImagSurface_W0_p": 0.6311571774389082,
    "WLHImagSurface_W1_p": 0.023293697128472415,
    "WLHImagSurface_W2_p": 0.2146861538836462,
    "WLHImagSurface_W3_p": 0.09036587447382304,
    "WLHImagSurface_r0_p": 0.8345240699637192,
    "WLHImagSurface_r1_p": 0.26209928636517466,
    "WLHImagSurface_r2_p": 4.294326157352254e-05,
    "WLHImagSurface_a0_p": 0.7356920557913335,
    "WLHImagSurface_W0_n": 1.5055796502455274,
    "WLHImagSurface_W1_n": 0.04110521414107045,
    "WLHImagSurface_W2_n": 2.232730160570622,
    "WLHImagSurface_W3_n": 0.1535225564388718,
    "WLHImagSurface_r0_n": 1.2928356535737577,
    "WLHImagSurface_r1_n": 1.508277276645593,
    "WLHImagSurface_r2_n": 0.0025889172605290164,
    "WLHImagSurface_a0_n": 0.86358733479737,
    "WLHRealSpinOrbit_V0_p": 9.252870436156067,
    "WLHRealSpinOrbit_V1_p": 0.00873413956210146,
    "WLHRealSpinOrbit_r0_p": 1.327429487636265,
    "WLHRealSpinOrbit_r1_p": 0.9608619125667128,
    "WLHRealSpinOrbit_a0_p": 0.8464283077927993,
    "WLHRealSpinOrbit_a1_p": 0.00032357444108669265,
    "WLHRealSpinOrbit_V0_n": 9.496684553812512,
    "WLHRealSpinOrbit_V1_n": 0.008634666087886446,
    "WLHRealSpinOrbit_r0_n": 1.3034038910673844,
    "WLHRealSpinOrbit_r1_n": 0.9057576565674826,
    "WLHRealSpinOrbit_a0_n": 0.8233304424018097,
    "WLHRealSpinOrbit_a1_n": 0.00035711154721643673
}