{
    "WLHReal_V0_p": 51.05934989680754,
    "WLHReal_V1_p": 0.2872724729713472,
    "WLHReal_V2_p": -0.00040378125190106487,
    "WLHReal_V3_p": 3.1729960303856153e-06,
    "WLHReal_V4_p": 12.196078927570076,
    "WLHReal_V5_p": 0.1341428061600465,
    "WLHReal_V6_p": 0.0004145048623898698,
    "WLHReal_r0_p": 1.3466080069689097,
    "WLHReal_r1_p": 0.3199236618445436,
    "WLHReal_r2_p": 0.0007559314558950014,
    "WLHReal_r3_p": 7.704071213275758e-06,
    "WLHReal_a0_p": 0.7874217881348525,
    "WLHReal_a1_p": 3.2590352861269214e-05,
    "WLHReal_a2_p": 7.027801512129591e-06,
    "WLHReal_a3_p": 0.0045712806133276634,
    "WLHReal_a4_p": 0.49887171061920454,
    "WLHReal_V0_n": 49.27300717895315,
    "WLHReal_V1_n": 0.2799073865689548,
    "WLHReal_V2_n": -0.0003303649991430073,
    "WLHReal_V3_n": 2.9556922300479797e-06,
    "WLHReal_V4_n": 20.76444854686286,
    "WLHReal_V5_n": 0.2787276866158985,
    "WLHReal_V6_n": 0.0011054282969814742,
    "WLHReal_r0_n": 1.318581053418156,
    "WLHReal_r1_n": 0.2809365626775445,
    "WLHReal_r2_n": 0.000984082518522787,
    "WLHReal_r3_n": 1.0284060455727415e-05,
    "WLHReal_a0_n": 0.7416641173578992,
    "WLHReal_a1_n": 0.0011069844349184562,
    "WLHReal_a2_n": 1.3190553559401402e-05,
    "WLHReal_a3_n": 0.3183560268296738,
    "WLHReal_a4_n": 0.9429998273122522,
    "WLHImagVolume_W0_p": 4.540890243374516,
    "WLHImagVolume_W1_p": 0.1951763353069671,
    "WLHImagVolume_W2_p": 0.0003134325100156348,
    "WLHImagVolume_W3_p": 9.281935705130444,
    "WLHImagVolume_W4_p": 0.07451590134646692,
    "WLHImagVolume_r0_p": 0.6431215869468117,
    "WLHImagVolume_r1_p": 49.83953575987514,
    "WLHImagVolume_r2_p": 0.6655227471151142,
    "WLHImagVolume_r3_p": 60.39146049059415,
    "WLHImagVolume_r4_p": 0.5492388513345501,
    "WLHImagVolume_r5_p": 1.3296076442293136e-06,
    "WLHImagVolume_a0_p": 0.5682295652398012,
    "WLHImagVolume_a1_p": 0.2868158486633652,
    "WLHImagVolume_a2_p": 16.158189890976193,
    "WLHImagVolume_a3_p": 0.40992617784480123,
    "WLHImagVolume_a4_p": 0.0024020188946121054,
    "WLHImagVolume_W0_n": 2.2237385370748175,
    "WLHImagVolume_W1_n": 0.181104036434023,
    "WLHImagVolume_W2_n": 0.0004785964706190761,
    "WLHImagVolume_W3_n": 6.8854925352675265,
    "WLHImagVolume_W4_n": -0.006959472810002667,
    "WLHImagVolume_r0_n": 0.4784776231831743,
    "WLHImagVolume_r1_n": 108.776742992253,
    "WLHImagVolume_r2_n": 0.8318659113991179,
    "WLHImagVolume_r3_n": 101.53108033940646,
    "WLHImagVolume_r4_n": 0.7361810511624819,
    "WLHImagVolume_r5_n": 2.862143941489159e-06,
    "WLHImagVolume_a0_n": 0.2078153830751927,
    "WLHImagVolume_a1_n": 0.6076985776030858,
    "WLHImagVolume_a2_n": 8.00104714875923,
    "WLHImagVolume_a3_n": 0.07332479984649182,
    "WLHImagVolume_a4_n": 0.0002580998321105734,
    "WLHImagSurface_W0_p": 0.956490102586216,
    "WLHImagSurface_W1_p": 0.04613864588682558,
    "WLHImagSurface_W2_p": 1.1394858206393064,
    "WLHImagSurface_W3_p": 0.16513358088687213,
    "WLHImagSurface_r0_p": 0.9329642391439451,
    "WLHImagSurface_r1_p": 0.24213150258259608,
    "WLHImagSurface_r2_p": 0.002431663556708899,
    "WLHImagSurface_a0_p": 0.793954005643697,
    "WLHImagSurface_W0_n": 1.5317343202480822,
    "WLHImagSurface_W1_n": 0.04154506170123315,
    "WLHImagSurface_W2_n": 2.3976988397540984,
    "WLHImagSurface_W3_n": 0.15808855817109818,
    "WLHImagSurface_r0_n": 1.3386654196569283,
    "WLHImagSurface_r1_n": 1.505605403943505,
    "WLHImagSurface_r2_n": 0.00281667976372271,
    "WLHImagSurface_a0_n": 0.8639903757063538,
    "WLHRealSpinOrbit_V0_p": 9.105920795788458,
    "WLHRealSpinOrbit_V1_p": 0.008333792852886424,
    "WLHRealSpinOrbit_r0_p": 1.3177335755105766,
    "WLHRealSpinOrbit_r1_p": 0.9172910784231769,
    "WLHRealSpinOrbit_a0_p": 0.8273763023473761,
    "WLHRealSpinOrbit_a1_p": 0.00037238677569255993,
    "WLHRealSpinOrbit_V0_n": 9.070376081908648,
    "WLHRealSpinOrbit_V1_n": 0.008159466445016023,
    "WLHRealSpinOrbit_r0_n": 1.3030104074077662,
    "WLHRealSpinOrbit_r1_n": 0.8953324359417023,
    "WLHRealSpinOrbit_a0_n": 0.8153317976415331,
    "WLHRealSpinOrbit_a1_n": 0.00037583373706560593
}