{
    "WLHReal_V0_p": 52.3061197928502,
    "WLHReal_V1_p": 0.29527415429195625,
    "WLHReal_V2_p": -0.0003381801031460738,
    "WLHReal_V3_p": 3.1223191274858066e-06,
    "WLHReal_V4_p": 12.12955759276525,
    "WLHReal_V5_p": 0.14610995930148615,
    "WLHReal_V6_p": 0.0004228529683301578,
    "WLHReal_r0_p": 1.3506980670899484,
    "WLHReal_r1_p": 0.3675619961511625,
    "WLHReal_r2_p": 0.0007009855284187189,
    "WLHReal_r3_p": 6.130714654452545e-06,
    "WLHReal_a0_p": 0.7909194515573882,
    "WLHReal_a1_p": 0.00011559304118801067,
    "WLHReal_a2_p": 5.495737719022852e-06,
    "WLHReal_a3_p": 0.022010067826405504,
    "WLHReal_a4_p": 0.5093899482889622,
    "WLHReal_V0_n": 52.40376526441208,
    "WLHReal_V1_n": 0.28524096873995486,
    "WLHReal_V2_n": -0.0014634879306963018,
    "WLHReal_V3_n": 6.5099971215386845e-06,
    "WLHReal_V4_n": 19.732477367991624,
    "WLHReal_V5_n": 0.3782522499801022,
    "WLHReal_V6_n": 0.0022082117813419858,
    "WLHReal_r0_n": 1.3718098355864299,
    "WLHReal_r1_n": 0.3475559434213792,
    "WLHReal_r2_n": 0.0016358745639089213,
    "WLHReal_r3_n": 2.1398025777677777e-05,
    "WLHReal_a0_n": 0.8043209240347012,
    "WLHReal_a1_n": 0.0016678155290574769,
    "WLHReal_a2_n": 2.6475670814286283e-05,
    "WLHReal_a3_n": 0.36735131793592113,
    "WLHReal_a4_n": 1.219395454890248,
    "WLHImagVolume_W0_p": 4.71722767268426,
    "WLHImagVolume_W1_p": 0.22724926280197236,
    "WLHImagVolume_W2_p": 0.0004120984949517684,
    "WLHImagVolume_W3_p": 10.215439292620326,
    "WLHImagVolume_W4_p": 0.0829538176606019,
    "WLHImagVolume_r0_p": 0.5859702481164937,
    "WLHImagVolume_r1_p": 52.741589149980136,
    "WLHImagVolume_r2_p": 0.7166456692657935,
    "WLHImagVolume_r3_p": 60.51276988981775,
    "WLHImagVolume_r4_p": 0.5178081791203946,
    "WLHImagVolume_r5_p": 1.1669386439097599e-06,
    "WLHImagVolume_a0_p": 0.5722124067841584,
    "WLHImagVolume_a1_p": 0.28730471904059735,
    "WLHImagVolume_a2_p": 15.933763209676751,
    "WLHImagVolume_a3_p": 0.42000590610211147,
    "WLHImagVolume_a4_p": 0.0025237443016010875,
    "WLHImagVolume_W0_n": 5.241674053128044,
    "WLHImagVolume_W1_n": 0.3812149676696809,
    "WLHImagVolume_W2_n": 0.0009234471557203395,
    "WLHImagVolume_W3_n": 12.843122437782093,
    "WLHImagVolume_W4_n": 0.03531273965942694,
    "WLHImagVolume_r0_n": 0.6667491742156146,
    "WLHImagVolume_r1_n": 71.72529388301275,
    "WLHImagVolume_r2_n": 0.7011135643923286,
    "WLHImagVolume_r3_n": 105.86920768312562,
    "WLHImagVolume_r4_n": 1.0719239237154783,
    "WLHImagVolume_r5_n": 6.4912779708577745e-06,
    "WLHImagVolume_a0_n": 0.3713936377079582,
    "WLHImagVolume_a1_n": 0.48321654247516344,
    "WLHImagVolume_a2_n": -0.32203662755469775,
    "WLHImagVolume_a3_n": -0.0033356028117685135,
    "WLHImagVolume_a4_n": 0.00035288167851884645,
    "WLHImagSurface_W0_p": 1.0217605684370885,
    "WLHImagSurface_W1_p": 0.05562308355245335,
    "WLHImagSurface_W2_p": 1.4658567672893317,
    "WLHImagSurface_W3_p": 0.20816715717809486,
    "WLHImagSurface_r0_p": 0.9447632311116614,
    "WLHImagSurface_r1_p": 0.376529164339899,
    "WLHImagSurface_r2_p": 0.0028443651643017807,
    "WLHImagSurface_a0_p": 0.7680473308675705,
    "WLHImagSurface_W0_n": 2.037073545029525,
    "WLHImagSurface_W1_n": 0.07986746005085327,
    "WLHImagSurface_W2_n": 2.9996116883613286,
    "WLHImagSurface_W3_n": 0.2594959644937519,
    "WLHImagSurface_r0_n": 1.2796392348890306,
    "WLHImagSurface_r1_n": 1.834568323129479,
    "WLHImagSurface_r2_n": 0.0013273906890636613,
    "WLHImagSurface_a0_n": 0.8935127096861285,
    "WLHRealSpinOrbit_V0_p": 9.113138530711966,
    "WLHRealSpinOrbit_V1_p": 0.008277318583369433,
    "WLHRealSpinOrbit_r0_p": 1.3113655478800317,
    "WLHRealSpinOrbit_r1_p": 0.9076471295848959,
    "WLHRealSpinOrbit_a0_p": 0.8218199677758549,
    "WLHRealSpinOrbit_a1_p": 0.0003703297921745164,
    "WLHRealSpinOrbit_V0_n": 9.461340857438424,
    "WLHRealSpinOrbit_V1_n": 0.009420488937681729,
    "WLHRealSpinOrbit_r0_n": 1.3665560382113369,
    "WLHRealSpinOrbit_r1_n": 1.0376564404835433,
    "WLHRealSpinOrbit_a0_n": 0.887550255681588,
    "WLHRealSpinOrbit_a1_n": 0.0002966967776285031
}