{
    "WLHReal_V0_p": 54.02204045728901,
    "WLHReal_V1_p": 0.2774079171051871,
    "WLHReal_V2_p": -0.00034589226272171156,
    "WLHReal_V3_p": 2.414271402111056e-06,
    "WLHReal_V4_p": 13.380085582197124,
    "WLHReal_V5_p": 0.14869519713087617,
    "WLHReal_V6_p": 0.0004564903358763426,
    "WLHReal_r0_p": 1.316328170271699,
    "WLHReal_r1_p": 0.3271444782826157,
    "WLHReal_r2_p": 0.0007727518957075236,
    "WLHReal_r3_p": 7.548950092439417e-06,
    "WLHReal_a0_p": 0.7871831826428841,
    "WLHReal_a1_p": 0.00021980810280233177,
    "WLHReal_a2_p": 5.61082585091911e-06,
    "WLHReal_a3_p": 0.02237229145719872,
    "WLHReal_a4_p": 0.5218249548166728,
    "WLHReal_V0_n": 54.49978902650664,
    "WLHReal_V1_n": 0.2596637256093449,
    "WLHReal_V2_n": 0.00044315154022327456,
    "WLHReal_V3_n": -4.933160014259122e-07,
    "WLHReal_V4_n": 23.220110160813633,
    "WLHReal_V5_n": 0.22467880514795752,
    "WLHReal_V6_n": 0.0004293980398148023,
    "WLHReal_r0_n": 1.2128735425547237,
    "WLHReal_r1_n": 0.23184819005440205,
    "WLHReal_r2_n": 0.0004907110819208592,
    "WLHReal_r3_n": 2.4819859600651767e-06,
    "WLHReal_a0_n": 0.7033726897145063,
    "WLHReal_a1_n": 0.00021941539531351525,
    "WLHReal_a2_n": 9.598480748696625e-07,
    "WLHReal_a3_n": 0.27167959639956757,
    "WLHReal_a4_n": 0.7374125686768843,
    "WLHImagVolume_W0_p": 4.927593192767768,
    "WLHImagVolume_W1_p": 0.24463369326663603,
    "WLHImagVolume_W2_p": 0.00022514944248510526,
    "WLHImagVolume_W3_p": 10.88510707986757,
    "WLHImagVolume_W4_p": 0.08965434550520389,
    "WLHImagVolume_r0_p": 0.7727797232215563,
    "WLHImagVolume_r1_p": 24.17202563706832,
    "WLHImagVolume_r2_p": 0.49086430733006314,
    "WLHImagVolume_r3_p": 38.253586728670044,
    "WLHImagVolume_r4_p": 0.7543770330581547,
    "WLHImagVolume_r5_p": 1.9386349233531375e-06,
    "WLHImagVolume_a0_p": 0.6087818430488808,
    "WLHImagVolume_a1_p": 0.22154115779801659,
    "WLHImagVolume_a2_p": 9.98812146544525,
    "WLHImagVolume_a3_p": 0.4747876040170391,
    "WLHImagVolume_a4_p": 0.0032795584980344276,
    "WLHImagVolume_W0_n": 1.8555739314747712,
    "WLHImagVolume_W1_n": 0.1641987236615459,
    "WLHImagVolume_W2_n": -0.00010336708881595496,
    "WLHImagVolume_W3_n": 7.57854301941771,
    "WLHImagVolume_W4_n": 0.013063524106618372,
    "WLHImagVolume_r0_n": 0.6728895340004895,
    "WLHImagVolume_r1_n": 44.47204455714329,
    "WLHImagVolume_r2_n": 0.5308742954160489,
    "WLHImagVolume_r3_n": 51.589828158711434,
    "WLHImagVolume_r4_n": 1.0882012102096557,
    "WLHImagVolume_r5_n": 2.9619274036387623e-06,
    "WLHImagVolume_a0_n": 0.19028012871240524,
    "WLHImagVolume_a1_n": 0.6075111342817061,
    "WLHImagVolume_a2_n": 11.103887339656017,
    "WLHImagVolume_a3_n": 0.08087448285035294,
    "WLHImagVolume_a4_n": 0.0010311135566185362,
    "WLHImagSurface_W0_p": 0.6715510899235506,
    "WLHImagSurface_W1_p": 0.01942282346630013,
    "WLHImagSurface_W2_p": 0.7288042412769848,
    "WLHImagSurface_W3_p": 0.07569644951296353,
    "WLHImagSurface_r0_p": 0.8047307449798193,
    "WLHImagSurface_r1_p": 0.32423433871092056,
    "WLHImagSurface_r2_p": 0.0028426443940065414,
    "WLHImagSurface_a0_p": 0.6129330235516023,
    "WLHImagSurface_W0_n": 0.925285012449515,
    "WLHImagSurface_W1_n": -0.007905770209396264,
    "WLHImagSurface_W2_n": 0.4213321814532236,
    "WLHImagSurface_W3_n": -0.011485885025898007,
    "WLHImagSurface_r0_n": 1.2204926646893615,
    "WLHImagSurface_r1_n": 1.0766086996673523,
    "WLHImagSurface_r2_n": 0.004011985851446026,
    "WLHImagSurface_a0_n": 0.8178626684366382,
    "WLHRealSpinOrbit_V0_p": 9.84449183616695,
    "WLHRealSpinOrbit_V1_p": 0.008841077273889695,
    "WLHRealSpinOrbit_r0_p": 1.2886092348840712,
    "WLHRealSpinOrbit_r1_p": 0.8855440136283532,
    "WLHRealSpinOrbit_a0_p": 0.8152819009152141,
    "WLHRealSpinOrbit_a1_p": 0.00035148136648460965,
    "WLHRealSpinOrbit_V0_n": 10.613037066137064,
    "WLHRealSpinOrbit_V1_n": 0.008702199363170803,
    "WLHRealSpinOrbit_r0_n": 1.1989381153321075,
    "WLHRealSpinOrbit_r1_n": 0.7465333987633217,
    "WLHRealSpinOrbit_a0_n": 0.7486979077009116,
    "WLHRealSpinOrbit_a1_n": 0.00036279423327007843
}