{
    "CH89RealCentral": {
        "V_0": 55.7748,
        "V_t": 15.4543,
        "V_e": -0.325406,
        "r_o": 1.21075,
        "r_o_0": -0.279761,
        "a_0": 0.748045
    },
    "CH89Coulomb": {
        "r_c": 1.26457,
        "r_c_0": 0.0852847
    },
    "CH89SpinOrbit": {
        "V_so": 4.41733,
        "r_so": 1.29596,
        "r_so_0": -0.971942,
        "a_so": 0.62851
    },
    "CH89ImagCentral": {
        "W_v0": 5.55893,
        "W_ve0": 47.8106,
        "W_vew": 3.71836,
        "W_s0": 16.6259,
        "W_st": 9.5682,
        "W_se0": 12.2385,
        "W_sew": 58.9245,
        "r_w": 1.19053,
        "r_w0": -0.0388029,
        "a_w": 0.770328
    }
}