{
    "ECS_p": 0.31652,
    "ECS_n": 0.365062,
    "APower_p": 0.777725,
    "APower_n": 0.183813
}