{
    "CH89RealCentral": {
        "V_0": 57.7539,
        "V_t": 11.6626,
        "V_e": -0.333348,
        "r_o": 1.19999,
        "r_o_0": -0.342561,
        "a_0": 0.754481
    },
    "CH89Coulomb": {
        "r_c": 1.11862,
        "r_c_0": 0.108362
    },
    "CH89SpinOrbit": {
        "V_so": 5.91286,
        "r_so": 1.35082,
        "r_so_0": -1.18059,
        "a_so": 0.595111
    },
    "CH89ImagCentral": {
        "W_v0": 9.89632,
        "W_ve0": 13.5301,
        "W_vew": 30.3891,
        "W_s0": 7.13601,
        "W_st": 40.3881,
        "W_se0": 11.2729,
        "W_sew": 15.1456,
        "r_w": 1.33513,
        "r_w0": 0.147256,
        "a_w": 0.652899
    }
}