{
    "CH89RealCentral": {
        "V_0": 56.8377,
        "V_t": 18.9073,
        "V_e": -0.324768,
        "r_o": 1.21418,
        "r_o_0": -0.345385,
        "a_0": 0.738859
    },
    "CH89Coulomb": {
        "r_c": 1.03237,
        "r_c_0": 0.0300485
    },
    "CH89SpinOrbit": {
        "V_so": 4.82976,
        "r_so": 1.33786,
        "r_so_0": -1.37385,
        "a_so": 0.543087
    },
    "CH89ImagCentral": {
        "W_v0": 6.24198,
        "W_ve0": 9.39176,
        "W_vew": 28.1766,
        "W_s0": 11.1124,
        "W_st": 36.0895,
        "W_se0": 5.9453,
        "W_sew": 36.9045,
        "r_w": 1.1865,
        "r_w0": 0.388881,
        "a_w": 0.688285
    }
}