{
    "WLHReal_V0_p": 57.292533504080424,
    "WLHReal_V1_p": 0.3644778636403606,
    "WLHReal_V2_p": -3.412764497423367e-05,
    "WLHReal_V3_p": 2.8619182532143045e-06,
    "WLHReal_V4_p": 10.476286057715594,
    "WLHReal_V5_p": 0.16642539624859273,
    "WLHReal_V6_p": 0.0003721944155176112,
    "WLHReal_r0_p": 1.3488323128861712,
    "WLHReal_r1_p": 0.4544739392202994,
    "WLHReal_r2_p": 0.0008318422538815422,
    "WLHReal_r3_p": 4.500909074002619e-06,
    "WLHReal_a0_p": 0.8093115072903179,
    "WLHReal_a1_p": 0.00031560456265212794,
    "WLHReal_a2_p": 3.300071894751841e-06,
    "WLHReal_a3_p": 0.11417004866064162,
    "WLHReal_a4_p": 0.6702382045236377,
    "WLHReal_V0_n": 46.298391934040175,
    "WLHReal_V1_n": 0.27285872571965114,
    "WLHReal_V2_n": -0.0014228559481810489,
    "WLHReal_V3_n": 7.2218978747515765e-06,
    "WLHReal_V4_n": 19.439639060023815,
    "WLHReal_V5_n": 0.3543348556514766,
    "WLHReal_V6_n": 0.0021114005398176873,
    "WLHReal_r0_n": 1.3972857873555142,
    "WLHReal_r1_n": 0.2829842654274104,
    "WLHReal_r2_n": 0.00168862603139181,
    "WLHReal_r3_n": 2.252747481258545e-05,
    "WLHReal_a0_n": 0.7964014799543143,
    "WLHReal_a1_n": 0.0020413238747809,
    "WLHReal_a2_n": 2.9151869508868046e-05,
    "WLHReal_a3_n": 0.4288061661895205,
    "WLHReal_a4_n": 1.2953353683660818,
    "WLHImagVolume_W0_p": 5.520660561993421,
    "WLHImagVolume_W1_p": 0.36538034372061406,
    "WLHImagVolume_W2_p": 0.0009818052229037112,
    "WLHImagVolume_W3_p": 15.805163318071964,
    "WLHImagVolume_W4_p": 0.11085381428700938,
    "WLHImagVolume_r0_p": 0.30931255392180207,
    "WLHImagVolume_r1_p": 84.98972381888018,
    "WLHImagVolume_r2_p": 0.9783840496799172,
    "WLHImagVolume_r3_p": 85.31296561619908,
    "WLHImagVolume_r4_p": 0.36309905402744697,
    "WLHImagVolume_r5_p": 8.418560589390547e-07,
    "WLHImagVolume_a0_p": 0.5618608635981382,
    "WLHImagVolume_a1_p": 0.32604773110989055,
    "WLHImagVolume_a2_p": 18.778882249892483,
    "WLHImagVolume_a3_p": 0.42520761114919137,
    "WLHImagVolume_a4_p": 0.0024978661271132263,
    "WLHImagVolume_W0_n": 3.7519704053746015,
    "WLHImagVolume_W1_n": 0.24025933075772732,
    "WLHImagVolume_W2_n": 0.0008214620135879555,
    "WLHImagVolume_W3_n": 9.03309301817295,
    "WLHImagVolume_W4_n": -0.024641813453249877,
    "WLHImagVolume_r0_n": 0.5121364192069734,
    "WLHImagVolume_r1_n": 122.31899269238238,
    "WLHImagVolume_r2_n": 0.8807308710014562,
    "WLHImagVolume_r3_n": 128.66675732239136,
    "WLHImagVolume_r4_n": 0.7432071869663419,
    "WLHImagVolume_r5_n": 5.023781153886896e-06,
    "WLHImagVolume_a0_n": 0.2992260223204768,
    "WLHImagVolume_a1_n": 0.5357500994086914,
    "WLHImagVolume_a2_n": 2.9066960426670785,
    "WLHImagVolume_a3_n": 0.04253494408557368,
    "WLHImagVolume_a4_n": -0.00015899823133212288,
    "WLHImagSurface_W0_p": 1.2098203395512497,
    "WLHImagSurface_W1_p": 0.07879164141662995,
    "WLHImagSurface_W2_p": 1.6454878166944003,
    "WLHImagSurface_W3_p": 0.30414440511481744,
    "WLHImagSurface_r0_p": 1.0806020791257622,
    "WLHImagSurface_r1_p": 0.8846127162482802,
    "WLHImagSurface_r2_p": 0.003812692713144642,
    "WLHImagSurface_a0_p": 0.8391907819141895,
    "WLHImagSurface_W0_n": 1.7338244167839156,
    "WLHImagSurface_W1_n": 0.07591381125416162,
    "WLHImagSurface_W2_n": 2.8609089522286832,
    "WLHImagSurface_W3_n": 0.2662008488112804,
    "WLHImagSurface_r0_n": 1.3668638143867557,
    "WLHImagSurface_r1_n": 1.8206480894732175,
    "WLHImagSurface_r2_n": 0.001029494705584315,
    "WLHImagSurface_a0_n": 0.9117775256020553,
    "WLHRealSpinOrbit_V0_p": 9.072761645679742,
    "WLHRealSpinOrbit_V1_p": 0.008064022620274402,
    "WLHRealSpinOrbit_r0_p": 1.2797373539704386,
    "WLHRealSpinOrbit_r1_p": 0.8842980482668074,
    "WLHRealSpinOrbit_a0_p": 0.8025017878115074,
    "WLHRealSpinOrbit_a1_p": 0.00032676723661147206,
    "WLHRealSpinOrbit_V0_n": 8.543599922978023,
    "WLHRealSpinOrbit_V1_n": 0.008648068910909017,
    "WLHRealSpinOrbit_r0_n": 1.3961024394392996,
    "WLHRealSpinOrbit_r1_n": 1.0529795041996322,
    "WLHRealSpinOrbit_a0_n": 0.8928511368918405,
    "WLHRealSpinOrbit_a1_n": 0.0003486348288477211
}