{
    "CH89RealCentral": {
        "V_0": 56.8698,
        "V_t": 20.6711,
        "V_e": -0.400174,
        "r_o": 1.19036,
        "r_o_0": -0.21415,
        "a_0": 0.774812
    },
    "CH89Coulomb": {
        "r_c": 1.20086,
        "r_c_0": -0.132631
    },
    "CH89SpinOrbit": {
        "V_so": 5.97658,
        "r_so": 1.31822,
        "r_so_0": -1.19157,
        "a_so": 0.673351
    },
    "CH89ImagCentral": {
        "W_v0": 7.36119,
        "W_ve0": 26.8327,
        "W_vew": 23.5888,
        "W_s0": 20.4536,
        "W_st": 27.1774,
        "W_se0": -22.9858,
        "W_sew": 44.0537,
        "r_w": 1.2372,
        "r_w0": 0.0133195,
        "a_w": 0.714931
    }
}