{
    "ECS_p": 0.249783,
    "ECS_n": 0.31146,
    "APower_p": 0.711164,
    "APower_n": 0.326237
}