{
    "WLHReal_V0_p": 55.204524491399056,
    "WLHReal_V1_p": 0.3347934684726538,
    "WLHReal_V2_p": -3.424171197149959e-05,
    "WLHReal_V3_p": 2.0992542581627975e-06,
    "WLHReal_V4_p": 11.948265969746245,
    "WLHReal_V5_p": 0.12174027029370638,
    "WLHReal_V6_p": 0.00028244847820324976,
    "WLHReal_r0_p": 1.2853882152079932,
    "WLHReal_r1_p": 0.24173770231858013,
    "WLHReal_r2_p": 0.0010713320415274901,
    "WLHReal_r3_p": 8.972710792964194e-06,
    "WLHReal_a0_p": 0.7861977908726049,
    "WLHReal_a1_p": 0.00010896095282944695,
    "WLHReal_a2_p": 6.631568235786187e-06,
    "WLHReal_a3_p": 0.07930266262213856,
    "WLHReal_a4_p": 0.6706268220488895,
    "WLHReal_V0_n": 56.60281789045309,
    "WLHReal_V1_n": 0.3091681596166057,
    "WLHReal_V2_n": 0.0006991595096413433,
    "WLHReal_V3_n": -6.126704053387753e-07,
    "WLHReal_V4_n": 21.880951404440964,
    "WLHReal_V5_n": 0.22471201057039647,
    "WLHReal_V6_n": 0.00022123165820295656,
    "WLHReal_r0_n": 1.226818834324295,
    "WLHReal_r1_n": 0.3229012102668578,
    "WLHReal_r2_n": 0.0002973447093087921,
    "WLHReal_r3_n": -1.6926388249412153e-06,
    "WLHReal_a0_n": 0.6960373443887888,
    "WLHReal_a1_n": -5.10261465360123e-06,
    "WLHReal_a2_n": -4.494928756568522e-06,
    "WLHReal_a3_n": 0.16775133169624434,
    "WLHReal_a4_n": 0.5662527159609476,
    "WLHImagVolume_W0_p": 4.689255410460865,
    "WLHImagVolume_W1_p": 0.2697728232683094,
    "WLHImagVolume_W2_p": 0.0005365364671861611,
    "WLHImagVolume_W3_p": 14.028470174699741,
    "WLHImagVolume_W4_p": 0.08190085321291773,
    "WLHImagVolume_r0_p": 0.6045521465624599,
    "WLHImagVolume_r1_p": 59.51052794683313,
    "WLHImagVolume_r2_p": 0.6534424125604541,
    "WLHImagVolume_r3_p": 73.68943647351851,
    "WLHImagVolume_r4_p": 0.6431980514026461,
    "WLHImagVolume_r5_p": 1.3714013565455643e-06,
    "WLHImagVolume_a0_p": 0.5526148178917265,
    "WLHImagVolume_a1_p": 0.286801479947446,
    "WLHImagVolume_a2_p": 15.919468482447268,
    "WLHImagVolume_a3_p": 0.4118092625000775,
    "WLHImagVolume_a4_p": 0.002302316993725001,
    "WLHImagVolume_W0_n": 1.9234718193312648,
    "WLHImagVolume_W1_n": 0.2351987448052075,
    "WLHImagVolume_W2_n": 0.0003257024658794357,
    "WLHImagVolume_W3_n": 7.645788205553743,
    "WLHImagVolume_W4_n": 0.05936842114821887,
    "WLHImagVolume_r0_n": 0.526052455336757,
    "WLHImagVolume_r1_n": 67.43954036377875,
    "WLHImagVolume_r2_n": 0.6912292219318574,
    "WLHImagVolume_r3_n": 64.44375277179097,
    "WLHImagVolume_r4_n": 0.9053183154872472,
    "WLHImagVolume_r5_n": 1.4084480895473283e-06,
    "WLHImagVolume_a0_n": 0.165374046749637,
    "WLHImagVolume_a1_n": 0.6424833513887267,
    "WLHImagVolume_a2_n": 10.082402225202735,
    "WLHImagVolume_a3_n": 0.058869935127765616,
    "WLHImagVolume_a4_n": 0.0008373797979150686,
    "WLHImagSurface_W0_p": 0.8111015425648964,
    "WLHImagSurface_W1_p": 0.022796899346567277,
    "WLHImagSurface_W2_p": -0.014819846019402005,
    "WLHImagSurface_W3_p": 0.06546974021556567,
    "WLHImagSurface_r0_p": 1.0016013355374704,
    "WLHImagSurface_r1_p": 0.5231657306728514,
    "WLHImagSurface_r2_p": 0.0036979765031995506,
    "WLHImagSurface_a0_p": 0.8515096976552496,
    "WLHImagSurface_W0_n": 1.7562433474316708,
    "WLHImagSurface_W1_n": 0.01935649445687597,
    "WLHImagSurface_W2_n": 2.4306183697680153,
    "WLHImagSurface_W3_n": 0.07084627811035894,
    "WLHImagSurface_r0_n": 1.2624425863615178,
    "WLHImagSurface_r1_n": 1.2702770094189713,
    "WLHImagSurface_r2_n": 0.004840230897281465,
    "WLHImagSurface_a0_n": 0.8047586690890286,
    "WLHRealSpinOrbit_V0_p": 9.733657423526578,
    "WLHRealSpinOrbit_V1_p": 0.008605224119685596,
    "WLHRealSpinOrbit_r0_p": 1.2606266778484503,
    "WLHRealSpinOrbit_r1_p": 0.8686821487227572,
    "WLHRealSpinOrbit_a0_p": 0.7997227983060761,
    "WLHRealSpinOrbit_a1_p": 0.0003146785964787636,
    "WLHRealSpinOrbit_V0_n": 10.098216743941247,
    "WLHRealSpinOrbit_V1_n": 0.008154502899013026,
    "WLHRealSpinOrbit_r0_n": 1.1946282012844012,
    "WLHRealSpinOrbit_r1_n": 0.7401808731476518,
    "WLHRealSpinOrbit_a0_n": 0.7387178320870464,
    "WLHRealSpinOrbit_a1_n": 0.0003582650732140506
}