{
    "WLHReal_V0_p": 56.88233606773793,
    "WLHReal_V1_p": 0.3150501496368745,
    "WLHReal_V2_p": 0.00031048561856693866,
    "WLHReal_V3_p": 8.04833232191134e-07,
    "WLHReal_V4_p": 13.774290626117406,
    "WLHReal_V5_p": 0.15408497032164142,
    "WLHReal_V6_p": 0.00024493711172158736,
    "WLHReal_r0_p": 1.283502944747003,
    "WLHReal_r1_p": 0.3812368851528495,
    "WLHReal_r2_p": 0.0005705527106249657,
    "WLHReal_r3_p": 1.7205019037064717e-06,
    "WLHReal_a0_p": 0.7710989016815618,
    "WLHReal_a1_p": 0.00029531480405224696,
    "WLHReal_a2_p": 5.464796225307946e-07,
    "WLHReal_a3_p": 0.09953286007174852,
    "WLHReal_a4_p": 0.5671508417851758,
    "WLHReal_V0_n": 55.57701931116493,
    "WLHReal_V1_n": 0.31696334316923525,
    "WLHReal_V2_n": 0.00020358821691183603,
    "WLHReal_V3_n": 9.860683918025016e-07,
    "WLHReal_V4_n": 21.182573963540985,
    "WLHReal_V5_n": 0.2588659819436852,
    "WLHReal_V6_n": 0.0007201707122440899,
    "WLHReal_r0_n": 1.2521061981706976,
    "WLHReal_r1_n": 0.29010584964595576,
    "WLHReal_r2_n": 0.0006874968116474394,
    "WLHReal_r3_n": 4.314587751443682e-06,
    "WLHReal_a0_n": 0.7230353939444538,
    "WLHReal_a1_n": 0.0004991298966282223,
    "WLHReal_a2_n": 4.7688081179399945e-06,
    "WLHReal_a3_n": 0.24216510867267796,
    "WLHReal_a4_n": 0.7910322588243204,
    "WLHImagVolume_W0_p": 4.030159623052976,
    "WLHImagVolume_W1_p": 0.274353984420391,
    "WLHImagVolume_W2_p": 0.0004782788516717035,
    "WLHImagVolume_W3_p": 13.513066138048284,
    "WLHImagVolume_W4_p": 0.08480984800819513,
    "WLHImagVolume_r0_p": 0.5180728014311748,
    "WLHImagVolume_r1_p": 52.11022496859298,
    "WLHImagVolume_r2_p": 0.7027737133026128,
    "WLHImagVolume_r3_p": 57.72980714084694,
    "WLHImagVolume_r4_p": 0.5900125200755896,
    "WLHImagVolume_r5_p": 1.7237201909384027e-06,
    "WLHImagVolume_a0_p": 0.5429339518239542,
    "WLHImagVolume_a1_p": 0.2765921066435207,
    "WLHImagVolume_a2_p": 13.959473601354766,
    "WLHImagVolume_a3_p": 0.41673565448021593,
    "WLHImagVolume_a4_p": 0.002288246307107998,
    "WLHImagVolume_W0_n": 2.8537181510459018,
    "WLHImagVolume_W1_n": 0.26649455744201106,
    "WLHImagVolume_W2_n": 0.0005122986300967444,
    "WLHImagVolume_W3_n": 9.065323779262572,
    "WLHImagVolume_W4_n": 0.05481717821598758,
    "WLHImagVolume_r0_n": 0.5501921895661064,
    "WLHImagVolume_r1_n": 74.10443695155602,
    "WLHImagVolume_r2_n": 0.6983055939795796,
    "WLHImagVolume_r3_n": 77.98286042671015,
    "WLHImagVolume_r4_n": 0.8937203470433969,
    "WLHImagVolume_r5_n": 2.0155289910953834e-06,
    "WLHImagVolume_a0_n": 0.20456397008603555,
    "WLHImagVolume_a1_n": 0.6024894851105075,
    "WLHImagVolume_a2_n": 7.155755219149965,
    "WLHImagVolume_a3_n": 0.02723035134681675,
    "WLHImagVolume_a4_n": 0.0004213391450755445,
    "WLHImagSurface_W0_p": 1.168270588081084,
    "WLHImagSurface_W1_p": 0.06212760754585548,
    "WLHImagSurface_W2_p": 1.7981558455310716,
    "WLHImagSurface_W3_p": 0.23400227376094185,
    "WLHImagSurface_r0_p": 1.036907478437788,
    "WLHImagSurface_r1_p": 0.8669817976120867,
    "WLHImagSurface_r2_p": 0.006781701286941377,
    "WLHImagSurface_a0_p": 0.7198975593823069,
    "WLHImagSurface_W0_n": 1.9606913063086582,
    "WLHImagSurface_W1_n": 0.038648787725680166,
    "WLHImagSurface_W2_n": 2.6175147236314835,
    "WLHImagSurface_W3_n": 0.12279419788623713,
    "WLHImagSurface_r0_n": 1.2741878347473297,
    "WLHImagSurface_r1_n": 1.4332940613989784,
    "WLHImagSurface_r2_n": 0.004073977507602057,
    "WLHImagSurface_a0_n": 0.82518296112034,
    "WLHRealSpinOrbit_V0_p": 9.840757036410464,
    "WLHRealSpinOrbit_V1_p": 0.008290048268457372,
    "WLHRealSpinOrbit_r0_p": 1.2339539662850374,
    "WLHRealSpinOrbit_r1_p": 0.8006200842304454,
    "WLHRealSpinOrbit_a0_p": 0.7685856658361927,
    "WLHRealSpinOrbit_a1_p": 0.0003538280647282817,
    "WLHRealSpinOrbit_V0_n": 9.928070588532051,
    "WLHRealSpinOrbit_V1_n": 0.008457497822408932,
    "WLHRealSpinOrbit_r0_n": 1.2323246511662065,
    "WLHRealSpinOrbit_r1_n": 0.8151158888677642,
    "WLHRealSpinOrbit_a0_n": 0.774509929695776,
    "WLHRealSpinOrbit_a1_n": 0.0003309385351100003
}