{
    "WLHReal_V0_p": 55.88763670790482,
    "WLHReal_V1_p": 0.32447403213630127,
    "WLHReal_V2_p": 0.00012417109454314283,
    "WLHReal_V3_p": 1.6126553047267427e-06,
    "WLHReal_V4_p": 12.781505636557439,
    "WLHReal_V5_p": 0.1402990070854784,
    "WLHReal_V6_p": 0.0002713320488369114,
    "WLHReal_r0_p": 1.2908579230075825,
    "WLHReal_r1_p": 0.3255163487486889,
    "WLHReal_r2_p": 0.0007920238071134015,
    "WLHReal_r3_p": 5.152526816921101e-06,
    "WLHReal_a0_p": 0.7796378897451741,
    "WLHReal_a1_p": 0.00020400380172160465,
    "WLHReal_a2_p": 3.5762510741164735e-06,
    "WLHReal_a3_p": 0.08754464857926814,
    "WLHReal_a4_p": 0.6101283415959987,
    "WLHReal_V0_n": 52.310789804160905,
    "WLHReal_V1_n": 0.2928152498714685,
    "WLHReal_V2_n": 0.00018078268689649904,
    "WLHReal_V3_n": 1.4860572264352452e-06,
    "WLHReal_V4_n": 21.61588903770923,
    "WLHReal_V5_n": 0.24504624803097708,
    "WLHReal_V6_n": 0.0007008593602353691,
    "WLHReal_r0_n": 1.2554463110874332,
    "WLHReal_r1_n": 0.2335224885362845,
    "WLHReal_r2_n": 0.0007380330673496011,
    "WLHReal_r3_n": 6.221150288308667e-06,
    "WLHReal_a0_n": 0.7194349959976609,
    "WLHReal_a1_n": 0.0006860858291047376,
    "WLHReal_a2_n": 6.628476597489022e-06,
    "WLHReal_a3_n": 0.29782785244001597,
    "WLHReal_a4_n": 0.8608198645164716,
    "WLHImagVolume_W0_p": 4.373558681360705,
    "WLHImagVolume_W1_p": 0.27183180323175243,
    "WLHImagVolume_W2_p": 0.0005208449509702923,
    "WLHImagVolume_W3_p": 13.6004170209406,
    "WLHImagVolume_W4_p": 0.08392071598807405,
    "WLHImagVolume_r0_p": 0.5443380324772349,
    "WLHImagVolume_r1_p": 57.3506953748988,
    "WLHImagVolume_r2_p": 0.699668215330982,
    "WLHImagVolume_r3_p": 66.27191701250074,
    "WLHImagVolume_r4_p": 0.5927135192924481,
    "WLHImagVolume_r5_p": 1.5082499717909394e-06,
    "WLHImagVolume_a0_p": 0.5474464553944989,
    "WLHImagVolume_a1_p": 0.2855276233903221,
    "WLHImagVolume_a2_p": 15.263403254151696,
    "WLHImagVolume_a3_p": 0.4127567081723577,
    "WLHImagVolume_a4_p": 0.002279692911130495,
    "WLHImagVolume_W0_n": 2.0914375761319555,
    "WLHImagVolume_W1_n": 0.17724515077541364,
    "WLHImagVolume_W2_n": 0.00029404412078049247,
    "WLHImagVolume_W3_n": 7.2571871290593295,
    "WLHImagVolume_W4_n": 0.012891054669215012,
    "WLHImagVolume_r0_n": 0.5344927106895131,
    "WLHImagVolume_r1_n": 86.72604183530422,
    "WLHImagVolume_r2_n": 0.7166180565974785,
    "WLHImagVolume_r3_n": 81.64497828670554,
    "WLHImagVolume_r4_n": 0.8207033307663446,
    "WLHImagVolume_r5_n": 2.158197090431787e-06,
    "WLHImagVolume_a0_n": 0.1786290483506415,
    "WLHImagVolume_a1_n": 0.6166130462018439,
    "WLHImagVolume_a2_n": 9.220794929015948,
    "WLHImagVolume_a3_n": 0.05835391914940141,
    "WLHImagVolume_a4_n": 0.00031907824400095246,
    "WLHImagSurface_W0_p": 1.0264360653719165,
    "WLHImagSurface_W1_p": 0.04721787779173952,
    "WLHImagSurface_W2_p": 1.0451159499231975,
    "WLHImagSurface_W3_p": 0.16923053543135266,
    "WLHImagSurface_r0_p": 1.0245251383767708,
    "WLHImagSurface_r1_p": 0.700521497917274,
    "WLHImagSurface_r2_p": 0.005207014618744113,
    "WLHImagSurface_a0_p": 0.7874552436090343,
    "WLHImagSurface_W0_n": 1.5078369013682986,
    "WLHImagSurface_W1_n": 0.025031610701590983,
    "WLHImagSurface_W2_n": 1.8130333600193391,
    "WLHImagSurface_W3_n": 0.09042086151424165,
    "WLHImagSurface_r0_n": 1.2950976094576732,
    "WLHImagSurface_r1_n": 1.339978573955589,
    "WLHImagSurface_r2_n": 0.0037266450048740554,
    "WLHImagSurface_a0_n": 0.8355968993278615,
    "WLHRealSpinOrbit_V0_p": 9.707905787056022,
    "WLHRealSpinOrbit_V1_p": 0.008391854017455097,
    "WLHRealSpinOrbit_r0_p": 1.2512334381016639,
    "WLHRealSpinOrbit_r1_p": 0.8378010199581782,
    "WLHRealSpinOrbit_a0_p": 0.7855391847980646,
    "WLHRealSpinOrbit_a1_p": 0.000338238952952986,
    "WLHRealSpinOrbit_V0_n": 9.738687097059573,
    "WLHRealSpinOrbit_V1_n": 0.008292664302924782,
    "WLHRealSpinOrbit_r0_n": 1.242614596006926,
    "WLHRealSpinOrbit_r1_n": 0.8160429887917272,
    "WLHRealSpinOrbit_a0_n": 0.7766128403055417,
    "WLHRealSpinOrbit_a1_n": 0.0003577228014689405
}