{
    "WLHReal_V0_p": 55.45574936461602,
    "WLHReal_V1_p": 0.31102721541286826,
    "WLHReal_V2_p": 3.811341302307781e-06,
    "WLHReal_V3_p": 1.443053878847495e-06,
    "WLHReal_V4_p": 13.220406685228593,
    "WLHReal_V5_p": 0.1254163440404141,
    "WLHReal_V6_p": 0.0002889357047334173,
    "WLHReal_r0_p": 1.2681603832120276,
    "WLHReal_r1_p": 0.23619070014348165,
    "WLHReal_r2_p": 0.0009686438232108844,
    "WLHReal_r3_p": 8.524853394795399e-06,
    "WLHReal_a0_p": 0.7770098530415871,
    "WLHReal_a1_p": 0.00015632133920619325,
    "WLHReal_a2_p": 5.587704225462469e-06,
    "WLHReal_a3_p": 0.06904693939795623,
    "WLHReal_a4_p": 0.6261707539639195,
    "WLHReal_V0_n": 52.421145400945996,
    "WLHReal_V1_n": 0.30972787631962645,
    "WLHReal_V2_n": 0.00025294783050287535,
    "WLHReal_V3_n": 1.545467695753201e-06,
    "WLHReal_V4_n": 20.899533970079574,
    "WLHReal_V5_n": 0.24693817064070755,
    "WLHReal_V6_n": 0.0006180940394871803,
    "WLHReal_r0_n": 1.2752038334993894,
    "WLHReal_r1_n": 0.2923567723970258,
    "WLHReal_r2_n": 0.0006436291919857752,
    "WLHReal_r3_n": 3.868709557854143e-06,
    "WLHReal_a0_n": 0.7167263423670587,
    "WLHReal_a1_n": 0.000614537970363985,
    "WLHReal_a2_n": 4.548027145415504e-06,
    "WLHReal_a3_n": 0.24378174768958313,
    "WLHReal_a4_n": 0.7643366621240161,
    "WLHImagVolume_W0_p": 4.445596498552672,
    "WLHImagVolume_W1_p": 0.2523296889640149,
    "WLHImagVolume_W2_p": 0.00034008026567920323,
    "WLHImagVolume_W3_p": 13.247644262900764,
    "WLHImagVolume_W4_p": 0.07961460019901626,
    "WLHImagVolume_r0_p": 0.7136245330897144,
    "WLHImagVolume_r1_p": 40.23771850520039,
    "WLHImagVolume_r2_p": 0.5202837597502119,
    "WLHImagVolume_r3_p": 56.62844628414481,
    "WLHImagVolume_r4_p": 0.7615130196338888,
    "WLHImagVolume_r5_p": 2.082853475295216e-06,
    "WLHImagVolume_a0_p": 0.5657137709395564,
    "WLHImagVolume_a1_p": 0.25040090956282823,
    "WLHImagVolume_a2_p": 12.504357904717102,
    "WLHImagVolume_a3_p": 0.4332445944387142,
    "WLHImagVolume_a4_p": 0.002591242465443089,
    "WLHImagVolume_W0_n": 1.9273798844753076,
    "WLHImagVolume_W1_n": 0.19975291675577966,
    "WLHImagVolume_W2_n": 0.0004992403517129351,
    "WLHImagVolume_W3_n": 6.780504969438425,
    "WLHImagVolume_W4_n": 0.027298307406323136,
    "WLHImagVolume_r0_n": 0.44252530687401004,
    "WLHImagVolume_r1_n": 103.6180596468275,
    "WLHImagVolume_r2_n": 0.8258796590865464,
    "WLHImagVolume_r3_n": 91.08917499076169,
    "WLHImagVolume_r4_n": 0.7058100248996239,
    "WLHImagVolume_r5_n": 1.1136385073051443e-06,
    "WLHImagVolume_a0_n": 0.16539618762274683,
    "WLHImagVolume_a1_n": 0.6395722968618712,
    "WLHImagVolume_a2_n": 9.09934776742535,
    "WLHImagVolume_a3_n": 0.060270516603261576,
    "WLHImagVolume_a4_n": 0.0002791429220099691,
    "WLHImagSurface_W0_p": 0.7121165403164937,
    "WLHImagSurface_W1_p": 0.01181955486808766,
    "WLHImagSurface_W2_p": 0.028447529658285897,
    "WLHImagSurface_W3_p": 0.027956509380481692,
    "WLHImagSurface_r0_p": 0.9306890815681698,
    "WLHImagSurface_r1_p": 0.49379873229585564,
    "WLHImagSurface_r2_p": 0.004316245232768743,
    "WLHImagSurface_a0_p": 0.7475277573204023,
    "WLHImagSurface_W0_n": 1.8411121689527898,
    "WLHImagSurface_W1_n": 0.03806520774899064,
    "WLHImagSurface_W2_n": 2.8455281308194267,
    "WLHImagSurface_W3_n": 0.1365864169292245,
    "WLHImagSurface_r0_n": 1.3267828944526916,
    "WLHImagSurface_r1_n": 1.4413682081628887,
    "WLHImagSurface_r2_n": 0.003990187664487092,
    "WLHImagSurface_a0_n": 0.8341379805078675,
    "WLHRealSpinOrbit_V0_p": 10.091537503275893,
    "WLHRealSpinOrbit_V1_p": 0.008810763516304648,
    "WLHRealSpinOrbit_r0_p": 1.2485978891125877,
    "WLHRealSpinOrbit_r1_p": 0.8455841991768493,
    "WLHRealSpinOrbit_a0_p": 0.792076721490734,
    "WLHRealSpinOrbit_a1_p": 0.0003227215222710539,
    "WLHRealSpinOrbit_V0_n": 9.322725867687625,
    "WLHRealSpinOrbit_V1_n": 0.007922027966463217,
    "WLHRealSpinOrbit_r0_n": 1.2510226922425767,
    "WLHRealSpinOrbit_r1_n": 0.8209930683242157,
    "WLHRealSpinOrbit_a0_n": 0.7759979116034779,
    "WLHRealSpinOrbit_a1_n": 0.0003674260166231442
}