{
    "CH89RealCentral": {
        "V_0": 56.0384,
        "V_t": 19.4921,
        "V_e": -0.357024,
        "r_o": 1.20515,
        "r_o_0": -0.166911,
        "a_0": 0.704408
    },
    "CH89Coulomb": {
        "r_c": 1.16839,
        "r_c_0": 0.143247
    },
    "CH89SpinOrbit": {
        "V_so": 4.99148,
        "r_so": 1.23763,
        "r_so_0": -0.604115,
        "a_so": 0.612227
    },
    "CH89ImagCentral": {
        "W_v0": 11.9342,
        "W_ve0": 80.22,
        "W_vew": 38.251,
        "W_s0": 15.0515,
        "W_st": 30.2954,
        "W_se0": 16.8797,
        "W_sew": 95.5587,
        "r_w": 1.29069,
        "r_w0": -0.727493,
        "a_w": 0.686997
    }
}