{
    "WLHReal_V0_p": 55.311508889665944,
    "WLHReal_V1_p": 0.31854708827353234,
    "WLHReal_V2_p": -0.00015611227084081839,
    "WLHReal_V3_p": 2.068163706643591e-06,
    "WLHReal_V4_p": 12.41821311259315,
    "WLHReal_V5_p": 0.12640100982905006,
    "WLHReal_V6_p": 0.000342879803836735,
    "WLHReal_r0_p": 1.2842013191021104,
    "WLHReal_r1_p": 0.23860462629935508,
    "WLHReal_r2_p": 0.0010770641838039952,
    "WLHReal_r3_p": 1.0083447007767393e-05,
    "WLHReal_a0_p": 0.7878575026652369,
    "WLHReal_a1_p": 0.00015196057312961126,
    "WLHReal_a2_p": 7.542613109190957e-06,
    "WLHReal_a3_p": 0.06405711891934732,
    "WLHReal_a4_p": 0.651349150402553,
    "WLHReal_V0_n": 50.126574752050985,
    "WLHReal_V1_n": 0.27369058054441053,
    "WLHReal_V2_n": -0.0005431459547461472,
    "WLHReal_V3_n": 3.6267292967616837e-06,
    "WLHReal_V4_n": 20.31068496021835,
    "WLHReal_V5_n": 0.30467056747056276,
    "WLHReal_V6_n": 0.0012392439948620687,
    "WLHReal_r0_n": 1.356975146485852,
    "WLHReal_r1_n": 0.3942828347219408,
    "WLHReal_r2_n": 0.000947374023027455,
    "WLHReal_r3_n": 8.92958251224573e-06,
    "WLHReal_a0_n": 0.7511245046859654,
    "WLHReal_a1_n": 0.0010118244565215236,
    "WLHReal_a2_n": 1.162659617580959e-05,
    "WLHReal_a3_n": 0.2497534970924831,
    "WLHReal_a4_n": 0.8294322254314924,
    "WLHImagVolume_W0_p": 4.922134991978135,
    "WLHImagVolume_W1_p": 0.27147052122220994,
    "WLHImagVolume_W2_p": 0.000422226403865519,
    "WLHImagVolume_W3_p": 13.593602254865571,
    "WLHImagVolume_W4_p": 0.08642017481261564,
    "WLHImagVolume_r0_p": 0.7066265540615532,
    "WLHImagVolume_r1_p": 43.56279145430573,
    "WLHImagVolume_r2_p": 0.5459876599823621,
    "WLHImagVolume_r3_p": 60.374912330679464,
    "WLHImagVolume_r4_p": 0.7433929879968204,
    "WLHImagVolume_r5_p": 1.7333894816936089e-06,
    "WLHImagVolume_a0_p": 0.5793724172635305,
    "WLHImagVolume_a1_p": 0.2525620296463156,
    "WLHImagVolume_a2_p": 12.926111495219633,
    "WLHImagVolume_a3_p": 0.4442762789946498,
    "WLHImagVolume_a4_p": 0.0027869474773427414,
    "WLHImagVolume_W0_n": 2.5515495022003036,
    "WLHImagVolume_W1_n": 0.24598842032652368,
    "WLHImagVolume_W2_n": 0.0006570635173770113,
    "WLHImagVolume_W3_n": 7.5725941591713015,
    "WLHImagVolume_W4_n": 0.011313938057689307,
    "WLHImagVolume_r0_n": 0.46742373565445794,
    "WLHImagVolume_r1_n": 104.27235756720675,
    "WLHImagVolume_r2_n": 0.8737495918817711,
    "WLHImagVolume_r3_n": 103.55581907392326,
    "WLHImagVolume_r4_n": 0.8028200650656829,
    "WLHImagVolume_r5_n": 4.0227125849157895e-06,
    "WLHImagVolume_a0_n": 0.24777603117525998,
    "WLHImagVolume_a1_n": 0.600528994651492,
    "WLHImagVolume_a2_n": 6.788125126244266,
    "WLHImagVolume_a3_n": 0.08259183930221314,
    "WLHImagVolume_a4_n": 0.0006944312713796555,
    "WLHImagSurface_W0_p": 0.6333023023310043,
    "WLHImagSurface_W1_p": 0.007253466936638392,
    "WLHImagSurface_W2_p": -0.24524508793222566,
    "WLHImagSurface_W3_p": 0.012010024174174141,
    "WLHImagSurface_r0_p": 0.9072621520742835,
    "WLHImagSurface_r1_p": 0.42577146343830097,
    "WLHImagSurface_r2_p": 0.003103716716715188,
    "WLHImagSurface_a0_p": 0.7605079841974915,
    "WLHImagSurface_W0_n": 1.6803334776500747,
    "WLHImagSurface_W1_n": 0.05184258342109466,
    "WLHImagSurface_W2_n": 3.1919457339619575,
    "WLHImagSurface_W3_n": 0.20207233529329144,
    "WLHImagSurface_r0_n": 1.3367830427853133,
    "WLHImagSurface_r1_n": 1.605504030455549,
    "WLHImagSurface_r2_n": 0.0025973819202766944,
    "WLHImagSurface_a0_n": 0.8698807052110913,
    "WLHRealSpinOrbit_V0_p": 9.95867863836386,
    "WLHRealSpinOrbit_V1_p": 0.00886485617048149,
    "WLHRealSpinOrbit_r0_p": 1.264178197002437,
    "WLHRealSpinOrbit_r1_p": 0.8748421338582354,
    "WLHRealSpinOrbit_a0_p": 0.8054509863813488,
    "WLHRealSpinOrbit_a1_p": 0.00031305297641154057,
    "WLHRealSpinOrbit_V0_n": 8.892607023555069,
    "WLHRealSpinOrbit_V1_n": 0.008162777790090626,
    "WLHRealSpinOrbit_r0_n": 1.3266168188969305,
    "WLHRealSpinOrbit_r1_n": 0.9223837868442526,
    "WLHRealSpinOrbit_a0_n": 0.829363670059435,
    "WLHRealSpinOrbit_a1_n": 0.0003837903217828391
}