{
    "WLHReal_V0_p": 54.34937218579273,
    "WLHReal_V1_p": 0.3175955763853359,
    "WLHReal_V2_p": -0.00010715752199026378,
    "WLHReal_V3_p": 2.6248226194171737e-06,
    "WLHReal_V4_p": 12.152796341491145,
    "WLHReal_V5_p": 0.14215873235209806,
    "WLHReal_V6_p": 0.0003445235132117288,
    "WLHReal_r0_p": 1.321155574006885,
    "WLHReal_r1_p": 0.3429653239254064,
    "WLHReal_r2_p": 0.0007965830812313149,
    "WLHReal_r3_p": 6.1755052280760054e-06,
    "WLHReal_a0_p": 0.7879889609039691,
    "WLHReal_a1_p": 0.00015927475151840195,
    "WLHReal_a2_p": 4.8238166083511125e-06,
    "WLHReal_a3_p": 0.06096914746989439,
    "WLHReal_a4_p": 0.5813790636925299,
    "WLHReal_V0_n": 50.741981379518464,
    "WLHReal_V1_n": 0.28985876031545355,
    "WLHReal_V2_n": -0.0008526284996118585,
    "WLHReal_V3_n": 5.038485538126e-06,
    "WLHReal_V4_n": 19.674757237456003,
    "WLHReal_V5_n": 0.33177104660381046,
    "WLHReal_V6_n": 0.0015736374485100502,
    "WLHReal_r0_n": 1.3703401552128733,
    "WLHReal_r1_n": 0.38884628267219984,
    "WLHReal_r2_n": 0.001191362025174232,
    "WLHReal_r3_n": 1.3280249723097488e-05,
    "WLHReal_a0_n": 0.7701839650601207,
    "WLHReal_a1_n": 0.0012815401440390813,
    "WLHReal_a2_n": 1.6831327601383245e-05,
    "WLHReal_a3_n": 0.28065384496629425,
    "WLHReal_a4_n": 0.9585987027266462,
    "WLHImagVolume_W0_p": 4.656706875072536,
    "WLHImagVolume_W1_p": 0.26021748329744876,
    "WLHImagVolume_W2_p": 0.0005218403498015612,
    "WLHImagVolume_W3_p": 12.4062156527795,
    "WLHImagVolume_W4_p": 0.08531954553311036,
    "WLHImagVolume_r0_p": 0.5455634814234244,
    "WLHImagVolume_r1_p": 58.875556920471034,
    "WLHImagVolume_r2_p": 0.7300069064301316,
    "WLHImagVolume_r3_p": 67.18082374466859,
    "WLHImagVolume_r4_p": 0.5424717182100314,
    "WLHImagVolume_r5_p": 1.5375583138213816e-06,
    "WLHImagVolume_a0_p": 0.5588520225218799,
    "WLHImagVolume_a1_p": 0.29174543381939405,
    "WLHImagVolume_a2_p": 16.107586484248916,
    "WLHImagVolume_a3_p": 0.41520392634875314,
    "WLHImagVolume_a4_p": 0.0023833643651557847,
    "WLHImagVolume_W0_n": 3.474191434106963,
    "WLHImagVolume_W1_n": 0.3003824382413227,
    "WLHImagVolume_W2_n": 0.0008655484661106762,
    "WLHImagVolume_W3_n": 9.233034323312921,
    "WLHImagVolume_W4_n": 0.024776461409733674,
    "WLHImagVolume_r0_n": 0.4893476360997488,
    "WLHImagVolume_r1_n": 104.14526270781978,
    "WLHImagVolume_r2_n": 0.8700016956666099,
    "WLHImagVolume_r3_n": 111.22652646837687,
    "WLHImagVolume_r4_n": 0.8185783081168488,
    "WLHImagVolume_r5_n": 4.621296546044829e-06,
    "WLHImagVolume_a0_n": 0.28206729242094863,
    "WLHImagVolume_a1_n": 0.5684917042825912,
    "WLHImagVolume_a2_n": 4.025585485424843,
    "WLHImagVolume_a3_n": 0.047504425713262674,
    "WLHImagVolume_a4_n": 0.0004240029364483768,
    "WLHImagSurface_W0_p": 1.0180460520825745,
    "WLHImagSurface_W1_p": 0.05085061539596035,
    "WLHImagSurface_W2_p": 1.1375695879425645,
    "WLHImagSurface_W3_p": 0.18549239389116584,
    "WLHImagSurface_r0_p": 0.9962075465148951,
    "WLHImagSurface_r1_p": 0.5549434763871995,
    "WLHImagSurface_r2_p": 0.003870086360699137,
    "WLHImagSurface_a0_p": 0.7974591177924052,
    "WLHImagSurface_W0_n": 2.004380462757143,
    "WLHImagSurface_W1_n": 0.07012715448264183,
    "WLHImagSurface_W2_n": 3.6189685594930863,
    "WLHImagSurface_W3_n": 0.2485658780308203,
    "WLHImagSurface_r0_n": 1.336722519562702,
    "WLHImagSurface_r1_n": 1.7498138213449503,
    "WLHImagSurface_r2_n": 0.0022442521874592065,
    "WLHImagSurface_a0_n": 0.878896083895061,
    "WLHRealSpinOrbit_V0_p": 9.386662975054843,
    "WLHRealSpinOrbit_V1_p": 0.008331649792640242,
    "WLHRealSpinOrbit_r0_p": 1.2810172243397038,
    "WLHRealSpinOrbit_r1_p": 0.8763626134923491,
    "WLHRealSpinOrbit_a0_p": 0.8045457298685056,
    "WLHRealSpinOrbit_a1_p": 0.00034775197584278146,
    "WLHRealSpinOrbit_V0_n": 8.861375080566981,
    "WLHRealSpinOrbit_V1_n": 0.00843058174006434,
    "WLHRealSpinOrbit_r0_n": 1.3463053020924016,
    "WLHRealSpinOrbit_r1_n": 0.9708937881990944,
    "WLHRealSpinOrbit_a0_n": 0.8517006050661707,
    "WLHRealSpinOrbit_a1_n": 0.00035363001787201524
}