{
    "ECS_p": 0.408493,
    "ECS_n": 0.533768,
    "APower_p": 0.87396,
    "APower_n": 0.90434
}