{
    "ECS_p": 0.254065,
    "ECS_n": 0.482256,
    "APower_p": 0.827889,
    "APower_n": 0.450476
}