{
    "CH89RealCentral": {
        "V_0": 58.9142,
        "V_t": 10.3557,
        "V_e": -0.318424,
        "r_o": 1.20504,
        "r_o_0": -0.366975,
        "a_0": 0.763048
    },
    "CH89Coulomb": {
        "r_c": 1.08075,
        "r_c_0": 0.215872
    },
    "CH89SpinOrbit": {
        "V_so": 6.23231,
        "r_so": 1.35314,
        "r_so_0": -1.18788,
        "a_so": 0.665397
    },
    "CH89ImagCentral": {
        "W_v0": 11.6784,
        "W_ve0": 24.6373,
        "W_vew": 12.323,
        "W_s0": 12.7326,
        "W_st": 58.124,
        "W_se0": 10.1768,
        "W_sew": 15.4987,
        "r_w": 1.33534,
        "r_w0": -0.251783,
        "a_w": 0.696909
    }
}