{
    "WLHReal_V0_p": 54.73985897703112,
    "WLHReal_V1_p": 0.2929070690731738,
    "WLHReal_V2_p": 3.837258838887826e-05,
    "WLHReal_V3_p": 1.4925131083358772e-06,
    "WLHReal_V4_p": 14.001530154122335,
    "WLHReal_V5_p": 0.12624220145617512,
    "WLHReal_V6_p": 0.00027880705136273194,
    "WLHReal_r0_p": 1.2650681137415734,
    "WLHReal_r1_p": 0.24152599865530372,
    "WLHReal_r2_p": 0.0008349625354849648,
    "WLHReal_r3_p": 7.076472252759272e-06,
    "WLHReal_a0_p": 0.7684376402360737,
    "WLHReal_a1_p": 0.00014523461684880432,
    "WLHReal_a2_p": 5.41169586249446e-06,
    "WLHReal_a3_p": 0.05540305689585491,
    "WLHReal_a4_p": 0.5718286635495152,
    "WLHReal_V0_n": 56.833884795366075,
    "WLHReal_V1_n": 0.3238902595219645,
    "WLHReal_V2_n": -0.0005687392465830348,
    "WLHReal_V3_n": 3.765373860116395e-06,
    "WLHReal_V4_n": 19.837610275402852,
    "WLHReal_V5_n": 0.33115506929315147,
    "WLHReal_V6_n": 0.0014139441845296185,
    "WLHReal_r0_n": 1.322050587762981,
    "WLHReal_r1_n": 0.41265225142173206,
    "WLHReal_r2_n": 0.0010316880943722969,
    "WLHReal_r3_n": 1.0464342578814658e-05,
    "WLHReal_a0_n": 0.7640887215182304,
    "WLHReal_a1_n": 0.0008321565557175084,
    "WLHReal_a2_n": 1.1961711296362997e-05,
    "WLHReal_a3_n": 0.21782428907799103,
    "WLHReal_a4_n": 0.8633626795640192,
    "WLHImagVolume_W0_p": 4.061977208528779,
    "WLHImagVolume_W1_p": 0.22087899748602272,
    "WLHImagVolume_W2_p": 0.00020337933775201554,
    "WLHImagVolume_W3_p": 11.97046698850113,
    "WLHImagVolume_W4_p": 0.07277860662962361,
    "WLHImagVolume_r0_p": 0.7516178339108737,
    "WLHImagVolume_r1_p": 32.58621155170166,
    "WLHImagVolume_r2_p": 0.4756356791729448,
    "WLHImagVolume_r3_p": 48.83615901572986,
    "WLHImagVolume_r4_p": 0.7824663176134163,
    "WLHImagVolume_r5_p": 2.3629829739254335e-06,
    "WLHImagVolume_a0_p": 0.5620140802240905,
    "WLHImagVolume_a1_p": 0.24217158092545363,
    "WLHImagVolume_a2_p": 11.66971902405141,
    "WLHImagVolume_a3_p": 0.4290336309129268,
    "WLHImagVolume_a4_p": 0.0025287651522602045,
    "WLHImagVolume_W0_n": 4.522782545474929,
    "WLHImagVolume_W1_n": 0.41063432710612785,
    "WLHImagVolume_W2_n": 0.0009796520109685164,
    "WLHImagVolume_W3_n": 12.123570596737096,
    "WLHImagVolume_W4_n": 0.08709696317261811,
    "WLHImagVolume_r0_n": 0.5795200409859987,
    "WLHImagVolume_r1_n": 68.07284069689742,
    "WLHImagVolume_r2_n": 0.7360503715591259,
    "WLHImagVolume_r3_n": 91.57658322541359,
    "WLHImagVolume_r4_n": 1.0093935011963633,
    "WLHImagVolume_r5_n": 4.567654954561928e-06,
    "WLHImagVolume_a0_n": 0.30628836021282235,
    "WLHImagVolume_a1_n": 0.5443157913961681,
    "WLHImagVolume_a2_n": 1.8913295796711829,
    "WLHImagVolume_a3_n": -0.005335105340415432,
    "WLHImagVolume_a4_n": 0.000591918407579724,
    "WLHImagSurface_W0_p": 0.7590992699405956,
    "WLHImagSurface_W1_p": 0.015444485366408685,
    "WLHImagSurface_W2_p": 0.3638401809211888,
    "WLHImagSurface_W3_p": 0.04272809712109725,
    "WLHImagSurface_r0_p": 0.9186215483709341,
    "WLHImagSurface_r1_p": 0.4664837779342725,
    "WLHImagSurface_r2_p": 0.004911418396523186,
    "WLHImagSurface_a0_p": 0.7131594949731114,
    "WLHImagSurface_W0_n": 2.4809365310953537,
    "WLHImagSurface_W1_n": 0.07454993717271996,
    "WLHImagSurface_W2_n": 3.968343773543113,
    "WLHImagSurface_W3_n": 0.2367425315834989,
    "WLHImagSurface_r0_n": 1.2714120114903775,
    "WLHImagSurface_r1_n": 1.7458218767318183,
    "WLHImagSurface_r2_n": 0.003115171759316899,
    "WLHImagSurface_a0_n": 0.8495760134626273,
    "WLHRealSpinOrbit_V0_p": 10.13230339257229,
    "WLHRealSpinOrbit_V1_p": 0.008776580325353282,
    "WLHRealSpinOrbit_r0_p": 1.247270059113379,
    "WLHRealSpinOrbit_r1_p": 0.832715392153785,
    "WLHRealSpinOrbit_a0_p": 0.7878026534913102,
    "WLHRealSpinOrbit_a1_p": 0.0003401408870058873,
    "WLHRealSpinOrbit_V0_n": 9.661383564341731,
    "WLHRealSpinOrbit_V1_n": 0.00888546421009297,
    "WLHRealSpinOrbit_r0_n": 1.2952102351665171,
    "WLHRealSpinOrbit_r1_n": 0.924182170384681,
    "WLHRealSpinOrbit_a0_n": 0.8277829079860011,
    "WLHRealSpinOrbit_a1_n": 0.0003016761573454777
}