{
    "CH89RealCentral": {
        "V_0": 55.084,
        "V_t": 18.6889,
        "V_e": -0.344612,
        "r_o": 1.14216,
        "r_o_0": 0.0631646,
        "a_0": 0.749278
    },
    "CH89Coulomb": {
        "r_c": 1.32727,
        "r_c_0": 0.0529347
    },
    "CH89SpinOrbit": {
        "V_so": 5.7677,
        "r_so": 1.41026,
        "r_so_0": -1.34369,
        "a_so": 0.610922
    },
    "CH89ImagCentral": {
        "W_v0": 4.43264,
        "W_ve0": 29.021,
        "W_vew": 9.91934,
        "W_s0": 12.1853,
        "W_st": 27.2202,
        "W_se0": 29.542,
        "W_sew": 31.071,
        "r_w": 1.19334,
        "r_w0": -0.0290637,
        "a_w": 0.73462
    }
}