{
    "CH89RealCentral": {
        "V_0": 55.3821,
        "V_t": 14.7138,
        "V_e": -0.32166,
        "r_o": 1.14628,
        "r_o_0": -0.0599996,
        "a_0": 0.77525
    },
    "CH89Coulomb": {
        "r_c": 1.29803,
        "r_c_0": 0.167939
    },
    "CH89SpinOrbit": {
        "V_so": 5.95054,
        "r_so": 1.1683,
        "r_so_0": -0.647067,
        "a_so": 0.691174
    },
    "CH89ImagCentral": {
        "W_v0": 21.711,
        "W_ve0": 58.7342,
        "W_vew": 22.9954,
        "W_s0": 10.569,
        "W_st": 34.1946,
        "W_se0": 15.3134,
        "W_sew": 22.4756,
        "r_w": 1.37182,
        "r_w0": -0.141082,
        "a_w": 0.646272
    }
}