{
    "WLHReal_V0_p": 53.70600454469149,
    "WLHReal_V1_p": 0.28237889114014153,
    "WLHReal_V2_p": 0.00025085316962023473,
    "WLHReal_V3_p": 8.301511855155087e-07,
    "WLHReal_V4_p": 14.791458251581535,
    "WLHReal_V5_p": 0.12472381854186658,
    "WLHReal_V6_p": 0.0001937893876588329,
    "WLHReal_r0_p": 1.261183714077699,
    "WLHReal_r1_p": 0.2627870740648779,
    "WLHReal_r2_p": 0.000594566861216147,
    "WLHReal_r3_p": 3.8275019931140675e-06,
    "WLHReal_a0_p": 0.7526774928703193,
    "WLHReal_a1_p": 9.653843747198677e-05,
    "WLHReal_a2_p": 3.1475572235292445e-06,
    "WLHReal_a3_p": 0.053640037658708915,
    "WLHReal_a4_p": 0.5050484555719719,
    "WLHReal_V0_n": 49.266236387494146,
    "WLHReal_V1_n": 0.2801350596695825,
    "WLHReal_V2_n": -0.0011163283082235372,
    "WLHReal_V3_n": 5.962119038269788e-06,
    "WLHReal_V4_n": 19.31480068715483,
    "WLHReal_V5_n": 0.3492702585056938,
    "WLHReal_V6_n": 0.001775196875235668,
    "WLHReal_r0_n": 1.4028938629505758,
    "WLHReal_r1_n": 0.4185462310824284,
    "WLHReal_r2_n": 0.001303684382664697,
    "WLHReal_r3_n": 1.530687776291019e-05,
    "WLHReal_a0_n": 0.7812678770270716,
    "WLHReal_a1_n": 0.001471431555839415,
    "WLHReal_a2_n": 1.9860471893165273e-05,
    "WLHReal_a3_n": 0.2872360280839653,
    "WLHReal_a4_n": 0.9892426534186806,
    "WLHImagVolume_W0_p": 3.18639894650481,
    "WLHImagVolume_W1_p": 0.1728512972258519,
    "WLHImagVolume_W2_p": 0.00011965851555786647,
    "WLHImagVolume_W3_p": 10.528783291117335,
    "WLHImagVolume_W4_p": 0.057897442000128724,
    "WLHImagVolume_r0_p": 0.6904269948286735,
    "WLHImagVolume_r1_p": 38.04760057529716,
    "WLHImagVolume_r2_p": 0.5296330393537212,
    "WLHImagVolume_r3_p": 50.60269141735654,
    "WLHImagVolume_r4_p": 0.7012269933809666,
    "WLHImagVolume_r5_p": 1.7671276641006974e-06,
    "WLHImagVolume_a0_p": 0.526483246474361,
    "WLHImagVolume_a1_p": 0.26643740815561523,
    "WLHImagVolume_a2_p": 13.537704800604095,
    "WLHImagVolume_a3_p": 0.3877204544386102,
    "WLHImagVolume_a4_p": 0.0019045150399225866,
    "WLHImagVolume_W0_n": 3.5308815553837696,
    "WLHImagVolume_W1_n": 0.3032430430223722,
    "WLHImagVolume_W2_n": 0.0009428011405058683,
    "WLHImagVolume_W3_n": 9.058932737479674,
    "WLHImagVolume_W4_n": 0.01448921384080489,
    "WLHImagVolume_r0_n": 0.4679016257615517,
    "WLHImagVolume_r1_n": 113.03270599012811,
    "WLHImagVolume_r2_n": 0.9212278391744779,
    "WLHImagVolume_r3_n": 119.92885127746693,
    "WLHImagVolume_r4_n": 0.7934232011022522,
    "WLHImagVolume_r5_n": 4.962576336208223e-06,
    "WLHImagVolume_a0_n": 0.29976389457541,
    "WLHImagVolume_a1_n": 0.5631192802562791,
    "WLHImagVolume_a2_n": 3.481957960501606,
    "WLHImagVolume_a3_n": 0.05792815950913366,
    "WLHImagVolume_a4_n": 0.0004587428360292812,
    "WLHImagSurface_W0_p": 1.0488306347566139,
    "WLHImagSurface_W1_p": 0.04058540965319585,
    "WLHImagSurface_W2_p": 1.243838232367561,
    "WLHImagSurface_W3_p": 0.13498650938477233,
    "WLHImagSurface_r0_p": 1.0065307235420486,
    "WLHImagSurface_r1_p": 0.5593609280446661,
    "WLHImagSurface_r2_p": 0.006688590664378749,
    "WLHImagSurface_a0_p": 0.7515703242640124,
    "WLHImagSurface_W0_n": 1.9784064451630334,
    "WLHImagSurface_W1_n": 0.07696776833218655,
    "WLHImagSurface_W2_n": 3.863009502651516,
    "WLHImagSurface_W3_n": 0.27927854905096217,
    "WLHImagSurface_r0_n": 1.3551449500573785,
    "WLHImagSurface_r1_n": 1.823402626849656,
    "WLHImagSurface_r2_n": 0.0017651055025611228,
    "WLHImagSurface_a0_n": 0.8932011858316373,
    "WLHRealSpinOrbit_V0_p": 9.960151722064197,
    "WLHRealSpinOrbit_V1_p": 0.008421261423029883,
    "WLHRealSpinOrbit_r0_p": 1.2390383671033056,
    "WLHRealSpinOrbit_r1_p": 0.8013581884018255,
    "WLHRealSpinOrbit_a0_p": 0.7726592450464018,
    "WLHRealSpinOrbit_a1_p": 0.00037010976510434433,
    "WLHRealSpinOrbit_V0_n": 8.553078861301731,
    "WLHRealSpinOrbit_V1_n": 0.008383909313131767,
    "WLHRealSpinOrbit_r0_n": 1.3767024399889995,
    "WLHRealSpinOrbit_r1_n": 1.009561692896931,
    "WLHRealSpinOrbit_a0_n": 0.8710466556860869,
    "WLHRealSpinOrbit_a1_n": 0.0003645100538031628
}