{
    "CH89RealCentral": {
        "V_0": 55.6291,
        "V_t": 24.4157,
        "V_e": -0.178846,
        "r_o": 1.16264,
        "r_o_0": -0.212832,
        "a_0": 0.754889
    },
    "CH89Coulomb": {
        "r_c": 1.54194,
        "r_c_0": 0.209844
    },
    "CH89SpinOrbit": {
        "V_so": 0.324301,
        "r_so": 1.38583,
        "r_so_0": -2.57849,
        "a_so": 0.566692
    },
    "CH89ImagCentral": {
        "W_v0": 11.2635,
        "W_ve0": 22.8991,
        "W_vew": 29.4121,
        "W_s0": 9.41166,
        "W_st": 39.5159,
        "W_se0": 19.5317,
        "W_sew": 24.1072,
        "r_w": 1.38086,
        "r_w0": -0.615241,
        "a_w": 0.709761
    }
}