{
    "WLHReal_V0_p": 47.51013342404807,
    "WLHReal_V1_p": 0.2525546450866352,
    "WLHReal_V2_p": -0.0005653554992240959,
    "WLHReal_V3_p": 3.1079449258791344e-06,
    "WLHReal_V4_p": 12.945982645494379,
    "WLHReal_V5_p": 0.10713525326743892,
    "WLHReal_V6_p": 0.0004011455523096009,
    "WLHReal_r0_p": 1.336322474833901,
    "WLHReal_r1_p": 0.21149729910711762,
    "WLHReal_r2_p": 0.000792454385134262,
    "WLHReal_r3_p": 9.72669344242301e-06,
    "WLHReal_a0_p": 0.7736600640812584,
    "WLHReal_a1_p": -0.00016848856650394215,
    "WLHReal_a2_p": 9.741978929892757e-06,
    "WLHReal_a3_p": -0.05030860653877363,
    "WLHReal_a4_p": 0.4302736671806444,
    "WLHReal_V0_n": 54.464240803366266,
    "WLHReal_V1_n": 0.25669744288358864,
    "WLHReal_V2_n": -0.00024311469694478813,
    "WLHReal_V3_n": 2.066201762996399e-06,
    "WLHReal_V4_n": 21.80173885289668,
    "WLHReal_V5_n": 0.2893086677700313,
    "WLHReal_V6_n": 0.00097794962820134,
    "WLHReal_r0_n": 1.3010875336936525,
    "WLHReal_r1_n": 0.3990027680837716,
    "WLHReal_r2_n": 0.0006955729155897592,
    "WLHReal_r3_n": 5.7438013928288174e-06,
    "WLHReal_a0_n": 0.7367498028144159,
    "WLHReal_a1_n": 0.00045382970466527887,
    "WLHReal_a2_n": 5.740476059140463e-06,
    "WLHReal_a3_n": 0.20855595284386924,
    "WLHReal_a4_n": 0.7008471482434945,
    "WLHImagVolume_W0_p": 3.894564080109005,
    "WLHImagVolume_W1_p": 0.09596606791858775,
    "WLHImagVolume_W2_p": -3.513480464295256e-05,
    "WLHImagVolume_W3_p": 6.014931770789727,
    "WLHImagVolume_W4_p": 0.05028348020498145,
    "WLHImagVolume_r0_p": 0.8201861499625543,
    "WLHImagVolume_r1_p": 35.32015779946282,
    "WLHImagVolume_r2_p": 0.4990734091724552,
    "WLHImagVolume_r3_p": 52.68641120953776,
    "WLHImagVolume_r4_p": 0.6496991192359098,
    "WLHImagVolume_r5_p": 1.1521413662482216e-06,
    "WLHImagVolume_a0_p": 0.5604842704886188,
    "WLHImagVolume_a1_p": 0.27535448656097034,
    "WLHImagVolume_a2_p": 15.723897594708781,
    "WLHImagVolume_a3_p": 0.38761823046898347,
    "WLHImagVolume_a4_p": 0.0021407808479832723,
    "WLHImagVolume_W0_n": 2.848772195244595,
    "WLHImagVolume_W1_n": 0.2809152662029469,
    "WLHImagVolume_W2_n": 0.00035064161267615596,
    "WLHImagVolume_W3_n": 9.174459325833313,
    "WLHImagVolume_W4_n": 0.03551490951350322,
    "WLHImagVolume_r0_n": 0.6356886333692813,
    "WLHImagVolume_r1_n": 51.0975924572484,
    "WLHImagVolume_r2_n": 0.6475030027688637,
    "WLHImagVolume_r3_n": 69.12226452449302,
    "WLHImagVolume_r4_n": 1.1284375047854875,
    "WLHImagVolume_r5_n": 4.73368335210267e-06,
    "WLHImagVolume_a0_n": 0.27293923150015426,
    "WLHImagVolume_a1_n": 0.5778884338664766,
    "WLHImagVolume_a2_n": 7.382387194585768,
    "WLHImagVolume_a3_n": 0.07950986000990952,
    "WLHImagVolume_a4_n": 0.0013861525137222309,
    "WLHImagSurface_W0_p": 0.8107729322825626,
    "WLHImagSurface_W1_p": 0.02435728360651883,
    "WLHImagSurface_W2_p": 0.582357069065984,
    "WLHImagSurface_W3_p": 0.0674346603697937,
    "WLHImagSurface_r0_p": 0.8815781603673967,
    "WLHImagSurface_r1_p": -0.11822182320536284,
    "WLHImagSurface_r2_p": 0.0017248010487392394,
    "WLHImagSurface_a0_p": 0.8185364303770524,
    "WLHImagSurface_W0_n": 1.3433167710781229,
    "WLHImagSurface_W1_n": 0.024844228397842782,
    "WLHImagSurface_W2_n": 2.0456486302719923,
    "WLHImagSurface_W3_n": 0.1077297133628475,
    "WLHImagSurface_r0_n": 1.2422954910606923,
    "WLHImagSurface_r1_n": 1.3752907053211703,
    "WLHImagSurface_r2_n": 0.0031173406445646626,
    "WLHImagSurface_a0_n": 0.8440527638522602,
    "WLHRealSpinOrbit_V0_p": 9.130187009047177,
    "WLHRealSpinOrbit_V1_p": 0.008475528758450394,
    "WLHRealSpinOrbit_r0_p": 1.3341284589626705,
    "WLHRealSpinOrbit_r1_p": 0.9339863147404162,
    "WLHRealSpinOrbit_a0_p": 0.8393749447785145,
    "WLHRealSpinOrbit_a1_p": 0.0003903630549540756,
    "WLHRealSpinOrbit_V0_n": 10.008640620784723,
    "WLHRealSpinOrbit_V1_n": 0.008761858968358478,
    "WLHRealSpinOrbit_r0_n": 1.2699116034675706,
    "WLHRealSpinOrbit_r1_n": 0.8473503308286944,
    "WLHRealSpinOrbit_a0_n": 0.7978731833910577,
    "WLHRealSpinOrbit_a1_n": 0.0003652343615029325
}