{
    "CH89RealCentral": {
        "V_0": 53.8641,
        "V_t": 7.78701,
        "V_e": -0.346268,
        "r_o": 1.16047,
        "r_o_0": 0.0311612,
        "a_0": 0.718011
    },
    "CH89Coulomb": {
        "r_c": 1.43869,
        "r_c_0": 0.00281355
    },
    "CH89SpinOrbit": {
        "V_so": 5.4687,
        "r_so": 1.30291,
        "r_so_0": -1.17311,
        "a_so": 0.635208
    },
    "CH89ImagCentral": {
        "W_v0": 12.9839,
        "W_ve0": 27.9718,
        "W_vew": 28.9579,
        "W_s0": 8.69174,
        "W_st": 41.2919,
        "W_se0": 10.1446,
        "W_sew": 20.7998,
        "r_w": 1.41323,
        "r_w0": -0.410412,
        "a_w": 0.648087
    }
}