{
    "WLHReal_V0_p": 53.19955798070504,
    "WLHReal_V1_p": 0.29039272760035933,
    "WLHReal_V2_p": -0.00013295744407433588,
    "WLHReal_V3_p": 2.1623293887094065e-06,
    "WLHReal_V4_p": 13.310442984168631,
    "WLHReal_V5_p": 0.12762627181470224,
    "WLHReal_V6_p": 0.0003269355451213562,
    "WLHReal_r0_p": 1.2953933182054707,
    "WLHReal_r1_p": 0.2654208882975108,
    "WLHReal_r2_p": 0.0008124795734087795,
    "WLHReal_r3_p": 7.666430516316692e-06,
    "WLHReal_a0_p": 0.7751608925328993,
    "WLHReal_a1_p": 9.104816199946878e-05,
    "WLHReal_a2_p": 5.817296901501762e-06,
    "WLHReal_a3_p": 0.03464131675578884,
    "WLHReal_a4_p": 0.543844117123516,
    "WLHReal_V0_n": 50.41053168980852,
    "WLHReal_V1_n": 0.2877089374248393,
    "WLHReal_V2_n": -0.0006540421046546337,
    "WLHReal_V3_n": 4.167637383346658e-06,
    "WLHReal_V4_n": 20.87717403750491,
    "WLHReal_V5_n": 0.3004300595930775,
    "WLHReal_V6_n": 0.001503730034908718,
    "WLHReal_r0_n": 1.2985832821710348,
    "WLHReal_r1_n": 0.19246164593560072,
    "WLHReal_r2_n": 0.0013362088126768366,
    "WLHReal_r3_n": 1.652032220583973e-05,
    "WLHReal_a0_n": 0.7623294814384424,
    "WLHReal_a1_n": 0.0014429092612692623,
    "WLHReal_a2_n": 2.077722025035113e-05,
    "WLHReal_a3_n": 0.41421161061679246,
    "WLHReal_a4_n": 1.1966236729345263,
    "WLHImagVolume_W0_p": 4.215612964973316,
    "WLHImagVolume_W1_p": 0.20736984668651876,
    "WLHImagVolume_W2_p": 0.00023718004883099727,
    "WLHImagVolume_W3_p": 10.861613019369926,
    "WLHImagVolume_W4_p": 0.07229848927525924,
    "WLHImagVolume_r0_p": 0.7142494778181544,
    "WLHImagVolume_r1_p": 39.27504928919782,
    "WLHImagVolume_r2_p": 0.5446438539235909,
    "WLHImagVolume_r3_p": 53.629560152585334,
    "WLHImagVolume_r4_p": 0.6950415391775202,
    "WLHImagVolume_r5_p": 1.4901035728498332e-06,
    "WLHImagVolume_a0_p": 0.563055868158231,
    "WLHImagVolume_a1_p": 0.26006370670332024,
    "WLHImagVolume_a2_p": 13.48762400352843,
    "WLHImagVolume_a3_p": 0.4196053393815319,
    "WLHImagVolume_a4_p": 0.0024511793225686987,
    "WLHImagVolume_W0_n": 3.4601341036677553,
    "WLHImagVolume_W1_n": 0.21765737349025524,
    "WLHImagVolume_W2_n": 0.00048361344065945384,
    "WLHImagVolume_W3_n": 9.38692396733137,
    "WLHImagVolume_W4_n": -0.0024776321891095063,
    "WLHImagVolume_r0_n": 0.6052743923185055,
    "WLHImagVolume_r1_n": 89.03896025380203,
    "WLHImagVolume_r2_n": 0.6953185849826293,
    "WLHImagVolume_r3_n": 98.03828396106026,
    "WLHImagVolume_r4_n": 0.8708622542980394,
    "WLHImagVolume_r5_n": 4.035808422766307e-06,
    "WLHImagVolume_a0_n": 0.25157604465216343,
    "WLHImagVolume_a1_n": 0.5487229598173687,
    "WLHImagVolume_a2_n": 5.072744574852856,
    "WLHImagVolume_a3_n": 0.023205077385110563,
    "WLHImagVolume_a4_n": -9.740911319840596e-05,
    "WLHImagSurface_W0_p": 0.831059163078923,
    "WLHImagSurface_W1_p": 0.026351114609815665,
    "WLHImagSurface_W2_p": 0.6229023406266307,
    "WLHImagSurface_W3_p": 0.08532360701225242,
    "WLHImagSurface_r0_p": 0.9256038232165178,
    "WLHImagSurface_r1_p": 0.36870682383384323,
    "WLHImagSurface_r2_p": 0.00394210073866939,
    "WLHImagSurface_a0_p": 0.7497672514918733,
    "WLHImagSurface_W0_n": 1.5971394985128686,
    "WLHImagSurface_W1_n": 0.04740711610239636,
    "WLHImagSurface_W2_n": 1.7268782672821485,
    "WLHImagSurface_W3_n": 0.1530187311438291,
    "WLHImagSurface_r0_n": 1.3004519662120286,
    "WLHImagSurface_r1_n": 1.5435409388997063,
    "WLHImagSurface_r2_n": 0.0023383397040405833,
    "WLHImagSurface_a0_n": 0.8702065150037301,
    "WLHRealSpinOrbit_V0_p": 9.736906358879041,
    "WLHRealSpinOrbit_V1_p": 0.008608701602225799,
    "WLHRealSpinOrbit_r0_p": 1.2745259265173694,
    "WLHRealSpinOrbit_r1_p": 0.8656577874048962,
    "WLHRealSpinOrbit_a0_p": 0.8032470093807594,
    "WLHRealSpinOrbit_a1_p": 0.00035245111652241606,
    "WLHRealSpinOrbit_V0_n": 9.581032577810541,
    "WLHRealSpinOrbit_V1_n": 0.00886925819743551,
    "WLHRealSpinOrbit_r0_n": 1.304377403455687,
    "WLHRealSpinOrbit_r1_n": 0.9318631830863467,
    "WLHRealSpinOrbit_a0_n": 0.8342097225744017,
    "WLHRealSpinOrbit_a1_n": 0.00032331958740071615
}