{
    "CH89RealCentral": {
        "V_0": 53.4528,
        "V_t": 11.8323,
        "V_e": -0.326836,
        "r_o": 1.28111,
        "r_o_0": -0.367182,
        "a_0": 0.67395
    },
    "CH89Coulomb": {
        "r_c": 1.24422,
        "r_c_0": 0.000408339
    },
    "CH89SpinOrbit": {
        "V_so": 5.56385,
        "r_so": 1.56279,
        "r_so_0": -1.77521,
        "a_so": 0.60801
    },
    "CH89ImagCentral": {
        "W_v0": 8.85767,
        "W_ve0": 21.163,
        "W_vew": 16.9062,
        "W_s0": 7.08386,
        "W_st": 20.4357,
        "W_se0": 65.0121,
        "W_sew": 77.7682,
        "r_w": 1.24464,
        "r_w0": -0.0143146,
        "a_w": 0.68075
    }
}