{
    "CH89RealCentral": {
        "V_0": 55.6022,
        "V_t": 21.4036,
        "V_e": -0.369476,
        "r_o": 1.18835,
        "r_o_0": -0.115628,
        "a_0": 0.714907
    },
    "CH89Coulomb": {
        "r_c": 1.27275,
        "r_c_0": 0.184492
    },
    "CH89SpinOrbit": {
        "V_so": 5.77238,
        "r_so": 1.31889,
        "r_so_0": -1.10668,
        "a_so": 0.577395
    },
    "CH89ImagCentral": {
        "W_v0": 11.7778,
        "W_ve0": 41.339,
        "W_vew": 26.5138,
        "W_s0": 8.83948,
        "W_st": 22.3822,
        "W_se0": 34.1891,
        "W_sew": 46.9525,
        "r_w": 1.24372,
        "r_w0": -0.15326,
        "a_w": 0.668298
    }
}