{
    "ECS_p": 0.358461,
    "ECS_n": 0.405829,
    "APower_p": 0.624113,
    "APower_n": 0.3764
}