{
    "WLHReal_V0_p": 55.499330450275494,
    "WLHReal_V1_p": 0.33311194302796887,
    "WLHReal_V2_p": -0.000162578989476534,
    "WLHReal_V3_p": 2.7802734725416223e-06,
    "WLHReal_V4_p": 11.666284007050137,
    "WLHReal_V5_p": 0.13218991931434423,
    "WLHReal_V6_p": 0.0003511361301401394,
    "WLHReal_r0_p": 1.301982493020582,
    "WLHReal_r1_p": 0.2773483661857365,
    "WLHReal_r2_p": 0.0010700300216080483,
    "WLHReal_r3_p": 9.084654498288416e-06,
    "WLHReal_a0_p": 0.7949008355187046,
    "WLHReal_a1_p": 0.00016406665646058705,
    "WLHReal_a2_p": 6.749352758603135e-06,
    "WLHReal_a3_p": 0.07408079624159533,
    "WLHReal_a4_p": 0.6670670900066045,
    "WLHReal_V0_n": 53.08147032228079,
    "WLHReal_V1_n": 0.30283638486844106,
    "WLHReal_V2_n": -0.00032119986567143545,
    "WLHReal_V3_n": 3.0544063662101056e-06,
    "WLHReal_V4_n": 20.46432723028915,
    "WLHReal_V5_n": 0.29436149242258003,
    "WLHReal_V6_n": 0.001145513795180192,
    "WLHReal_r0_n": 1.3097302131886885,
    "WLHReal_r1_n": 0.33390720106922994,
    "WLHReal_r2_n": 0.0009437922579372888,
    "WLHReal_r3_n": 9.22556084909675e-06,
    "WLHReal_a0_n": 0.7463823854342377,
    "WLHReal_a1_n": 0.0008983282915534794,
    "WLHReal_a2_n": 1.0705788884168134e-05,
    "WLHReal_a3_n": 0.2656143023668476,
    "WLHReal_a4_n": 0.8817437584727994,
    "WLHImagVolume_W0_p": 5.124011271501509,
    "WLHImagVolume_W1_p": 0.29252674404681084,
    "WLHImagVolume_W2_p": 0.0005759151257953977,
    "WLHImagVolume_W3_p": 14.151814255444886,
    "WLHImagVolume_W4_p": 0.0915148530003793,
    "WLHImagVolume_r0_p": 0.6081847527154406,
    "WLHImagVolume_r1_p": 56.277424060899484,
    "WLHImagVolume_r2_p": 0.6593782673773436,
    "WLHImagVolume_r3_p": 69.66996738932951,
    "WLHImagVolume_r4_p": 0.6424661619210468,
    "WLHImagVolume_r5_p": 1.5352177995635586e-06,
    "WLHImagVolume_a0_p": 0.5736873453594178,
    "WLHImagVolume_a1_p": 0.27576054422622664,
    "WLHImagVolume_a2_p": 14.947469856319405,
    "WLHImagVolume_a3_p": 0.435433100116774,
    "WLHImagVolume_a4_p": 0.002667137068822485,
    "WLHImagVolume_W0_n": 3.148110263612308,
    "WLHImagVolume_W1_n": 0.2797247910613174,
    "WLHImagVolume_W2_n": 0.0006759374211553072,
    "WLHImagVolume_W3_n": 9.115209738829517,
    "WLHImagVolume_W4_n": 0.03828739868349636,
    "WLHImagVolume_r0_n": 0.5220608386127916,
    "WLHImagVolume_r1_n": 89.05524662027796,
    "WLHImagVolume_r2_n": 0.780643722899334,
    "WLHImagVolume_r3_n": 94.39650402735307,
    "WLHImagVolume_r4_n": 0.8558210551648068,
    "WLHImagVolume_r5_n": 3.6396254198525038e-06,
    "WLHImagVolume_a0_n": 0.24213459426756068,
    "WLHImagVolume_a1_n": 0.5853137918628251,
    "WLHImagVolume_a2_n": 5.655820949931229,
    "WLHImagVolume_a3_n": 0.03748069029011136,
    "WLHImagVolume_a4_n": 0.0004083708298997931,
    "WLHImagSurface_W0_p": 0.7552841143205244,
    "WLHImagSurface_W1_p": 0.022422162182536398,
    "WLHImagSurface_W2_p": 0.05343132703741449,
    "WLHImagSurface_W3_p": 0.07201367185226958,
    "WLHImagSurface_r0_p": 0.9546801880076121,
    "WLHImagSurface_r1_p": 0.5023445580831026,
    "WLHImagSurface_r2_p": 0.0029391076339196566,
    "WLHImagSurface_a0_p": 0.804643721748943,
    "WLHImagSurface_W0_n": 1.9637929092933741,
    "WLHImagSurface_W1_n": 0.053602085745637136,
    "WLHImagSurface_W2_n": 3.0589507022764777,
    "WLHImagSurface_W3_n": 0.18289764054243973,
    "WLHImagSurface_r0_n": 1.3050924901592273,
    "WLHImagSurface_r1_n": 1.5850789731219774,
    "WLHImagSurface_r2_n": 0.003152902479207913,
    "WLHImagSurface_a0_n": 0.8520884553051455,
    "WLHRealSpinOrbit_V0_p": 9.687392231350195,
    "WLHRealSpinOrbit_V1_p": 0.008670585630164393,
    "WLHRealSpinOrbit_r0_p": 1.2721712816991155,
    "WLHRealSpinOrbit_r1_p": 0.8859185612868555,
    "WLHRealSpinOrbit_a0_p": 0.8085126215588938,
    "WLHRealSpinOrbit_a1_p": 0.0003130574117059829,
    "WLHRealSpinOrbit_V0_n": 9.406611694924461,
    "WLHRealSpinOrbit_V1_n": 0.008450913937870399,
    "WLHRealSpinOrbit_r0_n": 1.2886398956492329,
    "WLHRealSpinOrbit_r1_n": 0.8922220876251513,
    "WLHRealSpinOrbit_a0_n": 0.8127935950164744,
    "WLHRealSpinOrbit_a1_n": 0.0003421950802536695
}