{
    "ECS_p": 0.241256,
    "ECS_n": 0.420107,
    "APower_p": 0.737818,
    "APower_n": 0.739968
}