{
    "ECS_p": 0.312525,
    "ECS_n": 0.318032,
    "APower_p": 0.777019,
    "APower_n": 0.350903
}