{
    "CH89RealCentral": {
        "V_0": 55.5748,
        "V_t": 18.6422,
        "V_e": -0.366179,
        "r_o": 1.21828,
        "r_o_0": -0.263247,
        "a_0": 0.720514
    },
    "CH89Coulomb": {
        "r_c": 1.29283,
        "r_c_0": 0.315194
    },
    "CH89SpinOrbit": {
        "V_so": 5.69921,
        "r_so": 1.32376,
        "r_so_0": -1.24523,
        "a_so": 0.631423
    },
    "CH89ImagCentral": {
        "W_v0": 9.0102,
        "W_ve0": 43.7371,
        "W_vew": 46.7602,
        "W_s0": 11.6632,
        "W_st": 27.1253,
        "W_se0": -8.58078,
        "W_sew": 79.6213,
        "r_w": 1.27892,
        "r_w0": -0.264833,
        "a_w": 0.696282
    }
}