{
    "ECS_p": 0.268134,
    "ECS_n": 0.177746,
    "APower_p": 1.03314,
    "APower_n": 0.279918
}