{
    "WLHReal_V0_p": 52.43705726471113,
    "WLHReal_V1_p": 0.32303812815877764,
    "WLHReal_V2_p": -0.00021605488147639573,
    "WLHReal_V3_p": 3.1918344953801026e-06,
    "WLHReal_V4_p": 11.475588636958673,
    "WLHReal_V5_p": 0.11505232677151486,
    "WLHReal_V6_p": 0.0003107589316626077,
    "WLHReal_r0_p": 1.3143872891330641,
    "WLHReal_r1_p": 0.24081435474031582,
    "WLHReal_r2_p": 0.0010216343780814839,
    "WLHReal_r3_p": 9.527229399052738e-06,
    "WLHReal_a0_p": 0.7871501640889713,
    "WLHReal_a1_p": -1.5154687144252195e-05,
    "WLHReal_a2_p": 8.687127500624015e-06,
    "WLHReal_a3_p": 0.04375690815207692,
    "WLHReal_a4_p": 0.6149325652673557,
    "WLHReal_V0_n": 59.9569543848517,
    "WLHReal_V1_n": 0.31775962719631756,
    "WLHReal_V2_n": 0.0014963596695453934,
    "WLHReal_V3_n": -4.063797712586657e-06,
    "WLHReal_V4_n": 23.802294886645434,
    "WLHReal_V5_n": 0.15994017209176467,
    "WLHReal_V6_n": -0.00038228971795164525,
    "WLHReal_r0_n": 1.1059232924164846,
    "WLHReal_r1_n": 0.15458559319927614,
    "WLHReal_r2_n": 2.493986869621888e-05,
    "WLHReal_r3_n": -5.821169640722143e-06,
    "WLHReal_a0_n": 0.6603232295037953,
    "WLHReal_a1_n": -0.0004901554858976463,
    "WLHReal_a2_n": -1.0556209066781718e-05,
    "WLHReal_a3_n": 0.21279667626366158,
    "WLHReal_a4_n": 0.5725588755197197,
    "WLHImagVolume_W0_p": 4.524337079533373,
    "WLHImagVolume_W1_p": 0.22126082363655988,
    "WLHImagVolume_W2_p": 0.000478918756908323,
    "WLHImagVolume_W3_p": 11.802882408951708,
    "WLHImagVolume_W4_p": 0.07211940220815259,
    "WLHImagVolume_r0_p": 0.5926627095163401,
    "WLHImagVolume_r1_p": 65.2917361475906,
    "WLHImagVolume_r2_p": 0.7014753755637724,
    "WLHImagVolume_r3_p": 78.49014161714223,
    "WLHImagVolume_r4_p": 0.5545261128024823,
    "WLHImagVolume_r5_p": 8.147134240031028e-07,
    "WLHImagVolume_a0_p": 0.5434282379029929,
    "WLHImagVolume_a1_p": 0.3101360539102235,
    "WLHImagVolume_a2_p": 18.348763856247764,
    "WLHImagVolume_a3_p": 0.38601906062692637,
    "WLHImagVolume_a4_p": 0.0020027834343131564,
    "WLHImagVolume_W0_n": 1.5434631410472537,
    "WLHImagVolume_W1_n": 0.17003042095269705,
    "WLHImagVolume_W2_n": -0.0001807862281345894,
    "WLHImagVolume_W3_n": 7.820973315957424,
    "WLHImagVolume_W4_n": 0.06392269700064729,
    "WLHImagVolume_r0_n": 0.6614054896633509,
    "WLHImagVolume_r1_n": 30.60200950743839,
    "WLHImagVolume_r2_n": 0.4457768161130643,
    "WLHImagVolume_r3_n": 30.17563023329489,
    "WLHImagVolume_r4_n": 1.0454374546247927,
    "WLHImagVolume_r5_n": 5.014608460841106e-07,
    "WLHImagVolume_a0_n": 0.10646733921550403,
    "WLHImagVolume_a1_n": 0.6481083624353899,
    "WLHImagVolume_a2_n": 12.83141491435411,
    "WLHImagVolume_a3_n": 0.03616256855418683,
    "WLHImagVolume_a4_n": 0.0007047347432331331,
    "WLHImagSurface_W0_p": 0.9095557264063003,
    "WLHImagSurface_W1_p": 0.033806358372709656,
    "WLHImagSurface_W2_p": 0.2594467667253445,
    "WLHImagSurface_W3_p": 0.10331612119381965,
    "WLHImagSurface_r0_p": 1.0184815391574669,
    "WLHImagSurface_r1_p": 0.345178655529383,
    "WLHImagSurface_r2_p": 0.0027951908761096253,
    "WLHImagSurface_a0_p": 0.9132841104845346,
    "WLHImagSurface_W0_n": 1.3899689349421034,
    "WLHImagSurface_W1_n": -0.01897114443087561,
    "WLHImagSurface_W2_n": 0.4804444791963902,
    "WLHImagSurface_W3_n": -0.0796024762081591,
    "WLHImagSurface_r0_n": 1.1863632416656444,
    "WLHImagSurface_r1_n": 0.9105325080276131,
    "WLHImagSurface_r2_n": 0.006057182197651297,
    "WLHImagSurface_a0_n": 0.7634574198250977,
    "WLHRealSpinOrbit_V0_p": 9.269306165653138,
    "WLHRealSpinOrbit_V1_p": 0.008384588212156208,
    "WLHRealSpinOrbit_r0_p": 1.2924985734033236,
    "WLHRealSpinOrbit_r1_p": 0.9031019982111586,
    "WLHRealSpinOrbit_a0_p": 0.8166053426559597,
    "WLHRealSpinOrbit_a1_p": 0.0003366838064712374,
    "WLHRealSpinOrbit_V0_n": 11.352731066635252,
    "WLHRealSpinOrbit_V1_n": 0.00852738195988855,
    "WLHRealSpinOrbit_r0_n": 1.0927699302024192,
    "WLHRealSpinOrbit_r1_n": 0.610079319272111,
    "WLHRealSpinOrbit_a0_n": 0.6767113615530124,
    "WLHRealSpinOrbit_a1_n": 0.0003269303551911355
}