{
    "WLHReal_V0_p": 55.3084020842693,
    "WLHReal_V1_p": 0.2833038508026646,
    "WLHReal_V2_p": 0.0012265788084731054,
    "WLHReal_V3_p": -2.6862621941415806e-06,
    "WLHReal_V4_p": 17.625579900468704,
    "WLHReal_V5_p": 0.1147024584617342,
    "WLHReal_V6_p": -0.00015692231120507325,
    "WLHReal_r0_p": 1.1812720555715588,
    "WLHReal_r1_p": 0.25564337117060937,
    "WLHReal_r2_p": 0.00014395927643548532,
    "WLHReal_r3_p": -3.944267390208498e-06,
    "WLHReal_a0_p": 0.7026701092125327,
    "WLHReal_a1_p": 9.065657733836258e-05,
    "WLHReal_a2_p": -4.202501151443697e-06,
    "WLHReal_a3_p": 0.11657062419764316,
    "WLHReal_a4_p": 0.4551397283836797,
    "WLHReal_V0_n": 54.15442310897335,
    "WLHReal_V1_n": 0.27671927129984325,
    "WLHReal_V2_n": 0.0001966871722537515,
    "WLHReal_V3_n": 5.278302483380939e-07,
    "WLHReal_V4_n": 22.16922669557795,
    "WLHReal_V5_n": 0.24924700467606165,
    "WLHReal_V6_n": 0.000655115546903744,
    "WLHReal_r0_n": 1.249704930948957,
    "WLHReal_r1_n": 0.2818758825556081,
    "WLHReal_r2_n": 0.0006194805256304271,
    "WLHReal_r3_n": 4.085753369755153e-06,
    "WLHReal_a0_n": 0.7174578420355083,
    "WLHReal_a1_n": 0.00042015848707431953,
    "WLHReal_a2_n": 4.018968459660947e-06,
    "WLHReal_a3_n": 0.25602495743422643,
    "WLHReal_a4_n": 0.7609550573191366,
    "WLHImagVolume_W0_p": 0.8019555792993645,
    "WLHImagVolume_W1_p": 0.10780836651151496,
    "WLHImagVolume_W2_p": -1.3203795808155365e-05,
    "WLHImagVolume_W3_p": 10.749904426675917,
    "WLHImagVolume_W4_p": 0.024757201231490306,
    "WLHImagVolume_r0_p": 0.5509436250650268,
    "WLHImagVolume_r1_p": 48.8546002714977,
    "WLHImagVolume_r2_p": 0.5824662274739328,
    "WLHImagVolume_r3_p": 55.60713858117102,
    "WLHImagVolume_r4_p": 0.6456693558732093,
    "WLHImagVolume_r5_p": 1.6003349173685308e-06,
    "WLHImagVolume_a0_p": 0.42517619656281747,
    "WLHImagVolume_a1_p": 0.3063998338257033,
    "WLHImagVolume_a2_p": 15.873937129762762,
    "WLHImagVolume_a3_p": 0.2948184668865016,
    "WLHImagVolume_a4_p": 0.0003458121875917217,
    "WLHImagVolume_W0_n": 2.2777897686669424,
    "WLHImagVolume_W1_n": 0.21047057702589275,
    "WLHImagVolume_W2_n": 0.00019867208977276572,
    "WLHImagVolume_W3_n": 8.062272468709361,
    "WLHImagVolume_W4_n": 0.025378523824648176,
    "WLHImagVolume_r0_n": 0.6076727910618333,
    "WLHImagVolume_r1_n": 61.456153896498535,
    "WLHImagVolume_r2_n": 0.6328082401482898,
    "WLHImagVolume_r3_n": 67.1969346717735,
    "WLHImagVolume_r4_n": 0.9973730046537211,
    "WLHImagVolume_r5_n": 3.2774560084872447e-06,
    "WLHImagVolume_a0_n": 0.20735638477129203,
    "WLHImagVolume_a1_n": 0.60362232097678,
    "WLHImagVolume_a2_n": 9.21240859922295,
    "WLHImagVolume_a3_n": 0.06701707930987172,
    "WLHImagVolume_a4_n": 0.0008459008665110421,
    "WLHImagSurface_W0_p": 1.6488853759965023,
    "WLHImagSurface_W1_p": 0.08179472928985512,
    "WLHImagSurface_W2_p": 2.677396872517451,
    "WLHImagSurface_W3_p": 0.2771758281868988,
    "WLHImagSurface_r0_p": 1.263230071938049,
    "WLHImagSurface_r1_p": 1.0930185700973145,
    "WLHImagSurface_r2_p": 0.013301461209730818,
    "WLHImagSurface_a0_p": 0.8284019867180767,
    "WLHImagSurface_W0_n": 1.3358740449170932,
    "WLHImagSurface_W1_n": 0.01511688152645263,
    "WLHImagSurface_W2_n": 1.511416290579731,
    "WLHImagSurface_W3_n": 0.06252761877212165,
    "WLHImagSurface_r0_n": 1.2530458918508636,
    "WLHImagSurface_r1_n": 1.266265518980834,
    "WLHImagSurface_r2_n": 0.0037716599962613895,
    "WLHImagSurface_a0_n": 0.8288862868164169,
    "WLHRealSpinOrbit_V0_p": 10.344913073008676,
    "WLHRealSpinOrbit_V1_p": 0.007839631521634246,
    "WLHRealSpinOrbit_r0_p": 1.1521404067763044,
    "WLHRealSpinOrbit_r1_p": 0.6503322500121006,
    "WLHRealSpinOrbit_a0_p": 0.6980942106498758,
    "WLHRealSpinOrbit_a1_p": 0.00040409368281775585,
    "WLHRealSpinOrbit_V0_n": 10.14279752734981,
    "WLHRealSpinOrbit_V1_n": 0.008559820992721848,
    "WLHRealSpinOrbit_r0_n": 1.2306256271858522,
    "WLHRealSpinOrbit_r1_n": 0.7961966126128162,
    "WLHRealSpinOrbit_a0_n": 0.7701476955201105,
    "WLHRealSpinOrbit_a1_n": 0.0003578239377976053
}