{
    "ECS_p": 0.261603,
    "ECS_n": 0.34068,
    "APower_p": 0.881282,
    "APower_n": 0.43068
}