{
    "WLHReal_V0_p": 56.949157507675196,
    "WLHReal_V1_p": 0.311453667877333,
    "WLHReal_V2_p": 0.0002168708365555818,
    "WLHReal_V3_p": 9.282844436304221e-07,
    "WLHReal_V4_p": 13.716919699366839,
    "WLHReal_V5_p": 0.15601855253314503,
    "WLHReal_V6_p": 0.00028395813853884636,
    "WLHReal_r0_p": 1.2868345105333943,
    "WLHReal_r1_p": 0.37896094192461527,
    "WLHReal_r2_p": 0.0006123562755181038,
    "WLHReal_r3_p": 2.974475835693077e-06,
    "WLHReal_a0_p": 0.7750949496064286,
    "WLHReal_a1_p": 0.0003122816380122127,
    "WLHReal_a2_p": 1.1485369880926654e-06,
    "WLHReal_a3_p": 0.09291600959080126,
    "WLHReal_a4_p": 0.5699939120490561,
    "WLHReal_V0_n": 54.29203430088164,
    "WLHReal_V1_n": 0.25502497991321915,
    "WLHReal_V2_n": 0.0007180138348276513,
    "WLHReal_V3_n": -1.4640835210045244e-06,
    "WLHReal_V4_n": 23.447419025644546,
    "WLHReal_V5_n": 0.20449546294187448,
    "WLHReal_V6_n": 0.0001365299300550985,
    "WLHReal_r0_n": 1.2078495309952515,
    "WLHReal_r1_n": 0.25751120552166007,
    "WLHReal_r2_n": 0.0002647386132269663,
    "WLHReal_r3_n": -1.5191408812964598e-06,
    "WLHReal_a0_n": 0.6875601299855107,
    "WLHReal_a1_n": -2.7317586751948253e-05,
    "WLHReal_a2_n": -3.5207445874518557e-06,
    "WLHReal_a3_n": 0.2265098695054708,
    "WLHReal_a4_n": 0.601121656704647,
    "WLHImagVolume_W0_p": 4.275516521663594,
    "WLHImagVolume_W1_p": 0.28212012727128494,
    "WLHImagVolume_W2_p": 0.0004593718804155248,
    "WLHImagVolume_W3_p": 13.519872815898372,
    "WLHImagVolume_W4_p": 0.08886592095150717,
    "WLHImagVolume_r0_p": 0.5578677143777164,
    "WLHImagVolume_r1_p": 46.68773102204634,
    "WLHImagVolume_r2_p": 0.665652985502357,
    "WLHImagVolume_r3_p": 53.61220351862506,
    "WLHImagVolume_r4_p": 0.6278266338582476,
    "WLHImagVolume_r5_p": 2.16181223435559e-06,
    "WLHImagVolume_a0_p": 0.5579334522613436,
    "WLHImagVolume_a1_p": 0.2630718271573522,
    "WLHImagVolume_a2_p": 12.846856020680503,
    "WLHImagVolume_a3_p": 0.43356573406501997,
    "WLHImagVolume_a4_p": 0.0025470879515852004,
    "WLHImagVolume_W0_n": 1.129571200133583,
    "WLHImagVolume_W1_n": 0.1346827543235117,
    "WLHImagVolume_W2_n": -0.00018263201239612618,
    "WLHImagVolume_W3_n": 6.24091091095306,
    "WLHImagVolume_W4_n": 0.010333279218902189,
    "WLHImagVolume_r0_n": 0.6255059519468933,
    "WLHImagVolume_r1_n": 49.556716636269215,
    "WLHImagVolume_r2_n": 0.5689156502614403,
    "WLHImagVolume_r3_n": 48.523640890447766,
    "WLHImagVolume_r4_n": 1.0398698967303242,
    "WLHImagVolume_r5_n": 2.5667084402480735e-06,
    "WLHImagVolume_a0_n": 0.15978085572464895,
    "WLHImagVolume_a1_n": 0.6395574378584002,
    "WLHImagVolume_a2_n": 13.089780025784766,
    "WLHImagVolume_a3_n": 0.10614888443010101,
    "WLHImagVolume_a4_n": 0.0012231075946532485,
    "WLHImagSurface_W0_p": 1.0671874171663933,
    "WLHImagSurface_W1_p": 0.05379201992392157,
    "WLHImagSurface_W2_p": 1.5950480386165335,
    "WLHImagSurface_W3_p": 0.20484023738619744,
    "WLHImagSurface_r0_p": 0.9917479522258338,
    "WLHImagSurface_r1_p": 0.809827781050177,
    "WLHImagSurface_r2_p": 0.0061809938634747675,
    "WLHImagSurface_a0_p": 0.6874201311535975,
    "WLHImagSurface_W0_n": 0.8194820476677558,
    "WLHImagSurface_W1_n": -0.01688579755771112,
    "WLHImagSurface_W2_n": 0.48570456231163406,
    "WLHImagSurface_W3_n": -0.030532103489411766,
    "WLHImagSurface_r0_n": 1.2299108803505994,
    "WLHImagSurface_r1_n": 1.0035234854278074,
    "WLHImagSurface_r2_n": 0.004412905785057904,
    "WLHImagSurface_a0_n": 0.8093126199135314,
    "WLHRealSpinOrbit_V0_p": 9.904238907936138,
    "WLHRealSpinOrbit_V1_p": 0.008419005335843808,
    "WLHRealSpinOrbit_r0_p": 1.2392479154461509,
    "WLHRealSpinOrbit_r1_p": 0.8113984824063678,
    "WLHRealSpinOrbit_a0_p": 0.774628102538699,
    "WLHRealSpinOrbit_a1_p": 0.00034954536069626695,
    "WLHRealSpinOrbit_V0_n": 10.513812602171559,
    "WLHRealSpinOrbit_V1_n": 0.008378725535126702,
    "WLHRealSpinOrbit_r0_n": 1.184946231371896,
    "WLHRealSpinOrbit_r1_n": 0.7094974137648831,
    "WLHRealSpinOrbit_a0_n": 0.7304590915721432,
    "WLHRealSpinOrbit_a1_n": 0.00038765338734929956
}