{
    "CH89RealCentral": {
        "V_0": 54.889,
        "V_t": 10.2964,
        "V_e": -0.300622,
        "r_o": 1.2303,
        "r_o_0": -0.260508,
        "a_0": 0.719795
    },
    "CH89Coulomb": {
        "r_c": 1.03847,
        "r_c_0": 0.320422
    },
    "CH89SpinOrbit": {
        "V_so": 4.64116,
        "r_so": 1.18985,
        "r_so_0": -0.375023,
        "a_so": 0.603269
    },
    "CH89ImagCentral": {
        "W_v0": 5.71297,
        "W_ve0": 16.734,
        "W_vew": 12.9786,
        "W_s0": 11.9711,
        "W_st": 34.1025,
        "W_se0": 25.3982,
        "W_sew": 36.5459,
        "r_w": 1.37464,
        "r_w0": -0.825021,
        "a_w": 0.618693
    }
}