{
    "WLHReal_V0_p": 51.868484128787294,
    "WLHReal_V1_p": 0.2833052828179382,
    "WLHReal_V2_p": -0.000645364945643,
    "WLHReal_V3_p": 3.930982022729093e-06,
    "WLHReal_V4_p": 12.123795276473603,
    "WLHReal_V5_p": 0.12452153651047505,
    "WLHReal_V6_p": 0.0004941110359196553,
    "WLHReal_r0_p": 1.3261646627822388,
    "WLHReal_r1_p": 0.2304482229415028,
    "WLHReal_r2_p": 0.0010829094363366864,
    "WLHReal_r3_p": 1.2337452640695254e-05,
    "WLHReal_a0_p": 0.7966461744060415,
    "WLHReal_a1_p": 5.196192743988261e-05,
    "WLHReal_a2_p": 1.0026546048177532e-05,
    "WLHReal_a3_p": -0.006218141453861882,
    "WLHReal_a4_p": 0.5658263865412596,
    "WLHReal_V0_n": 55.826504559945654,
    "WLHReal_V1_n": 0.3221952802155075,
    "WLHReal_V2_n": 0.0006211460642216071,
    "WLHReal_V3_n": -1.0737167061195119e-07,
    "WLHReal_V4_n": 21.328814558171988,
    "WLHReal_V5_n": 0.23039235341383393,
    "WLHReal_V6_n": 0.0003104417312886045,
    "WLHReal_r0_n": 1.2389935075864007,
    "WLHReal_r1_n": 0.315623860549151,
    "WLHReal_r2_n": 0.0003887125346055529,
    "WLHReal_r3_n": -4.958691362018747e-07,
    "WLHReal_a0_n": 0.7012234817508091,
    "WLHReal_a1_n": 0.00016728715265958182,
    "WLHReal_a2_n": -1.8847109130197223e-06,
    "WLHReal_a3_n": 0.1815665919572203,
    "WLHReal_a4_n": 0.6188011268676382,
    "WLHImagVolume_W0_p": 5.284632614837657,
    "WLHImagVolume_W1_p": 0.22094479894999064,
    "WLHImagVolume_W2_p": 0.00021707959099462928,
    "WLHImagVolume_W3_p": 10.297837773665734,
    "WLHImagVolume_W4_p": 0.08368675216824087,
    "WLHImagVolume_r0_p": 0.8424010631729502,
    "WLHImagVolume_r1_p": 28.794749772903703,
    "WLHImagVolume_r2_p": 0.4569948343577216,
    "WLHImagVolume_r3_p": 48.67506724174312,
    "WLHImagVolume_r4_p": 0.7736371573791341,
    "WLHImagVolume_r5_p": 1.566275163403775e-06,
    "WLHImagVolume_a0_p": 0.6137606031023297,
    "WLHImagVolume_a1_p": 0.2323437681443176,
    "WLHImagVolume_a2_p": 11.778508878371252,
    "WLHImagVolume_a3_p": 0.4646599451373267,
    "WLHImagVolume_a4_p": 0.003216880717670222,
    "WLHImagVolume_W0_n": 2.004111763494231,
    "WLHImagVolume_W1_n": 0.2369782992183698,
    "WLHImagVolume_W2_n": 0.00045941347568904283,
    "WLHImagVolume_W3_n": 7.5255053584289815,
    "WLHImagVolume_W4_n": 0.058860053969749485,
    "WLHImagVolume_r0_n": 0.47779157311768644,
    "WLHImagVolume_r1_n": 82.66842150001087,
    "WLHImagVolume_r2_n": 0.7540291150361114,
    "WLHImagVolume_r3_n": 75.01900054293694,
    "WLHImagVolume_r4_n": 0.8057667314973678,
    "WLHImagVolume_r5_n": 1.6076690229262597e-06,
    "WLHImagVolume_a0_n": 0.15875806440237078,
    "WLHImagVolume_a1_n": 0.6458252046564261,
    "WLHImagVolume_a2_n": 9.442473338535468,
    "WLHImagVolume_a3_n": 0.04914566456158912,
    "WLHImagVolume_a4_n": 0.0005476715995503892,
    "WLHImagSurface_W0_p": 0.4502032774433152,
    "WLHImagSurface_W1_p": -0.004896046787874912,
    "WLHImagSurface_W2_p": -0.4050630948092455,
    "WLHImagSurface_W3_p": -0.030712724533136976,
    "WLHImagSurface_r0_p": 0.7772151746555754,
    "WLHImagSurface_r1_p": 0.017838921461663826,
    "WLHImagSurface_r2_p": 0.00047350108631954947,
    "WLHImagSurface_a0_p": 0.7121702165472625,
    "WLHImagSurface_W0_n": 1.965262560757623,
    "WLHImagSurface_W1_n": 0.030750287387050948,
    "WLHImagSurface_W2_n": 2.8863500847940635,
    "WLHImagSurface_W3_n": 0.10484376203540002,
    "WLHImagSurface_r0_n": 1.2888744896426574,
    "WLHImagSurface_r1_n": 1.3596040596287973,
    "WLHImagSurface_r2_n": 0.004761542706020414,
    "WLHImagSurface_a0_n": 0.8104590140256369,
    "WLHRealSpinOrbit_V0_p": 9.645505031811428,
    "WLHRealSpinOrbit_V1_p": 0.009002678646336425,
    "WLHRealSpinOrbit_r0_p": 1.3172157772472648,
    "WLHRealSpinOrbit_r1_p": 0.9419745004832324,
    "WLHRealSpinOrbit_a0_p": 0.8419208304770027,
    "WLHRealSpinOrbit_a1_p": 0.00033409091027178785,
    "WLHRealSpinOrbit_V0_n": 9.803095868286434,
    "WLHRealSpinOrbit_V1_n": 0.008012486001725983,
    "WLHRealSpinOrbit_r0_n": 1.2082673909101511,
    "WLHRealSpinOrbit_r1_n": 0.7631814245866823,
    "WLHRealSpinOrbit_a0_n": 0.7476768853074169,
    "WLHRealSpinOrbit_a1_n": 0.0003552192123526899
}