{
    "ECS_p": 0.434702,
    "ECS_n": 0.627748,
    "APower_p": 0.657062,
    "APower_n": 0.524556
}