{
    "CH89RealCentral": {
        "V_0": 56.0114,
        "V_t": 18.1543,
        "V_e": -0.403923,
        "r_o": 1.19553,
        "r_o_0": -0.237535,
        "a_0": 0.769958
    },
    "CH89Coulomb": {
        "r_c": 1.44077,
        "r_c_0": 0.280985
    },
    "CH89SpinOrbit": {
        "V_so": 5.34953,
        "r_so": 1.29735,
        "r_so_0": -1.14295,
        "a_so": 0.513767
    },
    "CH89ImagCentral": {
        "W_v0": 13.7834,
        "W_ve0": 58.1217,
        "W_vew": 21.5603,
        "W_s0": 9.00841,
        "W_st": 17.2633,
        "W_se0": 47.9019,
        "W_sew": 37.4145,
        "r_w": 1.36753,
        "r_w0": -0.654591,
        "a_w": 0.732447
    }
}