{
    "ECS_p": 0.21631,
    "ECS_n": 0.37501,
    "APower_p": 0.658323,
    "APower_n": 0.681285
}