{
    "CH89RealCentral": {
        "V_0": 55.7209,
        "V_t": 20.8334,
        "V_e": -0.324331,
        "r_o": 1.22036,
        "r_o_0": -0.338013,
        "a_0": 0.707859
    },
    "CH89Coulomb": {
        "r_c": 1.32728,
        "r_c_0": 0.143785
    },
    "CH89SpinOrbit": {
        "V_so": 6.04828,
        "r_so": 1.26544,
        "r_so_0": -1.01474,
        "a_so": 0.581653
    },
    "CH89ImagCentral": {
        "W_v0": 6.01898,
        "W_ve0": 32.2998,
        "W_vew": 25.4418,
        "W_s0": 8.7115,
        "W_st": 14.8626,
        "W_se0": 55.8377,
        "W_sew": 56.3047,
        "r_w": 1.25411,
        "r_w0": -0.23091,
        "a_w": 0.785781
    }
}