{
    "WLHReal_V0_p": 52.16985653036788,
    "WLHReal_V1_p": 0.27954618347616356,
    "WLHReal_V2_p": -0.0005207987931593465,
    "WLHReal_V3_p": 3.2062738946494545e-06,
    "WLHReal_V4_p": 12.360345710530765,
    "WLHReal_V5_p": 0.15128051666935854,
    "WLHReal_V6_p": 0.0005028266878322439,
    "WLHReal_r0_p": 1.3568679797282632,
    "WLHReal_r1_p": 0.367868409467685,
    "WLHReal_r2_p": 0.000725719658197493,
    "WLHReal_r3_p": 7.078872448805438e-06,
    "WLHReal_a0_p": 0.7957440685062808,
    "WLHReal_a1_p": 0.00015139831430330223,
    "WLHReal_a2_p": 6.484164620336313e-06,
    "WLHReal_a3_p": 0.002234143115182996,
    "WLHReal_a4_p": 0.4905593307670926,
    "WLHReal_V0_n": 50.880160951502745,
    "WLHReal_V1_n": 0.25664684256645065,
    "WLHReal_V2_n": -0.001030233559873138,
    "WLHReal_V3_n": 4.657671837486222e-06,
    "WLHReal_V4_n": 20.99814487599922,
    "WLHReal_V5_n": 0.3331876533862909,
    "WLHReal_V6_n": 0.0017607628577390462,
    "WLHReal_r0_n": 1.3372592876430283,
    "WLHReal_r1_n": 0.29480907102997234,
    "WLHReal_r2_n": 0.0013683515172748825,
    "WLHReal_r3_n": 1.7340245704910743e-05,
    "WLHReal_a0_n": 0.777318282691673,
    "WLHReal_a1_n": 0.001394330332267974,
    "WLHReal_a2_n": 2.152747633198144e-05,
    "WLHReal_a3_n": 0.37269917572619893,
    "WLHReal_a4_n": 1.1259849797864783,
    "WLHImagVolume_W0_p": 5.075566648100702,
    "WLHImagVolume_W1_p": 0.23086572467108998,
    "WLHImagVolume_W2_p": 0.0003142266171901158,
    "WLHImagVolume_W3_p": 9.676715171105464,
    "WLHImagVolume_W4_p": 0.08891412247499748,
    "WLHImagVolume_r0_p": 0.6856227640030139,
    "WLHImagVolume_r1_p": 37.76844714745216,
    "WLHImagVolume_r2_p": 0.6195760921099119,
    "WLHImagVolume_r3_p": 48.109692909421454,
    "WLHImagVolume_r4_p": 0.6062430176191479,
    "WLHImagVolume_r5_p": 1.1729089492257216e-06,
    "WLHImagVolume_a0_p": 0.6028700220404699,
    "WLHImagVolume_a1_p": 0.25466561463077675,
    "WLHImagVolume_a2_p": 13.163591839159636,
    "WLHImagVolume_a3_p": 0.4545867506538208,
    "WLHImagVolume_a4_p": 0.0030558039136630005,
    "WLHImagVolume_W0_n": 3.90187428480521,
    "WLHImagVolume_W1_n": 0.27223202120492446,
    "WLHImagVolume_W2_n": 0.0004992617305745319,
    "WLHImagVolume_W3_n": 10.409214977154225,
    "WLHImagVolume_W4_n": 0.0019092457814961217,
    "WLHImagVolume_r0_n": 0.6714313388028219,
    "WLHImagVolume_r1_n": 68.92380886227494,
    "WLHImagVolume_r2_n": 0.6584719912679509,
    "WLHImagVolume_r3_n": 92.48997463012222,
    "WLHImagVolume_r4_n": 1.0633415782446995,
    "WLHImagVolume_r5_n": 6.09783086249534e-06,
    "WLHImagVolume_a0_n": 0.31673445129135036,
    "WLHImagVolume_a1_n": 0.5208151776147109,
    "WLHImagVolume_a2_n": 3.9394183546368344,
    "WLHImagVolume_a3_n": 0.043404213551212656,
    "WLHImagVolume_a4_n": 0.000584657461057319,
    "WLHImagSurface_W0_p": 0.8309037822062721,
    "WLHImagSurface_W1_p": 0.040025948126099234,
    "WLHImagSurface_W2_p": 1.205577407673623,
    "WLHImagSurface_W3_p": 0.15512681926642102,
    "WLHImagSurface_r0_p": 0.8430162237989216,
    "WLHImagSurface_r1_p": 0.24758717861684124,
    "WLHImagSurface_r2_p": 0.001846989464604024,
    "WLHImagSurface_a0_p": 0.6813803230870092,
    "WLHImagSurface_W0_n": 1.3945041321460425,
    "WLHImagSurface_W1_n": 0.04673981168181268,
    "WLHImagSurface_W2_n": 1.7499838680823043,
    "WLHImagSurface_W3_n": 0.16605268162941267,
    "WLHImagSurface_r0_n": 1.2719555134474823,
    "WLHImagSurface_r1_n": 1.570399663831977,
    "WLHImagSurface_r2_n": 0.0017075089887019805,
    "WLHImagSurface_a0_n": 0.8820653965737337,
    "WLHRealSpinOrbit_V0_p": 9.265325761345121,
    "WLHRealSpinOrbit_V1_p": 0.008534266546096222,
    "WLHRealSpinOrbit_r0_p": 1.32198639429098,
    "WLHRealSpinOrbit_r1_p": 0.9245367302594555,
    "WLHRealSpinOrbit_a0_p": 0.8326221465287129,
    "WLHRealSpinOrbit_a1_p": 0.00036887895565787857,
    "WLHRealSpinOrbit_V0_n": 9.671711552153026,
    "WLHRealSpinOrbit_V1_n": 0.009178208887823431,
    "WLHRealSpinOrbit_r0_n": 1.3328021155498528,
    "WLHRealSpinOrbit_r1_n": 0.9653208711876596,
    "WLHRealSpinOrbit_a0_n": 0.8550513941968045,
    "WLHRealSpinOrbit_a1_n": 0.00033399445344253336
}