{
    "ECS_p": 0.346494,
    "ECS_n": 0.303297,
    "APower_p": 0.796073,
    "APower_n": 0.255756
}