{
    "CH89RealCentral": {
        "V_0": 55.1962,
        "V_t": 17.5575,
        "V_e": -0.37009,
        "r_o": 1.17744,
        "r_o_0": -0.0876898,
        "a_0": 0.708166
    },
    "CH89Coulomb": {
        "r_c": 1.22556,
        "r_c_0": 0.163603
    },
    "CH89SpinOrbit": {
        "V_so": 5.36735,
        "r_so": 1.32955,
        "r_so_0": -1.52072,
        "a_so": 0.654747
    },
    "CH89ImagCentral": {
        "W_v0": 15.007,
        "W_ve0": 52.1166,
        "W_vew": 27.5543,
        "W_s0": 12.9234,
        "W_st": 37.256,
        "W_se0": 3.28805,
        "W_sew": 32.0469,
        "r_w": 1.31089,
        "r_w0": -0.0335132,
        "a_w": 0.61902
    }
}