{
    "WLHReal_V0_p": 52.60276363189109,
    "WLHReal_V1_p": 0.2968889866887009,
    "WLHReal_V2_p": -0.0003378986304629827,
    "WLHReal_V3_p": 3.0399935209688074e-06,
    "WLHReal_V4_p": 12.29300514846437,
    "WLHReal_V5_p": 0.13219025734666878,
    "WLHReal_V6_p": 0.00039944641249815485,
    "WLHReal_r0_p": 1.3250400511839922,
    "WLHReal_r1_p": 0.2912874447564685,
    "WLHReal_r2_p": 0.0008763353966496533,
    "WLHReal_r3_p": 8.621911999181633e-06,
    "WLHReal_a0_p": 0.7883923571319308,
    "WLHReal_a1_p": 8.155198943905138e-05,
    "WLHReal_a2_p": 6.919022103921279e-06,
    "WLHReal_a3_p": 0.023891174155576053,
    "WLHReal_a4_p": 0.5523450077123644,
    "WLHReal_V0_n": 53.21317192278166,
    "WLHReal_V1_n": 0.27821219416827053,
    "WLHReal_V2_n": -2.379079856763895e-05,
    "WLHReal_V3_n": 1.6421461108289472e-06,
    "WLHReal_V4_n": 21.493161499397896,
    "WLHReal_V5_n": 0.2681422598689019,
    "WLHReal_V6_n": 0.0008241400874039997,
    "WLHReal_r0_n": 1.2862095325739187,
    "WLHReal_r1_n": 0.3338895070247883,
    "WLHReal_r2_n": 0.0006955339825814096,
    "WLHReal_r3_n": 5.020101941851865e-06,
    "WLHReal_a0_n": 0.7276890052132284,
    "WLHReal_a1_n": 0.0005641258019907724,
    "WLHReal_a2_n": 5.955310736378993e-06,
    "WLHReal_a3_n": 0.23903438714363984,
    "WLHReal_a4_n": 0.755063570040124,
    "WLHImagVolume_W0_p": 4.733475329102789,
    "WLHImagVolume_W1_p": 0.22409137791731246,
    "WLHImagVolume_W2_p": 0.00034354743049468,
    "WLHImagVolume_W3_p": 10.798507331340298,
    "WLHImagVolume_W4_p": 0.07981067614021081,
    "WLHImagVolume_r0_p": 0.6775484425742793,
    "WLHImagVolume_r1_p": 45.78978566173024,
    "WLHImagVolume_r2_p": 0.6112645787825162,
    "WLHImagVolume_r3_p": 58.89293898367813,
    "WLHImagVolume_r4_p": 0.6299093914503234,
    "WLHImagVolume_r5_p": 1.365491581545731e-06,
    "WLHImagVolume_a0_p": 0.5763533221444852,
    "WLHImagVolume_a1_p": 0.2703603369431402,
    "WLHImagVolume_a2_p": 14.642767506721343,
    "WLHImagVolume_a3_p": 0.4270182331075828,
    "WLHImagVolume_a4_p": 0.0026129368800222813,
    "WLHImagVolume_W0_n": 2.3908563131217493,
    "WLHImagVolume_W1_n": 0.2325084776498351,
    "WLHImagVolume_W2_n": 0.00037886858372230354,
    "WLHImagVolume_W3_n": 7.987332144617199,
    "WLHImagVolume_W4_n": 0.026328621185401663,
    "WLHImagVolume_r0_n": 0.5556305116008493,
    "WLHImagVolume_r1_n": 74.9173316672568,
    "WLHImagVolume_r2_n": 0.7184791349840418,
    "WLHImagVolume_r3_n": 78.7926302979915,
    "WLHImagVolume_r4_n": 0.9362590372281877,
    "WLHImagVolume_r5_n": 3.3969178285263695e-06,
    "WLHImagVolume_a0_n": 0.22179780600389642,
    "WLHImagVolume_a1_n": 0.6045158599897256,
    "WLHImagVolume_a2_n": 8.325584999362754,
    "WLHImagVolume_a3_n": 0.07153918636267853,
    "WLHImagVolume_a4_n": 0.00084195224029487,
    "WLHImagSurface_W0_p": 0.8154336107093169,
    "WLHImagSurface_W1_p": 0.03018264288694103,
    "WLHImagSurface_W2_p": 0.6063346148901159,
    "WLHImagSurface_W3_p": 0.10346709327285405,
    "WLHImagSurface_r0_p": 0.9108117330151382,
    "WLHImagSurface_r1_p": 0.2938820190494076,
    "WLHImagSurface_r2_p": 0.0025408109067965303,
    "WLHImagSurface_a0_p": 0.7707708376704442,
    "WLHImagSurface_W0_n": 1.5050225152489067,
    "WLHImagSurface_W1_n": 0.028625913957372247,
    "WLHImagSurface_W2_n": 2.221631914821252,
    "WLHImagSurface_W3_n": 0.11325604110506814,
    "WLHImagSurface_r0_n": 1.2799827187762944,
    "WLHImagSurface_r1_n": 1.3880243092847468,
    "WLHImagSurface_r2_n": 0.0034624338203031414,
    "WLHImagSurface_a0_n": 0.8405576956976216,
    "WLHRealSpinOrbit_V0_p": 9.432395637317446,
    "WLHRealSpinOrbit_V1_p": 0.008558236990959492,
    "WLHRealSpinOrbit_r0_p": 1.2997529977460192,
    "WLHRealSpinOrbit_r1_p": 0.9042593822578748,
    "WLHRealSpinOrbit_a0_p": 0.8208706546951086,
    "WLHRealSpinOrbit_a1_p": 0.0003503997608212512,
    "WLHRealSpinOrbit_V0_n": 9.72431032826241,
    "WLHRealSpinOrbit_V1_n": 0.008406111632050337,
    "WLHRealSpinOrbit_r0_n": 1.260853067524635,
    "WLHRealSpinOrbit_r1_n": 0.8351929620453742,
    "WLHRealSpinOrbit_a0_n": 0.7881465014946488,
    "WLHRealSpinOrbit_a1_n": 0.0003661464111110282
}