{
    "ECS_p": 0.328645,
    "ECS_n": 0.326145,
    "APower_p": 0.699469,
    "APower_n": 0.856158
}