{
    "WLHReal_V0_p": 52.98530971544384,
    "WLHReal_V1_p": 0.3242343139839302,
    "WLHReal_V2_p": -0.0007690940194495862,
    "WLHReal_V3_p": 4.877434085028571e-06,
    "WLHReal_V4_p": 9.829799712935163,
    "WLHReal_V5_p": 0.1469489077544598,
    "WLHReal_V6_p": 0.0005719769163204091,
    "WLHReal_r0_p": 1.3816979693193265,
    "WLHReal_r1_p": 0.350128708042604,
    "WLHReal_r2_p": 0.0011183871052846978,
    "WLHReal_r3_p": 1.1654129637646335e-05,
    "WLHReal_a0_p": 0.823749490674069,
    "WLHReal_a1_p": 0.00013616890344165218,
    "WLHReal_a2_p": 9.823020730557107e-06,
    "WLHReal_a3_p": 0.020648061946292106,
    "WLHReal_a4_p": 0.6241230369205306,
    "WLHReal_V0_n": 54.78030889282322,
    "WLHReal_V1_n": 0.2788735393955269,
    "WLHReal_V2_n": 0.0004471104897896892,
    "WLHReal_V3_n": -8.975553061593548e-08,
    "WLHReal_V4_n": 22.383817393783538,
    "WLHReal_V5_n": 0.23281716572999675,
    "WLHReal_V6_n": 0.00041622364708752675,
    "WLHReal_r0_n": 1.2363503705573806,
    "WLHReal_r1_n": 0.293833382268002,
    "WLHReal_r2_n": 0.0004417328227591545,
    "WLHReal_r3_n": 1.2871189636210719e-06,
    "WLHReal_a0_n": 0.7047110043659426,
    "WLHReal_a1_n": 0.0001933919032247797,
    "WLHReal_a2_n": -3.485561047672555e-07,
    "WLHReal_a3_n": 0.22118896169169275,
    "WLHReal_a4_n": 0.6614116157232446,
    "WLHImagVolume_W0_p": 6.275370182675117,
    "WLHImagVolume_W1_p": 0.3044309432306692,
    "WLHImagVolume_W2_p": 0.0006723047286335932,
    "WLHImagVolume_W3_p": 12.34037150661323,
    "WLHImagVolume_W4_p": 0.10683196246194558,
    "WLHImagVolume_r0_p": 0.5964608268870946,
    "WLHImagVolume_r1_p": 59.09682115014871,
    "WLHImagVolume_r2_p": 0.7469055301584533,
    "WLHImagVolume_r3_p": 70.27186133487308,
    "WLHImagVolume_r4_p": 0.5289992424826571,
    "WLHImagVolume_r5_p": 7.177854682788788e-07,
    "WLHImagVolume_a0_p": 0.6192707177130501,
    "WLHImagVolume_a1_p": 0.2805514637544549,
    "WLHImagVolume_a2_p": 15.992509682213647,
    "WLHImagVolume_a3_p": 0.46584430380698694,
    "WLHImagVolume_a4_p": 0.003268803771202749,
    "WLHImagVolume_W0_n": 1.8854832134088242,
    "WLHImagVolume_W1_n": 0.19968457987853286,
    "WLHImagVolume_W2_n": 0.00014488684259914502,
    "WLHImagVolume_W3_n": 7.463572581070015,
    "WLHImagVolume_W4_n": 0.03064822178276814,
    "WLHImagVolume_r0_n": 0.5871813177455896,
    "WLHImagVolume_r1_n": 60.55074239085352,
    "WLHImagVolume_r2_n": 0.6381826783638882,
    "WLHImagVolume_r3_n": 62.23639113480682,
    "WLHImagVolume_r4_n": 0.9832460638923569,
    "WLHImagVolume_r5_n": 2.842645729586371e-06,
    "WLHImagVolume_a0_n": 0.18580912182055206,
    "WLHImagVolume_a1_n": 0.6235068911785226,
    "WLHImagVolume_a2_n": 10.409624343534983,
    "WLHImagVolume_a3_n": 0.07659029955200874,
    "WLHImagVolume_a4_n": 0.0009654024483453432,
    "WLHImagSurface_W0_p": 0.6729379813482136,
    "WLHImagSurface_W1_p": 0.029059520573963566,
    "WLHImagSurface_W2_p": 0.22257434046770952,
    "WLHImagSurface_W3_p": 0.11031644089772956,
    "WLHImagSurface_r0_p": 0.8558713478879383,
    "WLHImagSurface_r1_p": 0.2043327718086696,
    "WLHImagSurface_r2_p": -0.0007115186744796609,
    "WLHImagSurface_a0_p": 0.7888511592866864,
    "WLHImagSurface_W0_n": 1.3179350858959011,
    "WLHImagSurface_W1_n": 0.00867005785517836,
    "WLHImagSurface_W2_n": 1.5451191594812634,
    "WLHImagSurface_W3_n": 0.04416411343327488,
    "WLHImagSurface_r0_n": 1.2510222816037815,
    "WLHImagSurface_r1_n": 1.2068308408716715,
    "WLHImagSurface_r2_n": 0.004193660150955994,
    "WLHImagSurface_a0_n": 0.8183211157111515,
    "WLHRealSpinOrbit_V0_p": 8.97058254098136,
    "WLHRealSpinOrbit_V1_p": 0.008616432343973269,
    "WLHRealSpinOrbit_r0_p": 1.3444093425006356,
    "WLHRealSpinOrbit_r1_p": 0.98537549062626,
    "WLHRealSpinOrbit_a0_p": 0.857048127071324,
    "WLHRealSpinOrbit_a1_p": 0.00032520013720326344,
    "WLHRealSpinOrbit_V0_n": 10.19600270171938,
    "WLHRealSpinOrbit_V1_n": 0.008392446670774241,
    "WLHRealSpinOrbit_r0_n": 1.2117909790915051,
    "WLHRealSpinOrbit_r1_n": 0.7615218803408602,
    "WLHRealSpinOrbit_a0_n": 0.7528574117254873,
    "WLHRealSpinOrbit_a1_n": 0.00036762758808008087
}