{
    "ECS_p": 0.203124,
    "ECS_n": 0.511831,
    "APower_p": 0.832959,
    "APower_n": 0.328269
}