{
    "CH89RealCentral": {
        "V_0": 56.9421,
        "V_t": 15.3643,
        "V_e": -0.400622,
        "r_o": 1.22571,
        "r_o_0": -0.291992,
        "a_0": 0.721183
    },
    "CH89Coulomb": {
        "r_c": 1.17451,
        "r_c_0": 0.0917662
    },
    "CH89SpinOrbit": {
        "V_so": 5.77063,
        "r_so": 1.21583,
        "r_so_0": -0.641065,
        "a_so": 0.618398
    },
    "CH89ImagCentral": {
        "W_v0": 10.4863,
        "W_ve0": 27.1034,
        "W_vew": 37.4944,
        "W_s0": 8.71741,
        "W_st": 32.1777,
        "W_se0": 22.5031,
        "W_sew": 58.1885,
        "r_w": 1.27179,
        "r_w0": -0.43493,
        "a_w": 0.687679
    }
}