{
    "WLHReal_V0_p": 45.50186352680351,
    "WLHReal_V1_p": 0.23896293318672246,
    "WLHReal_V2_p": -0.0013545076959873505,
    "WLHReal_V3_p": 5.812614630962243e-06,
    "WLHReal_V4_p": 11.187849452602794,
    "WLHReal_V5_p": 0.10840696298482198,
    "WLHReal_V6_p": 0.0006705339978875534,
    "WLHReal_r0_p": 1.3908318897285659,
    "WLHReal_r1_p": 0.18539237057863178,
    "WLHReal_r2_p": 0.001141380283926227,
    "WLHReal_r3_p": 1.6410021560795166e-05,
    "WLHReal_a0_p": 0.8072755353073879,
    "WLHReal_a1_p": -0.00020399052508601807,
    "WLHReal_a2_p": 1.6036820743870677e-05,
    "WLHReal_a3_p": -0.11408048140377951,
    "WLHReal_a4_p": 0.44680077931361306,
    "WLHReal_V0_n": 48.17663193405324,
    "WLHReal_V1_n": 0.2616839137687298,
    "WLHReal_V2_n": -0.00045803319269718953,
    "WLHReal_V3_n": 3.3514190242605408e-06,
    "WLHReal_V4_n": 20.95356571771538,
    "WLHReal_V5_n": 0.28380381859858184,
    "WLHReal_V6_n": 0.0011816913952874698,
    "WLHReal_r0_n": 1.3317282427539883,
    "WLHReal_r1_n": 0.2898874182331175,
    "WLHReal_r2_n": 0.001018049511139669,
    "WLHReal_r3_n": 1.0868162302198104e-05,
    "WLHReal_a0_n": 0.745160255182764,
    "WLHReal_a1_n": 0.0011689582899271434,
    "WLHReal_a2_n": 1.395481567797635e-05,
    "WLHReal_a3_n": 0.3278026616106221,
    "WLHReal_a4_n": 0.9510656804903499,
    "WLHImagVolume_W0_p": 5.548352457944622,
    "WLHImagVolume_W1_p": 0.11949352050920282,
    "WLHImagVolume_W2_p": -5.7983398102148364e-05,
    "WLHImagVolume_W3_p": 4.9562173899907505,
    "WLHImagVolume_W4_p": 0.06968693893058997,
    "WLHImagVolume_r0_p": 0.9984662939894219,
    "WLHImagVolume_r1_p": 19.129552366217165,
    "WLHImagVolume_r2_p": 0.38484311445785047,
    "WLHImagVolume_r3_p": 43.41158568418051,
    "WLHImagVolume_r4_p": 0.7479872923695233,
    "WLHImagVolume_r5_p": 1.0658455582918104e-06,
    "WLHImagVolume_a0_p": 0.6403712791306994,
    "WLHImagVolume_a1_p": 0.23306648328776913,
    "WLHImagVolume_a2_p": 13.025500250709403,
    "WLHImagVolume_a3_p": 0.45943735781833517,
    "WLHImagVolume_a4_p": 0.0033563291328431,
    "WLHImagVolume_W0_n": 2.0829364925285616,
    "WLHImagVolume_W1_n": 0.16441690463527858,
    "WLHImagVolume_W2_n": 0.00040417950851341373,
    "WLHImagVolume_W3_n": 6.533288360116199,
    "WLHImagVolume_W4_n": -0.02141034725036398,
    "WLHImagVolume_r0_n": 0.49271675843505547,
    "WLHImagVolume_r1_n": 107.57685349849459,
    "WLHImagVolume_r2_n": 0.8277834623109999,
    "WLHImagVolume_r3_n": 101.42456543359972,
    "WLHImagVolume_r4_n": 0.7662373624330225,
    "WLHImagVolume_r5_n": 3.2869874842459317e-06,
    "WLHImagVolume_a0_n": 0.21811040161055348,
    "WLHImagVolume_a1_n": 0.6041020080363286,
    "WLHImagVolume_a2_n": 8.396052921488737,
    "WLHImagVolume_a3_n": 0.09058765621546808,
    "WLHImagVolume_a4_n": 0.0004182241599637429,
    "WLHImagSurface_W0_p": 0.27615770450897736,
    "WLHImagSurface_W1_p": -0.016721265333715568,
    "WLHImagSurface_W2_p": -0.7114863731238696,
    "WLHImagSurface_W3_p": -0.08065054623311621,
    "WLHImagSurface_r0_p": 0.6532556342872134,
    "WLHImagSurface_r1_p": -0.6292152783346538,
    "WLHImagSurface_r2_p": -0.003477585628357857,
    "WLHImagSurface_a0_p": 0.7436195162367629,
    "WLHImagSurface_W0_n": 1.3043107430528047,
    "WLHImagSurface_W1_n": 0.03650530101308739,
    "WLHImagSurface_W2_n": 2.1057206439529623,
    "WLHImagSurface_W3_n": 0.15055397733433792,
    "WLHImagSurface_r0_n": 1.338129571383289,
    "WLHImagSurface_r1_n": 1.4808729343931786,
    "WLHImagSurface_r2_n": 0.002487861820673771,
    "WLHImagSurface_a0_n": 0.8717096065401413,
    "WLHRealSpinOrbit_V0_p": 8.930710640715818,
    "WLHRealSpinOrbit_V1_p": 0.009021358313632937,
    "WLHRealSpinOrbit_r0_p": 1.4023244738501879,
    "WLHRealSpinOrbit_r1_p": 1.0504115504572515,
    "WLHRealSpinOrbit_a0_p": 0.8985502979994399,
    "WLHRealSpinOrbit_a1_p": 0.0003688096321327161,
    "WLHRealSpinOrbit_V0_n": 9.02436057809544,
    "WLHRealSpinOrbit_V1_n": 0.008194289284757817,
    "WLHRealSpinOrbit_r0_n": 1.3158651804663568,
    "WLHRealSpinOrbit_r1_n": 0.906688770717993,
    "WLHRealSpinOrbit_a0_n": 0.8228309105182371,
    "WLHRealSpinOrbit_a1_n": 0.00038844963573621613
}