{
    "CH89RealCentral": {
        "V_0": 57.6295,
        "V_t": 11.7018,
        "V_e": -0.384753,
        "r_o": 1.21969,
        "r_o_0": -0.302228,
        "a_0": 0.720773
    },
    "CH89Coulomb": {
        "r_c": 1.16161,
        "r_c_0": 0.0528403
    },
    "CH89SpinOrbit": {
        "V_so": 5.71252,
        "r_so": 1.24374,
        "r_so_0": -0.93321,
        "a_so": 0.639793
    },
    "CH89ImagCentral": {
        "W_v0": 8.09176,
        "W_ve0": 4.14901,
        "W_vew": 11.8853,
        "W_s0": 10.9652,
        "W_st": 39.2469,
        "W_se0": 3.99318,
        "W_sew": 34.5865,
        "r_w": 1.34316,
        "r_w0": -0.349564,
        "a_w": 0.617973
    }
}