{
    "CH89RealCentral": {
        "V_0": 57.9247,
        "V_t": 23.475,
        "V_e": -0.391989,
        "r_o": 1.18416,
        "r_o_0": -0.251667,
        "a_0": 0.781838
    },
    "CH89Coulomb": {
        "r_c": 1.21676,
        "r_c_0": -0.0410296
    },
    "CH89SpinOrbit": {
        "V_so": 5.69632,
        "r_so": 1.30983,
        "r_so_0": -1.20996,
        "a_so": 0.596383
    },
    "CH89ImagCentral": {
        "W_v0": 13.9124,
        "W_ve0": 46.4632,
        "W_vew": 25.0814,
        "W_s0": 12.8928,
        "W_st": 23.2211,
        "W_se0": 13.5649,
        "W_sew": 30.4329,
        "r_w": 1.3276,
        "r_w0": -0.413441,
        "a_w": 0.710477
    }
}