{
    "ECS_p": 0.350072,
    "ECS_n": 0.33204,
    "APower_p": 0.815812,
    "APower_n": 0.613129
}