{
    "CH89RealCentral": {
        "V_0": 60.4066,
        "V_t": 21.2367,
        "V_e": -0.401508,
        "r_o": 1.19461,
        "r_o_0": -0.377043,
        "a_0": 0.771522
    },
    "CH89Coulomb": {
        "r_c": 1.13998,
        "r_c_0": -0.0120964
    },
    "CH89SpinOrbit": {
        "V_so": 5.15585,
        "r_so": 1.09583,
        "r_so_0": -0.248258,
        "a_so": 0.558994
    },
    "CH89ImagCentral": {
        "W_v0": 4.76227,
        "W_ve0": 48.5381,
        "W_vew": 2.74218,
        "W_s0": 14.2894,
        "W_st": 15.4269,
        "W_se0": 22.4764,
        "W_sew": 49.2028,
        "r_w": 1.25157,
        "r_w0": -0.426017,
        "a_w": 0.754739
    }
}