{
    "ECS_p": 0.301362,
    "ECS_n": 0.424204,
    "APower_p": 0.678649,
    "APower_n": 0.333673
}