{
    "WLHReal_V0_p": 58.86093319543638,
    "WLHReal_V1_p": 0.32183722357060496,
    "WLHReal_V2_p": 0.00026727098685797653,
    "WLHReal_V3_p": 7.669327729784993e-07,
    "WLHReal_V4_p": 13.79909406740109,
    "WLHReal_V5_p": 0.15666421481631138,
    "WLHReal_V6_p": 0.00028295202061773045,
    "WLHReal_r0_p": 1.265219136960418,
    "WLHReal_r1_p": 0.3553198317244015,
    "WLHReal_r2_p": 0.0007467795075626549,
    "WLHReal_r3_p": 3.6902266656576375e-06,
    "WLHReal_a0_p": 0.7780787440234752,
    "WLHReal_a1_p": 0.00038636836147001646,
    "WLHReal_a2_p": 1.4187515302314907e-06,
    "WLHReal_a3_p": 0.1144770277901955,
    "WLHReal_a4_p": 0.6304211940013071,
    "WLHReal_V0_n": 50.60322331032519,
    "WLHReal_V1_n": 0.2686263455685157,
    "WLHReal_V2_n": -0.000265439651128863,
    "WLHReal_V3_n": 2.402503468611403e-06,
    "WLHReal_V4_n": 21.471010834142216,
    "WLHReal_V5_n": 0.2737327084901232,
    "WLHReal_V6_n": 0.0010549843013481287,
    "WLHReal_r0_n": 1.2949169157123674,
    "WLHReal_r1_n": 0.2638276692005778,
    "WLHReal_r2_n": 0.0009385943218753046,
    "WLHReal_r3_n": 9.347273545321306e-06,
    "WLHReal_a0_n": 0.7382951292265002,
    "WLHReal_a1_n": 0.0009562038378885544,
    "WLHReal_a2_n": 1.1743437624952795e-05,
    "WLHReal_a3_n": 0.3231856740572091,
    "WLHReal_a4_n": 0.9346567569282767,
    "WLHImagVolume_W0_p": 4.598304004287932,
    "WLHImagVolume_W1_p": 0.3215556237464924,
    "WLHImagVolume_W2_p": 0.0005010832175876281,
    "WLHImagVolume_W3_p": 15.320696663805833,
    "WLHImagVolume_W4_p": 0.09745297424133428,
    "WLHImagVolume_r0_p": 0.5999054724910855,
    "WLHImagVolume_r1_p": 40.7824141179405,
    "WLHImagVolume_r2_p": 0.6018610823381974,
    "WLHImagVolume_r3_p": 50.460630050403694,
    "WLHImagVolume_r4_p": 0.7237654646311881,
    "WLHImagVolume_r5_p": 2.5343535764679814e-06,
    "WLHImagVolume_a0_p": 0.5727311593735512,
    "WLHImagVolume_a1_p": 0.2403761871569816,
    "WLHImagVolume_a2_p": 10.756052169890442,
    "WLHImagVolume_a3_p": 0.4598234445763139,
    "WLHImagVolume_a4_p": 0.002889136552036365,
    "WLHImagVolume_W0_n": 2.3798822538278945,
    "WLHImagVolume_W1_n": 0.1853040697828795,
    "WLHImagVolume_W2_n": 0.0003138075207059129,
    "WLHImagVolume_W3_n": 7.564283386989216,
    "WLHImagVolume_W4_n": -0.004102983009268472,
    "WLHImagVolume_r0_n": 0.5628386618634538,
    "WLHImagVolume_r1_n": 86.22540161492887,
    "WLHImagVolume_r2_n": 0.7239209045771321,
    "WLHImagVolume_r3_n": 87.5374043022499,
    "WLHImagVolume_r4_n": 0.8789294800460665,
    "WLHImagVolume_r5_n": 4.1917203942107334e-06,
    "WLHImagVolume_a0_n": 0.22097378643098134,
    "WLHImagVolume_a1_n": 0.5924933357584747,
    "WLHImagVolume_a2_n": 8.2061194513322,
    "WLHImagVolume_a3_n": 0.07182258462835435,
    "WLHImagVolume_a4_n": 0.0004949843749442227,
    "WLHImagSurface_W0_p": 0.8897681625579388,
    "WLHImagSurface_W1_p": 0.035164535140439504,
    "WLHImagSurface_W2_p": 1.0033235290852534,
    "WLHImagSurface_W3_p": 0.1350479027123598,
    "WLHImagSurface_r0_p": 0.9535811666806815,
    "WLHImagSurface_r1_p": 0.868952350103719,
    "WLHImagSurface_r2_p": 0.006165148555481018,
    "WLHImagSurface_a0_p": 0.6458297332250398,
    "WLHImagSurface_W0_n": 1.3133101256494266,
    "WLHImagSurface_W1_n": 0.02877043403865276,
    "WLHImagSurface_W2_n": 1.6942289103675026,
    "WLHImagSurface_W3_n": 0.11335112828773716,
    "WLHImagSurface_r0_n": 1.298115018460381,
    "WLHImagSurface_r1_n": 1.4002613368568824,
    "WLHImagSurface_r2_n": 0.0028831327677719286,
    "WLHImagSurface_a0_n": 0.8565434080522846,
    "WLHRealSpinOrbit_V0_p": 10.283670424091726,
    "WLHRealSpinOrbit_V1_p": 0.008699001246026147,
    "WLHRealSpinOrbit_r0_p": 1.2204342234899062,
    "WLHRealSpinOrbit_r1_p": 0.799216030869038,
    "WLHRealSpinOrbit_a0_p": 0.7686749242818416,
    "WLHRealSpinOrbit_a1_p": 0.0003236309049880072,
    "WLHRealSpinOrbit_V0_n": 9.560471343305972,
    "WLHRealSpinOrbit_V1_n": 0.008475790752521422,
    "WLHRealSpinOrbit_r0_n": 1.2827985396685009,
    "WLHRealSpinOrbit_r1_n": 0.870686179409465,
    "WLHRealSpinOrbit_a0_n": 0.8059719134187661,
    "WLHRealSpinOrbit_a1_n": 0.0003669081114270649
}