{
    "WLHReal_V0_p": 49.06911882745998,
    "WLHReal_V1_p": 0.2820356754540645,
    "WLHReal_V2_p": -0.00044732939849760373,
    "WLHReal_V3_p": 3.0533929388503125e-06,
    "WLHReal_V4_p": 12.354334656359566,
    "WLHReal_V5_p": 0.09252210328447324,
    "WLHReal_V6_p": 0.0003359052928682233,
    "WLHReal_r0_p": 1.3068402480117378,
    "WLHReal_r1_p": 0.1401186491085468,
    "WLHReal_r2_p": 0.00105934383276367,
    "WLHReal_r3_p": 1.2128501621980607e-05,
    "WLHReal_a0_p": 0.7759605027643945,
    "WLHReal_a1_p": -0.00018379441095779558,
    "WLHReal_a2_p": 1.1203707159750141e-05,
    "WLHReal_a3_p": -0.017135274845793087,
    "WLHReal_a4_p": 0.5391768155209055,
    "WLHReal_V0_n": 54.50624363722122,
    "WLHReal_V1_n": 0.2799674289121024,
    "WLHReal_V2_n": 0.0002146412042852512,
    "WLHReal_V3_n": 8.652940050729579e-07,
    "WLHReal_V4_n": 21.713456731159496,
    "WLHReal_V5_n": 0.25567513114449986,
    "WLHReal_V6_n": 0.0005902199152698624,
    "WLHReal_r0_n": 1.274425734527532,
    "WLHReal_r1_n": 0.36678705258859723,
    "WLHReal_r2_n": 0.0004931831164182799,
    "WLHReal_r3_n": 1.3319216432753702e-06,
    "WLHReal_a0_n": 0.7157532028651817,
    "WLHReal_a1_n": 0.0002724210445410909,
    "WLHReal_a2_n": 8.068232925464013e-07,
    "WLHReal_a3_n": 0.187614044958068,
    "WLHReal_a4_n": 0.6259905551313281,
    "WLHImagVolume_W0_p": 4.068144784358014,
    "WLHImagVolume_W1_p": 0.12917056982464187,
    "WLHImagVolume_W2_p": 9.789200679456906e-05,
    "WLHImagVolume_W3_p": 8.452287384800186,
    "WLHImagVolume_W4_p": 0.05207060159661203,
    "WLHImagVolume_r0_p": 0.8087746161288808,
    "WLHImagVolume_r1_p": 43.87162637976873,
    "WLHImagVolume_r2_p": 0.49519195838618224,
    "WLHImagVolume_r3_p": 64.67647256355853,
    "WLHImagVolume_r4_p": 0.6942619033228412,
    "WLHImagVolume_r5_p": 1.1123287696871514e-06,
    "WLHImagVolume_a0_p": 0.550816110385999,
    "WLHImagVolume_a1_p": 0.2826657583407405,
    "WLHImagVolume_a2_p": 16.499770830766547,
    "WLHImagVolume_a3_p": 0.3820323523276734,
    "WLHImagVolume_a4_p": 0.0020164997780272474,
    "WLHImagVolume_W0_n": 2.129810495452166,
    "WLHImagVolume_W1_n": 0.24045956823107437,
    "WLHImagVolume_W2_n": 0.0003466855552944866,
    "WLHImagVolume_W3_n": 7.746226453605932,
    "WLHImagVolume_W4_n": 0.039012980528821364,
    "WLHImagVolume_r0_n": 0.5470838705924221,
    "WLHImagVolume_r1_n": 68.61383721290511,
    "WLHImagVolume_r2_n": 0.7122994629005769,
    "WLHImagVolume_r3_n": 71.4583250732596,
    "WLHImagVolume_r4_n": 0.9609040106924439,
    "WLHImagVolume_r5_n": 3.1633627935245096e-06,
    "WLHImagVolume_a0_n": 0.2101513934536416,
    "WLHImagVolume_a1_n": 0.6203851907933048,
    "WLHImagVolume_a2_n": 9.218191658866271,
    "WLHImagVolume_a3_n": 0.0798260864853353,
    "WLHImagVolume_a4_n": 0.001081420474847673,
    "WLHImagSurface_W0_p": 0.6832515641087774,
    "WLHImagSurface_W1_p": 0.006007524619350252,
    "WLHImagSurface_W2_p": -0.3673006553655678,
    "WLHImagSurface_W3_p": -0.013111466104300695,
    "WLHImagSurface_r0_p": 0.9205083730839392,
    "WLHImagSurface_r1_p": -0.05095062028266595,
    "WLHImagSurface_r2_p": 0.0017214181482080146,
    "WLHImagSurface_a0_p": 0.8908080197169321,
    "WLHImagSurface_W0_n": 1.518085733267582,
    "WLHImagSurface_W1_n": 0.022843189649058532,
    "WLHImagSurface_W2_n": 2.347848129533547,
    "WLHImagSurface_W3_n": 0.09720828477842072,
    "WLHImagSurface_r0_n": 1.2693823635188142,
    "WLHImagSurface_r1_n": 1.334420319817648,
    "WLHImagSurface_r2_n": 0.0039087159195068215,
    "WLHImagSurface_a0_n": 0.8283957630003465,
    "WLHRealSpinOrbit_V0_p": 9.378545382468092,
    "WLHRealSpinOrbit_V1_p": 0.008642462486821677,
    "WLHRealSpinOrbit_r0_p": 1.3120599045202672,
    "WLHRealSpinOrbit_r1_p": 0.9250444437062438,
    "WLHRealSpinOrbit_a0_p": 0.832279834958146,
    "WLHRealSpinOrbit_a1_p": 0.00035348054963384076,
    "WLHRealSpinOrbit_V0_n": 9.84479472532186,
    "WLHRealSpinOrbit_V1_n": 0.008297227606799096,
    "WLHRealSpinOrbit_r0_n": 1.240933519804727,
    "WLHRealSpinOrbit_r1_n": 0.799545542497053,
    "WLHRealSpinOrbit_a0_n": 0.7707570240187719,
    "WLHRealSpinOrbit_a1_n": 0.00037379474015277223
}