{
    "WLHReal_V0_p": 60.38312549591207,
    "WLHReal_V1_p": 0.3360412435488835,
    "WLHReal_V2_p": 0.000745825867785247,
    "WLHReal_V3_p": -1.3800593811899506e-06,
    "WLHReal_V4_p": 14.914935525283074,
    "WLHReal_V5_p": 0.1339756625203037,
    "WLHReal_V6_p": 8.035294695667389e-05,
    "WLHReal_r0_p": 1.196745992417165,
    "WLHReal_r1_p": 0.257688625004678,
    "WLHReal_r2_p": 0.0008068014889648297,
    "WLHReal_r3_p": 3.273564877453421e-06,
    "WLHReal_a0_p": 0.7547725423237328,
    "WLHReal_a1_p": 0.00034386099031496727,
    "WLHReal_a2_p": 2.4053807248864706e-07,
    "WLHReal_a3_p": 0.15708901494637717,
    "WLHReal_a4_p": 0.6891360057480962,
    "WLHReal_V0_n": 51.41944278147732,
    "WLHReal_V1_n": 0.2576834807400563,
    "WLHReal_V2_n": -0.0006660345665776429,
    "WLHReal_V3_n": 2.8693182285871216e-06,
    "WLHReal_V4_n": 21.68904343829082,
    "WLHReal_V5_n": 0.30247238888941375,
    "WLHReal_V6_n": 0.001454830673263406,
    "WLHReal_r0_n": 1.2963137445164483,
    "WLHReal_r1_n": 0.23828814800244305,
    "WLHReal_r2_n": 0.0012107193258154188,
    "WLHReal_r3_n": 1.4945369689713692e-05,
    "WLHReal_a0_n": 0.7594627738201603,
    "WLHReal_a1_n": 0.0011880834143800294,
    "WLHReal_a2_n": 1.7295807479323745e-05,
    "WLHReal_a3_n": 0.3801804419773296,
    "WLHReal_a4_n": 1.0943784439593294,
    "WLHImagVolume_W0_p": 3.6187369980038637,
    "WLHImagVolume_W1_p": 0.30244133331116757,
    "WLHImagVolume_W2_p": 0.00044079334954246944,
    "WLHImagVolume_W3_p": 16.874954890684307,
    "WLHImagVolume_W4_p": 0.08044980872288367,
    "WLHImagVolume_r0_p": 0.6078400780656886,
    "WLHImagVolume_r1_p": 43.878063468945484,
    "WLHImagVolume_r2_p": 0.5388064755847183,
    "WLHImagVolume_r3_p": 56.84475745708686,
    "WLHImagVolume_r4_p": 0.8072621648834322,
    "WLHImagVolume_r5_p": 2.1225243001718372e-06,
    "WLHImagVolume_a0_p": 0.526361064577971,
    "WLHImagVolume_a1_p": 0.2484408403195027,
    "WLHImagVolume_a2_p": 11.180215396121634,
    "WLHImagVolume_a3_p": 0.42062838107207984,
    "WLHImagVolume_a4_p": 0.002199834778127374,
    "WLHImagVolume_W0_n": 3.4162273625751602,
    "WLHImagVolume_W1_n": 0.2281223540568333,
    "WLHImagVolume_W2_n": 0.00029499273443999753,
    "WLHImagVolume_W3_n": 9.715083708551003,
    "WLHImagVolume_W4_n": -0.0025870429687168683,
    "WLHImagVolume_r0_n": 0.6881964425040716,
    "WLHImagVolume_r1_n": 62.744706761830756,
    "WLHImagVolume_r2_n": 0.6032335358578219,
    "WLHImagVolume_r3_n": 82.03466203687833,
    "WLHImagVolume_r4_n": 1.0641029072913235,
    "WLHImagVolume_r5_n": 5.1995020882821025e-06,
    "WLHImagVolume_a0_n": 0.28010067139196465,
    "WLHImagVolume_a1_n": 0.5375234125659002,
    "WLHImagVolume_a2_n": 5.7715331893616515,
    "WLHImagVolume_a3_n": 0.04696712712770237,
    "WLHImagVolume_a4_n": 0.0005418482855569815,
    "WLHImagSurface_W0_p": 0.9349076335702124,
    "WLHImagSurface_W1_p": 0.024923276081645282,
    "WLHImagSurface_W2_p": 0.5262020133976054,
    "WLHImagSurface_W3_p": 0.0781485620831098,
    "WLHImagSurface_r0_p": 1.0577792228701923,
    "WLHImagSurface_r1_p": 1.0601290873356304,
    "WLHImagSurface_r2_p": 0.008819088143386212,
    "WLHImagSurface_a0_p": 0.7168664488951092,
    "WLHImagSurface_W0_n": 1.2166052086342876,
    "WLHImagSurface_W1_n": 0.030730480999131206,
    "WLHImagSurface_W2_n": 1.0987370055284362,
    "WLHImagSurface_W3_n": 0.10974794428348733,
    "WLHImagSurface_r0_n": 1.2571347519819083,
    "WLHImagSurface_r1_n": 1.4248888230044836,
    "WLHImagSurface_r2_n": 0.002228053384791414,
    "WLHImagSurface_a0_n": 0.8668335947930816,
    "WLHRealSpinOrbit_V0_p": 10.807390675807332,
    "WLHRealSpinOrbit_V1_p": 0.00873600265243403,
    "WLHRealSpinOrbit_r0_p": 1.1638376197537483,
    "WLHRealSpinOrbit_r1_p": 0.7267404968032345,
    "WLHRealSpinOrbit_a0_p": 0.7323043319238176,
    "WLHRealSpinOrbit_a1_p": 0.0003067247568237967,
    "WLHRealSpinOrbit_V0_n": 9.9850297009088,
    "WLHRealSpinOrbit_V1_n": 0.009133594679596149,
    "WLHRealSpinOrbit_r0_n": 1.296096969380298,
    "WLHRealSpinOrbit_r1_n": 0.9107319888038115,
    "WLHRealSpinOrbit_a0_n": 0.8285894842107691,
    "WLHRealSpinOrbit_a1_n": 0.0003346020992016703
}