{
    "WLHReal_V0_p": 54.26068000535184,
    "WLHReal_V1_p": 0.30891527035968247,
    "WLHReal_V2_p": -8.894895118480848e-05,
    "WLHReal_V3_p": 2.2076963189985617e-06,
    "WLHReal_V4_p": 12.59792105972791,
    "WLHReal_V5_p": 0.14227917011690291,
    "WLHReal_V6_p": 0.00034108835168349534,
    "WLHReal_r0_p": 1.3153841440462593,
    "WLHReal_r1_p": 0.3388462706622287,
    "WLHReal_r2_p": 0.0007544652538591493,
    "WLHReal_r3_p": 5.981907089410831e-06,
    "WLHReal_a0_p": 0.783953427477282,
    "WLHReal_a1_p": 0.00016446424683472602,
    "WLHReal_a2_p": 4.453591179391716e-06,
    "WLHReal_a3_p": 0.056182563473830924,
    "WLHReal_a4_p": 0.5626066441752453,
    "WLHReal_V0_n": 55.86309414996161,
    "WLHReal_V1_n": 0.3407161470155578,
    "WLHReal_V2_n": -0.000337926310998991,
    "WLHReal_V3_n": 3.7276486069415487e-06,
    "WLHReal_V4_n": 19.064739881268885,
    "WLHReal_V5_n": 0.3188412214827337,
    "WLHReal_V6_n": 0.0011592330855023545,
    "WLHReal_r0_n": 1.344702995635764,
    "WLHReal_r1_n": 0.4763981456272498,
    "WLHReal_r2_n": 0.0008288265465348387,
    "WLHReal_r3_n": 5.726331311790957e-06,
    "WLHReal_a0_n": 0.7518845728977268,
    "WLHReal_a1_n": 0.0007015267547497989,
    "WLHReal_a2_n": 7.525581132191974e-06,
    "WLHReal_a3_n": 0.1473873104664367,
    "WLHReal_a4_n": 0.707024703100649,
    "WLHImagVolume_W0_p": 4.516069806367337,
    "WLHImagVolume_W1_p": 0.2493502011763256,
    "WLHImagVolume_W2_p": 0.00044773534326204124,
    "WLHImagVolume_W3_p": 11.998426744718971,
    "WLHImagVolume_W4_p": 0.08306290508780656,
    "WLHImagVolume_r0_p": 0.5803230106109567,
    "WLHImagVolume_r1_p": 52.98758076987905,
    "WLHImagVolume_r2_p": 0.6879469539572819,
    "WLHImagVolume_r3_p": 61.97562019184396,
    "WLHImagVolume_r4_p": 0.5766494506811032,
    "WLHImagVolume_r5_p": 1.311818999230748e-06,
    "WLHImagVolume_a0_p": 0.5605418924339339,
    "WLHImagVolume_a1_p": 0.28186583198892234,
    "WLHImagVolume_a2_p": 15.178718005220942,
    "WLHImagVolume_a3_p": 0.41862029817441326,
    "WLHImagVolume_a4_p": 0.0024270858762502926,
    "WLHImagVolume_W0_n": 3.747691304270248,
    "WLHImagVolume_W1_n": 0.3979226496304008,
    "WLHImagVolume_W2_n": 0.0011627574105072059,
    "WLHImagVolume_W3_n": 10.31405808816542,
    "WLHImagVolume_W4_n": 0.09255478818539785,
    "WLHImagVolume_r0_n": 0.42466101655330435,
    "WLHImagVolume_r1_n": 98.84214657298963,
    "WLHImagVolume_r2_n": 0.9091725606635646,
    "WLHImagVolume_r3_n": 104.96907808841692,
    "WLHImagVolume_r4_n": 0.7937398545230162,
    "WLHImagVolume_r5_n": 3.0720263030075117e-06,
    "WLHImagVolume_a0_n": 0.262670586111518,
    "WLHImagVolume_a1_n": 0.5948442084670635,
    "WLHImagVolume_a2_n": 3.2174989686424764,
    "WLHImagVolume_a3_n": 0.0146195848545492,
    "WLHImagVolume_a4_n": 0.0005174550424791732,
    "WLHImagSurface_W0_p": 0.9994061601846594,
    "WLHImagSurface_W1_p": 0.048209967973167935,
    "WLHImagSurface_W2_p": 1.178371993817013,
    "WLHImagSurface_W3_p": 0.17603180705941981,
    "WLHImagSurface_r0_p": 0.9783514698780905,
    "WLHImagSurface_r1_p": 0.540128788620552,
    "WLHImagSurface_r2_p": 0.004129712282017577,
    "WLHImagSurface_a0_p": 0.7695013686477201,
    "WLHImagSurface_W0_n": 2.7768578775598938,
    "WLHImagSurface_W1_n": 0.08486884948325121,
    "WLHImagSurface_W2_n": 5.158725819196077,
    "WLHImagSurface_W3_n": 0.2816182175386129,
    "WLHImagSurface_r0_n": 1.3273959687374572,
    "WLHImagSurface_r1_n": 1.8258183421762257,
    "WLHImagSurface_r2_n": 0.003578748250517408,
    "WLHImagSurface_a0_n": 0.8464279470785839,
    "WLHRealSpinOrbit_V0_p": 9.485623894912667,
    "WLHRealSpinOrbit_V1_p": 0.008378414027256044,
    "WLHRealSpinOrbit_r0_p": 1.2774223839951593,
    "WLHRealSpinOrbit_r1_p": 0.8682417411013728,
    "WLHRealSpinOrbit_a0_p": 0.8017874655703184,
    "WLHRealSpinOrbit_a1_p": 0.0003522994079581353,
    "WLHRealSpinOrbit_V0_n": 8.987562716373171,
    "WLHRealSpinOrbit_V1_n": 0.008175380864619806,
    "WLHRealSpinOrbit_r0_n": 1.301958779063938,
    "WLHRealSpinOrbit_r1_n": 0.9140830795261486,
    "WLHRealSpinOrbit_a0_n": 0.8187354874405125,
    "WLHRealSpinOrbit_a1_n": 0.00033213452311161326
}