{
    "WLHReal_V0_p": 50.6622354459251,
    "WLHReal_V1_p": 0.2578306765201035,
    "WLHReal_V2_p": -0.0004745818241024567,
    "WLHReal_V3_p": 3.066792163248235e-06,
    "WLHReal_V4_p": 13.289265229816472,
    "WLHReal_V5_p": 0.14044295832272088,
    "WLHReal_V6_p": 0.00046058565700665384,
    "WLHReal_r0_p": 1.3435100319651223,
    "WLHReal_r1_p": 0.32770157332555166,
    "WLHReal_r2_p": 0.0006367209278199633,
    "WLHReal_r3_p": 6.834801077384543e-06,
    "WLHReal_a0_p": 0.7817936688214652,
    "WLHReal_a1_p": 7.04443845899164e-05,
    "WLHReal_a2_p": 5.996515687111116e-06,
    "WLHReal_a3_p": -0.019021241103518938,
    "WLHReal_a4_p": 0.43493714624520785,
    "WLHReal_V0_n": 48.48800184747863,
    "WLHReal_V1_n": 0.2580622203867721,
    "WLHReal_V2_n": -0.0010039697598444805,
    "WLHReal_V3_n": 5.059611675192603e-06,
    "WLHReal_V4_n": 20.38665686785859,
    "WLHReal_V5_n": 0.3288034509155545,
    "WLHReal_V6_n": 0.0016808705929145852,
    "WLHReal_r0_n": 1.3689952626724675,
    "WLHReal_r1_n": 0.3320072614607163,
    "WLHReal_r2_n": 0.0013063673355907964,
    "WLHReal_r3_n": 1.5712775382089157e-05,
    "WLHReal_a0_n": 0.7733695394736606,
    "WLHReal_a1_n": 0.0014666726168854347,
    "WLHReal_a2_n": 1.995799071550259e-05,
    "WLHReal_a3_n": 0.3470038830022342,
    "WLHReal_a4_n": 1.061991208104956,
    "WLHImagVolume_W0_p": 4.4310568747465355,
    "WLHImagVolume_W1_p": 0.17269438398308457,
    "WLHImagVolume_W2_p": 0.00010304151646845674,
    "WLHImagVolume_W3_p": 7.874705392540393,
    "WLHImagVolume_W4_p": 0.07349972238172643,
    "WLHImagVolume_r0_p": 0.7600415324889402,
    "WLHImagVolume_r1_p": 29.343658474310367,
    "WLHImagVolume_r2_p": 0.5374430267246043,
    "WLHImagVolume_r3_p": 41.76100039108415,
    "WLHImagVolume_r4_p": 0.6522249847251503,
    "WLHImagVolume_r5_p": 1.538259379180633e-06,
    "WLHImagVolume_a0_p": 0.5891684984093482,
    "WLHImagVolume_a1_p": 0.24937763290160772,
    "WLHImagVolume_a2_p": 12.753218275704697,
    "WLHImagVolume_a3_p": 0.4361392223797415,
    "WLHImagVolume_a4_p": 0.002790797796777554,
    "WLHImagVolume_W0_n": 3.178437293721369,
    "WLHImagVolume_W1_n": 0.23753496755781559,
    "WLHImagVolume_W2_n": 0.0006053673463294465,
    "WLHImagVolume_W3_n": 8.54120482169796,
    "WLHImagVolume_W4_n": -0.011813951016604946,
    "WLHImagVolume_r0_n": 0.5468494511140977,
    "WLHImagVolume_r1_n": 99.31013246689015,
    "WLHImagVolume_r2_n": 0.8107282213125994,
    "WLHImagVolume_r3_n": 107.71729974434058,
    "WLHImagVolume_r4_n": 0.8718866767584735,
    "WLHImagVolume_r5_n": 4.80821214566128e-06,
    "WLHImagVolume_a0_n": 0.28600788940363386,
    "WLHImagVolume_a1_n": 0.5573790868532935,
    "WLHImagVolume_a2_n": 5.157385800855613,
    "WLHImagVolume_a3_n": 0.06965925670205493,
    "WLHImagVolume_a4_n": 0.00048130018028534047,
    "WLHImagSurface_W0_p": 0.8485790522556634,
    "WLHImagSurface_W1_p": 0.03676079284874326,
    "WLHImagSurface_W2_p": 1.2717088026299685,
    "WLHImagSurface_W3_p": 0.13618935339428426,
    "WLHImagSurface_r0_p": 0.840149323388784,
    "WLHImagSurface_r1_p": 0.14716692159997202,
    "WLHImagSurface_r2_p": 0.0024737641023802525,
    "WLHImagSurface_a0_p": 0.6801052718830004,
    "WLHImagSurface_W0_n": 1.4698914562276404,
    "WLHImagSurface_W1_n": 0.05386922277979195,
    "WLHImagSurface_W2_n": 2.4664125455186725,
    "WLHImagSurface_W3_n": 0.20375834932909784,
    "WLHImagSurface_r0_n": 1.3274021405574312,
    "WLHImagSurface_r1_n": 1.6383370065387477,
    "WLHImagSurface_r2_n": 0.0016997418701903502,
    "WLHImagSurface_a0_n": 0.8899889472099185,
    "WLHRealSpinOrbit_V0_p": 9.339713143879113,
    "WLHRealSpinOrbit_V1_p": 0.008525744295830966,
    "WLHRealSpinOrbit_r0_p": 1.3191203614597191,
    "WLHRealSpinOrbit_r1_p": 0.9104563645799296,
    "WLHRealSpinOrbit_a0_p": 0.828116898469718,
    "WLHRealSpinOrbit_a1_p": 0.0003862413738760401,
    "WLHRealSpinOrbit_V0_n": 8.989686732324419,
    "WLHRealSpinOrbit_V1_n": 0.008610614688206362,
    "WLHRealSpinOrbit_r0_n": 1.3552350645687525,
    "WLHRealSpinOrbit_r1_n": 0.9782327716183483,
    "WLHRealSpinOrbit_a0_n": 0.8589978847481458,
    "WLHRealSpinOrbit_a1_n": 0.0003667835378008432
}