{
    "WLHReal_V0_p": 55.427154624884004,
    "WLHReal_V1_p": 0.32466185291142696,
    "WLHReal_V2_p": 0.00017327538481896602,
    "WLHReal_V3_p": 1.5805092512239853e-06,
    "WLHReal_V4_p": 12.749994601730961,
    "WLHReal_V5_p": 0.14241532081313688,
    "WLHReal_V6_p": 0.0002527428345852265,
    "WLHReal_r0_p": 1.2992126118067833,
    "WLHReal_r1_p": 0.35021499534317396,
    "WLHReal_r2_p": 0.0006987001623631768,
    "WLHReal_r3_p": 3.7762521081326382e-06,
    "WLHReal_a0_p": 0.777335342346052,
    "WLHReal_a1_p": 0.00018839629512950825,
    "WLHReal_a2_p": 2.9232087733918677e-06,
    "WLHReal_a3_p": 0.0874131614791695,
    "WLHReal_a4_p": 0.5872391223342922,
    "WLHReal_V0_n": 52.761489233089236,
    "WLHReal_V1_n": 0.3054140628581318,
    "WLHReal_V2_n": -0.00040428325096273623,
    "WLHReal_V3_n": 3.5401783064022613e-06,
    "WLHReal_V4_n": 20.292936799544133,
    "WLHReal_V5_n": 0.299848696707457,
    "WLHReal_V6_n": 0.0012301962143349719,
    "WLHReal_r0_n": 1.3150991812013646,
    "WLHReal_r1_n": 0.32673623384197603,
    "WLHReal_r2_n": 0.001015240329125344,
    "WLHReal_r3_n": 9.985475475630016e-06,
    "WLHReal_a0_n": 0.7509800267676493,
    "WLHReal_a1_n": 0.0010007428255382202,
    "WLHReal_a2_n": 1.3001981888782127e-05,
    "WLHReal_a3_n": 0.2796555662638956,
    "WLHReal_a4_n": 0.9236765954074557,
    "WLHImagVolume_W0_p": 4.161513460254289,
    "WLHImagVolume_W1_p": 0.2608850144729167,
    "WLHImagVolume_W2_p": 0.0005438615857080732,
    "WLHImagVolume_W3_p": 13.135257251337569,
    "WLHImagVolume_W4_p": 0.08066606280867694,
    "WLHImagVolume_r0_p": 0.4882790017217203,
    "WLHImagVolume_r1_p": 63.68529306320251,
    "WLHImagVolume_r2_p": 0.7616255755445922,
    "WLHImagVolume_r3_p": 69.95423840123117,
    "WLHImagVolume_r4_p": 0.5230242487512421,
    "WLHImagVolume_r5_p": 1.3797036165274583e-06,
    "WLHImagVolume_a0_p": 0.5343276108230081,
    "WLHImagVolume_a1_p": 0.3025475337885886,
    "WLHImagVolume_a2_p": 16.682124122033553,
    "WLHImagVolume_a3_p": 0.3956542126913409,
    "WLHImagVolume_a4_p": 0.002032774692886284,
    "WLHImagVolume_W0_n": 3.2814399488808372,
    "WLHImagVolume_W1_n": 0.282798122832205,
    "WLHImagVolume_W2_n": 0.0007174254313397996,
    "WLHImagVolume_W3_n": 9.272383281709153,
    "WLHImagVolume_W4_n": 0.03675736797351524,
    "WLHImagVolume_r0_n": 0.5185348816943599,
    "WLHImagVolume_r1_n": 92.41956368243146,
    "WLHImagVolume_r2_n": 0.7907518647080839,
    "WLHImagVolume_r3_n": 97.93330005048125,
    "WLHImagVolume_r4_n": 0.8385676570132921,
    "WLHImagVolume_r5_n": 3.552815062664806e-06,
    "WLHImagVolume_a0_n": 0.2463664970875693,
    "WLHImagVolume_a1_n": 0.580195204894132,
    "WLHImagVolume_a2_n": 5.176460769654483,
    "WLHImagVolume_a3_n": 0.031988769249399,
    "WLHImagVolume_a4_n": 0.00030400368592907245,
    "WLHImagSurface_W0_p": 1.1733129735470378,
    "WLHImagSurface_W1_p": 0.06217057287477193,
    "WLHImagSurface_W2_p": 1.4909984948295065,
    "WLHImagSurface_W3_p": 0.22627274842919248,
    "WLHImagSurface_r0_p": 1.068517902578653,
    "WLHImagSurface_r1_p": 0.7462632435774006,
    "WLHImagSurface_r2_p": 0.005652773053277609,
    "WLHImagSurface_a0_p": 0.8153586403419136,
    "WLHImagSurface_W0_n": 2.0148903122362323,
    "WLHImagSurface_W1_n": 0.05776897868780018,
    "WLHImagSurface_W2_n": 3.134219964270112,
    "WLHImagSurface_W3_n": 0.19461400751598443,
    "WLHImagSurface_r0_n": 1.3109215349971164,
    "WLHImagSurface_r1_n": 1.6196511248860488,
    "WLHImagSurface_r2_n": 0.0030240815462566077,
    "WLHImagSurface_a0_n": 0.8560520543274507,
    "WLHRealSpinOrbit_V0_p": 9.517651628325295,
    "WLHRealSpinOrbit_V1_p": 0.008190238517933357,
    "WLHRealSpinOrbit_r0_p": 1.254322167653586,
    "WLHRealSpinOrbit_r1_p": 0.8343486584884283,
    "WLHRealSpinOrbit_a0_p": 0.7831608618923694,
    "WLHRealSpinOrbit_a1_p": 0.00035050287111123803,
    "WLHRealSpinOrbit_V0_n": 9.337178614534915,
    "WLHRealSpinOrbit_V1_n": 0.008472727888797995,
    "WLHRealSpinOrbit_r0_n": 1.2962012102299894,
    "WLHRealSpinOrbit_r1_n": 0.9063875114619202,
    "WLHRealSpinOrbit_a0_n": 0.8192996190070558,
    "WLHRealSpinOrbit_a1_n": 0.00033798250185838424
}