{
    "WLHReal_V0_p": 54.11669020287837,
    "WLHReal_V1_p": 0.2899839553979793,
    "WLHReal_V2_p": -0.00028084714209340516,
    "WLHReal_V3_p": 2.9506484851324927e-06,
    "WLHReal_V4_p": 12.838908531433242,
    "WLHReal_V5_p": 0.15758653135371345,
    "WLHReal_V6_p": 0.0004447961820837154,
    "WLHReal_r0_p": 1.3360016262372052,
    "WLHReal_r1_p": 0.3876746991335807,
    "WLHReal_r2_p": 0.0006697521805628725,
    "WLHReal_r3_p": 5.513146083708043e-06,
    "WLHReal_a0_p": 0.7905457912921644,
    "WLHReal_a1_p": 0.0002365830606501128,
    "WLHReal_a2_p": 4.610036233051908e-06,
    "WLHReal_a3_p": 0.03470889725719159,
    "WLHReal_a4_p": 0.5159315877039037,
    "WLHReal_V0_n": 52.8803170327282,
    "WLHReal_V1_n": 0.2834389324131969,
    "WLHReal_V2_n": 0.0010616758238592152,
    "WLHReal_V3_n": -1.6519508300094874e-06,
    "WLHReal_V4_n": 22.352138604571117,
    "WLHReal_V5_n": 0.18457030359458518,
    "WLHReal_V6_n": -0.00021730563912222486,
    "WLHReal_r0_n": 1.2328428526997324,
    "WLHReal_r1_n": 0.3232647026548588,
    "WLHReal_r2_n": 1.1780959578965521e-05,
    "WLHReal_r3_n": -6.705810568407766e-06,
    "WLHReal_a0_n": 0.6703452887675396,
    "WLHReal_a1_n": -0.0001651374187041047,
    "WLHReal_a2_n": -9.288396993576735e-06,
    "WLHReal_a3_n": 0.14383206001434068,
    "WLHReal_a4_n": 0.4178378015123922,
    "WLHImagVolume_W0_p": 4.9100204942347725,
    "WLHImagVolume_W1_p": 0.25799971051409293,
    "WLHImagVolume_W2_p": 0.0003775413813265646,
    "WLHImagVolume_W3_p": 11.13863127096995,
    "WLHImagVolume_W4_p": 0.09234562547078676,
    "WLHImagVolume_r0_p": 0.6394553869387642,
    "WLHImagVolume_r1_p": 39.36759640024738,
    "WLHImagVolume_r2_p": 0.6370595641036819,
    "WLHImagVolume_r3_p": 48.006681765362586,
    "WLHImagVolume_r4_p": 0.6156697297997309,
    "WLHImagVolume_r5_p": 1.4800728223342796e-06,
    "WLHImagVolume_a0_p": 0.5935803164329667,
    "WLHImagVolume_a1_p": 0.25282498186816116,
    "WLHImagVolume_a2_p": 12.57589939714534,
    "WLHImagVolume_a3_p": 0.4557214992893831,
    "WLHImagVolume_a4_p": 0.0030011615795782873,
    "WLHImagVolume_W0_n": 0.08144552707500319,
    "WLHImagVolume_W1_n": 0.11084240081278163,
    "WLHImagVolume_W2_n": 7.169227392754405e-05,
    "WLHImagVolume_W3_n": 3.7510514133541957,
    "WLHImagVolume_W4_n": 0.01688202993927495,
    "WLHImagVolume_r0_n": 0.40930896167965625,
    "WLHImagVolume_r1_n": 94.32704838387347,
    "WLHImagVolume_r2_n": 0.8062281927216157,
    "WLHImagVolume_r3_n": 68.10246217687913,
    "WLHImagVolume_r4_n": 0.7191818182444281,
    "WLHImagVolume_r5_n": 4.335741021605998e-07,
    "WLHImagVolume_a0_n": 0.09294616951520404,
    "WLHImagVolume_a1_n": 0.7092161225248075,
    "WLHImagVolume_a2_n": 14.86337181612847,
    "WLHImagVolume_a3_n": 0.1271495225707729,
    "WLHImagVolume_a4_n": 0.0009828436300852671,
    "WLHImagSurface_W0_p": 0.9053536894056717,
    "WLHImagSurface_W1_p": 0.045674277002847374,
    "WLHImagSurface_W2_p": 1.4168541839229487,
    "WLHImagSurface_W3_p": 0.17897125541055242,
    "WLHImagSurface_r0_p": 0.8813644970814053,
    "WLHImagSurface_r1_p": 0.4585789693339557,
    "WLHImagSurface_r2_p": 0.003288425890835984,
    "WLHImagSurface_a0_p": 0.6616559069908012,
    "WLHImagSurface_W0_n": 1.2641421508637796,
    "WLHImagSurface_W1_n": -0.0017765921047706856,
    "WLHImagSurface_W2_n": 2.0847568996007793,
    "WLHImagSurface_W3_n": 0.030335737074223768,
    "WLHImagSurface_r0_n": 1.3099648696667954,
    "WLHImagSurface_r1_n": 1.1158428847036097,
    "WLHImagSurface_r2_n": 0.005096127225890028,
    "WLHImagSurface_a0_n": 0.8042112602896792,
    "WLHRealSpinOrbit_V0_p": 9.499841040890757,
    "WLHRealSpinOrbit_V1_p": 0.008512122317647908,
    "WLHRealSpinOrbit_r0_p": 1.2941129324085663,
    "WLHRealSpinOrbit_r1_p": 0.8861050414642614,
    "WLHRealSpinOrbit_a0_p": 0.8130831648156727,
    "WLHRealSpinOrbit_a1_p": 0.000361674368167256,
    "WLHRealSpinOrbit_V0_n": 9.591628182686636,
    "WLHRealSpinOrbit_V1_n": 0.00739816471754033,
    "WLHRealSpinOrbit_r0_n": 1.1912016505776495,
    "WLHRealSpinOrbit_r1_n": 0.694716815343263,
    "WLHRealSpinOrbit_a0_n": 0.7169225008670966,
    "WLHRealSpinOrbit_a1_n": 0.0004245214535020766
}