{
    "WLHReal_V0_p": 54.67205193834034,
    "WLHReal_V1_p": 0.29449450120779,
    "WLHReal_V2_p": 0.0003250319127074047,
    "WLHReal_V3_p": 6.738703953417379e-07,
    "WLHReal_V4_p": 14.666923619204923,
    "WLHReal_V5_p": 0.12077403126526909,
    "WLHReal_V6_p": 0.00016501466896520696,
    "WLHReal_r0_p": 1.2464827993408287,
    "WLHReal_r1_p": 0.23915141149854804,
    "WLHReal_r2_p": 0.0006901549697609883,
    "WLHReal_r3_p": 4.6770611836695855e-06,
    "WLHReal_a0_p": 0.7531040217656348,
    "WLHReal_a1_p": 0.00011003903486036154,
    "WLHReal_a2_p": 2.9501423482756696e-06,
    "WLHReal_a3_p": 0.07096048771612126,
    "WLHReal_a4_p": 0.5506423319349414,
    "WLHReal_V0_n": 53.692788904847184,
    "WLHReal_V1_n": 0.3025616340229361,
    "WLHReal_V2_n": -0.0004348881496510674,
    "WLHReal_V3_n": 3.653312250285344e-06,
    "WLHReal_V4_n": 20.281212723275434,
    "WLHReal_V5_n": 0.30721574103762633,
    "WLHReal_V6_n": 0.0012400459125069454,
    "WLHReal_r0_n": 1.322019378028698,
    "WLHReal_r1_n": 0.3704410551665149,
    "WLHReal_r2_n": 0.0009650729406374924,
    "WLHReal_r3_n": 9.32945418653301e-06,
    "WLHReal_a0_n": 0.7523483280951001,
    "WLHReal_a1_n": 0.0008885986064664168,
    "WLHReal_a2_n": 1.122320571277411e-05,
    "WLHReal_a3_n": 0.2468862995605129,
    "WLHReal_a4_n": 0.861969526218686,
    "WLHImagVolume_W0_p": 3.2580968375940134,
    "WLHImagVolume_W1_p": 0.19147281196051386,
    "WLHImagVolume_W2_p": 0.00017588637819779374,
    "WLHImagVolume_W3_p": 11.710099508537532,
    "WLHImagVolume_W4_p": 0.05985397304560884,
    "WLHImagVolume_r0_p": 0.6856799156532444,
    "WLHImagVolume_r1_p": 40.38832154573851,
    "WLHImagVolume_r2_p": 0.5233524202938173,
    "WLHImagVolume_r3_p": 54.168866695652646,
    "WLHImagVolume_r4_p": 0.7277642583816619,
    "WLHImagVolume_r5_p": 1.8208528794800763e-06,
    "WLHImagVolume_a0_p": 0.5237867891543455,
    "WLHImagVolume_a1_p": 0.2660740991046905,
    "WLHImagVolume_a2_p": 13.485816257762995,
    "WLHImagVolume_a3_p": 0.38893604676541,
    "WLHImagVolume_a4_p": 0.0018948470165518166,
    "WLHImagVolume_W0_n": 3.442585293201308,
    "WLHImagVolume_W1_n": 0.3127975421099919,
    "WLHImagVolume_W2_n": 0.0007554784568997354,
    "WLHImagVolume_W3_n": 9.733403360648595,
    "WLHImagVolume_W4_n": 0.04785004304289526,
    "WLHImagVolume_r0_n": 0.5320367364139547,
    "WLHImagVolume_r1_n": 84.62623326968361,
    "WLHImagVolume_r2_n": 0.7812124792070996,
    "WLHImagVolume_r3_n": 94.61853137211892,
    "WLHImagVolume_r4_n": 0.8989912200932119,
    "WLHImagVolume_r5_n": 4.438852415186482e-06,
    "WLHImagVolume_a0_n": 0.2632490180756815,
    "WLHImagVolume_a1_n": 0.5756316323393991,
    "WLHImagVolume_a2_n": 4.778932096854934,
    "WLHImagVolume_a3_n": 0.034080143342652275,
    "WLHImagVolume_a4_n": 0.0005421267553354809,
    "WLHImagSurface_W0_p": 0.9964969087794673,
    "WLHImagSurface_W1_p": 0.03318696158326653,
    "WLHImagSurface_W2_p": 0.8925489921996167,
    "WLHImagSurface_W3_p": 0.10372236054130153,
    "WLHImagSurface_r0_p": 1.0198362827222671,
    "WLHImagSurface_r1_p": 0.6142383840842518,
    "WLHImagSurface_r2_p": 0.006866053718263937,
    "WLHImagSurface_a0_p": 0.7682025764675199,
    "WLHImagSurface_W0_n": 2.0506210543493344,
    "WLHImagSurface_W1_n": 0.05884208542316273,
    "WLHImagSurface_W2_n": 3.3311537214967215,
    "WLHImagSurface_W3_n": 0.20074991136004375,
    "WLHImagSurface_r0_n": 1.299288254952628,
    "WLHImagSurface_r1_n": 1.631888477269412,
    "WLHImagSurface_r2_n": 0.0030366629979690627,
    "WLHImagSurface_a0_n": 0.8544514026391609,
    "WLHRealSpinOrbit_V0_p": 10.113264179016644,
    "WLHRealSpinOrbit_V1_p": 0.008504191197723344,
    "WLHRealSpinOrbit_r0_p": 1.2262198520165624,
    "WLHRealSpinOrbit_r1_p": 0.7922609455314248,
    "WLHRealSpinOrbit_a0_p": 0.7672270514268112,
    "WLHRealSpinOrbit_a1_p": 0.0003546780331652609,
    "WLHRealSpinOrbit_V0_n": 9.402622732596047,
    "WLHRealSpinOrbit_V1_n": 0.00853574835564403,
    "WLHRealSpinOrbit_r0_n": 1.2972248036022442,
    "WLHRealSpinOrbit_r1_n": 0.90632591683906,
    "WLHRealSpinOrbit_a0_n": 0.8200158436762418,
    "WLHRealSpinOrbit_a1_n": 0.00033865936452218864
}