{
    "WLHReal_V0_p": 55.201735057976414,
    "WLHReal_V1_p": 0.29084097618326094,
    "WLHReal_V2_p": -0.0005564943176261482,
    "WLHReal_V3_p": 3.497375753915329e-06,
    "WLHReal_V4_p": 12.424968719757263,
    "WLHReal_V5_p": 0.15556743679600352,
    "WLHReal_V6_p": 0.0005509550494455167,
    "WLHReal_r0_p": 1.3287817275216662,
    "WLHReal_r1_p": 0.3331560130795642,
    "WLHReal_r2_p": 0.0009733933483982062,
    "WLHReal_r3_p": 1.0219582573677103e-05,
    "WLHReal_a0_p": 0.8052787343274862,
    "WLHReal_a1_p": 0.00028941296649214756,
    "WLHReal_a2_p": 7.368286831929495e-06,
    "WLHReal_a3_p": 0.02735442820452967,
    "WLHReal_a4_p": 0.5844462293963448,
    "WLHReal_V0_n": 52.46136794853916,
    "WLHReal_V1_n": 0.28606570833847944,
    "WLHReal_V2_n": -0.0010161893035232847,
    "WLHReal_V3_n": 5.682173576546202e-06,
    "WLHReal_V4_n": 20.0244682689785,
    "WLHReal_V5_n": 0.3460790488628708,
    "WLHReal_V6_n": 0.0017626380402801256,
    "WLHReal_r0_n": 1.3562499529659555,
    "WLHReal_r1_n": 0.3692273436540297,
    "WLHReal_r2_n": 0.0013136321898343905,
    "WLHReal_r3_n": 1.546418610799256e-05,
    "WLHReal_a0_n": 0.7802839146289211,
    "WLHReal_a1_n": 0.0013115088058725396,
    "WLHReal_a2_n": 1.9207755610217056e-05,
    "WLHReal_a3_n": 0.30770092086632145,
    "WLHReal_a4_n": 1.038322408036553,
    "WLHImagVolume_W0_p": 5.871122047291745,
    "WLHImagVolume_W1_p": 0.30147130174965925,
    "WLHImagVolume_W2_p": 0.00035852031490894146,
    "WLHImagVolume_W3_p": 12.431093814673089,
    "WLHImagVolume_W4_p": 0.10734829365283988,
    "WLHImagVolume_r0_p": 0.7950761906575103,
    "WLHImagVolume_r1_p": 22.170261102416305,
    "WLHImagVolume_r2_p": 0.480178772008286,
    "WLHImagVolume_r3_p": 38.06835560960414,
    "WLHImagVolume_r4_p": 0.7957263896364631,
    "WLHImagVolume_r5_p": 2.055110864103136e-06,
    "WLHImagVolume_a0_p": 0.6440337342208718,
    "WLHImagVolume_a1_p": 0.20354244225870105,
    "WLHImagVolume_a2_p": 8.598164980727478,
    "WLHImagVolume_a3_p": 0.5156929272470706,
    "WLHImagVolume_a4_p": 0.0038994439510241707,
    "WLHImagVolume_W0_n": 4.263086036051462,
    "WLHImagVolume_W1_n": 0.3408172689877933,
    "WLHImagVolume_W2_n": 0.0008229150866561517,
    "WLHImagVolume_W3_n": 11.071154921036616,
    "WLHImagVolume_W4_n": 0.03529537020574197,
    "WLHImagVolume_r0_n": 0.5978609238402252,
    "WLHImagVolume_r1_n": 79.3720274641757,
    "WLHImagVolume_r2_n": 0.7502770745035487,
    "WLHImagVolume_r3_n": 101.34549325024601,
    "WLHImagVolume_r4_n": 0.989398824682927,
    "WLHImagVolume_r5_n": 5.443623225830682e-06,
    "WLHImagVolume_a0_n": 0.32194291006902626,
    "WLHImagVolume_a1_n": 0.5293185865790364,
    "WLHImagVolume_a2_n": 2.3862730808437487,
    "WLHImagVolume_a3_n": 0.024295570012190907,
    "WLHImagVolume_a4_n": 0.0005223488188964123,
    "WLHImagSurface_W0_p": 0.44408031336484816,
    "WLHImagSurface_W1_p": 0.0024209697445588124,
    "WLHImagSurface_W2_p": 0.0948083155063546,
    "WLHImagSurface_W3_p": 0.017391648346344005,
    "WLHImagSurface_r0_p": 0.7299135448475061,
    "WLHImagSurface_r1_p": 0.274423595722297,
    "WLHImagSurface_r2_p": 0.0011171022915498073,
    "WLHImagSurface_a0_p": 0.5756637536439478,
    "WLHImagSurface_W0_n": 1.9598805249449658,
    "WLHImagSurface_W1_n": 0.06827362459881595,
    "WLHImagSurface_W2_n": 3.1180361609587353,
    "WLHImagSurface_W3_n": 0.2315434235078329,
    "WLHImagSurface_r0_n": 1.2926019852515362,
    "WLHImagSurface_r1_n": 1.7326777131078064,
    "WLHImagSurface_r2_n": 0.0020238138081333677,
    "WLHImagSurface_a0_n": 0.8782164302438576,
    "WLHRealSpinOrbit_V0_p": 9.916093698031007,
    "WLHRealSpinOrbit_V1_p": 0.009111345097252569,
    "WLHRealSpinOrbit_r0_p": 1.2998243871351198,
    "WLHRealSpinOrbit_r1_p": 0.9186791905091795,
    "WLHRealSpinOrbit_a0_p": 0.8307111671229003,
    "WLHRealSpinOrbit_a1_p": 0.00032465288069993,
    "WLHRealSpinOrbit_V0_n": 9.36256194459473,
    "WLHRealSpinOrbit_V1_n": 0.008962950568032585,
    "WLHRealSpinOrbit_r0_n": 1.3400930432423523,
    "WLHRealSpinOrbit_r1_n": 0.9795604280876595,
    "WLHRealSpinOrbit_a0_n": 0.8581945611995168,
    "WLHRealSpinOrbit_a1_n": 0.0003253730789051145
}