{
    "CH89RealCentral": {
        "V_0": 56.1841,
        "V_t": 5.69452,
        "V_e": -0.378846,
        "r_o": 1.22579,
        "r_o_0": -0.248755,
        "a_0": 0.707557
    },
    "CH89Coulomb": {
        "r_c": 1.15264,
        "r_c_0": 0.0100206
    },
    "CH89SpinOrbit": {
        "V_so": 5.04875,
        "r_so": 1.19692,
        "r_so_0": -0.804275,
        "a_so": 0.630955
    },
    "CH89ImagCentral": {
        "W_v0": 14.3948,
        "W_ve0": 38.486,
        "W_vew": 31.2364,
        "W_s0": 6.60948,
        "W_st": 26.0466,
        "W_se0": 39.626,
        "W_sew": 18.3779,
        "r_w": 1.40611,
        "r_w0": -0.880434,
        "a_w": 0.685465
    }
}