{
    "WLHReal_V0_p": 52.70904665521037,
    "WLHReal_V1_p": 0.27400990089821886,
    "WLHReal_V2_p": -0.00012098120671889371,
    "WLHReal_V3_p": 1.3556514293817568e-06,
    "WLHReal_V4_p": 14.116500697639669,
    "WLHReal_V5_p": 0.11944081351370896,
    "WLHReal_V6_p": 0.0003107510691595334,
    "WLHReal_r0_p": 1.276669573038122,
    "WLHReal_r1_p": 0.21949232185012366,
    "WLHReal_r2_p": 0.0008132568488878286,
    "WLHReal_r3_p": 7.85647060179413e-06,
    "WLHReal_a0_p": 0.7663835013117873,
    "WLHReal_a1_p": 6.0008146244653125e-05,
    "WLHReal_a2_p": 6.459947946437865e-06,
    "WLHReal_a3_p": 0.021616283440117973,
    "WLHReal_a4_p": 0.5220789678674683,
    "WLHReal_V0_n": 52.05909057880623,
    "WLHReal_V1_n": 0.2650449758046141,
    "WLHReal_V2_n": -0.0006489624213416512,
    "WLHReal_V3_n": 3.727960744432082e-06,
    "WLHReal_V4_n": 21.108599976780894,
    "WLHReal_V5_n": 0.31102652451764673,
    "WLHReal_V6_n": 0.0013942889775209264,
    "WLHReal_r0_n": 1.3230778670769792,
    "WLHReal_r1_n": 0.33305093900900296,
    "WLHReal_r2_n": 0.0010791540067437916,
    "WLHReal_r3_n": 1.2366629495583935e-05,
    "WLHReal_a0_n": 0.758390863037568,
    "WLHReal_a1_n": 0.0010275385379691201,
    "WLHReal_a2_n": 1.435181814665297e-05,
    "WLHReal_a3_n": 0.30321870548848145,
    "WLHReal_a4_n": 0.9489203145721931,
    "WLHImagVolume_W0_p": 3.917304398009067,
    "WLHImagVolume_W1_p": 0.17713785542150434,
    "WLHImagVolume_W2_p": 6.17202711529197e-05,
    "WLHImagVolume_W3_p": 10.043198039099153,
    "WLHImagVolume_W4_p": 0.0645526831586374,
    "WLHImagVolume_r0_p": 0.8166961646491216,
    "WLHImagVolume_r1_p": 26.76260480649327,
    "WLHImagVolume_r2_p": 0.4280285031915002,
    "WLHImagVolume_r3_p": 44.735005135181254,
    "WLHImagVolume_r4_p": 0.7938812770848411,
    "WLHImagVolume_r5_p": 1.753894657877902e-06,
    "WLHImagVolume_a0_p": 0.565014791555501,
    "WLHImagVolume_a1_p": 0.2392026932175103,
    "WLHImagVolume_a2_p": 11.702799324741784,
    "WLHImagVolume_a3_p": 0.42307389361287545,
    "WLHImagVolume_a4_p": 0.002495256050243698,
    "WLHImagVolume_W0_n": 3.3423411012643247,
    "WLHImagVolume_W1_n": 0.2690536164245845,
    "WLHImagVolume_W2_n": 0.0004870969228026082,
    "WLHImagVolume_W3_n": 9.548907393999366,
    "WLHImagVolume_W4_n": 0.016187056395232297,
    "WLHImagVolume_r0_n": 0.6205791820385281,
    "WLHImagVolume_r1_n": 70.56453834102135,
    "WLHImagVolume_r2_n": 0.6917869718076574,
    "WLHImagVolume_r3_n": 87.18226134919732,
    "WLHImagVolume_r4_n": 1.0225421204584246,
    "WLHImagVolume_r5_n": 4.960557424298429e-06,
    "WLHImagVolume_a0_n": 0.2847096244158735,
    "WLHImagVolume_a1_n": 0.5543737473209244,
    "WLHImagVolume_a2_n": 5.513025424429535,
    "WLHImagVolume_a3_n": 0.05632624308683198,
    "WLHImagVolume_a4_n": 0.0007733946321857292,
    "WLHImagSurface_W0_p": 0.7207621479428066,
    "WLHImagSurface_W1_p": 0.011506084460758657,
    "WLHImagSurface_W2_p": 0.3294058808132253,
    "WLHImagSurface_W3_p": 0.024922665417667578,
    "WLHImagSurface_r0_p": 0.8840766865007543,
    "WLHImagSurface_r1_p": 0.2758319700759113,
    "WLHImagSurface_r2_p": 0.004163795462384856,
    "WLHImagSurface_a0_p": 0.7150501747854352,
    "WLHImagSurface_W0_n": 1.477733350961955,
    "WLHImagSurface_W1_n": 0.04139706536826266,
    "WLHImagSurface_W2_n": 2.1126401990583386,
    "WLHImagSurface_W3_n": 0.15296992684243324,
    "WLHImagSurface_r0_n": 1.2749263536240922,
    "WLHImagSurface_r1_n": 1.5149483758225055,
    "WLHImagSurface_r2_n": 0.002406580878360174,
    "WLHImagSurface_a0_n": 0.8656643265831179,
    "WLHRealSpinOrbit_V0_p": 9.989679331683657,
    "WLHRealSpinOrbit_V1_p": 0.008782946950551181,
    "WLHRealSpinOrbit_r0_p": 1.2671012675036957,
    "WLHRealSpinOrbit_r1_p": 0.854137052481201,
    "WLHRealSpinOrbit_a0_p": 0.8000734867176905,
    "WLHRealSpinOrbit_a1_p": 0.00035481922380492954,
    "WLHRealSpinOrbit_V0_n": 9.660519638604605,
    "WLHRealSpinOrbit_V1_n": 0.008856368282590654,
    "WLHRealSpinOrbit_r0_n": 1.3070224547078653,
    "WLHRealSpinOrbit_r1_n": 0.9160477123088968,
    "WLHRealSpinOrbit_a0_n": 0.8296848128448501,
    "WLHRealSpinOrbit_a1_n": 0.0003484646686877573
}