{
    "ECS_p": 0.235147,
    "ECS_n": 0.384227,
    "APower_p": 0.917473,
    "APower_n": 0.478422
}