{
    "WLHReal_V0_p": 56.88028281698979,
    "WLHReal_V1_p": 0.3367806821942133,
    "WLHReal_V2_p": -0.00021672126594894523,
    "WLHReal_V3_p": 2.6766924349015992e-06,
    "WLHReal_V4_p": 11.441187910422974,
    "WLHReal_V5_p": 0.15359027431339886,
    "WLHReal_V6_p": 0.00042278315445722466,
    "WLHReal_r0_p": 1.3210468921804772,
    "WLHReal_r1_p": 0.3570327422449934,
    "WLHReal_r2_p": 0.0009986201106237155,
    "WLHReal_r3_p": 8.117402726761662e-06,
    "WLHReal_a0_p": 0.8053289792838784,
    "WLHReal_a1_p": 0.00029329133339480536,
    "WLHReal_a2_p": 5.370833757258466e-06,
    "WLHReal_a3_p": 0.08405720233797209,
    "WLHReal_a4_p": 0.6667560697937972,
    "WLHReal_V0_n": 53.869759655816175,
    "WLHReal_V1_n": 0.31315478712633027,
    "WLHReal_V2_n": -0.0003142040735000758,
    "WLHReal_V3_n": 2.5079189422350077e-06,
    "WLHReal_V4_n": 20.910934557512856,
    "WLHReal_V5_n": 0.28809297566827374,
    "WLHReal_V6_n": 0.00124381299234117,
    "WLHReal_r0_n": 1.2669126503161146,
    "WLHReal_r1_n": 0.21461467328295813,
    "WLHReal_r2_n": 0.0011301242869211675,
    "WLHReal_r3_n": 1.2830679556843391e-05,
    "WLHReal_a0_n": 0.7499549971875036,
    "WLHReal_a1_n": 0.0010730958432512293,
    "WLHReal_a2_n": 1.5079589506973217e-05,
    "WLHReal_a3_n": 0.3542972317132137,
    "WLHReal_a4_n": 1.076931640539744,
    "WLHImagVolume_W0_p": 5.653220683249132,
    "WLHImagVolume_W1_p": 0.3405981098843816,
    "WLHImagVolume_W2_p": 0.0006902793782647494,
    "WLHImagVolume_W3_p": 14.996446046112185,
    "WLHImagVolume_W4_p": 0.10777284574849634,
    "WLHImagVolume_r0_p": 0.5623839565168932,
    "WLHImagVolume_r1_p": 54.94009921532138,
    "WLHImagVolume_r2_p": 0.7074783868016403,
    "WLHImagVolume_r3_p": 64.93161741834213,
    "WLHImagVolume_r4_p": 0.6150487807403617,
    "WLHImagVolume_r5_p": 1.680844456957788e-06,
    "WLHImagVolume_a0_p": 0.5969722671973647,
    "WLHImagVolume_a1_p": 0.26458829101574766,
    "WLHImagVolume_a2_p": 13.693658930444926,
    "WLHImagVolume_a3_p": 0.4669286848207297,
    "WLHImagVolume_a4_p": 0.0031221235541398743,
    "WLHImagVolume_W0_n": 3.697720856035402,
    "WLHImagVolume_W1_n": 0.26788574304172447,
    "WLHImagVolume_W2_n": 0.0005554884436878834,
    "WLHImagVolume_W3_n": 10.327795747362387,
    "WLHImagVolume_W4_n": 0.03526388353507605,
    "WLHImagVolume_r0_n": 0.6131475483564182,
    "WLHImagVolume_r1_n": 75.71315947845784,
    "WLHImagVolume_r2_n": 0.6574524317105068,
    "WLHImagVolume_r3_n": 87.78851704284988,
    "WLHImagVolume_r4_n": 0.9166757634542427,
    "WLHImagVolume_r5_n": 3.362415261113706e-06,
    "WLHImagVolume_a0_n": 0.24260356505135106,
    "WLHImagVolume_a1_n": 0.5553413811659942,
    "WLHImagVolume_a2_n": 4.735652104602588,
    "WLHImagVolume_a3_n": -3.9023994049751376e-05,
    "WLHImagVolume_a4_n": -1.834815123975689e-05,
    "WLHImagSurface_W0_p": 0.770242006424758,
    "WLHImagSurface_W1_p": 0.031510667144342475,
    "WLHImagSurface_W2_p": 0.4712419941132948,
    "WLHImagSurface_W3_p": 0.12088695093793052,
    "WLHImagSurface_r0_p": 0.9198074617437451,
    "WLHImagSurface_r1_p": 0.6074804762491437,
    "WLHImagSurface_r2_p": 0.0026942394302836205,
    "WLHImagSurface_a0_p": 0.7308651666368553,
    "WLHImagSurface_W0_n": 1.9253018973921328,
    "WLHImagSurface_W1_n": 0.04900043755732851,
    "WLHImagSurface_W2_n": 2.1525378313410193,
    "WLHImagSurface_W3_n": 0.1455878044912294,
    "WLHImagSurface_r0_n": 1.275586494265716,
    "WLHImagSurface_r1_n": 1.5278869394591805,
    "WLHImagSurface_r2_n": 0.003143159614170917,
    "WLHImagSurface_a0_n": 0.8477228495175023,
    "WLHRealSpinOrbit_V0_p": 9.657790470617847,
    "WLHRealSpinOrbit_V1_p": 0.00867457250573265,
    "WLHRealSpinOrbit_r0_p": 1.2767397197927992,
    "WLHRealSpinOrbit_r1_p": 0.8912284728066193,
    "WLHRealSpinOrbit_a0_p": 0.8109193539502865,
    "WLHRealSpinOrbit_a1_p": 0.00031186098479858937,
    "WLHRealSpinOrbit_V0_n": 9.920443547564318,
    "WLHRealSpinOrbit_V1_n": 0.008896096307246975,
    "WLHRealSpinOrbit_r0_n": 1.2666415175213266,
    "WLHRealSpinOrbit_r1_n": 0.8861797357861326,
    "WLHRealSpinOrbit_a0_n": 0.8100214727709045,
    "WLHRealSpinOrbit_a1_n": 0.00030339664448369953
}