{
    "WLHReal_V0_p": 51.90325343424865,
    "WLHReal_V1_p": 0.2623396496533821,
    "WLHReal_V2_p": -0.00033244234069979207,
    "WLHReal_V3_p": 1.961365139511248e-06,
    "WLHReal_V4_p": 14.13864582705374,
    "WLHReal_V5_p": 0.10598253149478334,
    "WLHReal_V6_p": 0.0003585706840550835,
    "WLHReal_r0_p": 1.2669353203683318,
    "WLHReal_r1_p": 0.13986282218117013,
    "WLHReal_r2_p": 0.0010130108489168604,
    "WLHReal_r3_p": 1.0994062408302413e-05,
    "WLHReal_a0_p": 0.7689834928110473,
    "WLHReal_a1_p": 2.214223899599466e-06,
    "WLHReal_a2_p": 9.030384045553863e-06,
    "WLHReal_a3_p": -0.0030652131679827013,
    "WLHReal_a4_p": 0.5385644317220852,
    "WLHReal_V0_n": 53.26839971198343,
    "WLHReal_V1_n": 0.2823878997635156,
    "WLHReal_V2_n": -0.0012038683237458117,
    "WLHReal_V3_n": 5.281576524697422e-06,
    "WLHReal_V4_n": 20.401925890823982,
    "WLHReal_V5_n": 0.3570411406699399,
    "WLHReal_V6_n": 0.001989695634987949,
    "WLHReal_r0_n": 1.3380633276847058,
    "WLHReal_r1_n": 0.30927620020228364,
    "WLHReal_r2_n": 0.001511625932089328,
    "WLHReal_r3_n": 1.9249000780534445e-05,
    "WLHReal_a0_n": 0.7915439533781709,
    "WLHReal_a1_n": 0.0014732277805620825,
    "WLHReal_a2_n": 2.349331013535771e-05,
    "WLHReal_a3_n": 0.3703010754682889,
    "WLHReal_a4_n": 1.1893862734521439,
    "WLHImagVolume_W0_p": 4.185689809498068,
    "WLHImagVolume_W1_p": 0.16167024650582662,
    "WLHImagVolume_W2_p": -8.156821479250276e-05,
    "WLHImagVolume_W3_p": 9.548992205861127,
    "WLHImagVolume_W4_p": 0.06270924075509304,
    "WLHImagVolume_r0_p": 0.9724486677222712,
    "WLHImagVolume_r1_p": 12.304615847999294,
    "WLHImagVolume_r2_p": 0.2756288025703422,
    "WLHImagVolume_r3_p": 37.25660367696101,
    "WLHImagVolume_r4_p": 0.9341356298366219,
    "WLHImagVolume_r5_p": 2.1895775159576902e-06,
    "WLHImagVolume_a0_p": 0.5882927801079292,
    "WLHImagVolume_a1_p": 0.20888906473801933,
    "WLHImagVolume_a2_p": 9.48514049106494,
    "WLHImagVolume_a3_p": 0.445484009629003,
    "WLHImagVolume_a4_p": 0.00285997228440012,
    "WLHImagVolume_W0_n": 4.983488178822311,
    "WLHImagVolume_W1_n": 0.3563883911882296,
    "WLHImagVolume_W2_n": 0.0007425467047597455,
    "WLHImagVolume_W3_n": 12.636386068915614,
    "WLHImagVolume_W4_n": 0.03445076580554924,
    "WLHImagVolume_r0_n": 0.7045732910641405,
    "WLHImagVolume_r1_n": 60.029267498869345,
    "WLHImagVolume_r2_n": 0.6309290755613473,
    "WLHImagVolume_r3_n": 94.3600354218985,
    "WLHImagVolume_r4_n": 1.1214173851125921,
    "WLHImagVolume_r5_n": 6.555284879618436e-06,
    "WLHImagVolume_a0_n": 0.3526548955600393,
    "WLHImagVolume_a1_n": 0.4893110306682026,
    "WLHImagVolume_a2_n": 0.9139002942563748,
    "WLHImagVolume_a3_n": -0.0013400253260100886,
    "WLHImagVolume_a4_n": 0.0004193047061384536,
    "WLHImagSurface_W0_p": 0.4027262825256069,
    "WLHImagSurface_W1_p": -0.022094403389006395,
    "WLHImagSurface_W2_p": -0.6856777745085318,
    "WLHImagSurface_W3_p": -0.10830121606255541,
    "WLHImagSurface_r0_p": 0.7842343482818261,
    "WLHImagSurface_r1_p": 0.029319676173178322,
    "WLHImagSurface_r2_p": 0.0026707233312873095,
    "WLHImagSurface_a0_p": 0.6856249239572964,
    "WLHImagSurface_W0_n": 1.8585659174801958,
    "WLHImagSurface_W1_n": 0.06552640423420969,
    "WLHImagSurface_W2_n": 2.37754012493006,
    "WLHImagSurface_W3_n": 0.20927798617163368,
    "WLHImagSurface_r0_n": 1.2563751548253532,
    "WLHImagSurface_r1_n": 1.7075465228064386,
    "WLHImagSurface_r2_n": 0.0016976780919573035,
    "WLHImagSurface_a0_n": 0.8809105237636227,
    "WLHRealSpinOrbit_V0_p": 10.233939726612578,
    "WLHRealSpinOrbit_V1_p": 0.009174204470897519,
    "WLHRealSpinOrbit_r0_p": 1.2759597224170907,
    "WLHRealSpinOrbit_r1_p": 0.8788366180208356,
    "WLHRealSpinOrbit_a0_p": 0.8144263126663621,
    "WLHRealSpinOrbit_a1_p": 0.0003397529844836453,
    "WLHRealSpinOrbit_V0_n": 9.824407997684615,
    "WLHRealSpinOrbit_V1_n": 0.009491898431405995,
    "WLHRealSpinOrbit_r0_n": 1.33606067827763,
    "WLHRealSpinOrbit_r1_n": 0.9938290680070746,
    "WLHRealSpinOrbit_a0_n": 0.8671438137767028,
    "WLHRealSpinOrbit_a1_n": 0.0002944715554693758
}