{
    "WLHReal_V0_p": 59.02664914181754,
    "WLHReal_V1_p": 0.3264013313314381,
    "WLHReal_V2_p": 0.0010894941601338236,
    "WLHReal_V3_p": -2.1337555342721234e-06,
    "WLHReal_V4_p": 15.962333201912564,
    "WLHReal_V5_p": 0.1270467013581846,
    "WLHReal_V6_p": -6.550568796038255e-05,
    "WLHReal_r0_p": 1.1841377902378827,
    "WLHReal_r1_p": 0.2692180049491023,
    "WLHReal_r2_p": 0.0005084210781172891,
    "WLHReal_r3_p": -9.081770108721512e-07,
    "WLHReal_a0_p": 0.7311250662663181,
    "WLHReal_a1_p": 0.0002555394821589504,
    "WLHReal_a2_p": -2.750865093399458e-06,
    "WLHReal_a3_p": 0.16036828785057017,
    "WLHReal_a4_p": 0.6119383709218885,
    "WLHReal_V0_n": 51.791738620177995,
    "WLHReal_V1_n": 0.3099536258082556,
    "WLHReal_V2_n": -0.000837271298809071,
    "WLHReal_V3_n": 5.160348421682666e-06,
    "WLHReal_V4_n": 19.68901374685505,
    "WLHReal_V5_n": 0.3299122095806895,
    "WLHReal_V6_n": 0.0016563160935451644,
    "WLHReal_r0_n": 1.3402077684972344,
    "WLHReal_r1_n": 0.307481966409459,
    "WLHReal_r2_n": 0.0013387398865872346,
    "WLHReal_r3_n": 1.5334252450898757e-05,
    "WLHReal_a0_n": 0.77408974455549,
    "WLHReal_a1_n": 0.0014213960727922756,
    "WLHReal_a2_n": 1.9881223460044138e-05,
    "WLHReal_a3_n": 0.3378154771299465,
    "WLHReal_a4_n": 1.102954958645879,
    "WLHImagVolume_W0_p": 2.310874588221284,
    "WLHImagVolume_W1_p": 0.23387099305947112,
    "WLHImagVolume_W2_p": 0.00033917860434383706,
    "WLHImagVolume_W3_p": 15.1516250875536,
    "WLHImagVolume_W4_p": 0.05735940435497229,
    "WLHImagVolume_r0_p": 0.5152481101051177,
    "WLHImagVolume_r1_p": 54.29425907645713,
    "WLHImagVolume_r2_p": 0.6181481138919763,
    "WLHImagVolume_r3_p": 62.63814698133972,
    "WLHImagVolume_r4_p": 0.6939314404573307,
    "WLHImagVolume_r5_p": 2.1677482655826855e-06,
    "WLHImagVolume_a0_p": 0.46929159948112165,
    "WLHImagVolume_a1_p": 0.28789110257144795,
    "WLHImagVolume_a2_p": 14.30644478036681,
    "WLHImagVolume_a3_p": 0.3548500589289308,
    "WLHImagVolume_a4_p": 0.0012008324485226112,
    "WLHImagVolume_W0_n": 4.038021088075547,
    "WLHImagVolume_W1_n": 0.3097978453655319,
    "WLHImagVolume_W2_n": 0.0008779406461873965,
    "WLHImagVolume_W3_n": 10.403389563504058,
    "WLHImagVolume_W4_n": 0.032291262506746625,
    "WLHImagVolume_r0_n": 0.5357646118827143,
    "WLHImagVolume_r1_n": 98.44530791867463,
    "WLHImagVolume_r2_n": 0.8027609691813962,
    "WLHImagVolume_r3_n": 109.68877386561155,
    "WLHImagVolume_r4_n": 0.8298920478411046,
    "WLHImagVolume_r5_n": 4.135631209258009e-06,
    "WLHImagVolume_a0_n": 0.28109602518047727,
    "WLHImagVolume_a1_n": 0.5473296052980392,
    "WLHImagVolume_a2_n": 2.752594496754435,
    "WLHImagVolume_a3_n": 0.008519517329999782,
    "WLHImagVolume_a4_n": -6.732382169408278e-06,
    "WLHImagSurface_W0_p": 1.3434124176163835,
    "WLHImagSurface_W1_p": 0.05838777739806779,
    "WLHImagSurface_W2_p": 1.6185705401417092,
    "WLHImagSurface_W3_p": 0.19705937663445883,
    "WLHImagSurface_r0_p": 1.2010646012902022,
    "WLHImagSurface_r1_p": 1.2039182430065296,
    "WLHImagSurface_r2_p": 0.01147035641116003,
    "WLHImagSurface_a0_p": 0.7968580176442019,
    "WLHImagSurface_W0_n": 2.174247144338665,
    "WLHImagSurface_W1_n": 0.074074599372502,
    "WLHImagSurface_W2_n": 3.3259271311150607,
    "WLHImagSurface_W3_n": 0.24045471561395254,
    "WLHImagSurface_r0_n": 1.3220603123124477,
    "WLHImagSurface_r1_n": 1.7599472751108496,
    "WLHImagSurface_r2_n": 0.002347137569563818,
    "WLHImagSurface_a0_n": 0.874224688918115,
    "WLHRealSpinOrbit_V0_p": 10.59202689670214,
    "WLHRealSpinOrbit_V1_p": 0.008232853648555602,
    "WLHRealSpinOrbit_r0_p": 1.1472253829764076,
    "WLHRealSpinOrbit_r1_p": 0.6784357607058948,
    "WLHRealSpinOrbit_a0_p": 0.7083585313723683,
    "WLHRealSpinOrbit_a1_p": 0.00034534393977324774,
    "WLHRealSpinOrbit_V0_n": 9.163313624739256,
    "WLHRealSpinOrbit_V1_n": 0.008711855376687807,
    "WLHRealSpinOrbit_r0_n": 1.3305213779146843,
    "WLHRealSpinOrbit_r1_n": 0.9713836684709773,
    "WLHRealSpinOrbit_a0_n": 0.850527739499557,
    "WLHRealSpinOrbit_a1_n": 0.0003176210792128158
}