{
    "WLHReal_V0_p": 56.56101897595522,
    "WLHReal_V1_p": 0.3134928359678152,
    "WLHReal_V2_p": 0.00042340352124705326,
    "WLHReal_V3_p": -2.3874543430154224e-08,
    "WLHReal_V4_p": 14.291526897439718,
    "WLHReal_V5_p": 0.1335413381087066,
    "WLHReal_V6_p": 0.00016409382539647662,
    "WLHReal_r0_p": 1.249241970890737,
    "WLHReal_r1_p": 0.29006804656404095,
    "WLHReal_r2_p": 0.0006804518645476061,
    "WLHReal_r3_p": 3.275904454795946e-06,
    "WLHReal_a0_p": 0.7596025053366487,
    "WLHReal_a1_p": 0.0002107828409464131,
    "WLHReal_a2_p": 1.7771520553922406e-06,
    "WLHReal_a3_p": 0.10102241848686279,
    "WLHReal_a4_p": 0.5902413230658573,
    "WLHReal_V0_n": 57.94452259373943,
    "WLHReal_V1_n": 0.3139283998266042,
    "WLHReal_V2_n": 0.0002358561388096645,
    "WLHReal_V3_n": 1.003954516152914e-06,
    "WLHReal_V4_n": 21.03629453300711,
    "WLHReal_V5_n": 0.27130002801978303,
    "WLHReal_V6_n": 0.0006309588121069351,
    "WLHReal_r0_n": 1.2714712739410277,
    "WLHReal_r1_n": 0.4195523492593658,
    "WLHReal_r2_n": 0.0004704861243740954,
    "WLHReal_r3_n": 6.501745823726679e-07,
    "WLHReal_a0_n": 0.7208715805416198,
    "WLHReal_a1_n": 0.00012752781198098278,
    "WLHReal_a2_n": -9.039251788180369e-07,
    "WLHReal_a3_n": 0.13386225470669563,
    "WLHReal_a4_n": 0.5740255716273954,
    "WLHImagVolume_W0_p": 3.566673361783181,
    "WLHImagVolume_W1_p": 0.2424929366286944,
    "WLHImagVolume_W2_p": 0.00035646812365477726,
    "WLHImagVolume_W3_p": 13.48492962678224,
    "WLHImagVolume_W4_p": 0.07180572443108425,
    "WLHImagVolume_r0_p": 0.5944805332134206,
    "WLHImagVolume_r1_p": 48.23197194645454,
    "WLHImagVolume_r2_p": 0.6074145270855631,
    "WLHImagVolume_r3_p": 58.69427431797296,
    "WLHImagVolume_r4_p": 0.6790332623186409,
    "WLHImagVolume_r5_p": 2.074209588242525e-06,
    "WLHImagVolume_a0_p": 0.5261202517915669,
    "WLHImagVolume_a1_p": 0.2725926406237143,
    "WLHImagVolume_a2_p": 13.763266332425108,
    "WLHImagVolume_a3_p": 0.3989354527832685,
    "WLHImagVolume_a4_p": 0.0020034717996053157,
    "WLHImagVolume_W0_n": 3.0132077640242807,
    "WLHImagVolume_W1_n": 0.33905060704868845,
    "WLHImagVolume_W2_n": 0.0006363564528208481,
    "WLHImagVolume_W3_n": 9.733487294652354,
    "WLHImagVolume_W4_n": 0.08614200418323269,
    "WLHImagVolume_r0_n": 0.5469953023434395,
    "WLHImagVolume_r1_n": 60.29953929601873,
    "WLHImagVolume_r2_n": 0.7118938096445258,
    "WLHImagVolume_r3_n": 71.07411629504524,
    "WLHImagVolume_r4_n": 1.0002962307900558,
    "WLHImagVolume_r5_n": 3.441067125276002e-06,
    "WLHImagVolume_a0_n": 0.23364624299657846,
    "WLHImagVolume_a1_n": 0.6062728586280679,
    "WLHImagVolume_a2_n": 6.691691446262426,
    "WLHImagVolume_a3_n": 0.03896449374183573,
    "WLHImagVolume_a4_n": 0.0010475341585545288,
    "WLHImagSurface_W0_p": 1.0697305689818086,
    "WLHImagSurface_W1_p": 0.04365134861761761,
    "WLHImagSurface_W2_p": 1.1401828345837464,
    "WLHImagSurface_W3_p": 0.1503112597857803,
    "WLHImagSurface_r0_p": 1.0504135784285027,
    "WLHImagSurface_r1_p": 0.8052405202706223,
    "WLHImagSurface_r2_p": 0.0072956286115358395,
    "WLHImagSurface_a0_p": 0.7601554966148762,
    "WLHImagSurface_W0_n": 2.1149974345530738,
    "WLHImagSurface_W1_n": 0.042147320208403505,
    "WLHImagSurface_W2_n": 3.393032736230971,
    "WLHImagSurface_W3_n": 0.14394371715988083,
    "WLHImagSurface_r0_n": 1.2555491779862504,
    "WLHImagSurface_r1_n": 1.4681081206487538,
    "WLHImagSurface_r2_n": 0.004311355031122081,
    "WLHImagSurface_a0_n": 0.8177330945781326,
    "WLHRealSpinOrbit_V0_p": 10.118794595049733,
    "WLHRealSpinOrbit_V1_p": 0.008435426507009706,
    "WLHRealSpinOrbit_r0_p": 1.2158385558049485,
    "WLHRealSpinOrbit_r1_p": 0.7816861451359334,
    "WLHRealSpinOrbit_a0_p": 0.7599806268604489,
    "WLHRealSpinOrbit_a1_p": 0.00034424371368534914,
    "WLHRealSpinOrbit_V0_n": 9.967047609355582,
    "WLHRealSpinOrbit_V1_n": 0.008430510375879606,
    "WLHRealSpinOrbit_r0_n": 1.2317267738069189,
    "WLHRealSpinOrbit_r1_n": 0.8043391249051914,
    "WLHRealSpinOrbit_a0_n": 0.770188544077542,
    "WLHRealSpinOrbit_a1_n": 0.0003400981117331166
}