{
    "WLHReal_V0_p": 57.46921906657307,
    "WLHReal_V1_p": 0.3288521180018039,
    "WLHReal_V2_p": 0.0005616633716880795,
    "WLHReal_V3_p": 9.49357095269722e-08,
    "WLHReal_V4_p": 13.900779846181845,
    "WLHReal_V5_p": 0.15005513031862544,
    "WLHReal_V6_p": 0.00014774298922369235,
    "WLHReal_r0_p": 1.268204766295806,
    "WLHReal_r1_p": 0.3808348051771279,
    "WLHReal_r2_p": 0.0005161804845707522,
    "WLHReal_r3_p": 3.5157288943469346e-07,
    "WLHReal_a0_p": 0.7628292308925227,
    "WLHReal_a1_p": 0.00028225315247099833,
    "WLHReal_a2_p": -8.241723291162862e-07,
    "WLHReal_a3_p": 0.12487737560539862,
    "WLHReal_a4_p": 0.5841290228822138,
    "WLHReal_V0_n": 57.70109731225152,
    "WLHReal_V1_n": 0.29326573518557064,
    "WLHReal_V2_n": 0.0010093479518605165,
    "WLHReal_V3_n": -2.3729100323668476e-06,
    "WLHReal_V4_n": 22.873659794594026,
    "WLHReal_V5_n": 0.20037504273550427,
    "WLHReal_V6_n": -8.110529734543467e-05,
    "WLHReal_r0_n": 1.1940440592279575,
    "WLHReal_r1_n": 0.31372184625709076,
    "WLHReal_r2_n": 6.965195388971472e-05,
    "WLHReal_r3_n": -5.413118767290946e-06,
    "WLHReal_a0_n": 0.6787096095718596,
    "WLHReal_a1_n": -0.0003524593968959092,
    "WLHReal_a2_n": -9.177240797257243e-06,
    "WLHReal_a3_n": 0.14398008110302685,
    "WLHReal_a4_n": 0.4591032539336038,
    "WLHImagVolume_W0_p": 3.5609702111642516,
    "WLHImagVolume_W1_p": 0.27180303067770506,
    "WLHImagVolume_W2_p": 0.0005493867629630059,
    "WLHImagVolume_W3_p": 14.22464109692769,
    "WLHImagVolume_W4_p": 0.0784616382326616,
    "WLHImagVolume_r0_p": 0.42904600341138877,
    "WLHImagVolume_r1_p": 64.07064762811888,
    "WLHImagVolume_r2_p": 0.7777741593446719,
    "WLHImagVolume_r3_p": 67.26966098349834,
    "WLHImagVolume_r4_p": 0.5264899924968144,
    "WLHImagVolume_r5_p": 1.9389408242582955e-06,
    "WLHImagVolume_a0_p": 0.5112031048226244,
    "WLHImagVolume_a1_p": 0.3027921430792045,
    "WLHImagVolume_a2_p": 16.03437846853493,
    "WLHImagVolume_a3_p": 0.38471245464192716,
    "WLHImagVolume_a4_p": 0.0017720956093802585,
    "WLHImagVolume_W0_n": 1.4553679736938272,
    "WLHImagVolume_W1_n": 0.20776707126261842,
    "WLHImagVolume_W2_n": 6.36670905257772e-05,
    "WLHImagVolume_W3_n": 7.184814916558251,
    "WLHImagVolume_W4_n": 0.05751979376801712,
    "WLHImagVolume_r0_n": 0.5787756412602094,
    "WLHImagVolume_r1_n": 48.100336621329355,
    "WLHImagVolume_r2_n": 0.602986926340328,
    "WLHImagVolume_r3_n": 46.87822239649569,
    "WLHImagVolume_r4_n": 1.0114535823019075,
    "WLHImagVolume_r5_n": 1.986200046764371e-06,
    "WLHImagVolume_a0_n": 0.15059671512640566,
    "WLHImagVolume_a1_n": 0.6530841099121216,
    "WLHImagVolume_a2_n": 12.0682584092843,
    "WLHImagVolume_a3_n": 0.0776503024307351,
    "WLHImagVolume_a4_n": 0.0012048950967252176,
    "WLHImagSurface_W0_p": 1.3588666274839982,
    "WLHImagSurface_W1_p": 0.07668900760330152,
    "WLHImagSurface_W2_p": 2.0975890279313467,
    "WLHImagSurface_W3_p": 0.28373626155967746,
    "WLHImagSurface_r0_p": 1.13699401720948,
    "WLHImagSurface_r1_p": 1.036887023138132,
    "WLHImagSurface_r2_p": 0.00825469719962365,
    "WLHImagSurface_a0_p": 0.7866961621180775,
    "WLHImagSurface_W0_n": 1.4117576817604895,
    "WLHImagSurface_W1_n": -0.0028622254186213072,
    "WLHImagSurface_W2_n": 1.6370230969587944,
    "WLHImagSurface_W3_n": 0.0027405803863349842,
    "WLHImagSurface_r0_n": 1.2272895370778485,
    "WLHImagSurface_r1_n": 1.086979080318038,
    "WLHImagSurface_r2_n": 0.005247187410820243,
    "WLHImagSurface_a0_n": 0.7896060832694004,
    "WLHRealSpinOrbit_V0_p": 9.811505219319928,
    "WLHRealSpinOrbit_V1_p": 0.008063967208572708,
    "WLHRealSpinOrbit_r0_p": 1.2141482218200388,
    "WLHRealSpinOrbit_r1_p": 0.7699284487326187,
    "WLHRealSpinOrbit_a0_p": 0.7515196380324596,
    "WLHRealSpinOrbit_a1_p": 0.000355512802729232,
    "WLHRealSpinOrbit_V0_n": 10.554431192031748,
    "WLHRealSpinOrbit_V1_n": 0.008226669696259422,
    "WLHRealSpinOrbit_r0_n": 1.1598072674228912,
    "WLHRealSpinOrbit_r1_n": 0.6814369349299958,
    "WLHRealSpinOrbit_a0_n": 0.7127450111315173,
    "WLHRealSpinOrbit_a1_n": 0.0003684958752036186
}