{
    "CH89RealCentral": {
        "V_0": 52.7571,
        "V_t": 5.53272,
        "V_e": -0.32575,
        "r_o": 1.21189,
        "r_o_0": -0.0918909,
        "a_0": 0.750858
    },
    "CH89Coulomb": {
        "r_c": 1.35744,
        "r_c_0": 0.23987
    },
    "CH89SpinOrbit": {
        "V_so": 4.37305,
        "r_so": 1.39634,
        "r_so_0": -1.41308,
        "a_so": 0.603583
    },
    "CH89ImagCentral": {
        "W_v0": 6.12496,
        "W_ve0": 19.9945,
        "W_vew": 27.5824,
        "W_s0": 16.4764,
        "W_st": 33.3551,
        "W_se0": 2.95882,
        "W_sew": 69.1745,
        "r_w": 1.25469,
        "r_w0": -0.0360643,
        "a_w": 0.597397
    }
}