{
    "WLHReal_V0_p": 48.726053277749195,
    "WLHReal_V1_p": 0.2571707812112452,
    "WLHReal_V2_p": -0.00026773239973361195,
    "WLHReal_V3_p": 2.5972231917462083e-06,
    "WLHReal_V4_p": 13.45362324133747,
    "WLHReal_V5_p": 0.13094328203020525,
    "WLHReal_V6_p": 0.00034906287169906235,
    "WLHReal_r0_p": 1.3477953546901817,
    "WLHReal_r1_p": 0.33582985986682606,
    "WLHReal_r2_p": 0.0004372892955230129,
    "WLHReal_r3_p": 4.5462418009414905e-06,
    "WLHReal_a0_p": 0.7670891187828958,
    "WLHReal_a1_p": -5.5230118686926686e-05,
    "WLHReal_a2_p": 5.047609819042582e-06,
    "WLHReal_a3_p": -0.021743635348223565,
    "WLHReal_a4_p": 0.37903822239903207,
    "WLHReal_V0_n": 53.37348192583334,
    "WLHReal_V1_n": 0.3047300556906675,
    "WLHReal_V2_n": -0.0006865904241315478,
    "WLHReal_V3_n": 4.727626952132002e-06,
    "WLHReal_V4_n": 19.78934970937132,
    "WLHReal_V5_n": 0.3280902144453969,
    "WLHReal_V6_n": 0.001463833447137693,
    "WLHReal_r0_n": 1.346807522265609,
    "WLHReal_r1_n": 0.39743405067399373,
    "WLHReal_r2_n": 0.0010968681918366132,
    "WLHReal_r3_n": 1.1616885436347979e-05,
    "WLHReal_a0_n": 0.7652866088793002,
    "WLHReal_a1_n": 0.0010594696251042608,
    "WLHReal_a2_n": 1.3868751416418024e-05,
    "WLHReal_a3_n": 0.25065993904949035,
    "WLHReal_a4_n": 0.9059077771570195,
    "WLHImagVolume_W0_p": 3.4510842870464704,
    "WLHImagVolume_W1_p": 0.11215973757928253,
    "WLHImagVolume_W2_p": 8.725108150106818e-05,
    "WLHImagVolume_W3_p": 6.2499708798025075,
    "WLHImagVolume_W4_p": 0.05330012048718914,
    "WLHImagVolume_r0_p": 0.6402665561002132,
    "WLHImagVolume_r1_p": 47.179106834263116,
    "WLHImagVolume_r2_p": 0.6663895594911954,
    "WLHImagVolume_r3_p": 54.9256581184291,
    "WLHImagVolume_r4_p": 0.49169552708535824,
    "WLHImagVolume_r5_p": 5.928061658133289e-07,
    "WLHImagVolume_a0_p": 0.5358408365159045,
    "WLHImagVolume_a1_p": 0.3020464557867872,
    "WLHImagVolume_a2_p": 17.31614385302879,
    "WLHImagVolume_a3_p": 0.3678632474098467,
    "WLHImagVolume_a4_p": 0.0017936199242967734,
    "WLHImagVolume_W0_n": 3.841036575885505,
    "WLHImagVolume_W1_n": 0.34300715099247253,
    "WLHImagVolume_W2_n": 0.0009005106770830803,
    "WLHImagVolume_W3_n": 10.328114018386547,
    "WLHImagVolume_W4_n": 0.051260628836334865,
    "WLHImagVolume_r0_n": 0.523995617544471,
    "WLHImagVolume_r1_n": 89.04526511621208,
    "WLHImagVolume_r2_n": 0.8136575736661921,
    "WLHImagVolume_r3_n": 102.14902693842463,
    "WLHImagVolume_r4_n": 0.8940353551763406,
    "WLHImagVolume_r5_n": 4.321451161187968e-06,
    "WLHImagVolume_a0_n": 0.28751934723418865,
    "WLHImagVolume_a1_n": 0.5618115695312507,
    "WLHImagVolume_a2_n": 3.358205158310162,
    "WLHImagVolume_a3_n": 0.026575034185226394,
    "WLHImagVolume_a4_n": 0.00050002660542606,
    "WLHImagSurface_W0_p": 1.2342374654379873,
    "WLHImagSurface_W1_p": 0.07003967127445707,
    "WLHImagSurface_W2_p": 2.1614436770628163,
    "WLHImagSurface_W3_p": 0.2528600466031182,
    "WLHImagSurface_r0_p": 0.9876396674061806,
    "WLHImagSurface_r1_p": 0.22154838244461228,
    "WLHImagSurface_r2_p": 0.004055824007598195,
    "WLHImagSurface_a0_p": 0.8053362420619778,
    "WLHImagSurface_W0_n": 2.197954371579801,
    "WLHImagSurface_W1_n": 0.07067340283461254,
    "WLHImagSurface_W2_n": 3.7495683176821384,
    "WLHImagSurface_W3_n": 0.2394444651676005,
    "WLHImagSurface_r0_n": 1.309132018102929,
    "WLHImagSurface_r1_n": 1.7358456622951632,
    "WLHImagSurface_r2_n": 0.002684630929161915,
    "WLHImagSurface_a0_n": 0.8647117730905378,
    "WLHRealSpinOrbit_V0_p": 8.900554439323011,
    "WLHRealSpinOrbit_V1_p": 0.007988678884998804,
    "WLHRealSpinOrbit_r0_p": 1.3193703691325713,
    "WLHRealSpinOrbit_r1_p": 0.8912982963505947,
    "WLHRealSpinOrbit_a0_p": 0.8169718153832689,
    "WLHRealSpinOrbit_a1_p": 0.00041847354512246463,
    "WLHRealSpinOrbit_V0_n": 9.209989225518676,
    "WLHRealSpinOrbit_V1_n": 0.008593758862181493,
    "WLHRealSpinOrbit_r0_n": 1.3211399198880427,
    "WLHRealSpinOrbit_r1_n": 0.944918417120347,
    "WLHRealSpinOrbit_a0_n": 0.8384594014778022,
    "WLHRealSpinOrbit_a1_n": 0.0003333089506280898
}