{
    "WLHReal_V0_p": 54.25670335932539,
    "WLHReal_V1_p": 0.293117756669178,
    "WLHReal_V2_p": 0.00023275367414578408,
    "WLHReal_V3_p": 8.530826892436312e-07,
    "WLHReal_V4_p": 14.31063855825784,
    "WLHReal_V5_p": 0.12874371613575075,
    "WLHReal_V6_p": 0.00020845770766613874,
    "WLHReal_r0_p": 1.2683304237781374,
    "WLHReal_r1_p": 0.28026854014626656,
    "WLHReal_r2_p": 0.0006341985804851947,
    "WLHReal_r3_p": 4.2069066346437785e-06,
    "WLHReal_a0_p": 0.7588506482514609,
    "WLHReal_a1_p": 0.00012281615519855608,
    "WLHReal_a2_p": 3.0491358488961585e-06,
    "WLHReal_a3_p": 0.06301066809519154,
    "WLHReal_a4_p": 0.529894601090568,
    "WLHReal_V0_n": 53.304691696406586,
    "WLHReal_V1_n": 0.3092413672469232,
    "WLHReal_V2_n": 0.00027689881970002447,
    "WLHReal_V3_n": 1.4319619894589058e-06,
    "WLHReal_V4_n": 21.10944309930735,
    "WLHReal_V5_n": 0.2467035888613092,
    "WLHReal_V6_n": 0.0006096101481690055,
    "WLHReal_r0_n": 1.2647450466250116,
    "WLHReal_r1_n": 0.2875941929483579,
    "WLHReal_r2_n": 0.0006321286787663168,
    "WLHReal_r3_n": 3.436667862142455e-06,
    "WLHReal_a0_n": 0.7162583839570807,
    "WLHReal_a1_n": 0.0005496354848541537,
    "WLHReal_a2_n": 4.129111089972614e-06,
    "WLHReal_a3_n": 0.2431477184342878,
    "WLHReal_a4_n": 0.7629412669729383,
    "WLHImagVolume_W0_p": 3.4499875810579903,
    "WLHImagVolume_W1_p": 0.19677170511811318,
    "WLHImagVolume_W2_p": 0.0002224682196781461,
    "WLHImagVolume_W3_p": 11.28828112996902,
    "WLHImagVolume_W4_p": 0.06398812586888647,
    "WLHImagVolume_r0_p": 0.6483368855287034,
    "WLHImagVolume_r1_p": 43.441162469668654,
    "WLHImagVolume_r2_p": 0.5771526007934101,
    "WLHImagVolume_r3_p": 54.84490428114889,
    "WLHImagVolume_r4_p": 0.6689361567463477,
    "WLHImagVolume_r5_p": 1.8385445108688082e-06,
    "WLHImagVolume_a0_p": 0.5299517870762996,
    "WLHImagVolume_a1_p": 0.2726997800119771,
    "WLHImagVolume_a2_p": 14.081564336137308,
    "WLHImagVolume_a3_p": 0.3921156036687221,
    "WLHImagVolume_a4_p": 0.00196894676251375,
    "WLHImagVolume_W0_n": 2.1014890344370656,
    "WLHImagVolume_W1_n": 0.2114714463882965,
    "WLHImagVolume_W2_n": 0.00046369432704740403,
    "WLHImagVolume_W3_n": 7.292828969718212,
    "WLHImagVolume_W4_n": 0.03315702740694899,
    "WLHImagVolume_r0_n": 0.47781261059347685,
    "WLHImagVolume_r1_n": 93.73154891163685,
    "WLHImagVolume_r2_n": 0.7807674050643253,
    "WLHImagVolume_r3_n": 85.56556436831859,
    "WLHImagVolume_r4_n": 0.7665788715357292,
    "WLHImagVolume_r5_n": 1.7804510776739736e-06,
    "WLHImagVolume_a0_n": 0.1732069312187705,
    "WLHImagVolume_a1_n": 0.6311014786404258,
    "WLHImagVolume_a2_n": 8.869216392127313,
    "WLHImagVolume_a3_n": 0.05416414207543853,
    "WLHImagVolume_a4_n": 0.0003515818778427847,
    "WLHImagSurface_W0_p": 1.0585005799501102,
    "WLHImagSurface_W1_p": 0.04362540661352277,
    "WLHImagSurface_W2_p": 1.2363652542986192,
    "WLHImagSurface_W3_p": 0.14871987458421923,
    "WLHImagSurface_r0_p": 1.0165046101433812,
    "WLHImagSurface_r1_p": 0.6043226201208549,
    "WLHImagSurface_r2_p": 0.00641308869480093,
    "WLHImagSurface_a0_p": 0.7629971049715942,
    "WLHImagSurface_W0_n": 1.8190640536595297,
    "WLHImagSurface_W1_n": 0.03514813388055077,
    "WLHImagSurface_W2_n": 2.658068421722451,
    "WLHImagSurface_W3_n": 0.12349685389429493,
    "WLHImagSurface_r0_n": 1.3089629079825715,
    "WLHImagSurface_r1_n": 1.4141614657687283,
    "WLHImagSurface_r2_n": 0.004051716824270583,
    "WLHImagSurface_a0_n": 0.8301903400580818,
    "WLHRealSpinOrbit_V0_p": 9.889516877138302,
    "WLHRealSpinOrbit_V1_p": 0.008395187309316331,
    "WLHRealSpinOrbit_r0_p": 1.241321079420718,
    "WLHRealSpinOrbit_r1_p": 0.8086951257318219,
    "WLHRealSpinOrbit_a0_p": 0.7749421322446808,
    "WLHRealSpinOrbit_a1_p": 0.00036318721027755286,
    "WLHRealSpinOrbit_V0_n": 9.537693975991703,
    "WLHRealSpinOrbit_V1_n": 0.008073035398637277,
    "WLHRealSpinOrbit_r0_n": 1.2419312081496137,
    "WLHRealSpinOrbit_r1_n": 0.8123678740281154,
    "WLHRealSpinOrbit_a0_n": 0.7725162256735946,
    "WLHRealSpinOrbit_a1_n": 0.000359164464022493
}