{
    "WLHReal_V0_p": 53.498510361373015,
    "WLHReal_V1_p": 0.2885846835976052,
    "WLHReal_V2_p": 0.0002467704871989356,
    "WLHReal_V3_p": 1.192504707674542e-06,
    "WLHReal_V4_p": 14.213500399935562,
    "WLHReal_V5_p": 0.14229097971765783,
    "WLHReal_V6_p": 0.00022194487782673433,
    "WLHReal_r0_p": 1.2974554967168757,
    "WLHReal_r1_p": 0.3628415804839885,
    "WLHReal_r2_p": 0.0004087921493037869,
    "WLHReal_r3_p": 1.2590608098343545e-06,
    "WLHReal_a0_p": 0.7591341952813153,
    "WLHReal_a1_p": 0.00013769053240419293,
    "WLHReal_a2_p": 1.2924836227651477e-06,
    "WLHReal_a3_p": 0.05707535427973639,
    "WLHReal_a4_p": 0.46902855216480777,
    "WLHReal_V0_n": 49.2052345616744,
    "WLHReal_V1_n": 0.2656735382223142,
    "WLHReal_V2_n": -0.0006170427388324238,
    "WLHReal_V3_n": 4.17270103204052e-06,
    "WLHReal_V4_n": 20.63467187383295,
    "WLHReal_V5_n": 0.3022845029313927,
    "WLHReal_V6_n": 0.0013265783018115095,
    "WLHReal_r0_n": 1.346393049101708,
    "WLHReal_r1_n": 0.3337606274189444,
    "WLHReal_r2_n": 0.0010662125069189955,
    "WLHReal_r3_n": 1.1787875485000201e-05,
    "WLHReal_a0_n": 0.7542891000534214,
    "WLHReal_a1_n": 0.0011753844687997282,
    "WLHReal_a2_n": 1.5020448883336983e-05,
    "WLHReal_a3_n": 0.3063725656296663,
    "WLHReal_a4_n": 0.9394934179243174,
    "WLHImagVolume_W0_p": 3.279880937432541,
    "WLHImagVolume_W1_p": 0.18753911104917909,
    "WLHImagVolume_W2_p": 0.00027423762834660894,
    "WLHImagVolume_W3_p": 10.22565463362462,
    "WLHImagVolume_W4_p": 0.06392457628666483,
    "WLHImagVolume_r0_p": 0.5422527735999697,
    "WLHImagVolume_r1_p": 52.13472657522602,
    "WLHImagVolume_r2_p": 0.700260889026493,
    "WLHImagVolume_r3_p": 57.31308455939112,
    "WLHImagVolume_r4_p": 0.5303676677808152,
    "WLHImagVolume_r5_p": 1.1980189532555084e-06,
    "WLHImagVolume_a0_p": 0.5191562748501282,
    "WLHImagVolume_a1_p": 0.2965514341420108,
    "WLHImagVolume_a2_p": 15.970095206130496,
    "WLHImagVolume_a3_p": 0.37569759144200426,
    "WLHImagVolume_a4_p": 0.0017479096724570082,
    "WLHImagVolume_W0_n": 2.5837238633060298,
    "WLHImagVolume_W1_n": 0.21492974836186035,
    "WLHImagVolume_W2_n": 0.0005366464886175186,
    "WLHImagVolume_W3_n": 7.567820507749111,
    "WLHImagVolume_W4_n": -0.005608947965699201,
    "WLHImagVolume_r0_n": 0.5072433781538878,
    "WLHImagVolume_r1_n": 101.73679348434683,
    "WLHImagVolume_r2_n": 0.8267106966575768,
    "WLHImagVolume_r3_n": 102.34105483531567,
    "WLHImagVolume_r4_n": 0.8206959966223913,
    "WLHImagVolume_r5_n": 3.824961363572906e-06,
    "WLHImagVolume_a0_n": 0.24740011636862047,
    "WLHImagVolume_a1_n": 0.5884761981188182,
    "WLHImagVolume_a2_n": 6.918883224194288,
    "WLHImagVolume_a3_n": 0.07970773828128608,
    "WLHImagVolume_a4_n": 0.0005358962202000916,
    "WLHImagSurface_W0_p": 1.328529833322773,
    "WLHImagSurface_W1_p": 0.07515728852628217,
    "WLHImagSurface_W2_p": 2.296063785680495,
    "WLHImagSurface_W3_p": 0.2759629588218618,
    "WLHImagSurface_r0_p": 1.067286300223766,
    "WLHImagSurface_r1_p": 0.6861949066016872,
    "WLHImagSurface_r2_p": 0.006910422990852984,
    "WLHImagSurface_a0_p": 0.7726233402848981,
    "WLHImagSurface_W0_n": 1.4806011689667713,
    "WLHImagSurface_W1_n": 0.045720313693834606,
    "WLHImagSurface_W2_n": 2.528539869351085,
    "WLHImagSurface_W3_n": 0.17870026768247604,
    "WLHImagSurface_r0_n": 1.330135801897492,
    "WLHImagSurface_r1_n": 1.5581855545635908,
    "WLHImagSurface_r2_n": 0.0023510790239859142,
    "WLHImagSurface_a0_n": 0.8744430560341389,
    "WLHRealSpinOrbit_V0_p": 9.481977275384086,
    "WLHRealSpinOrbit_V1_p": 0.008024592611822493,
    "WLHRealSpinOrbit_r0_p": 1.2554548076278298,
    "WLHRealSpinOrbit_r1_p": 0.8109465013707435,
    "WLHRealSpinOrbit_a0_p": 0.7753409036678889,
    "WLHRealSpinOrbit_a1_p": 0.00039085454156483274,
    "WLHRealSpinOrbit_V0_n": 9.031500523663459,
    "WLHRealSpinOrbit_V1_n": 0.008332617027578716,
    "WLHRealSpinOrbit_r0_n": 1.3266800393519043,
    "WLHRealSpinOrbit_r1_n": 0.9279028666578297,
    "WLHRealSpinOrbit_a0_n": 0.8332180079746092,
    "WLHRealSpinOrbit_a1_n": 0.00037844364248231356
}