{
    "WLHReal_V0_p": 53.43457176443035,
    "WLHReal_V1_p": 0.2927561353010069,
    "WLHReal_V2_p": -0.00015910306790399488,
    "WLHReal_V3_p": 2.449917706691185e-06,
    "WLHReal_V4_p": 13.09362636703151,
    "WLHReal_V5_p": 0.13561567359271243,
    "WLHReal_V6_p": 0.0003522654098907134,
    "WLHReal_r0_p": 1.3076658940876806,
    "WLHReal_r1_p": 0.3015825885006257,
    "WLHReal_r2_p": 0.00077015545652827,
    "WLHReal_r3_p": 6.476515787796338e-06,
    "WLHReal_a0_p": 0.7794525599718164,
    "WLHReal_a1_p": 0.00012626546846883615,
    "WLHReal_a2_p": 5.593339795203201e-06,
    "WLHReal_a3_p": 0.03679470196411239,
    "WLHReal_a4_p": 0.5384956758736273,
    "WLHReal_V0_n": 51.783074475544154,
    "WLHReal_V1_n": 0.29736339612115276,
    "WLHReal_V2_n": -0.00026745868854324416,
    "WLHReal_V3_n": 3.5649718791544225e-06,
    "WLHReal_V4_n": 20.193087395895187,
    "WLHReal_V5_n": 0.2904099881200088,
    "WLHReal_V6_n": 0.001034204753667234,
    "WLHReal_r0_n": 1.3332844243768698,
    "WLHReal_r1_n": 0.3854070745170595,
    "WLHReal_r2_n": 0.0008271683499800967,
    "WLHReal_r3_n": 7.040127096684533e-06,
    "WLHReal_a0_n": 0.7408646540499352,
    "WLHReal_a1_n": 0.0008340873320485436,
    "WLHReal_a2_n": 8.585006584192222e-06,
    "WLHReal_a3_n": 0.22427656528338696,
    "WLHReal_a4_n": 0.7780138906411128,
    "WLHImagVolume_W0_p": 4.383709863015666,
    "WLHImagVolume_W1_p": 0.22170715233220784,
    "WLHImagVolume_W2_p": 0.0002959221310869656,
    "WLHImagVolume_W3_p": 10.999026950724758,
    "WLHImagVolume_W4_p": 0.07742930030106736,
    "WLHImagVolume_r0_p": 0.6765545341927675,
    "WLHImagVolume_r1_p": 41.81468937646691,
    "WLHImagVolume_r2_p": 0.5886054704801886,
    "WLHImagVolume_r3_p": 54.09141084369573,
    "WLHImagVolume_r4_p": 0.655820595463448,
    "WLHImagVolume_r5_p": 1.5200457172598987e-06,
    "WLHImagVolume_a0_p": 0.5678452737772783,
    "WLHImagVolume_a1_p": 0.26338183437754903,
    "WLHImagVolume_a2_p": 13.699658270148031,
    "WLHImagVolume_a3_p": 0.42503882876694915,
    "WLHImagVolume_a4_p": 0.0025357830846379653,
    "WLHImagVolume_W0_n": 2.551519557117162,
    "WLHImagVolume_W1_n": 0.26077465457322824,
    "WLHImagVolume_W2_n": 0.0007189797918053347,
    "WLHImagVolume_W3_n": 7.749542434851181,
    "WLHImagVolume_W4_n": 0.031372272532695,
    "WLHImagVolume_r0_n": 0.44261044598306837,
    "WLHImagVolume_r1_n": 105.00697143026386,
    "WLHImagVolume_r2_n": 0.8780170508066012,
    "WLHImagVolume_r3_n": 101.17252662871691,
    "WLHImagVolume_r4_n": 0.7604608558664321,
    "WLHImagVolume_r5_n": 3.2131831663695996e-06,
    "WLHImagVolume_a0_n": 0.22479492241286383,
    "WLHImagVolume_a1_n": 0.6136081029262527,
    "WLHImagVolume_a2_n": 6.850728664350025,
    "WLHImagVolume_a3_n": 0.06493374574845154,
    "WLHImagVolume_a4_n": 0.0005420995522696055,
    "WLHImagSurface_W0_p": 0.8803589341248416,
    "WLHImagSurface_W1_p": 0.03442895286596761,
    "WLHImagSurface_W2_p": 0.8903118062279598,
    "WLHImagSurface_W3_p": 0.12103749814081269,
    "WLHImagSurface_r0_p": 0.927248263360403,
    "WLHImagSurface_r1_p": 0.4086515072331759,
    "WLHImagSurface_r2_p": 0.003832202816194373,
    "WLHImagSurface_a0_p": 0.7385255975840389,
    "WLHImagSurface_W0_n": 1.9493562414642336,
    "WLHImagSurface_W1_n": 0.054824196186730074,
    "WLHImagSurface_W2_n": 3.5397649110046046,
    "WLHImagSurface_W3_n": 0.20151539707106836,
    "WLHImagSurface_r0_n": 1.335759504269011,
    "WLHImagSurface_r1_n": 1.6059237941797717,
    "WLHImagSurface_r2_n": 0.0031996996082291683,
    "WLHImagSurface_a0_n": 0.8552856770597168,
    "WLHRealSpinOrbit_V0_p": 9.62973395590807,
    "WLHRealSpinOrbit_V1_p": 0.008539311373709679,
    "WLHRealSpinOrbit_r0_p": 1.2799464395400095,
    "WLHRealSpinOrbit_r1_p": 0.8710092149613826,
    "WLHRealSpinOrbit_a0_p": 0.8053924582169247,
    "WLHRealSpinOrbit_a1_p": 0.00035556661649415074,
    "WLHRealSpinOrbit_V0_n": 8.987871388225022,
    "WLHRealSpinOrbit_V1_n": 0.00805352758087409,
    "WLHRealSpinOrbit_r0_n": 1.301291632756407,
    "WLHRealSpinOrbit_r1_n": 0.8918110227376266,
    "WLHRealSpinOrbit_a0_n": 0.8118667877003661,
    "WLHRealSpinOrbit_a1_n": 0.00037172612592451405
}