{
    "WLHReal_V0_p": 53.60057616389129,
    "WLHReal_V1_p": 0.311753238113215,
    "WLHReal_V2_p": 6.421790343847527e-05,
    "WLHReal_V3_p": 2.0303866720916333e-06,
    "WLHReal_V4_p": 12.92030554538361,
    "WLHReal_V5_p": 0.12121474604589765,
    "WLHReal_V6_p": 0.00023930031855756072,
    "WLHReal_r0_p": 1.286918464991181,
    "WLHReal_r1_p": 0.25951240913060053,
    "WLHReal_r2_p": 0.0008246509598469478,
    "WLHReal_r3_p": 6.6431635731415825e-06,
    "WLHReal_a0_p": 0.7715247186821762,
    "WLHReal_a1_p": 5.654294141805795e-05,
    "WLHReal_a2_p": 5.333497256901816e-06,
    "WLHReal_a3_p": 0.06022267460820398,
    "WLHReal_a4_p": 0.57994407630541,
    "WLHReal_V0_n": 57.46156249835182,
    "WLHReal_V1_n": 0.2941190424548143,
    "WLHReal_V2_n": 0.000965182131314909,
    "WLHReal_V3_n": -1.402988276569964e-06,
    "WLHReal_V4_n": 22.736622134679415,
    "WLHReal_V5_n": 0.2037554207866289,
    "WLHReal_V6_n": -4.4912377331425904e-05,
    "WLHReal_r0_n": 1.200484090545991,
    "WLHReal_r1_n": 0.31966575116697177,
    "WLHReal_r2_n": 9.212203771545634e-05,
    "WLHReal_r3_n": -5.09239398069223e-06,
    "WLHReal_a0_n": 0.680834551459963,
    "WLHReal_a1_n": -0.0003118643210651053,
    "WLHReal_a2_n": -8.933305683207019e-06,
    "WLHReal_a3_n": 0.14406491733937246,
    "WLHReal_a4_n": 0.4654225846042753,
    "WLHImagVolume_W0_p": 3.911928321420992,
    "WLHImagVolume_W1_p": 0.21132407304348783,
    "WLHImagVolume_W2_p": 0.00036951721628680675,
    "WLHImagVolume_W3_p": 11.817958385964966,
    "WLHImagVolume_W4_p": 0.06735941160324249,
    "WLHImagVolume_r0_p": 0.6036291313968123,
    "WLHImagVolume_r1_p": 56.57909735532531,
    "WLHImagVolume_r2_p": 0.6519123088919233,
    "WLHImagVolume_r3_p": 68.51055985443594,
    "WLHImagVolume_r4_p": 0.6037742793188924,
    "WLHImagVolume_r5_p": 1.3917206828026321e-06,
    "WLHImagVolume_a0_p": 0.5309970945258533,
    "WLHImagVolume_a1_p": 0.29557990501015025,
    "WLHImagVolume_a2_p": 16.525237691454286,
    "WLHImagVolume_a3_p": 0.3840670433767921,
    "WLHImagVolume_a4_p": 0.0018996533404666963,
    "WLHImagVolume_W0_n": 1.4797907038153413,
    "WLHImagVolume_W1_n": 0.21039016740775807,
    "WLHImagVolume_W2_n": 9.843778994567511e-05,
    "WLHImagVolume_W3_n": 7.162788932675093,
    "WLHImagVolume_W4_n": 0.057049894872126056,
    "WLHImagVolume_r0_n": 0.5682842134042897,
    "WLHImagVolume_r1_n": 51.26460071743651,
    "WLHImagVolume_r2_n": 0.6197211800451689,
    "WLHImagVolume_r3_n": 49.45604575853697,
    "WLHImagVolume_r4_n": 0.9952020045905965,
    "WLHImagVolume_r5_n": 1.5774642801951527e-06,
    "WLHImagVolume_a0_n": 0.15246548401405646,
    "WLHImagVolume_a1_n": 0.6530724234885193,
    "WLHImagVolume_a2_n": 11.885755853493539,
    "WLHImagVolume_a3_n": 0.07765108903359577,
    "WLHImagVolume_a4_n": 0.0011795731835097857,
    "WLHImagSurface_W0_p": 1.0137302717200718,
    "WLHImagSurface_W1_p": 0.040727646033295054,
    "WLHImagSurface_W2_p": 0.7769555948979807,
    "WLHImagSurface_W3_p": 0.13261896467424533,
    "WLHImagSurface_r0_p": 1.036320378343511,
    "WLHImagSurface_r1_p": 0.5153696551499627,
    "WLHImagSurface_r2_p": 0.004913069177228291,
    "WLHImagSurface_a0_p": 0.8495044875530089,
    "WLHImagSurface_W0_n": 1.4467220807401648,
    "WLHImagSurface_W1_n": -9.149083010520642e-05,
    "WLHImagSurface_W2_n": 1.7615540548239603,
    "WLHImagSurface_W3_n": 0.012545566848386036,
    "WLHImagSurface_r0_n": 1.233288746292085,
    "WLHImagSurface_r1_n": 1.1113180697455893,
    "WLHImagSurface_r2_n": 0.005182552966996703,
    "WLHImagSurface_a0_n": 0.7920576010805532,
    "WLHRealSpinOrbit_V0_p": 9.59594603496042,
    "WLHRealSpinOrbit_V1_p": 0.008359342537956496,
    "WLHRealSpinOrbit_r0_p": 1.2615769881593926,
    "WLHRealSpinOrbit_r1_p": 0.8487040569874765,
    "WLHRealSpinOrbit_a0_p": 0.7918078629600542,
    "WLHRealSpinOrbit_a1_p": 0.00034862646691134937,
    "WLHRealSpinOrbit_V0_n": 10.470413095247935,
    "WLHRealSpinOrbit_V1_n": 0.008197047130266923,
    "WLHRealSpinOrbit_r0_n": 1.1656795909908706,
    "WLHRealSpinOrbit_r1_n": 0.6895528093218533,
    "WLHRealSpinOrbit_a0_n": 0.7164215039714849,
    "WLHRealSpinOrbit_a1_n": 0.000369689218910205
}