{
    "CH89RealCentral": {
        "V_0": 55.3189,
        "V_t": 21.6667,
        "V_e": -0.3137,
        "r_o": 1.16584,
        "r_o_0": -0.0422529,
        "a_0": 0.765054
    },
    "CH89Coulomb": {
        "r_c": 1.26057,
        "r_c_0": 0.133827
    },
    "CH89SpinOrbit": {
        "V_so": 5.46835,
        "r_so": 1.31555,
        "r_so_0": -0.7294,
        "a_so": 0.573881
    },
    "CH89ImagCentral": {
        "W_v0": 7.60586,
        "W_ve0": 40.5657,
        "W_vew": 20.3019,
        "W_s0": 17.5037,
        "W_st": 37.1331,
        "W_se0": -18.9881,
        "W_sew": 71.8936,
        "r_w": 1.27461,
        "r_w0": -0.313202,
        "a_w": 0.665293
    }
}