{
    "WLHReal_V0_p": 54.33996177532217,
    "WLHReal_V1_p": 0.2543663171039897,
    "WLHReal_V2_p": 0.0004031681363170566,
    "WLHReal_V3_p": -1.120336832075202e-06,
    "WLHReal_V4_p": 16.9936894616972,
    "WLHReal_V5_p": 0.09929664095330047,
    "WLHReal_V6_p": 0.0001129760691027357,
    "WLHReal_r0_p": 1.1833732245936492,
    "WLHReal_r1_p": 0.10474247756756883,
    "WLHReal_r2_p": 0.0007420217242022487,
    "WLHReal_r3_p": 6.346891121642782e-06,
    "WLHReal_a0_p": 0.7295588223027665,
    "WLHReal_a1_p": 6.549312334898485e-05,
    "WLHReal_a2_p": 3.9514406308227224e-06,
    "WLHReal_a3_p": 0.0473132923401725,
    "WLHReal_a4_p": 0.5180978070052411,
    "WLHReal_V0_n": 57.91619279754262,
    "WLHReal_V1_n": 0.34458160529302545,
    "WLHReal_V2_n": 0.0009060899978601815,
    "WLHReal_V3_n": -6.561262081376045e-07,
    "WLHReal_V4_n": 21.05913141960258,
    "WLHReal_V5_n": 0.22026987232390632,
    "WLHReal_V6_n": 6.54369253546643e-05,
    "WLHReal_r0_n": 1.2279775074019086,
    "WLHReal_r1_n": 0.359681096291365,
    "WLHReal_r2_n": 0.00018323629747212314,
    "WLHReal_r3_n": -5.429651639996744e-06,
    "WLHReal_a0_n": 0.6898029447997186,
    "WLHReal_a1_n": -0.00012971305742671643,
    "WLHReal_a2_n": -7.610962984649291e-06,
    "WLHReal_a3_n": 0.11342332687777151,
    "WLHReal_a4_n": 0.48006625423525845,
    "WLHImagVolume_W0_p": 2.5557609927682376,
    "WLHImagVolume_W1_p": 0.12758334067029797,
    "WLHImagVolume_W2_p": -0.0002854679216783743,
    "WLHImagVolume_W3_p": 10.356614992117017,
    "WLHImagVolume_W4_p": 0.04255307748651426,
    "WLHImagVolume_r0_p": 0.9832980348379787,
    "WLHImagVolume_r1_p": 3.161080713840917,
    "WLHImagVolume_r2_p": 0.17413244650233278,
    "WLHImagVolume_r3_p": 27.945767674558827,
    "WLHImagVolume_r4_p": 1.0441914561963093,
    "WLHImagVolume_r5_p": 3.0748311087490367e-06,
    "WLHImagVolume_a0_p": 0.5349743693371374,
    "WLHImagVolume_a1_p": 0.19794820055974607,
    "WLHImagVolume_a2_p": 7.543803618659543,
    "WLHImagVolume_a3_p": 0.4104046535967747,
    "WLHImagVolume_a4_p": 0.0021656440290953637,
    "WLHImagVolume_W0_n": 1.9465183420941967,
    "WLHImagVolume_W1_n": 0.27216126580835776,
    "WLHImagVolume_W2_n": 0.0005836661446127526,
    "WLHImagVolume_W3_n": 7.640576388920434,
    "WLHImagVolume_W4_n": 0.08762696850948395,
    "WLHImagVolume_r0_n": 0.43207494502243915,
    "WLHImagVolume_r1_n": 83.36069276537927,
    "WLHImagVolume_r2_n": 0.787925982913936,
    "WLHImagVolume_r3_n": 72.69632157721382,
    "WLHImagVolume_r4_n": 0.771541576718781,
    "WLHImagVolume_r5_n": 5.096012082371822e-07,
    "WLHImagVolume_a0_n": 0.14182518562151886,
    "WLHImagVolume_a1_n": 0.6658709368837896,
    "WLHImagVolume_a2_n": 9.526472232216765,
    "WLHImagVolume_a3_n": 0.04024574256384532,
    "WLHImagVolume_a4_n": 0.0006061653262164343,
    "WLHImagSurface_W0_p": 0.6222257177308835,
    "WLHImagSurface_W1_p": -0.015290246002751744,
    "WLHImagSurface_W2_p": -0.14522917492972176,
    "WLHImagSurface_W3_p": -0.09066745838113124,
    "WLHImagSurface_r0_p": 0.8912963112426222,
    "WLHImagSurface_r1_p": 0.4042269659379168,
    "WLHImagSurface_r2_p": 0.007620866128163899,
    "WLHImagSurface_a0_p": 0.6504265295024014,
    "WLHImagSurface_W0_n": 2.2978935790646453,
    "WLHImagSurface_W1_n": 0.03615424779837589,
    "WLHImagSurface_W2_n": 3.625188453989154,
    "WLHImagSurface_W3_n": 0.1182193403655113,
    "WLHImagSurface_r0_n": 1.290185072925256,
    "WLHImagSurface_r1_n": 1.3840959317047241,
    "WLHImagSurface_r2_n": 0.005436048486694116,
    "WLHImagSurface_a0_n": 0.794785815661139,
    "WLHRealSpinOrbit_V0_p": 11.001679003088615,
    "WLHRealSpinOrbit_V1_p": 0.009106874237417423,
    "WLHRealSpinOrbit_r0_p": 1.1947821089828035,
    "WLHRealSpinOrbit_r1_p": 0.7511216683777825,
    "WLHRealSpinOrbit_a0_p": 0.7538874256643349,
    "WLHRealSpinOrbit_a1_p": 0.00034987359127950035,
    "WLHRealSpinOrbit_V0_n": 9.799240940114045,
    "WLHRealSpinOrbit_V1_n": 0.0078025845060909,
    "WLHRealSpinOrbit_r0_n": 1.1869491282992024,
    "WLHRealSpinOrbit_r1_n": 0.7315825636636628,
    "WLHRealSpinOrbit_a0_n": 0.7296812518861899,
    "WLHRealSpinOrbit_a1_n": 0.0003519983831093214
}