{
    "WLHReal_V0_p": 57.9978048487603,
    "WLHReal_V1_p": 0.2957506679078336,
    "WLHReal_V2_p": 0.0013355115051591271,
    "WLHReal_V3_p": -3.5144543776826196e-06,
    "WLHReal_V4_p": 17.992363106735397,
    "WLHReal_V5_p": 0.11119112591789708,
    "WLHReal_V6_p": -0.00017896905187437493,
    "WLHReal_r0_p": 1.1405214412251585,
    "WLHReal_r1_p": 0.20070823462589715,
    "WLHReal_r2_p": 0.00034862664926093033,
    "WLHReal_r3_p": -2.240440031789953e-06,
    "WLHReal_a0_p": 0.703112756576212,
    "WLHReal_a1_p": 0.00018122506658665636,
    "WLHReal_a2_p": -3.7599846495030682e-06,
    "WLHReal_a3_p": 0.14732950184352003,
    "WLHReal_a4_p": 0.542377483659169,
    "WLHReal_V0_n": 55.97343137126948,
    "WLHReal_V1_n": 0.32270132981884964,
    "WLHReal_V2_n": 0.00019442475915560666,
    "WLHReal_V3_n": 1.0797195882234396e-06,
    "WLHReal_V4_n": 21.169236741277135,
    "WLHReal_V5_n": 0.25991853310088303,
    "WLHReal_V6_n": 0.0007563916672178759,
    "WLHReal_r0_n": 1.2446846085712895,
    "WLHReal_r1_n": 0.2709273580358788,
    "WLHReal_r2_n": 0.0007330271102330351,
    "WLHReal_r3_n": 5.263586209715515e-06,
    "WLHReal_a0_n": 0.7249017719251617,
    "WLHReal_a1_n": 0.0005375475384110093,
    "WLHReal_a2_n": 5.545112236089896e-06,
    "WLHReal_a3_n": 0.25644540158862883,
    "WLHReal_a4_n": 0.8304523788970368,
    "WLHImagVolume_W0_p": 1.1163566430620313,
    "WLHImagVolume_W1_p": 0.1548049656485641,
    "WLHImagVolume_W2_p": 1.4834380084699202e-06,
    "WLHImagVolume_W3_p": 13.248022577996075,
    "WLHImagVolume_W4_p": 0.03358289594011503,
    "WLHImagVolume_r0_p": 0.6363342021014873,
    "WLHImagVolume_r1_p": 38.003367640426774,
    "WLHImagVolume_r2_p": 0.4589589149969713,
    "WLHImagVolume_r3_p": 49.921489095956964,
    "WLHImagVolume_r4_p": 0.812313242432201,
    "WLHImagVolume_r5_p": 2.569926559280712e-06,
    "WLHImagVolume_a0_p": 0.44272728372657355,
    "WLHImagVolume_a1_p": 0.27035964768821397,
    "WLHImagVolume_a2_p": 12.57614177696555,
    "WLHImagVolume_a3_p": 0.32927398637488625,
    "WLHImagVolume_a4_p": 0.0007799182339783852,
    "WLHImagVolume_W0_n": 3.0569872746700573,
    "WLHImagVolume_W1_n": 0.27351522073667056,
    "WLHImagVolume_W2_n": 0.000523947618189717,
    "WLHImagVolume_W3_n": 9.491274485520597,
    "WLHImagVolume_W4_n": 0.05826663883550394,
    "WLHImagVolume_r0_n": 0.5656939447514598,
    "WLHImagVolume_r1_n": 71.68553696175161,
    "WLHImagVolume_r2_n": 0.6778737088553887,
    "WLHImagVolume_r3_n": 77.44263326484818,
    "WLHImagVolume_r4_n": 0.9037302921531742,
    "WLHImagVolume_r5_n": 2.6566125801812214e-06,
    "WLHImagVolume_a0_n": 0.20708080273467472,
    "WLHImagVolume_a1_n": 0.5949640511321569,
    "WLHImagVolume_a2_n": 6.674475680590901,
    "WLHImagVolume_a3_n": 0.01541318218416425,
    "WLHImagVolume_a4_n": 0.0003150902975108351,
    "WLHImagSurface_W0_p": 1.370110633475342,
    "WLHImagSurface_W1_p": 0.05044772303582669,
    "WLHImagSurface_W2_p": 1.6998782121986593,
    "WLHImagSurface_W3_p": 0.15664753039822094,
    "WLHImagSurface_r0_p": 1.2079938419077163,
    "WLHImagSurface_r1_p": 1.1653959438018988,
    "WLHImagSurface_r2_p": 0.013503749894218271,
    "WLHImagSurface_a0_p": 0.7700103237828371,
    "WLHImagSurface_W0_n": 2.019596631062915,
    "WLHImagSurface_W1_n": 0.04036190511360988,
    "WLHImagSurface_W2_n": 2.5612087661382374,
    "WLHImagSurface_W3_n": 0.12233448320822404,
    "WLHImagSurface_r0_n": 1.268827354776794,
    "WLHImagSurface_r1_n": 1.4413392718596219,
    "WLHImagSurface_r2_n": 0.004089382785301196,
    "WLHImagSurface_a0_n": 0.8240513698873888,
    "WLHRealSpinOrbit_V0_p": 10.982963475011289,
    "WLHRealSpinOrbit_V1_p": 0.008284400179312432,
    "WLHRealSpinOrbit_r0_p": 1.119431007802099,
    "WLHRealSpinOrbit_r1_p": 0.6254118579955823,
    "WLHRealSpinOrbit_a0_p": 0.6863669960952311,
    "WLHRealSpinOrbit_a1_p": 0.00036633227776365477,
    "WLHRealSpinOrbit_V0_n": 10.01975334614217,
    "WLHRealSpinOrbit_V1_n": 0.00855320099310424,
    "WLHRealSpinOrbit_r0_n": 1.2286367510255956,
    "WLHRealSpinOrbit_r1_n": 0.8168347300124353,
    "WLHRealSpinOrbit_a0_n": 0.7750010471108357,
    "WLHRealSpinOrbit_a1_n": 0.00032007963303032865
}