{
    "WLHReal_V0_p": 52.57845485812179,
    "WLHReal_V1_p": 0.31804142165757276,
    "WLHReal_V2_p": 0.00012476211148798364,
    "WLHReal_V3_p": 1.8724991124511673e-06,
    "WLHReal_V4_p": 12.445489120771906,
    "WLHReal_V5_p": 0.12600499739697285,
    "WLHReal_V6_p": 0.00021290899720495263,
    "WLHReal_r0_p": 1.3120322515849865,
    "WLHReal_r1_p": 0.3164381289233079,
    "WLHReal_r2_p": 0.0006654378648071511,
    "WLHReal_r3_p": 4.290514506153537e-06,
    "WLHReal_a0_p": 0.7709451419299428,
    "WLHReal_a1_p": 1.7090669594952904e-05,
    "WLHReal_a2_p": 4.065998791436984e-06,
    "WLHReal_a3_p": 0.06085413830175377,
    "WLHReal_a4_p": 0.5441495001444495,
    "WLHReal_V0_n": 51.21680803129525,
    "WLHReal_V1_n": 0.27995883025912616,
    "WLHReal_V2_n": -0.000741157616374298,
    "WLHReal_V3_n": 4.131715027656829e-06,
    "WLHReal_V4_n": 20.648810028098353,
    "WLHReal_V5_n": 0.3153597493140773,
    "WLHReal_V6_n": 0.0015215234253044762,
    "WLHReal_r0_n": 1.3261554719457709,
    "WLHReal_r1_n": 0.2921552858086476,
    "WLHReal_r2_n": 0.001232787095237001,
    "WLHReal_r3_n": 1.4402660647071488e-05,
    "WLHReal_a0_n": 0.765072772390621,
    "WLHReal_a1_n": 0.001273242417313573,
    "WLHReal_a2_n": 1.8030738014287288e-05,
    "WLHReal_a3_n": 0.3443440706397618,
    "WLHReal_a4_n": 1.0608177362843854,
    "WLHImagVolume_W0_p": 3.6233660177830167,
    "WLHImagVolume_W1_p": 0.19664030752380585,
    "WLHImagVolume_W2_p": 0.000474387481119849,
    "WLHImagVolume_W3_p": 11.057616916620663,
    "WLHImagVolume_W4_p": 0.06281289189928432,
    "WLHImagVolume_r0_p": 0.4617151654313244,
    "WLHImagVolume_r1_p": 74.18204874617054,
    "WLHImagVolume_r2_p": 0.8149392116861246,
    "WLHImagVolume_r3_p": 80.03686330247203,
    "WLHImagVolume_r4_p": 0.429048144651755,
    "WLHImagVolume_r5_p": 5.482985282205302e-07,
    "WLHImagVolume_a0_p": 0.5044335516847203,
    "WLHImagVolume_a1_p": 0.33847287954488464,
    "WLHImagVolume_a2_p": 20.211081708391067,
    "WLHImagVolume_a3_p": 0.34718035982659157,
    "WLHImagVolume_a4_p": 0.001379369564546224,
    "WLHImagVolume_W0_n": 3.5351540384141034,
    "WLHImagVolume_W1_n": 0.26331319112172213,
    "WLHImagVolume_W2_n": 0.0005889606248612653,
    "WLHImagVolume_W3_n": 9.639848419800877,
    "WLHImagVolume_W4_n": 0.01228426793655829,
    "WLHImagVolume_r0_n": 0.5916885432583967,
    "WLHImagVolume_r1_n": 84.210613975036,
    "WLHImagVolume_r2_n": 0.7289386676095666,
    "WLHImagVolume_r3_n": 97.18980752038343,
    "WLHImagVolume_r4_n": 0.9281564826521894,
    "WLHImagVolume_r5_n": 4.821877364624672e-06,
    "WLHImagVolume_a0_n": 0.2771460800569042,
    "WLHImagVolume_a1_n": 0.5505619858464629,
    "WLHImagVolume_a2_n": 4.678076668352533,
    "WLHImagVolume_a3_n": 0.03814993514940095,
    "WLHImagVolume_a4_n": 0.00034851378916854144,
    "WLHImagSurface_W0_p": 1.3282902690143294,
    "WLHImagSurface_W1_p": 0.07392484092989368,
    "WLHImagSurface_W2_p": 1.6766622995467149,
    "WLHImagSurface_W3_p": 0.25928370698081793,
    "WLHImagSurface_r0_p": 1.1364275396075374,
    "WLHImagSurface_r1_p": 0.6062031100748488,
    "WLHImagSurface_r2_p": 0.005480296571500582,
    "WLHImagSurface_a0_p": 0.9278582694227278,
    "WLHImagSurface_W0_n": 1.6649577826120365,
    "WLHImagSurface_W1_n": 0.0518335665394357,
    "WLHImagSurface_W2_n": 2.3255019607269793,
    "WLHImagSurface_W3_n": 0.178732821433143,
    "WLHImagSurface_r0_n": 1.2970037529460934,
    "WLHImagSurface_r1_n": 1.5926822097014768,
    "WLHImagSurface_r2_n": 0.0022849208292593645,
    "WLHImagSurface_a0_n": 0.871652725550633,
    "WLHRealSpinOrbit_V0_p": 9.09531059161551,
    "WLHRealSpinOrbit_V1_p": 0.007902328665073502,
    "WLHRealSpinOrbit_r0_p": 1.2739568655178781,
    "WLHRealSpinOrbit_r1_p": 0.8520806298176078,
    "WLHRealSpinOrbit_a0_p": 0.7911375471083799,
    "WLHRealSpinOrbit_a1_p": 0.0003718807364745586,
    "WLHRealSpinOrbit_V0_n": 9.46086906730516,
    "WLHRealSpinOrbit_V1_n": 0.008812950942102497,
    "WLHRealSpinOrbit_r0_n": 1.3174086491011692,
    "WLHRealSpinOrbit_r1_n": 0.9403964368414143,
    "WLHRealSpinOrbit_a0_n": 0.8393131855440747,
    "WLHRealSpinOrbit_a1_n": 0.0003369336161925359
}