{
    "WLHReal_V0_p": 55.95905971681586,
    "WLHReal_V1_p": 0.30237402772134153,
    "WLHReal_V2_p": 0.0007009124569441434,
    "WLHReal_V3_p": -8.07152115544018e-07,
    "WLHReal_V4_p": 15.419176102328525,
    "WLHReal_V5_p": 0.12830437334710168,
    "WLHReal_V6_p": 5.3825266358478534e-05,
    "WLHReal_r0_p": 1.2298107542086585,
    "WLHReal_r1_p": 0.28764612005256124,
    "WLHReal_r2_p": 0.0004664660390947967,
    "WLHReal_r3_p": 6.620957036858072e-07,
    "WLHReal_a0_p": 0.7398534698682878,
    "WLHReal_a1_p": 0.00016707971436588927,
    "WLHReal_a2_p": -4.4599749594636743e-07,
    "WLHReal_a3_p": 0.10495483037908047,
    "WLHReal_a4_p": 0.5349744597518888,
    "WLHReal_V0_n": 53.189222747171954,
    "WLHReal_V1_n": 0.2995759300532547,
    "WLHReal_V2_n": 0.0001788542814457416,
    "WLHReal_V3_n": 9.343273988776076e-07,
    "WLHReal_V4_n": 21.153472912358026,
    "WLHReal_V5_n": 0.2543763895681779,
    "WLHReal_V6_n": 0.0006721806376709411,
    "WLHReal_r0_n": 1.2759938606079524,
    "WLHReal_r1_n": 0.3130311457709259,
    "WLHReal_r2_n": 0.000639712228226393,
    "WLHReal_r3_n": 3.5057056102368363e-06,
    "WLHReal_a0_n": 0.7198001653295556,
    "WLHReal_a1_n": 0.000546344407999325,
    "WLHReal_a2_n": 4.404464247749286e-06,
    "WLHReal_a3_n": 0.23400316700475743,
    "WLHReal_a4_n": 0.7448569474712216,
    "WLHImagVolume_W0_p": 2.5783905969281067,
    "WLHImagVolume_W1_p": 0.1932363412229433,
    "WLHImagVolume_W2_p": 0.00023409676116035473,
    "WLHImagVolume_W3_p": 12.355432090161727,
    "WLHImagVolume_W4_p": 0.05511060746406393,
    "WLHImagVolume_r0_p": 0.5653632279365013,
    "WLHImagVolume_r1_p": 49.83487796559226,
    "WLHImagVolume_r2_p": 0.6157843889082386,
    "WLHImagVolume_r3_p": 58.2258337829041,
    "WLHImagVolume_r4_p": 0.6475751374375224,
    "WLHImagVolume_r5_p": 1.7151271981542103e-06,
    "WLHImagVolume_a0_p": 0.4891654510984218,
    "WLHImagVolume_a1_p": 0.28822354774891745,
    "WLHImagVolume_a2_p": 14.824378865114344,
    "WLHImagVolume_a3_p": 0.3596837335310342,
    "WLHImagVolume_a4_p": 0.0013865107348754347,
    "WLHImagVolume_W0_n": 2.1519837486152893,
    "WLHImagVolume_W1_n": 0.21996797866255124,
    "WLHImagVolume_W2_n": 0.00045826491681791,
    "WLHImagVolume_W3_n": 7.406303693984093,
    "WLHImagVolume_W4_n": 0.03164697113571842,
    "WLHImagVolume_r0_n": 0.491105734614641,
    "WLHImagVolume_r1_n": 89.84036835531582,
    "WLHImagVolume_r2_n": 0.7760306360876035,
    "WLHImagVolume_r3_n": 84.61927188367189,
    "WLHImagVolume_r4_n": 0.8088692166804485,
    "WLHImagVolume_r5_n": 2.151648445655732e-06,
    "WLHImagVolume_a0_n": 0.18812650727080785,
    "WLHImagVolume_a1_n": 0.6256532288686177,
    "WLHImagVolume_a2_n": 8.731601965490315,
    "WLHImagVolume_a3_n": 0.06220606870336573,
    "WLHImagVolume_a4_n": 0.0005289445201534142,
    "WLHImagSurface_W0_p": 1.3073776614706487,
    "WLHImagSurface_W1_p": 0.061068533147262946,
    "WLHImagSurface_W2_p": 1.8075223681427124,
    "WLHImagSurface_W3_p": 0.21088034209313133,
    "WLHImagSurface_r0_p": 1.1320133433142163,
    "WLHImagSurface_r1_p": 0.9110470457437594,
    "WLHImagSurface_r2_p": 0.009423435169734661,
    "WLHImagSurface_a0_p": 0.7879814263510599,
    "WLHImagSurface_W0_n": 1.7404334055994184,
    "WLHImagSurface_W1_n": 0.034289871019284775,
    "WLHImagSurface_W2_n": 2.637782325073509,
    "WLHImagSurface_W3_n": 0.12589725663241075,
    "WLHImagSurface_r0_n": 1.3039433428389833,
    "WLHImagSurface_r1_n": 1.4170274170699415,
    "WLHImagSurface_r2_n": 0.0038677686907389436,
    "WLHImagSurface_a0_n": 0.8340380633586335,
    "WLHRealSpinOrbit_V0_p": 10.134206274093266,
    "WLHRealSpinOrbit_V1_p": 0.00817583833930779,
    "WLHRealSpinOrbit_r0_p": 1.1961776720033073,
    "WLHRealSpinOrbit_r1_p": 0.7371785383112885,
    "WLHRealSpinOrbit_a0_p": 0.7389140768948832,
    "WLHRealSpinOrbit_a1_p": 0.00036863434243640487,
    "WLHRealSpinOrbit_V0_n": 9.533848447545635,
    "WLHRealSpinOrbit_V1_n": 0.008128840017797366,
    "WLHRealSpinOrbit_r0_n": 1.2504977986485586,
    "WLHRealSpinOrbit_r1_n": 0.8212789045076416,
    "WLHRealSpinOrbit_a0_n": 0.7781058595630046,
    "WLHRealSpinOrbit_a1_n": 0.0003650680283522487
}