{
    "ECS_p": 0.348887,
    "ECS_n": 0.31781,
    "APower_p": 0.877199,
    "APower_n": 0.340528
}