{
    "CH89RealCentral": {
        "V_0": 52.5337,
        "V_t": 12.4928,
        "V_e": -0.367,
        "r_o": 1.27111,
        "r_o_0": -0.251452,
        "a_0": 0.712993
    },
    "CH89Coulomb": {
        "r_c": 1.1944,
        "r_c_0": 0.192656
    },
    "CH89SpinOrbit": {
        "V_so": 6.12692,
        "r_so": 1.40751,
        "r_so_0": -1.21154,
        "a_so": 0.595996
    },
    "CH89ImagCentral": {
        "W_v0": 8.64919,
        "W_ve0": 14.9813,
        "W_vew": 25.7145,
        "W_s0": 13.7828,
        "W_st": 49.1528,
        "W_se0": -33.324,
        "W_sew": 65.3337,
        "r_w": 1.21181,
        "r_w0": 0.269662,
        "a_w": 0.601895
    }
}