{
    "ECS_p": 0.353157,
    "ECS_n": 0.343515,
    "APower_p": 0.610465,
    "APower_n": 0.684512
}