{
    "WLHReal_V0_p": 53.35217428975412,
    "WLHReal_V1_p": 0.32075190899032613,
    "WLHReal_V2_p": -0.00017090996525247041,
    "WLHReal_V3_p": 3.208296627563387e-06,
    "WLHReal_V4_p": 11.541887408192975,
    "WLHReal_V5_p": 0.14660988826925683,
    "WLHReal_V6_p": 0.0003627746950349989,
    "WLHReal_r0_p": 1.3481643008796833,
    "WLHReal_r1_p": 0.38486927433532175,
    "WLHReal_r2_p": 0.0007218478613487962,
    "WLHReal_r3_p": 5.303805226036814e-06,
    "WLHReal_a0_p": 0.7925122658686947,
    "WLHReal_a1_p": 0.0001286969842376445,
    "WLHReal_a2_p": 4.734107751960963e-06,
    "WLHReal_a3_p": 0.05318808543641779,
    "WLHReal_a4_p": 0.5569825022759741,
    "WLHReal_V0_n": 50.299908260303255,
    "WLHReal_V1_n": 0.28340534880858365,
    "WLHReal_V2_n": -0.000818476784133088,
    "WLHReal_V3_n": 4.443964351421626e-06,
    "WLHReal_V4_n": 20.351819163223215,
    "WLHReal_V5_n": 0.3192341011379258,
    "WLHReal_V6_n": 0.001593152590588357,
    "WLHReal_r0_n": 1.3369165184513874,
    "WLHReal_r1_n": 0.2859506761178495,
    "WLHReal_r2_n": 0.0013019778310318752,
    "WLHReal_r3_n": 1.5612499528392147e-05,
    "WLHReal_a0_n": 0.7689148494531339,
    "WLHReal_a1_n": 0.001408982912169922,
    "WLHReal_a2_n": 1.9912297196099146e-05,
    "WLHReal_a3_n": 0.35839815513812673,
    "WLHReal_a4_n": 1.1005125095175883,
    "WLHImagVolume_W0_p": 4.682906921623438,
    "WLHImagVolume_W1_p": 0.25405393322244757,
    "WLHImagVolume_W2_p": 0.0006026650165288966,
    "WLHImagVolume_W3_p": 11.723636934988628,
    "WLHImagVolume_W4_p": 0.08507953124941021,
    "WLHImagVolume_r0_p": 0.4608452507406229,
    "WLHImagVolume_r1_p": 69.99407638080677,
    "WLHImagVolume_r2_p": 0.8395134034885748,
    "WLHImagVolume_r3_p": 74.54296788134458,
    "WLHImagVolume_r4_p": 0.42277858854733585,
    "WLHImagVolume_r5_p": 1.3139611663859018e-06,
    "WLHImagVolume_a0_p": 0.5503927228084292,
    "WLHImagVolume_a1_p": 0.3181268952811813,
    "WLHImagVolume_a2_p": 18.493616590604606,
    "WLHImagVolume_a3_p": 0.39810444294122577,
    "WLHImagVolume_a4_p": 0.0021695037477119624,
    "WLHImagVolume_W0_n": 3.513648615022444,
    "WLHImagVolume_W1_n": 0.2558740785548883,
    "WLHImagVolume_W2_n": 0.0006488507990603858,
    "WLHImagVolume_W3_n": 9.38259025235283,
    "WLHImagVolume_W4_n": 0.006614117003528978,
    "WLHImagVolume_r0_n": 0.5620007944147696,
    "WLHImagVolume_r1_n": 94.6619537809094,
    "WLHImagVolume_r2_n": 0.7702818812298856,
    "WLHImagVolume_r3_n": 104.28085817177578,
    "WLHImagVolume_r4_n": 0.864796588008616,
    "WLHImagVolume_r5_n": 4.589303789823898e-06,
    "WLHImagVolume_a0_n": 0.27330548072308386,
    "WLHImagVolume_a1_n": 0.5529179365187172,
    "WLHImagVolume_a2_n": 4.463865888353126,
    "WLHImagVolume_a3_n": 0.0371190368172755,
    "WLHImagVolume_a4_n": 0.00018625152746533705,
    "WLHImagSurface_W0_p": 1.1831709239592592,
    "WLHImagSurface_W1_p": 0.07060657815694693,
    "WLHImagSurface_W2_p": 1.6519590390593057,
    "WLHImagSurface_W3_p": 0.2624835458384069,
    "WLHImagSurface_r0_p": 1.0398216650726244,
    "WLHImagSurface_r1_p": 0.5575723084287318,
    "WLHImagSurface_r2_p": 0.0035789047077313127,
    "WLHImagSurface_a0_p": 0.8444583936217774,
    "WLHImagSurface_W0_n": 1.729362945147555,
    "WLHImagSurface_W1_n": 0.0574526614402688,
    "WLHImagSurface_W2_n": 2.5179871756603003,
    "WLHImagSurface_W3_n": 0.19749838193279312,
    "WLHImagSurface_r0_n": 1.3153964656112065,
    "WLHImagSurface_r1_n": 1.6404706036263925,
    "WLHImagSurface_r2_n": 0.002148018500846233,
    "WLHImagSurface_a0_n": 0.8775061110451547,
    "WLHRealSpinOrbit_V0_p": 8.979954952533447,
    "WLHRealSpinOrbit_V1_p": 0.008060781900072332,
    "WLHRealSpinOrbit_r0_p": 1.29979908986998,
    "WLHRealSpinOrbit_r1_p": 0.8950115441165708,
    "WLHRealSpinOrbit_a0_p": 0.8121943082400997,
    "WLHRealSpinOrbit_a1_p": 0.00036159534069121605,
    "WLHRealSpinOrbit_V0_n": 9.2477018443231,
    "WLHRealSpinOrbit_V1_n": 0.008716821830334686,
    "WLHRealSpinOrbit_r0_n": 1.3294540072876535,
    "WLHRealSpinOrbit_r1_n": 0.957658493212891,
    "WLHRealSpinOrbit_a0_n": 0.8467444566118151,
    "WLHRealSpinOrbit_a1_n": 0.0003385450911945788
}