{
    "WLHReal_V0_p": 50.60708544693855,
    "WLHReal_V1_p": 0.2652415085160968,
    "WLHReal_V2_p": 0.0004466825032492204,
    "WLHReal_V3_p": -2.8858629488065478e-08,
    "WLHReal_V4_p": 15.456138943444302,
    "WLHReal_V5_p": 0.11445912395549873,
    "WLHReal_V6_p": 7.961080710459559e-05,
    "WLHReal_r0_p": 1.2695401987832209,
    "WLHReal_r1_p": 0.2755379702991683,
    "WLHReal_r2_p": 0.00027844898468592,
    "WLHReal_r3_p": 2.0906856460018228e-07,
    "WLHReal_a0_p": 0.7314646045950253,
    "WLHReal_a1_p": -6.529246319372556e-05,
    "WLHReal_a2_p": 1.4956531811325118e-06,
    "WLHReal_a3_p": 0.03278072166388618,
    "WLHReal_a4_p": 0.39454832872973,
    "WLHReal_V0_n": 53.268952014569265,
    "WLHReal_V1_n": 0.30561538738693733,
    "WLHReal_V2_n": -0.0002511901008650326,
    "WLHReal_V3_n": 3.1133772526603026e-06,
    "WLHReal_V4_n": 20.274371060559112,
    "WLHReal_V5_n": 0.2929185831490273,
    "WLHReal_V6_n": 0.0010577008416817054,
    "WLHReal_r0_n": 1.318461365711248,
    "WLHReal_r1_n": 0.37385791658814577,
    "WLHReal_r2_n": 0.0008462843990148476,
    "WLHReal_r3_n": 7.795243171964712e-06,
    "WLHReal_a0_n": 0.7424576572523496,
    "WLHReal_a1_n": 0.0007879546436850778,
    "WLHReal_a2_n": 8.517349173206272e-06,
    "WLHReal_a3_n": 0.22736369557156474,
    "WLHReal_a4_n": 0.7991774776400611,
    "WLHImagVolume_W0_p": 1.8667195712484754,
    "WLHImagVolume_W1_p": 0.0772106884546446,
    "WLHImagVolume_W2_p": -1.2819012202341636e-05,
    "WLHImagVolume_W3_p": 7.425614104785882,
    "WLHImagVolume_W4_p": 0.030185509554383032,
    "WLHImagVolume_r0_p": 0.5954733825475251,
    "WLHImagVolume_r1_p": 51.45331257025568,
    "WLHImagVolume_r2_p": 0.6365600892602096,
    "WLHImagVolume_r3_p": 58.931785956228325,
    "WLHImagVolume_r4_p": 0.5354491117458425,
    "WLHImagVolume_r5_p": 9.683778042686927e-07,
    "WLHImagVolume_a0_p": 0.4678155895467734,
    "WLHImagVolume_a1_p": 0.31838939521068915,
    "WLHImagVolume_a2_p": 18.030498852648055,
    "WLHImagVolume_a3_p": 0.310001096759978,
    "WLHImagVolume_a4_p": 0.0007853682901111795,
    "WLHImagVolume_W0_n": 2.961768656549634,
    "WLHImagVolume_W1_n": 0.28849737317808977,
    "WLHImagVolume_W2_n": 0.000735579333644553,
    "WLHImagVolume_W3_n": 8.75217254479844,
    "WLHImagVolume_W4_n": 0.04496569142117209,
    "WLHImagVolume_r0_n": 0.4838535281949323,
    "WLHImagVolume_r1_n": 93.78910306793094,
    "WLHImagVolume_r2_n": 0.8246562207117811,
    "WLHImagVolume_r3_n": 96.03585409781763,
    "WLHImagVolume_r4_n": 0.8241723060976754,
    "WLHImagVolume_r5_n": 2.72710495016734e-06,
    "WLHImagVolume_a0_n": 0.23616604299762026,
    "WLHImagVolume_a1_n": 0.5991244637541789,
    "WLHImagVolume_a2_n": 5.978551995824957,
    "WLHImagVolume_a3_n": 0.04574734144053743,
    "WLHImagVolume_a4_n": 0.0005196709269848704,
    "WLHImagSurface_W0_p": 1.4969899438296768,
    "WLHImagSurface_W1_p": 0.07952868418055073,
    "WLHImagSurface_W2_p": 2.465749240085631,
    "WLHImagSurface_W3_p": 0.2730711276229424,
    "WLHImagSurface_r0_p": 1.149993973494811,
    "WLHImagSurface_r1_p": 0.5760719976542227,
    "WLHImagSurface_r2_p": 0.008553315361128164,
    "WLHImagSurface_a0_p": 0.8646896403376988,
    "WLHImagSurface_W0_n": 2.051314960360637,
    "WLHImagSurface_W1_n": 0.05609036197694743,
    "WLHImagSurface_W2_n": 3.473728544432324,
    "WLHImagSurface_W3_n": 0.19603148633007947,
    "WLHImagSurface_r0_n": 1.3149366177476183,
    "WLHImagSurface_r1_n": 1.6058425780057208,
    "WLHImagSurface_r2_n": 0.003317564373177639,
    "WLHImagSurface_a0_n": 0.8496891695870947,
    "WLHRealSpinOrbit_V0_p": 9.44640108994613,
    "WLHRealSpinOrbit_V1_p": 0.007803140458078279,
    "WLHRealSpinOrbit_r0_p": 1.2451756402307235,
    "WLHRealSpinOrbit_r1_p": 0.7795017457835338,
    "WLHRealSpinOrbit_a0_p": 0.7617370099492679,
    "WLHRealSpinOrbit_a1_p": 0.00042129738053303466,
    "WLHRealSpinOrbit_V0_n": 9.253725371703196,
    "WLHRealSpinOrbit_V1_n": 0.008267613945685204,
    "WLHRealSpinOrbit_r0_n": 1.2895870097937203,
    "WLHRealSpinOrbit_r1_n": 0.8862608905263938,
    "WLHRealSpinOrbit_a0_n": 0.8091374075018122,
    "WLHRealSpinOrbit_a1_n": 0.0003524443183196446
}