{
    "WLHReal_V0_p": 52.74807244596714,
    "WLHReal_V1_p": 0.2865155964100634,
    "WLHReal_V2_p": -0.00017192533744531382,
    "WLHReal_V3_p": 2.1908907842205535e-06,
    "WLHReal_V4_p": 13.229941881786036,
    "WLHReal_V5_p": 0.13286466197175997,
    "WLHReal_V6_p": 0.00034790637460501653,
    "WLHReal_r0_p": 1.3092590129582016,
    "WLHReal_r1_p": 0.29520789904094674,
    "WLHReal_r2_p": 0.0007390746887645222,
    "WLHReal_r3_p": 6.667222969651388e-06,
    "WLHReal_a0_p": 0.776626116536529,
    "WLHReal_a1_p": 9.419913931959465e-05,
    "WLHReal_a2_p": 5.510786556430381e-06,
    "WLHReal_a3_p": 0.027638324328073546,
    "WLHReal_a4_p": 0.5180147055519302,
    "WLHReal_V0_n": 52.561504955663814,
    "WLHReal_V1_n": 0.28525693199515456,
    "WLHReal_V2_n": -0.0002707034201209377,
    "WLHReal_V3_n": 2.032255570892283e-06,
    "WLHReal_V4_n": 21.06004056805608,
    "WLHReal_V5_n": 0.2848435242161323,
    "WLHReal_V6_n": 0.0010783020491931781,
    "WLHReal_r0_n": 1.2989438976670495,
    "WLHReal_r1_n": 0.31133372539249143,
    "WLHReal_r2_n": 0.0009060971317532594,
    "WLHReal_r3_n": 9.249594148650857e-06,
    "WLHReal_a0_n": 0.7414949712634895,
    "WLHReal_a1_n": 0.0008475354604468635,
    "WLHReal_a2_n": 1.01085339891479e-05,
    "WLHReal_a3_n": 0.2809535380133785,
    "WLHReal_a4_n": 0.880372739122612,
    "WLHImagVolume_W0_p": 4.222347849455055,
    "WLHImagVolume_W1_p": 0.20305380047895485,
    "WLHImagVolume_W2_p": 0.0002445503721616554,
    "WLHImagVolume_W3_p": 10.308204773503046,
    "WLHImagVolume_W4_p": 0.07294671010624246,
    "WLHImagVolume_r0_p": 0.6881921941132743,
    "WLHImagVolume_r1_p": 40.95015923810236,
    "WLHImagVolume_r2_p": 0.5803083084992204,
    "WLHImagVolume_r3_p": 53.3802192566994,
    "WLHImagVolume_r4_p": 0.6509246994331892,
    "WLHImagVolume_r5_p": 1.692982285131332e-06,
    "WLHImagVolume_a0_p": 0.5635616987014375,
    "WLHImagVolume_a1_p": 0.2657483827457106,
    "WLHImagVolume_a2_p": 13.960905186191141,
    "WLHImagVolume_a3_p": 0.41753185740530274,
    "WLHImagVolume_a4_p": 0.002437426872652756,
    "WLHImagVolume_W0_n": 2.856466829732423,
    "WLHImagVolume_W1_n": 0.24611847209545623,
    "WLHImagVolume_W2_n": 0.0004904163304396327,
    "WLHImagVolume_W3_n": 8.649803609016654,
    "WLHImagVolume_W4_n": 0.02365831097690531,
    "WLHImagVolume_r0_n": 0.5587998428233876,
    "WLHImagVolume_r1_n": 81.21841715654328,
    "WLHImagVolume_r2_n": 0.7318162036544844,
    "WLHImagVolume_r3_n": 87.34059690810673,
    "WLHImagVolume_r4_n": 0.9086643966178894,
    "WLHImagVolume_r5_n": 3.251766648172142e-06,
    "WLHImagVolume_a0_n": 0.23800513615809862,
    "WLHImagVolume_a1_n": 0.5857437872665158,
    "WLHImagVolume_a2_n": 6.799277348738857,
    "WLHImagVolume_a3_n": 0.0531995597089991,
    "WLHImagVolume_a4_n": 0.0005606976081440948,
    "WLHImagSurface_W0_p": 0.9033855149139765,
    "WLHImagSurface_W1_p": 0.035940470434199276,
    "WLHImagSurface_W2_p": 0.9671431748126009,
    "WLHImagSurface_W3_p": 0.1251143669507613,
    "WLHImagSurface_r0_p": 0.9299073394616817,
    "WLHImagSurface_r1_p": 0.3670866653013106,
    "WLHImagSurface_r2_p": 0.0038643055097801284,
    "WLHImagSurface_a0_p": 0.7460205316981661,
    "WLHImagSurface_W0_n": 1.6450151668323032,
    "WLHImagSurface_W1_n": 0.03997345318920472,
    "WLHImagSurface_W2_n": 2.372977253603049,
    "WLHImagSurface_W3_n": 0.14355830833682734,
    "WLHImagSurface_r0_n": 1.290712503060066,
    "WLHImagSurface_r1_n": 1.481570512797751,
    "WLHImagSurface_r2_n": 0.003087836412072146,
    "WLHImagSurface_a0_n": 0.8512247273314039,
    "WLHRealSpinOrbit_V0_p": 9.576782961256928,
    "WLHRealSpinOrbit_V1_p": 0.008500440738495907,
    "WLHRealSpinOrbit_r0_p": 1.2837242026954472,
    "WLHRealSpinOrbit_r1_p": 0.8724080970945018,
    "WLHRealSpinOrbit_a0_p": 0.8065755031170365,
    "WLHRealSpinOrbit_a1_p": 0.0003626063930932553,
    "WLHRealSpinOrbit_V0_n": 9.595074866823497,
    "WLHRealSpinOrbit_V1_n": 0.008529276316443114,
    "WLHRealSpinOrbit_r0_n": 1.2806210259090987,
    "WLHRealSpinOrbit_r1_n": 0.8749967923382677,
    "WLHRealSpinOrbit_a0_n": 0.8066790608106964,
    "WLHRealSpinOrbit_a1_n": 0.0003512991207869318
}