{
    "WLHReal_V0_p": 52.766746201199624,
    "WLHReal_V1_p": 0.3236495249707192,
    "WLHReal_V2_p": -0.0007087051751530038,
    "WLHReal_V3_p": 4.8792169278871305e-06,
    "WLHReal_V4_p": 9.881474981499657,
    "WLHReal_V5_p": 0.15263567363487462,
    "WLHReal_V6_p": 0.0005583778076922842,
    "WLHReal_r0_p": 1.3911588017551195,
    "WLHReal_r1_p": 0.38823893846820795,
    "WLHReal_r2_p": 0.0009963447281963306,
    "WLHReal_r3_p": 9.917746366192556e-06,
    "WLHReal_a0_p": 0.8216594121891204,
    "WLHReal_a1_p": 0.0001426677485743363,
    "WLHReal_a2_p": 8.541358399243079e-06,
    "WLHReal_a3_p": 0.022546261962858284,
    "WLHReal_a4_p": 0.5967682841807797,
    "WLHReal_V0_n": 48.929093504473684,
    "WLHReal_V1_n": 0.28101629771163167,
    "WLHReal_V2_n": 9.506993904325102e-05,
    "WLHReal_V3_n": 2.0952681114221885e-06,
    "WLHReal_V4_n": 21.144284632170102,
    "WLHReal_V5_n": 0.24460605072875394,
    "WLHReal_V6_n": 0.0006999126662365723,
    "WLHReal_r0_n": 1.2959468477197533,
    "WLHReal_r1_n": 0.2666815969538096,
    "WLHReal_r2_n": 0.0007298907771661096,
    "WLHReal_r3_n": 5.774097479823681e-06,
    "WLHReal_a0_n": 0.7190864848516338,
    "WLHReal_a1_n": 0.0008454194080528839,
    "WLHReal_a2_n": 7.876280109355182e-06,
    "WLHReal_a3_n": 0.2894684410002195,
    "WLHReal_a4_n": 0.8257699396045249,
    "WLHImagVolume_W0_p": 6.0854001187770415,
    "WLHImagVolume_W1_p": 0.2986192669371108,
    "WLHImagVolume_W2_p": 0.0007005898980713288,
    "WLHImagVolume_W3_p": 11.94822675711965,
    "WLHImagVolume_W4_p": 0.1053604707563927,
    "WLHImagVolume_r0_p": 0.5346547282274412,
    "WLHImagVolume_r1_p": 64.55158059589637,
    "WLHImagVolume_r2_p": 0.8124117115398887,
    "WLHImagVolume_r3_p": 72.44619294215525,
    "WLHImagVolume_r4_p": 0.4578254122567891,
    "WLHImagVolume_r5_p": 7.77766970454285e-07,
    "WLHImagVolume_a0_p": 0.6084020576657918,
    "WLHImagVolume_a1_p": 0.29506880826873866,
    "WLHImagVolume_a2_p": 17.112389090635524,
    "WLHImagVolume_a3_p": 0.4527552421692208,
    "WLHImagVolume_a4_p": 0.0030752512575822513,
    "WLHImagVolume_W0_n": 1.2872504708091568,
    "WLHImagVolume_W1_n": 0.1261869345415751,
    "WLHImagVolume_W2_n": 0.00033903455726410226,
    "WLHImagVolume_W3_n": 5.142470618965192,
    "WLHImagVolume_W4_n": -0.013855475717130198,
    "WLHImagVolume_r0_n": 0.4231029675690879,
    "WLHImagVolume_r1_n": 117.00657239622853,
    "WLHImagVolume_r2_n": 0.8630767399226293,
    "WLHImagVolume_r3_n": 97.48237108606347,
    "WLHImagVolume_r4_n": 0.646217902762897,
    "WLHImagVolume_r5_n": 1.917837146395447e-06,
    "WLHImagVolume_a0_n": 0.15504033925685057,
    "WLHImagVolume_a1_n": 0.6485884811937199,
    "WLHImagVolume_a2_n": 10.667862458205484,
    "WLHImagVolume_a3_n": 0.09543731438096079,
    "WLHImagVolume_a4_n": 0.0002791079829573742,
    "WLHImagSurface_W0_p": 0.8327739930804408,
    "WLHImagSurface_W1_p": 0.04616429068183114,
    "WLHImagSurface_W2_p": 0.7810886498210022,
    "WLHImagSurface_W3_p": 0.1778509573189958,
    "WLHImagSurface_r0_p": 0.8963045527646011,
    "WLHImagSurface_r1_p": 0.27598968899232995,
    "WLHImagSurface_r2_p": -0.00014087077736481875,
    "WLHImagSurface_a0_p": 0.8013727820717197,
    "WLHImagSurface_W0_n": 1.4068113691918196,
    "WLHImagSurface_W1_n": 0.02859978011828305,
    "WLHImagSurface_W2_n": 2.2512444447870066,
    "WLHImagSurface_W3_n": 0.12197289020931418,
    "WLHImagSurface_r0_n": 1.3511063547124362,
    "WLHImagSurface_r1_n": 1.3907120267890618,
    "WLHImagSurface_r2_n": 0.0034337382430470785,
    "WLHImagSurface_a0_n": 0.8503191157034592,
    "WLHRealSpinOrbit_V0_p": 8.794370019474892,
    "WLHRealSpinOrbit_V1_p": 0.008408069844293525,
    "WLHRealSpinOrbit_r0_p": 1.3462376574303971,
    "WLHRealSpinOrbit_r1_p": 0.9787950350389407,
    "WLHRealSpinOrbit_a0_p": 0.8532805476494755,
    "WLHRealSpinOrbit_a1_p": 0.0003391503498969392,
    "WLHRealSpinOrbit_V0_n": 9.023336270536545,
    "WLHRealSpinOrbit_V1_n": 0.007769704455096628,
    "WLHRealSpinOrbit_r0_n": 1.2755072166866905,
    "WLHRealSpinOrbit_r1_n": 0.8402195920890562,
    "WLHRealSpinOrbit_a0_n": 0.7874625130853787,
    "WLHRealSpinOrbit_a1_n": 0.00039866847603689054
}