{
    "WLHReal_V0_p": 51.37779881070542,
    "WLHReal_V1_p": 0.2974495967283702,
    "WLHReal_V2_p": -0.0008085793956193767,
    "WLHReal_V3_p": 4.73795721357321e-06,
    "WLHReal_V4_p": 10.810967994357863,
    "WLHReal_V5_p": 0.13315084622887052,
    "WLHReal_V6_p": 0.0005558922153086451,
    "WLHReal_r0_p": 1.3647962402057259,
    "WLHReal_r1_p": 0.2853782055514554,
    "WLHReal_r2_p": 0.001100728520588336,
    "WLHReal_r3_p": 1.2609447931956706e-05,
    "WLHReal_a0_p": 0.8115297406441208,
    "WLHReal_a1_p": 5.061515109438902e-05,
    "WLHReal_a2_p": 1.071158361081075e-05,
    "WLHReal_a3_p": -0.009126753042517574,
    "WLHReal_a4_p": 0.5749042397010447,
    "WLHReal_V0_n": 53.914632739123334,
    "WLHReal_V1_n": 0.297416858401719,
    "WLHReal_V2_n": -0.00021254001806887392,
    "WLHReal_V3_n": 2.735137878607122e-06,
    "WLHReal_V4_n": 20.551238578103387,
    "WLHReal_V5_n": 0.29186805466941446,
    "WLHReal_V6_n": 0.0010033536462423405,
    "WLHReal_r0_n": 1.3155051925460188,
    "WLHReal_r1_n": 0.39525038427116055,
    "WLHReal_r2_n": 0.0007714073202579499,
    "WLHReal_r3_n": 5.274270986261279e-06,
    "WLHReal_a0_n": 0.7396599748308472,
    "WLHReal_a1_n": 0.0006536674466105692,
    "WLHReal_a2_n": 7.0043051909856046e-06,
    "WLHReal_a3_n": 0.20641525399963456,
    "WLHReal_a4_n": 0.7436162197851512,
    "WLHImagVolume_W0_p": 5.789840667250986,
    "WLHImagVolume_W1_p": 0.2455098568505595,
    "WLHImagVolume_W2_p": 0.0004075767290932302,
    "WLHImagVolume_W3_p": 10.452349662123183,
    "WLHImagVolume_W4_p": 0.09251897467368647,
    "WLHImagVolume_r0_p": 0.7348350870550168,
    "WLHImagVolume_r1_p": 43.644314707754305,
    "WLHImagVolume_r2_p": 0.6004145839567886,
    "WLHImagVolume_r3_p": 59.52235646740639,
    "WLHImagVolume_r4_p": 0.6370104535951218,
    "WLHImagVolume_r5_p": 9.471338449461662e-07,
    "WLHImagVolume_a0_p": 0.6183133759560562,
    "WLHImagVolume_a1_p": 0.2595205250358453,
    "WLHImagVolume_a2_p": 14.333719176135798,
    "WLHImagVolume_a3_p": 0.46144422936502505,
    "WLHImagVolume_a4_p": 0.0032210079791160856,
    "WLHImagVolume_W0_n": 2.9306321862801985,
    "WLHImagVolume_W1_n": 0.2960501093305019,
    "WLHImagVolume_W2_n": 0.0006786322167635452,
    "WLHImagVolume_W3_n": 8.876974318763729,
    "WLHImagVolume_W4_n": 0.04848587648782053,
    "WLHImagVolume_r0_n": 0.5089691268366824,
    "WLHImagVolume_r1_n": 84.07814851838627,
    "WLHImagVolume_r2_n": 0.7939960785316379,
    "WLHImagVolume_r3_n": 89.66697647848794,
    "WLHImagVolume_r4_n": 0.8910693922642323,
    "WLHImagVolume_r5_n": 3.2911341293035276e-06,
    "WLHImagVolume_a0_n": 0.2439116469591646,
    "WLHImagVolume_a1_n": 0.5977904500654789,
    "WLHImagVolume_a2_n": 6.276509577597205,
    "WLHImagVolume_a3_n": 0.053398299843111834,
    "WLHImagVolume_a4_n": 0.00076122729175859,
    "WLHImagSurface_W0_p": 0.5550259858188424,
    "WLHImagSurface_W1_p": 0.012206898464178429,
    "WLHImagSurface_W2_p": -0.08964368624682217,
    "WLHImagSurface_W3_p": 0.039245079941215205,
    "WLHImagSurface_r0_p": 0.8050684939354805,
    "WLHImagSurface_r1_p": 0.017532838808184792,
    "WLHImagSurface_r2_p": -0.0006704725463180412,
    "WLHImagSurface_a0_p": 0.7618266293348482,
    "WLHImagSurface_W0_n": 1.9502421660340201,
    "WLHImagSurface_W1_n": 0.05035931441026266,
    "WLHImagSurface_W2_n": 3.324133148850318,
    "WLHImagSurface_W3_n": 0.18080980486053594,
    "WLHImagSurface_r0_n": 1.2988756805511459,
    "WLHImagSurface_r1_n": 1.5627497027083803,
    "WLHImagSurface_r2_n": 0.0033716243933018986,
    "WLHImagSurface_a0_n": 0.8462038885804265,
    "WLHRealSpinOrbit_V0_p": 9.169842551056496,
    "WLHRealSpinOrbit_V1_p": 0.008783192567379387,
    "WLHRealSpinOrbit_r0_p": 1.3442545934582149,
    "WLHRealSpinOrbit_r1_p": 0.9800349372236721,
    "WLHRealSpinOrbit_a0_p": 0.8578806256596269,
    "WLHRealSpinOrbit_a1_p": 0.0003365534367860313,
    "WLHRealSpinOrbit_V0_n": 9.40773566009218,
    "WLHRealSpinOrbit_V1_n": 0.008338211605431991,
    "WLHRealSpinOrbit_r0_n": 1.283203682068886,
    "WLHRealSpinOrbit_r1_n": 0.8735584069443048,
    "WLHRealSpinOrbit_a0_n": 0.8043433523916736,
    "WLHRealSpinOrbit_a1_n": 0.0003561385646361979
}