{
    "CH89RealCentral": {
        "V_0": 57.935,
        "V_t": 16.3184,
        "V_e": -0.333048,
        "r_o": 1.24398,
        "r_o_0": -0.471257,
        "a_0": 0.719589
    },
    "CH89Coulomb": {
        "r_c": 1.2398,
        "r_c_0": 0.146171
    },
    "CH89SpinOrbit": {
        "V_so": 6.06263,
        "r_so": 1.28631,
        "r_so_0": -1.02515,
        "a_so": 0.668816
    },
    "CH89ImagCentral": {
        "W_v0": 11.5357,
        "W_ve0": 35.07,
        "W_vew": 31.3731,
        "W_s0": 9.77146,
        "W_st": 22.5172,
        "W_se0": 4.94377,
        "W_sew": 59.802,
        "r_w": 1.14274,
        "r_w0": 0.40923,
        "a_w": 0.677565
    }
}