{
    "WLHReal_V0_p": 55.508372808377125,
    "WLHReal_V1_p": 0.30506370929856713,
    "WLHReal_V2_p": 0.00017869551594575342,
    "WLHReal_V3_p": 1.2015319115170851e-06,
    "WLHReal_V4_p": 13.531573596676887,
    "WLHReal_V5_p": 0.1598099087328529,
    "WLHReal_V6_p": 0.00029229192518241806,
    "WLHReal_r0_p": 1.3111339095998156,
    "WLHReal_r1_p": 0.42003404593310734,
    "WLHReal_r2_p": 0.0004692532367650267,
    "WLHReal_r3_p": 1.1563071280359954e-06,
    "WLHReal_a0_p": 0.774415910989072,
    "WLHReal_a1_p": 0.0002693699358764176,
    "WLHReal_a2_p": 6.452060690565505e-07,
    "WLHReal_a3_p": 0.07781405095175328,
    "WLHReal_a4_p": 0.5168659031671333,
    "WLHReal_V0_n": 55.38963016125006,
    "WLHReal_V1_n": 0.2851696866355701,
    "WLHReal_V2_n": -6.51737416524809e-05,
    "WLHReal_V3_n": 1.793915742993854e-06,
    "WLHReal_V4_n": 21.273168164781833,
    "WLHReal_V5_n": 0.2824484637097583,
    "WLHReal_V6_n": 0.0008583146325342626,
    "WLHReal_r0_n": 1.293459110314322,
    "WLHReal_r1_n": 0.4005618976350107,
    "WLHReal_r2_n": 0.0006371586579753329,
    "WLHReal_r3_n": 3.819079966208734e-06,
    "WLHReal_a0_n": 0.7315059944345977,
    "WLHReal_a1_n": 0.00039602587625632465,
    "WLHReal_a2_n": 4.260673145949473e-06,
    "WLHReal_a3_n": 0.18575534692796686,
    "WLHReal_a4_n": 0.671645957119833,
    "WLHImagVolume_W0_p": 4.0629391766180305,
    "WLHImagVolume_W1_p": 0.2567752174135768,
    "WLHImagVolume_W2_p": 0.0004630660290089355,
    "WLHImagVolume_W3_p": 12.125470693060025,
    "WLHImagVolume_W4_p": 0.08406954012900802,
    "WLHImagVolume_r0_p": 0.4934501909450614,
    "WLHImagVolume_r1_p": 54.08915796165631,
    "WLHImagVolume_r2_p": 0.7510869361977248,
    "WLHImagVolume_r3_p": 57.28171537888247,
    "WLHImagVolume_r4_p": 0.5187371009678163,
    "WLHImagVolume_r5_p": 1.4807836461316059e-06,
    "WLHImagVolume_a0_p": 0.5457173779830261,
    "WLHImagVolume_a1_p": 0.2862671768152767,
    "WLHImagVolume_a2_p": 14.903097241133846,
    "WLHImagVolume_a3_p": 0.41197926209569286,
    "WLHImagVolume_a4_p": 0.0022664049149203236,
    "WLHImagVolume_W0_n": 2.8836341467876734,
    "WLHImagVolume_W1_n": 0.2994155134473788,
    "WLHImagVolume_W2_n": 0.0005130253584671026,
    "WLHImagVolume_W3_n": 9.204559096363965,
    "WLHImagVolume_W4_n": 0.05396948451276366,
    "WLHImagVolume_r0_n": 0.5747843854076327,
    "WLHImagVolume_r1_n": 62.617214484394786,
    "WLHImagVolume_r2_n": 0.7039891031378518,
    "WLHImagVolume_r3_n": 74.68512659557688,
    "WLHImagVolume_r4_n": 1.0239950164517972,
    "WLHImagVolume_r5_n": 3.4590999545659862e-06,
    "WLHImagVolume_a0_n": 0.25048744720906274,
    "WLHImagVolume_a1_n": 0.5932356846169498,
    "WLHImagVolume_a2_n": 7.003844514404394,
    "WLHImagVolume_a3_n": 0.060531945917761024,
    "WLHImagVolume_a4_n": 0.0011103004285956059,
    "WLHImagSurface_W0_p": 1.2611272927089725,
    "WLHImagSurface_W1_p": 0.07542131320798595,
    "WLHImagSurface_W2_p": 2.2760804196925664,
    "WLHImagSurface_W3_p": 0.28868035210897947,
    "WLHImagSurface_r0_p": 1.0327833588508055,
    "WLHImagSurface_r1_p": 0.7959648848304084,
    "WLHImagSurface_r2_p": 0.006244703959251381,
    "WLHImagSurface_a0_p": 0.7212755789244267,
    "WLHImagSurface_W0_n": 1.7302710320345314,
    "WLHImagSurface_W1_n": 0.03597804267448004,
    "WLHImagSurface_W2_n": 2.7610583640959003,
    "WLHImagSurface_W3_n": 0.1349724248914112,
    "WLHImagSurface_r0_n": 1.261024185787922,
    "WLHImagSurface_r1_n": 1.4449117072832747,
    "WLHImagSurface_r2_n": 0.003582783254523522,
    "WLHImagSurface_a0_n": 0.8356920639752993,
    "WLHRealSpinOrbit_V0_p": 9.517746090098079,
    "WLHRealSpinOrbit_V1_p": 0.008124441708962956,
    "WLHRealSpinOrbit_r0_p": 1.2568377449623693,
    "WLHRealSpinOrbit_r1_p": 0.8224715148748205,
    "WLHRealSpinOrbit_a0_p": 0.7796080248412378,
    "WLHRealSpinOrbit_a1_p": 0.0003730910251642317,
    "WLHRealSpinOrbit_V0_n": 9.849780302560909,
    "WLHRealSpinOrbit_V1_n": 0.008540055035144588,
    "WLHRealSpinOrbit_r0_n": 1.259621335356777,
    "WLHRealSpinOrbit_r1_n": 0.8378493651664277,
    "WLHRealSpinOrbit_a0_n": 0.789490343399507,
    "WLHRealSpinOrbit_a1_n": 0.0003555824126102501
}