{
    "WLHReal_V0_p": 49.32839952792422,
    "WLHReal_V1_p": 0.2607751987373193,
    "WLHReal_V2_p": -0.0013093519801477993,
    "WLHReal_V3_p": 5.772503615194625e-06,
    "WLHReal_V4_p": 10.834060905098431,
    "WLHReal_V5_p": 0.1371572040907253,
    "WLHReal_V6_p": 0.0007381278121850994,
    "WLHReal_r0_p": 1.394999621153618,
    "WLHReal_r1_p": 0.2755787832356077,
    "WLHReal_r2_p": 0.0011603372826732722,
    "WLHReal_r3_p": 1.5744133225752933e-05,
    "WLHReal_a0_p": 0.8230759736597691,
    "WLHReal_a1_p": 3.4024492565462605e-05,
    "WLHReal_a2_p": 1.3856713042796016e-05,
    "WLHReal_a3_p": -0.07127847216205568,
    "WLHReal_a4_p": 0.5122523702208492,
    "WLHReal_V0_n": 50.622562515518666,
    "WLHReal_V1_n": 0.27974812861088516,
    "WLHReal_V2_n": -0.0006193337865710549,
    "WLHReal_V3_n": 3.7800893149449385e-06,
    "WLHReal_V4_n": 20.949472131937906,
    "WLHReal_V5_n": 0.3004760930176225,
    "WLHReal_V6_n": 0.001431325602872042,
    "WLHReal_r0_n": 1.3072841911483368,
    "WLHReal_r1_n": 0.23754093284482652,
    "WLHReal_r2_n": 0.0012313694503938578,
    "WLHReal_r3_n": 1.5016236052774585e-05,
    "WLHReal_a0_n": 0.7589445496181713,
    "WLHReal_a1_n": 0.0013018872748976277,
    "WLHReal_a2_n": 1.829623123445336e-05,
    "WLHReal_a3_n": 0.37627182609238313,
    "WLHReal_a4_n": 1.1055954603372502,
    "WLHImagVolume_W0_p": 6.464157752211314,
    "WLHImagVolume_W1_p": 0.22391171837552026,
    "WLHImagVolume_W2_p": 0.00018534417410417863,
    "WLHImagVolume_W3_p": 8.097124502373374,
    "WLHImagVolume_W4_p": 0.09850736059366365,
    "WLHImagVolume_r0_p": 0.9317735198191894,
    "WLHImagVolume_r1_p": 17.959187248300772,
    "WLHImagVolume_r2_p": 0.4334074715173168,
    "WLHImagVolume_r3_p": 38.98095600921051,
    "WLHImagVolume_r4_p": 0.7630414202286575,
    "WLHImagVolume_r5_p": 1.882355040878812e-06,
    "WLHImagVolume_a0_p": 0.6748441687894896,
    "WLHImagVolume_a1_p": 0.20938137992091593,
    "WLHImagVolume_a2_p": 10.431341110778366,
    "WLHImagVolume_a3_p": 0.5147304699780181,
    "WLHImagVolume_a4_p": 0.004105830190933568,
    "WLHImagVolume_W0_n": 3.270966367964843,
    "WLHImagVolume_W1_n": 0.22438813781004033,
    "WLHImagVolume_W2_n": 0.0004741361135574869,
    "WLHImagVolume_W3_n": 9.104987682534109,
    "WLHImagVolume_W4_n": 0.0005287264884940752,
    "WLHImagVolume_r0_n": 0.5961490501906888,
    "WLHImagVolume_r1_n": 86.42271703881346,
    "WLHImagVolume_r2_n": 0.70859695800523,
    "WLHImagVolume_r3_n": 95.50605906425272,
    "WLHImagVolume_r4_n": 0.8960898593679852,
    "WLHImagVolume_r5_n": 4.473345599769575e-06,
    "WLHImagVolume_a0_n": 0.255087840861692,
    "WLHImagVolume_a1_n": 0.5568511732216317,
    "WLHImagVolume_a2_n": 5.578287888236287,
    "WLHImagVolume_a3_n": 0.038601467069682815,
    "WLHImagVolume_a4_n": 0.0001739286895670055,
    "WLHImagSurface_W0_p": 0.20682319707998764,
    "WLHImagSurface_W1_p": -0.015144178070582222,
    "WLHImagSurface_W2_p": -0.5799015038929811,
    "WLHImagSurface_W3_p": -0.056009625541896424,
    "WLHImagSurface_r0_p": 0.6097178211514994,
    "WLHImagSurface_r1_p": -0.3716474114060991,
    "WLHImagSurface_r2_p": -0.0034469971828656647,
    "WLHImagSurface_a0_p": 0.6362243764964195,
    "WLHImagSurface_W0_n": 1.5391254708402609,
    "WLHImagSurface_W1_n": 0.044558754134492534,
    "WLHImagSurface_W2_n": 1.866005782075542,
    "WLHImagSurface_W3_n": 0.15199655505003115,
    "WLHImagSurface_r0_n": 1.2980498051871425,
    "WLHImagSurface_r1_n": 1.5275511323212074,
    "WLHImagSurface_r2_n": 0.0023941598942342057,
    "WLHImagSurface_a0_n": 0.8686754974969774,
    "WLHRealSpinOrbit_V0_p": 9.183236405486626,
    "WLHRealSpinOrbit_V1_p": 0.009186426065150804,
    "WLHRealSpinOrbit_r0_p": 1.3867725787175387,
    "WLHRealSpinOrbit_r1_p": 1.0398791365681321,
    "WLHRealSpinOrbit_a0_p": 0.8920506339966219,
    "WLHRealSpinOrbit_a1_p": 0.00034327202148273935,
    "WLHRealSpinOrbit_V0_n": 9.54529052423642,
    "WLHRealSpinOrbit_V1_n": 0.00878757792541677,
    "WLHRealSpinOrbit_r0_n": 1.305211928301067,
    "WLHRealSpinOrbit_r1_n": 0.9236323003746937,
    "WLHRealSpinOrbit_a0_n": 0.8310305251175838,
    "WLHRealSpinOrbit_a1_n": 0.0003359442422451104
}