{
    "WLHReal_V0_p": 53.59227994163385,
    "WLHReal_V1_p": 0.2753474030219509,
    "WLHReal_V2_p": 0.00016193086108980145,
    "WLHReal_V3_p": 7.57781094194192e-07,
    "WLHReal_V4_p": 14.95750009771788,
    "WLHReal_V5_p": 0.11931395539888898,
    "WLHReal_V6_p": 0.00021778753363007258,
    "WLHReal_r0_p": 1.2525615272820694,
    "WLHReal_r1_p": 0.22382085564871007,
    "WLHReal_r2_p": 0.0006888032432596435,
    "WLHReal_r3_p": 5.7980099058653e-06,
    "WLHReal_a0_p": 0.7532874786223895,
    "WLHReal_a1_p": 8.499638456913275e-05,
    "WLHReal_a2_p": 4.2144036868213194e-06,
    "WLHReal_a3_p": 0.04348622749739601,
    "WLHReal_a4_p": 0.5140569669877898,
    "WLHReal_V0_n": 47.884695147600475,
    "WLHReal_V1_n": 0.23458236159978185,
    "WLHReal_V2_n": -0.0007290065298308619,
    "WLHReal_V3_n": 3.933522945615088e-06,
    "WLHReal_V4_n": 21.302169983517594,
    "WLHReal_V5_n": 0.30182512952795,
    "WLHReal_V6_n": 0.001380883169508228,
    "WLHReal_r0_n": 1.3490965771015637,
    "WLHReal_r1_n": 0.31924443939365776,
    "WLHReal_r2_n": 0.0010952624591378788,
    "WLHReal_r3_n": 1.2510084138716804e-05,
    "WLHReal_a0_n": 0.7555848122853889,
    "WLHReal_a1_n": 0.001217004711785983,
    "WLHReal_a2_n": 1.5579412355195553e-05,
    "WLHReal_a3_n": 0.3340529463864193,
    "WLHReal_a4_n": 0.9643009090936158,
    "WLHImagVolume_W0_p": 3.3257401904000696,
    "WLHImagVolume_W1_p": 0.16867281418734684,
    "WLHImagVolume_W2_p": 3.659073715288634e-05,
    "WLHImagVolume_W3_p": 10.417310560567614,
    "WLHImagVolume_W4_p": 0.057963817634817616,
    "WLHImagVolume_r0_p": 0.7794964675479288,
    "WLHImagVolume_r1_p": 28.392921776405473,
    "WLHImagVolume_r2_p": 0.43692949498097966,
    "WLHImagVolume_r3_p": 44.697563018943654,
    "WLHImagVolume_r4_p": 0.7903776538617081,
    "WLHImagVolume_r5_p": 2.0936578873923035e-06,
    "WLHImagVolume_a0_p": 0.5408163313236208,
    "WLHImagVolume_a1_p": 0.24540983135175395,
    "WLHImagVolume_a2_p": 11.856644170565149,
    "WLHImagVolume_a3_p": 0.40401714362563157,
    "WLHImagVolume_a4_p": 0.002151889392492908,
    "WLHImagVolume_W0_n": 2.3297027056207984,
    "WLHImagVolume_W1_n": 0.17682099632514137,
    "WLHImagVolume_W2_n": 0.0003192557046190648,
    "WLHImagVolume_W3_n": 7.096519936955124,
    "WLHImagVolume_W4_n": -0.03020038451831308,
    "WLHImagVolume_r0_n": 0.5619307825129376,
    "WLHImagVolume_r1_n": 92.1831692413471,
    "WLHImagVolume_r2_n": 0.7715140625423231,
    "WLHImagVolume_r3_n": 96.10637430840107,
    "WLHImagVolume_r4_n": 0.9068304133422992,
    "WLHImagVolume_r5_n": 4.887760305491174e-06,
    "WLHImagVolume_a0_n": 0.2586969226880151,
    "WLHImagVolume_a1_n": 0.5800635472256582,
    "WLHImagVolume_a2_n": 7.941004169794464,
    "WLHImagVolume_a3_n": 0.10472970971377012,
    "WLHImagVolume_a4_n": 0.0007942613542421481,
    "WLHImagSurface_W0_p": 0.870330423619217,
    "WLHImagSurface_W1_p": 0.021795006511557205,
    "WLHImagSurface_W2_p": 0.7195087351773746,
    "WLHImagSurface_W3_p": 0.06183756704933638,
    "WLHImagSurface_r0_p": 0.9470906651227416,
    "WLHImagSurface_r1_p": 0.44956696475166646,
    "WLHImagSurface_r2_p": 0.006062949245576329,
    "WLHImagSurface_a0_p": 0.7199319377395442,
    "WLHImagSurface_W0_n": 1.014397487578906,
    "WLHImagSurface_W1_n": 0.030530474148789708,
    "WLHImagSurface_W2_n": 1.6527614915454265,
    "WLHImagSurface_W3_n": 0.13989437899980717,
    "WLHImagSurface_r0_n": 1.3141896823024921,
    "WLHImagSurface_r1_n": 1.455515317961911,
    "WLHImagSurface_r2_n": 0.0019426464379392722,
    "WLHImagSurface_a0_n": 0.8816165874145808,
    "WLHRealSpinOrbit_V0_p": 10.156863108572217,
    "WLHRealSpinOrbit_V1_p": 0.008657557363995668,
    "WLHRealSpinOrbit_r0_p": 1.2397417738625778,
    "WLHRealSpinOrbit_r1_p": 0.8088441378893503,
    "WLHRealSpinOrbit_a0_p": 0.7778053193588392,
    "WLHRealSpinOrbit_a1_p": 0.0003612305403507644,
    "WLHRealSpinOrbit_V0_n": 9.185352938152246,
    "WLHRealSpinOrbit_V1_n": 0.008492842576596757,
    "WLHRealSpinOrbit_r0_n": 1.3328061410038592,
    "WLHRealSpinOrbit_r1_n": 0.928163373897082,
    "WLHRealSpinOrbit_a0_n": 0.8371924681853032,
    "WLHRealSpinOrbit_a1_n": 0.00039353949870320773
}