{
    "ECS_p": 0.24861,
    "ECS_n": 0.418738,
    "APower_p": 0.776813,
    "APower_n": 0.563177
}