{
    "ECS_p": 0.270274,
    "ECS_n": 0.359847,
    "APower_p": 0.775132,
    "APower_n": 0.484976
}