{
    "WLHReal_V0_p": 57.20025980804235,
    "WLHReal_V1_p": 0.2974944669959726,
    "WLHReal_V2_p": -6.16576912476152e-05,
    "WLHReal_V3_p": 1.5307532414448794e-06,
    "WLHReal_V4_p": 13.813752553684406,
    "WLHReal_V5_p": 0.1539419203841785,
    "WLHReal_V6_p": 0.0003890753920432723,
    "WLHReal_r0_p": 1.280880773494971,
    "WLHReal_r1_p": 0.327856819326513,
    "WLHReal_r2_p": 0.0008174029510029662,
    "WLHReal_r3_p": 6.329930187053212e-06,
    "WLHReal_a0_p": 0.783985189081471,
    "WLHReal_a1_p": 0.0003442941229419576,
    "WLHReal_a2_p": 3.5783445443431207e-06,
    "WLHReal_a3_p": 0.07104513077033052,
    "WLHReal_a4_p": 0.5928417624000935,
    "WLHReal_V0_n": 52.85469179585509,
    "WLHReal_V1_n": 0.30397422830970133,
    "WLHReal_V2_n": -0.0006020173474552867,
    "WLHReal_V3_n": 3.959242472881534e-06,
    "WLHReal_V4_n": 20.24829754776591,
    "WLHReal_V5_n": 0.3136538468621777,
    "WLHReal_V6_n": 0.0014310494221984123,
    "WLHReal_r0_n": 1.3185688144880643,
    "WLHReal_r1_n": 0.3109021979644602,
    "WLHReal_r2_n": 0.0011633821923255408,
    "WLHReal_r3_n": 1.3219986888372414e-05,
    "WLHReal_a0_n": 0.7616577083767059,
    "WLHReal_a1_n": 0.001155323597728579,
    "WLHReal_a2_n": 1.6350699125700296e-05,
    "WLHReal_a3_n": 0.31061488837003115,
    "WLHReal_a4_n": 1.012021097407011,
    "WLHImagVolume_W0_p": 4.956614909659772,
    "WLHImagVolume_W1_p": 0.29767614917697954,
    "WLHImagVolume_W2_p": 0.00033197882880531667,
    "WLHImagVolume_W3_p": 13.628079014947456,
    "WLHImagVolume_W4_p": 0.09805942223597108,
    "WLHImagVolume_r0_p": 0.7430090347461495,
    "WLHImagVolume_r1_p": 24.15793483292248,
    "WLHImagVolume_r2_p": 0.4787251657742226,
    "WLHImagVolume_r3_p": 38.23740343045703,
    "WLHImagVolume_r4_p": 0.8160668302176892,
    "WLHImagVolume_r5_p": 2.6363830598752497e-06,
    "WLHImagVolume_a0_p": 0.6057680086214796,
    "WLHImagVolume_a1_p": 0.20942208256548517,
    "WLHImagVolume_a2_p": 8.453908536700654,
    "WLHImagVolume_a3_p": 0.4887819846083502,
    "WLHImagVolume_a4_p": 0.0033849014222432396,
    "WLHImagVolume_W0_n": 3.7506810218469533,
    "WLHImagVolume_W1_n": 0.3002510243626437,
    "WLHImagVolume_W2_n": 0.0007410556530379336,
    "WLHImagVolume_W3_n": 10.163104799235336,
    "WLHImagVolume_W4_n": 0.03649132376199621,
    "WLHImagVolume_r0_n": 0.5608386639947774,
    "WLHImagVolume_r1_n": 86.44253958306574,
    "WLHImagVolume_r2_n": 0.7541408887066208,
    "WLHImagVolume_r3_n": 98.44818359629349,
    "WLHImagVolume_r4_n": 0.8912857953640061,
    "WLHImagVolume_r5_n": 3.616897791510005e-06,
    "WLHImagVolume_a0_n": 0.2699009949964523,
    "WLHImagVolume_a1_n": 0.5569476627959301,
    "WLHImagVolume_a2_n": 3.9586576902631725,
    "WLHImagVolume_a3_n": 0.018458642450700023,
    "WLHImagVolume_a4_n": 0.00023612772492270903,
    "WLHImagSurface_W0_p": 0.6433659936653361,
    "WLHImagSurface_W1_p": 0.013756491611443863,
    "WLHImagSurface_W2_p": 0.5314545367331814,
    "WLHImagSurface_W3_p": 0.05592327462423774,
    "WLHImagSurface_r0_p": 0.8299814363797858,
    "WLHImagSurface_r1_p": 0.5808207781438443,
    "WLHImagSurface_r2_p": 0.004294615346472412,
    "WLHImagSurface_a0_p": 0.5810721870495151,
    "WLHImagSurface_W0_n": 2.0222652009378184,
    "WLHImagSurface_W1_n": 0.061492374319054216,
    "WLHImagSurface_W2_n": 2.9741695786431936,
    "WLHImagSurface_W3_n": 0.20141638177990764,
    "WLHImagSurface_r0_n": 1.300343594936767,
    "WLHImagSurface_r1_n": 1.6528380880942288,
    "WLHImagSurface_r2_n": 0.0027095447741848477,
    "WLHImagSurface_a0_n": 0.8622603819788074,
    "WLHRealSpinOrbit_V0_p": 10.302359760226752,
    "WLHRealSpinOrbit_V1_p": 0.008978739423032888,
    "WLHRealSpinOrbit_r0_p": 1.2480227225655363,
    "WLHRealSpinOrbit_r1_p": 0.8393547256219784,
    "WLHRealSpinOrbit_a0_p": 0.7915333119555519,
    "WLHRealSpinOrbit_a1_p": 0.000327145732626926,
    "WLHRealSpinOrbit_V0_n": 9.444193958746547,
    "WLHRealSpinOrbit_V1_n": 0.008723210062929743,
    "WLHRealSpinOrbit_r0_n": 1.3056892694153208,
    "WLHRealSpinOrbit_r1_n": 0.9302209745491402,
    "WLHRealSpinOrbit_a0_n": 0.8316750961089447,
    "WLHRealSpinOrbit_a1_n": 0.0003232126246136329
}