{
    "WLHReal_V0_p": 58.62956849637321,
    "WLHReal_V1_p": 0.3174355868171733,
    "WLHReal_V2_p": 0.000636977743302171,
    "WLHReal_V3_p": -5.596049694447218e-07,
    "WLHReal_V4_p": 14.934694845758685,
    "WLHReal_V5_p": 0.1496676922297969,
    "WLHReal_V6_p": 0.00013736329311980568,
    "WLHReal_r0_p": 1.2386545506159363,
    "WLHReal_r1_p": 0.34955792334773017,
    "WLHReal_r2_p": 0.0005325407517559281,
    "WLHReal_r3_p": 6.933624186631199e-07,
    "WLHReal_a0_p": 0.7559433604098387,
    "WLHReal_a1_p": 0.00034165354149538486,
    "WLHReal_a2_p": -1.3129926474678367e-06,
    "WLHReal_a3_p": 0.12970538836317622,
    "WLHReal_a4_p": 0.5888412457501782,
    "WLHReal_V0_n": 57.80408222166615,
    "WLHReal_V1_n": 0.32955900994904413,
    "WLHReal_V2_n": 0.0003696166329103796,
    "WLHReal_V3_n": 1.0319914715032798e-06,
    "WLHReal_V4_n": 20.897389451164198,
    "WLHReal_V5_n": 0.2598982764949376,
    "WLHReal_V6_n": 0.0005512737799539561,
    "WLHReal_r0_n": 1.2566488403757934,
    "WLHReal_r1_n": 0.3762888202749455,
    "WLHReal_r2_n": 0.0004787622300683077,
    "WLHReal_r3_n": 6.196205538582234e-07,
    "WLHReal_a0_n": 0.7162304907334307,
    "WLHReal_a1_n": 0.00017422812704111722,
    "WLHReal_a2_n": -4.829441582411727e-07,
    "WLHReal_a3_n": 0.1534656112243304,
    "WLHReal_a4_n": 0.6150664227177629,
    "WLHImagVolume_W0_p": 3.480510768535133,
    "WLHImagVolume_W1_p": 0.2754046285534076,
    "WLHImagVolume_W2_p": 0.00041418959376795204,
    "WLHImagVolume_W3_p": 14.639741242899149,
    "WLHImagVolume_W4_p": 0.07927486346580959,
    "WLHImagVolume_r0_p": 0.5403690630765707,
    "WLHImagVolume_r1_p": 46.71525411059128,
    "WLHImagVolume_r2_p": 0.6344217068170594,
    "WLHImagVolume_r3_p": 53.7130624238809,
    "WLHImagVolume_r4_p": 0.6756562277681484,
    "WLHImagVolume_r5_p": 2.1515014482262372e-06,
    "WLHImagVolume_a0_p": 0.5253671946239268,
    "WLHImagVolume_a1_p": 0.2643989692001978,
    "WLHImagVolume_a2_p": 12.476904421380079,
    "WLHImagVolume_a3_p": 0.41079588711475296,
    "WLHImagVolume_a4_p": 0.0021096664187670753,
    "WLHImagVolume_W0_n": 2.9102686416963435,
    "WLHImagVolume_W1_n": 0.3215284399396263,
    "WLHImagVolume_W2_n": 0.0006566402689937818,
    "WLHImagVolume_W3_n": 9.44367412258227,
    "WLHImagVolume_W4_n": 0.08601438929263236,
    "WLHImagVolume_r0_n": 0.517725387731827,
    "WLHImagVolume_r1_n": 69.54131449350328,
    "WLHImagVolume_r2_n": 0.7308254222295729,
    "WLHImagVolume_r3_n": 74.55710756652982,
    "WLHImagVolume_r4_n": 0.9148073641829165,
    "WLHImagVolume_r5_n": 2.370304372818139e-06,
    "WLHImagVolume_a0_n": 0.20844638453221787,
    "WLHImagVolume_a1_n": 0.6158151631571558,
    "WLHImagVolume_a2_n": 6.899004975649897,
    "WLHImagVolume_a3_n": 0.026687643414179313,
    "WLHImagVolume_a4_n": 0.0007225096848655422,
    "WLHImagSurface_W0_p": 1.1797933132280265,
    "WLHImagSurface_W1_p": 0.056098648088452115,
    "WLHImagSurface_W2_p": 1.708951029112653,
    "WLHImagSurface_W3_p": 0.20677682212002363,
    "WLHImagSurface_r0_p": 1.069477491293379,
    "WLHImagSurface_r1_p": 1.0399283589994668,
    "WLHImagSurface_r2_p": 0.008786744305226479,
    "WLHImagSurface_a0_p": 0.6976913713434082,
    "WLHImagSurface_W0_n": 2.2458245839560247,
    "WLHImagSurface_W1_n": 0.04469118161651709,
    "WLHImagSurface_W2_n": 3.4572196051116517,
    "WLHImagSurface_W3_n": 0.14441267402098845,
    "WLHImagSurface_r0_n": 1.2688906168137732,
    "WLHImagSurface_r1_n": 1.4742061202468628,
    "WLHImagSurface_r2_n": 0.004556011272437553,
    "WLHImagSurface_a0_n": 0.8134730641054415,
    "WLHRealSpinOrbit_V0_p": 10.314033765141724,
    "WLHRealSpinOrbit_V1_p": 0.008380761517778028,
    "WLHRealSpinOrbit_r0_p": 1.1923371835425371,
    "WLHRealSpinOrbit_r1_p": 0.7435322377543632,
    "WLHRealSpinOrbit_a0_p": 0.7412898975412215,
    "WLHRealSpinOrbit_a1_p": 0.000346102674262935,
    "WLHRealSpinOrbit_V0_n": 9.911741271121036,
    "WLHRealSpinOrbit_V1_n": 0.008311971048874763,
    "WLHRealSpinOrbit_r0_n": 1.221665850315221,
    "WLHRealSpinOrbit_r1_n": 0.7949308048260136,
    "WLHRealSpinOrbit_a0_n": 0.7634105480735994,
    "WLHRealSpinOrbit_a1_n": 0.0003333634019482432
}