{
    "WLHReal_V0_p": 56.144096110707515,
    "WLHReal_V1_p": 0.3116329174758701,
    "WLHReal_V2_p": 0.0008047326583470702,
    "WLHReal_V3_p": -9.4723510112898e-07,
    "WLHReal_V4_p": 15.202230857403288,
    "WLHReal_V5_p": 0.13344039403465408,
    "WLHReal_V6_p": 2.3929202146264308e-05,
    "WLHReal_r0_p": 1.2379684753451663,
    "WLHReal_r1_p": 0.3269728880952095,
    "WLHReal_r2_p": 0.00037553905535610353,
    "WLHReal_r3_p": -1.1771038321868161e-06,
    "WLHReal_a0_p": 0.7392541475322356,
    "WLHReal_a1_p": 0.00017717966228899564,
    "WLHReal_a2_p": -1.6553758035012028e-06,
    "WLHReal_a3_p": 0.11771469245863146,
    "WLHReal_a4_p": 0.5302452125301519,
    "WLHReal_V0_n": 47.050361064305555,
    "WLHReal_V1_n": 0.2480670159274724,
    "WLHReal_V2_n": -0.0004724789575426606,
    "WLHReal_V3_n": 2.4050523080377737e-06,
    "WLHReal_V4_n": 21.601028106045568,
    "WLHReal_V5_n": 0.27351873017399714,
    "WLHReal_V6_n": 0.0012181577893191765,
    "WLHReal_r0_n": 1.309543002289411,
    "WLHReal_r1_n": 0.20268110802915587,
    "WLHReal_r2_n": 0.001125027055766957,
    "WLHReal_r3_n": 1.3093624488870299e-05,
    "WLHReal_a0_n": 0.7447694165719994,
    "WLHReal_a1_n": 0.0013163553529480928,
    "WLHReal_a2_n": 1.6856334248873262e-05,
    "WLHReal_a3_n": 0.4003394266213124,
    "WLHReal_a4_n": 1.076853067459489,
    "WLHImagVolume_W0_p": 2.4290578302456947,
    "WLHImagVolume_W1_p": 0.19911019288323337,
    "WLHImagVolume_W2_p": 0.0003331748408171959,
    "WLHImagVolume_W3_p": 12.588639365940686,
    "WLHImagVolume_W4_p": 0.05500184259788468,
    "WLHImagVolume_r0_p": 0.46580476220286543,
    "WLHImagVolume_r1_p": 61.05631628959894,
    "WLHImagVolume_r2_p": 0.7187946941232141,
    "WLHImagVolume_r3_p": 65.46173719492245,
    "WLHImagVolume_r4_p": 0.5502910949514511,
    "WLHImagVolume_r5_p": 1.2660550155510479e-06,
    "WLHImagVolume_a0_p": 0.4725654786556917,
    "WLHImagVolume_a1_p": 0.31217740246168185,
    "WLHImagVolume_a2_p": 16.754068335223817,
    "WLHImagVolume_a3_p": 0.3409795748559012,
    "WLHImagVolume_a4_p": 0.0011007216467891854,
    "WLHImagVolume_W0_n": 1.9716052528629624,
    "WLHImagVolume_W1_n": 0.1119847631302372,
    "WLHImagVolume_W2_n": 0.00018172626714646782,
    "WLHImagVolume_W3_n": 6.304328512569809,
    "WLHImagVolume_W4_n": -0.04582419555014114,
    "WLHImagVolume_r0_n": 0.5522075841510471,
    "WLHImagVolume_r1_n": 101.54379911442739,
    "WLHImagVolume_r2_n": 0.7502302509830698,
    "WLHImagVolume_r3_n": 96.4786645728994,
    "WLHImagVolume_r4_n": 0.8009322721962033,
    "WLHImagVolume_r5_n": 3.6020255504237584e-06,
    "WLHImagVolume_a0_n": 0.21059850103179878,
    "WLHImagVolume_a1_n": 0.5925356569240093,
    "WLHImagVolume_a2_n": 9.131415149945715,
    "WLHImagVolume_a3_n": 0.09145277655359521,
    "WLHImagVolume_a4_n": 0.00025812191883170564,
    "WLHImagSurface_W0_p": 1.4999100675069923,
    "WLHImagSurface_W1_p": 0.08105359350833319,
    "WLHImagSurface_W2_p": 2.3417335403306527,
    "WLHImagSurface_W3_p": 0.28812244722408864,
    "WLHImagSurface_r0_p": 1.2004009433298621,
    "WLHImagSurface_r1_p": 1.0351980338914897,
    "WLHImagSurface_r2_p": 0.010115095462041123,
    "WLHImagSurface_a0_p": 0.8275798538777865,
    "WLHImagSurface_W0_n": 0.9593633063510256,
    "WLHImagSurface_W1_n": 0.023216718189416907,
    "WLHImagSurface_W2_n": 1.0381640779260026,
    "WLHImagSurface_W3_n": 0.10365291466390653,
    "WLHImagSurface_r0_n": 1.3240963456353645,
    "WLHImagSurface_r1_n": 1.3749051715173557,
    "WLHImagSurface_r2_n": 0.00226596051184522,
    "WLHImagSurface_a0_n": 0.8743590926825383,
    "WLHRealSpinOrbit_V0_p": 9.925609009162784,
    "WLHRealSpinOrbit_V1_p": 0.007919997810369101,
    "WLHRealSpinOrbit_r0_p": 1.1944205141659847,
    "WLHRealSpinOrbit_r1_p": 0.7285622380823897,
    "WLHRealSpinOrbit_a0_p": 0.7329099577543614,
    "WLHRealSpinOrbit_a1_p": 0.00037718322917796774,
    "WLHRealSpinOrbit_V0_n": 9.289911351709343,
    "WLHRealSpinOrbit_V1_n": 0.008408520569864618,
    "WLHRealSpinOrbit_r0_n": 1.3077785908777448,
    "WLHRealSpinOrbit_r1_n": 0.8999160029645005,
    "WLHRealSpinOrbit_a0_n": 0.8214973492960329,
    "WLHRealSpinOrbit_a1_n": 0.00038395657639084875
}