{
    "WLHReal_V0_p": 53.68418182192911,
    "WLHReal_V1_p": 0.3162970091532622,
    "WLHReal_V2_p": -0.00018270991332140356,
    "WLHReal_V3_p": 2.8644631307863127e-06,
    "WLHReal_V4_p": 11.897331049639982,
    "WLHReal_V5_p": 0.1396992664374617,
    "WLHReal_V6_p": 0.0003605349396842687,
    "WLHReal_r0_p": 1.329232685374901,
    "WLHReal_r1_p": 0.33724254807335785,
    "WLHReal_r2_p": 0.0008194230299578944,
    "WLHReal_r3_p": 6.850270814556547e-06,
    "WLHReal_a0_p": 0.790171634028858,
    "WLHReal_a1_p": 0.00012659257563645357,
    "WLHReal_a2_p": 5.30640534017478e-06,
    "WLHReal_a3_p": 0.05154896452623105,
    "WLHReal_a4_p": 0.5762898304313064,
    "WLHReal_V0_n": 54.89420761308196,
    "WLHReal_V1_n": 0.25285799176074236,
    "WLHReal_V2_n": 0.00022519050738196235,
    "WLHReal_V3_n": 1.223730752801745e-07,
    "WLHReal_V4_n": 23.134473831019932,
    "WLHReal_V5_n": 0.24340349335544192,
    "WLHReal_V6_n": 0.0006161312763921258,
    "WLHReal_r0_n": 1.227822292440511,
    "WLHReal_r1_n": 0.2609175646184836,
    "WLHReal_r2_n": 0.0005763989806604687,
    "WLHReal_r3_n": 4.2439788159355685e-06,
    "WLHReal_a0_n": 0.7140478380302037,
    "WLHReal_a1_n": 0.00027973649558684103,
    "WLHReal_a2_n": 2.487591612719669e-06,
    "WLHReal_a3_n": 0.269760575481465,
    "WLHReal_a4_n": 0.7565189207705394,
    "WLHImagVolume_W0_p": 4.714210009402431,
    "WLHImagVolume_W1_p": 0.25218196111675323,
    "WLHImagVolume_W2_p": 0.0005177793018900959,
    "WLHImagVolume_W3_p": 11.986080852992758,
    "WLHImagVolume_W4_p": 0.08411220041274685,
    "WLHImagVolume_r0_p": 0.5491512573379784,
    "WLHImagVolume_r1_p": 60.26696322413871,
    "WLHImagVolume_r2_p": 0.7376278050344822,
    "WLHImagVolume_r3_p": 68.85481493739736,
    "WLHImagVolume_r4_p": 0.5271271864233272,
    "WLHImagVolume_r5_p": 1.2835558802890321e-06,
    "WLHImagVolume_a0_p": 0.5598515062464239,
    "WLHImagVolume_a1_p": 0.29619880173425195,
    "WLHImagVolume_a2_p": 16.65071038352896,
    "WLHImagVolume_a3_p": 0.4119817863365982,
    "WLHImagVolume_a4_p": 0.002360755900454159,
    "WLHImagVolume_W0_n": 2.2932471558991074,
    "WLHImagVolume_W1_n": 0.19782423912125524,
    "WLHImagVolume_W2_n": -5.2047623047721e-05,
    "WLHImagVolume_W3_n": 8.46796739526721,
    "WLHImagVolume_W4_n": 0.018016774724953857,
    "WLHImagVolume_r0_n": 0.7094706508776385,
    "WLHImagVolume_r1_n": 35.949673705869955,
    "WLHImagVolume_r2_n": 0.5076711136945519,
    "WLHImagVolume_r3_n": 50.97963509992564,
    "WLHImagVolume_r4_n": 1.1687232260018823,
    "WLHImagVolume_r5_n": 3.8009152071500816e-06,
    "WLHImagVolume_a0_n": 0.22346283293807634,
    "WLHImagVolume_a1_n": 0.5868941116050312,
    "WLHImagVolume_a2_n": 9.914448224715516,
    "WLHImagVolume_a3_n": 0.0769705945043434,
    "WLHImagVolume_a4_n": 0.001190418027433803,
    "WLHImagSurface_W0_p": 1.0087248481257125,
    "WLHImagSurface_W1_p": 0.05048914426598611,
    "WLHImagSurface_W2_p": 1.0803605610674099,
    "WLHImagSurface_W3_p": 0.18285536532878824,
    "WLHImagSurface_r0_p": 0.9923543791182298,
    "WLHImagSurface_r1_p": 0.49194564310089617,
    "WLHImagSurface_r2_p": 0.0033877524642938637,
    "WLHImagSurface_a0_p": 0.8143980426721058,
    "WLHImagSurface_W0_n": 0.9295925399099093,
    "WLHImagSurface_W1_n": -0.0038248340499310585,
    "WLHImagSurface_W2_n": 0.4782110687816943,
    "WLHImagSurface_W3_n": 0.0026672760251919003,
    "WLHImagSurface_r0_n": 1.2077189858553112,
    "WLHImagSurface_r1_n": 1.1194035274906042,
    "WLHImagSurface_r2_n": 0.0036868397279918703,
    "WLHImagSurface_a0_n": 0.824252762126552,
    "WLHRealSpinOrbit_V0_p": 9.2759712987754,
    "WLHRealSpinOrbit_V1_p": 0.008313210433518898,
    "WLHRealSpinOrbit_r0_p": 1.2908170695352572,
    "WLHRealSpinOrbit_r1_p": 0.8901310222935425,
    "WLHRealSpinOrbit_a0_p": 0.8111791307062681,
    "WLHRealSpinOrbit_a1_p": 0.00034957735867599646,
    "WLHRealSpinOrbit_V0_n": 10.674717210152833,
    "WLHRealSpinOrbit_V1_n": 0.00891653734491017,
    "WLHRealSpinOrbit_r0_n": 1.2130293722180638,
    "WLHRealSpinOrbit_r1_n": 0.7708838073234769,
    "WLHRealSpinOrbit_a0_n": 0.7619450378449786,
    "WLHRealSpinOrbit_a1_n": 0.00035649585295730686
}