{
    "CH89RealCentral": {
        "V_0": 52.1678,
        "V_t": 19.6346,
        "V_e": -0.380906,
        "r_o": 1.22169,
        "r_o_0": -0.0868141,
        "a_0": 0.718866
    },
    "CH89Coulomb": {
        "r_c": 1.05899,
        "r_c_0": 0.0697708
    },
    "CH89SpinOrbit": {
        "V_so": 5.23937,
        "r_so": 1.51648,
        "r_so_0": -1.74902,
        "a_so": 0.637158
    },
    "CH89ImagCentral": {
        "W_v0": 11.0814,
        "W_ve0": 45.8627,
        "W_vew": 35.382,
        "W_s0": 8.69374,
        "W_st": 28.1438,
        "W_se0": 36.6226,
        "W_sew": 50.1049,
        "r_w": 1.37186,
        "r_w0": -0.836743,
        "a_w": 0.675625
    }
}