{
    "ECS_p": 0.244293,
    "ECS_n": 0.48417,
    "APower_p": 0.735197,
    "APower_n": 0.693877
}