{
    "ECS_p": 0.38482,
    "ECS_n": 0.276605,
    "APower_p": 0.900386,
    "APower_n": 0.267045
}