{
    "WLHReal_V0_p": 54.61241748885605,
    "WLHReal_V1_p": 0.27991439684673425,
    "WLHReal_V2_p": 9.594005990860239e-05,
    "WLHReal_V3_p": 9.569311758112088e-07,
    "WLHReal_V4_p": 14.585667271831921,
    "WLHReal_V5_p": 0.13935283616003447,
    "WLHReal_V6_p": 0.0002868084298597877,
    "WLHReal_r0_p": 1.2759639045058984,
    "WLHReal_r1_p": 0.3040462151801534,
    "WLHReal_r2_p": 0.0006141500696259754,
    "WLHReal_r3_p": 4.381545554754448e-06,
    "WLHReal_a0_p": 0.7639967953576805,
    "WLHReal_a1_p": 0.00019376546811181205,
    "WLHReal_a2_p": 2.9577791597455154e-06,
    "WLHReal_a3_p": 0.05086618284836496,
    "WLHReal_a4_p": 0.51012635601408,
    "WLHReal_V0_n": 53.24377449645889,
    "WLHReal_V1_n": 0.2781748762777328,
    "WLHReal_V2_n": -0.0008900938628634944,
    "WLHReal_V3_n": 3.87193745547294e-06,
    "WLHReal_V4_n": 20.82292905881017,
    "WLHReal_V5_n": 0.33228747689596416,
    "WLHReal_V6_n": 0.0016800406195291054,
    "WLHReal_r0_n": 1.3208321695054135,
    "WLHReal_r1_n": 0.30789019680132096,
    "WLHReal_r2_n": 0.0012997170274503533,
    "WLHReal_r3_n": 1.6177401473130386e-05,
    "WLHReal_a0_n": 0.7743154802879146,
    "WLHReal_a1_n": 0.0012306631572850894,
    "WLHReal_a2_n": 1.8751237525862088e-05,
    "WLHReal_a3_n": 0.3418099268756095,
    "WLHReal_a4_n": 1.0827330632713725,
    "WLHImagVolume_W0_p": 3.82089564323321,
    "WLHImagVolume_W1_p": 0.21120328153582638,
    "WLHImagVolume_W2_p": 0.00016056997416653978,
    "WLHImagVolume_W3_p": 11.05397503709723,
    "WLHImagVolume_W4_p": 0.07267279819476911,
    "WLHImagVolume_r0_p": 0.7186332451811254,
    "WLHImagVolume_r1_p": 29.95325286171313,
    "WLHImagVolume_r2_p": 0.5059170408652066,
    "WLHImagVolume_r3_p": 42.39922671877808,
    "WLHImagVolume_r4_p": 0.7382401772595178,
    "WLHImagVolume_r5_p": 2.124783962061918e-06,
    "WLHImagVolume_a0_p": 0.5599787298616447,
    "WLHImagVolume_a1_p": 0.2416400396345221,
    "WLHImagVolume_a2_p": 11.305582425709156,
    "WLHImagVolume_a3_p": 0.42850958277504625,
    "WLHImagVolume_a4_p": 0.0025135038054436287,
    "WLHImagVolume_W0_n": 4.2914451260657405,
    "WLHImagVolume_W1_n": 0.3188676963980618,
    "WLHImagVolume_W2_n": 0.0006085660344382894,
    "WLHImagVolume_W3_n": 11.427827601578086,
    "WLHImagVolume_W4_n": 0.029955471584598027,
    "WLHImagVolume_r0_n": 0.678529337792633,
    "WLHImagVolume_r1_n": 61.23079385877357,
    "WLHImagVolume_r2_n": 0.6373687850721969,
    "WLHImagVolume_r3_n": 88.42596372980736,
    "WLHImagVolume_r4_n": 1.0904241694583936,
    "WLHImagVolume_r5_n": 5.6103617690355375e-06,
    "WLHImagVolume_a0_n": 0.3189918135590692,
    "WLHImagVolume_a1_n": 0.5174674367255929,
    "WLHImagVolume_a2_n": 2.9888608603001696,
    "WLHImagVolume_a3_n": 0.01890401140205008,
    "WLHImagVolume_a4_n": 0.0005514092399380653,
    "WLHImagSurface_W0_p": 0.9181005489938904,
    "WLHImagSurface_W1_p": 0.034145133635938386,
    "WLHImagSurface_W2_p": 1.1933690618916708,
    "WLHImagSurface_W3_p": 0.12195383633068091,
    "WLHImagSurface_r0_p": 0.9257291036332477,
    "WLHImagSurface_r1_p": 0.5431452836278916,
    "WLHImagSurface_r2_p": 0.005742794269167242,
    "WLHImagSurface_a0_p": 0.6659399318826634,
    "WLHImagSurface_W0_n": 1.7043612141088174,
    "WLHImagSurface_W1_n": 0.05312858032483607,
    "WLHImagSurface_W2_n": 2.1689110437470482,
    "WLHImagSurface_W3_n": 0.17520722348674406,
    "WLHImagSurface_r0_n": 1.2575287552277548,
    "WLHImagSurface_r1_n": 1.6023775060908227,
    "WLHImagSurface_r2_n": 0.0021413415128220085,
    "WLHImagSurface_a0_n": 0.8699975317223064,
    "WLHRealSpinOrbit_V0_p": 10.035716600385939,
    "WLHRealSpinOrbit_V1_p": 0.008602310278979574,
    "WLHRealSpinOrbit_r0_p": 1.248344308365542,
    "WLHRealSpinOrbit_r1_p": 0.8186178514733806,
    "WLHRealSpinOrbit_a0_p": 0.7820171823205881,
    "WLHRealSpinOrbit_a1_p": 0.00036333332435828413,
    "WLHRealSpinOrbit_V0_n": 9.864593485703972,
    "WLHRealSpinOrbit_V1_n": 0.00925194865562884,
    "WLHRealSpinOrbit_r0_n": 1.3140094679042646,
    "WLHRealSpinOrbit_r1_n": 0.9490980468853243,
    "WLHRealSpinOrbit_a0_n": 0.8454092216080776,
    "WLHRealSpinOrbit_a1_n": 0.0003127931538710401
}