{
    "WLHReal_V0_p": 55.02501414555462,
    "WLHReal_V1_p": 0.2930207274254434,
    "WLHReal_V2_p": 0.00024126572727861876,
    "WLHReal_V3_p": 8.799301526820887e-07,
    "WLHReal_V4_p": 14.436037740959565,
    "WLHReal_V5_p": 0.13629162583647775,
    "WLHReal_V6_p": 0.00022757350063536968,
    "WLHReal_r0_p": 1.2686870763180076,
    "WLHReal_r1_p": 0.3032963432704084,
    "WLHReal_r2_p": 0.0006082323290296241,
    "WLHReal_r3_p": 3.7306240442155507e-06,
    "WLHReal_a0_p": 0.7608951037127696,
    "WLHReal_a1_p": 0.00018144683801067006,
    "WLHReal_a2_p": 1.8899568933965689e-06,
    "WLHReal_a3_p": 0.06903487099154579,
    "WLHReal_a4_p": 0.5317837427932239,
    "WLHReal_V0_n": 55.65773512703756,
    "WLHReal_V1_n": 0.28197439548267655,
    "WLHReal_V2_n": -3.340144924775479e-05,
    "WLHReal_V3_n": 1.4332159325954098e-06,
    "WLHReal_V4_n": 22.163796731611882,
    "WLHReal_V5_n": 0.2693467606257087,
    "WLHReal_V6_n": 0.0009196080432789009,
    "WLHReal_r0_n": 1.2428502117190123,
    "WLHReal_r1_n": 0.2601793990668373,
    "WLHReal_r2_n": 0.0008084543214400395,
    "WLHReal_r3_n": 7.629630478249184e-06,
    "WLHReal_a0_n": 0.732009350404409,
    "WLHReal_a1_n": 0.0005546262864079073,
    "WLHReal_a2_n": 7.814550042083661e-06,
    "WLHReal_a3_n": 0.29071040178739416,
    "WLHReal_a4_n": 0.8762128279355611,
    "WLHImagVolume_W0_p": 3.6037343659355927,
    "WLHImagVolume_W1_p": 0.2150526115503769,
    "WLHImagVolume_W2_p": 0.00024135447030678483,
    "WLHImagVolume_W3_p": 11.721842315006148,
    "WLHImagVolume_W4_p": 0.06978195375482311,
    "WLHImagVolume_r0_p": 0.6484776898806619,
    "WLHImagVolume_r1_p": 40.21165183617151,
    "WLHImagVolume_r2_p": 0.5708144784434688,
    "WLHImagVolume_r3_p": 50.98396698186302,
    "WLHImagVolume_r4_p": 0.6846911953017237,
    "WLHImagVolume_r5_p": 1.7479406079024686e-06,
    "WLHImagVolume_a0_p": 0.5395557473957513,
    "WLHImagVolume_a1_p": 0.26250537633474363,
    "WLHImagVolume_a2_p": 13.03785863760581,
    "WLHImagVolume_a3_p": 0.4070584171548084,
    "WLHImagVolume_a4_p": 0.0021733029998965117,
    "WLHImagVolume_W0_n": 3.2181629900506747,
    "WLHImagVolume_W1_n": 0.260018486046746,
    "WLHImagVolume_W2_n": 0.0002511805782839839,
    "WLHImagVolume_W3_n": 10.054087336917387,
    "WLHImagVolume_W4_n": 0.03844949360362063,
    "WLHImagVolume_r0_n": 0.6939800482779571,
    "WLHImagVolume_r1_n": 43.98528313321263,
    "WLHImagVolume_r2_n": 0.5441920472943877,
    "WLHImagVolume_r3_n": 63.25882362754528,
    "WLHImagVolume_r4_n": 1.1213436571354705,
    "WLHImagVolume_r5_n": 4.329465117192703e-06,
    "WLHImagVolume_a0_n": 0.24781084989726432,
    "WLHImagVolume_a1_n": 0.5628226234666904,
    "WLHImagVolume_a2_n": 6.924060611224166,
    "WLHImagVolume_a3_n": 0.034527983800782244,
    "WLHImagVolume_a4_n": 0.0007754867934875321,
    "WLHImagSurface_W0_p": 1.0390219627827686,
    "WLHImagSurface_W1_p": 0.043692473679995784,
    "WLHImagSurface_W2_p": 1.3284925310615776,
    "WLHImagSurface_W3_p": 0.15417345232276986,
    "WLHImagSurface_r0_p": 0.9959278980398807,
    "WLHImagSurface_r1_p": 0.6527856378221707,
    "WLHImagSurface_r2_p": 0.006506254352492666,
    "WLHImagSurface_a0_p": 0.722184969574836,
    "WLHImagSurface_W0_n": 1.444521327840625,
    "WLHImagSurface_W1_n": 0.021225157906508724,
    "WLHImagSurface_W2_n": 1.3123672691847859,
    "WLHImagSurface_W3_n": 0.068220200076328,
    "WLHImagSurface_r0_n": 1.2216473110279724,
    "WLHImagSurface_r1_n": 1.3110821932959422,
    "WLHImagSurface_r2_n": 0.003494957959120466,
    "WLHImagSurface_a0_n": 0.8314959021305944,
    "WLHRealSpinOrbit_V0_p": 9.975740561353007,
    "WLHRealSpinOrbit_V1_p": 0.008446746162954582,
    "WLHRealSpinOrbit_r0_p": 1.2376349210966502,
    "WLHRealSpinOrbit_r1_p": 0.8038197099816723,
    "WLHRealSpinOrbit_a0_p": 0.7728973828426341,
    "WLHRealSpinOrbit_a1_p": 0.00036129888738736413,
    "WLHRealSpinOrbit_V0_n": 10.497617280753351,
    "WLHRealSpinOrbit_V1_n": 0.009049070945394819,
    "WLHRealSpinOrbit_r0_n": 1.232690404145805,
    "WLHRealSpinOrbit_r1_n": 0.8208137547083451,
    "WLHRealSpinOrbit_a0_n": 0.7830812657946477,
    "WLHRealSpinOrbit_a1_n": 0.00032385396663511053
}