{
    "WLHReal_V0_p": 54.17728523320569,
    "WLHReal_V1_p": 0.3210429091300592,
    "WLHReal_V2_p": -0.0001771920642354462,
    "WLHReal_V3_p": 2.7253555410498824e-06,
    "WLHReal_V4_p": 11.94622243536833,
    "WLHReal_V5_p": 0.12773605466122973,
    "WLHReal_V6_p": 0.00033978521039686014,
    "WLHReal_r0_p": 1.305941352659243,
    "WLHReal_r1_p": 0.2701874018790072,
    "WLHReal_r2_p": 0.0009934399086301408,
    "WLHReal_r3_p": 8.809545403228282e-06,
    "WLHReal_a0_p": 0.7891178069139688,
    "WLHReal_a1_p": 0.00010410445429546777,
    "WLHReal_a2_p": 6.844204955557977e-06,
    "WLHReal_a3_p": 0.05704142068402908,
    "WLHReal_a4_p": 0.6243224683654091,
    "WLHReal_V0_n": 49.216986931943595,
    "WLHReal_V1_n": 0.2660495304678899,
    "WLHReal_V2_n": -0.0008447064445566075,
    "WLHReal_V3_n": 4.760462575183253e-06,
    "WLHReal_V4_n": 20.829101450395093,
    "WLHReal_V5_n": 0.3134974986373273,
    "WLHReal_V6_n": 0.0016012012478344006,
    "WLHReal_r0_n": 1.331388372674897,
    "WLHReal_r1_n": 0.2527164895158449,
    "WLHReal_r2_n": 0.0013310615938292602,
    "WLHReal_r3_n": 1.6941668434598124e-05,
    "WLHReal_a0_n": 0.7678268935363236,
    "WLHReal_a1_n": 0.0014637866787567987,
    "WLHReal_a2_n": 2.093126465780424e-05,
    "WLHReal_a3_n": 0.3906070012068112,
    "WLHReal_a4_n": 1.1417104341720468,
    "WLHImagVolume_W0_p": 4.787760737853427,
    "WLHImagVolume_W1_p": 0.25622834589783217,
    "WLHImagVolume_W2_p": 0.00048165983155314487,
    "WLHImagVolume_W3_p": 12.788246930696108,
    "WLHImagVolume_W4_p": 0.0827650726260739,
    "WLHImagVolume_r0_p": 0.622780595404088,
    "WLHImagVolume_r1_p": 55.21699884846184,
    "WLHImagVolume_r2_p": 0.651232383281501,
    "WLHImagVolume_r3_p": 68.4801974034461,
    "WLHImagVolume_r4_p": 0.6247968683836199,
    "WLHImagVolume_r5_p": 1.358059093144234e-06,
    "WLHImagVolume_a0_p": 0.5640918906403555,
    "WLHImagVolume_a1_p": 0.28190714133014166,
    "WLHImagVolume_a2_p": 15.564219991825624,
    "WLHImagVolume_a3_p": 0.419532126245469,
    "WLHImagVolume_a4_p": 0.0024554516424963625,
    "WLHImagVolume_W0_n": 3.2753038056662716,
    "WLHImagVolume_W1_n": 0.21759265674359637,
    "WLHImagVolume_W2_n": 0.00048286867023764437,
    "WLHImagVolume_W3_n": 8.901757719837034,
    "WLHImagVolume_W4_n": -0.012889177507799322,
    "WLHImagVolume_r0_n": 0.5939567484425333,
    "WLHImagVolume_r1_n": 90.93264134179097,
    "WLHImagVolume_r2_n": 0.7324740831445234,
    "WLHImagVolume_r3_n": 100.71578581019807,
    "WLHImagVolume_r4_n": 0.8959485488585177,
    "WLHImagVolume_r5_n": 5.0612083274776505e-06,
    "WLHImagVolume_a0_n": 0.2708077513934344,
    "WLHImagVolume_a1_n": 0.5500592802131308,
    "WLHImagVolume_a2_n": 5.355207696968972,
    "WLHImagVolume_a3_n": 0.0506937615264255,
    "WLHImagVolume_a4_n": 0.00023718174443954722,
    "WLHImagSurface_W0_p": 0.8199286336905858,
    "WLHImagSurface_W1_p": 0.027492330794627574,
    "WLHImagSurface_W2_p": 0.274343475090274,
    "WLHImagSurface_W3_p": 0.0884653903938361,
    "WLHImagSurface_r0_p": 0.9648710619448166,
    "WLHImagSurface_r1_p": 0.43378023104316765,
    "WLHImagSurface_r2_p": 0.003090947670315345,
    "WLHImagSurface_a0_p": 0.8197582182433355,
    "WLHImagSurface_W0_n": 1.4182857177836263,
    "WLHImagSurface_W1_n": 0.04642268363085845,
    "WLHImagSurface_W2_n": 1.8351762529515017,
    "WLHImagSurface_W3_n": 0.16605814946416797,
    "WLHImagSurface_r0_n": 1.3080802143938077,
    "WLHImagSurface_r1_n": 1.5602541012274431,
    "WLHImagSurface_r2_n": 0.001938635221830603,
    "WLHImagSurface_a0_n": 0.8810807538031638,
    "WLHRealSpinOrbit_V0_p": 9.567890414650755,
    "WLHRealSpinOrbit_V1_p": 0.008570016358508516,
    "WLHRealSpinOrbit_r0_p": 1.2792991715707795,
    "WLHRealSpinOrbit_r1_p": 0.8872482185765596,
    "WLHRealSpinOrbit_a0_p": 0.8100625334898405,
    "WLHRealSpinOrbit_a1_p": 0.00032931250157735485,
    "WLHRealSpinOrbit_V0_n": 9.356313833059344,
    "WLHRealSpinOrbit_V1_n": 0.008798302024359068,
    "WLHRealSpinOrbit_r0_n": 1.329152361210291,
    "WLHRealSpinOrbit_r1_n": 0.9532107349648615,
    "WLHRealSpinOrbit_a0_n": 0.8466409906872976,
    "WLHRealSpinOrbit_a1_n": 0.00034643159412486114
}