{
    "ECS_p": 0.323818,
    "ECS_n": 0.521985,
    "APower_p": 0.803161,
    "APower_n": 0.417777
}