{
    "WLHReal_V0_p": 51.92641028208115,
    "WLHReal_V1_p": 0.29058813345030843,
    "WLHReal_V2_p": -0.0002604432947834151,
    "WLHReal_V3_p": 2.6231989830165573e-06,
    "WLHReal_V4_p": 12.781484464560494,
    "WLHReal_V5_p": 0.11885896749933023,
    "WLHReal_V6_p": 0.00034265511190540186,
    "WLHReal_r0_p": 1.3055907031669975,
    "WLHReal_r1_p": 0.23749190449729202,
    "WLHReal_r2_p": 0.0008951074586928547,
    "WLHReal_r3_p": 9.271830014973208e-06,
    "WLHReal_a0_p": 0.778424898864429,
    "WLHReal_a1_p": 1.1557976323204477e-05,
    "WLHReal_a2_p": 7.5670826023698046e-06,
    "WLHReal_a3_p": 0.01884858179064492,
    "WLHReal_a4_p": 0.5457534569109515,
    "WLHReal_V0_n": 57.03651812204848,
    "WLHReal_V1_n": 0.33475707245260133,
    "WLHReal_V2_n": 0.0005650063375762426,
    "WLHReal_V3_n": -2.2863932070779697e-07,
    "WLHReal_V4_n": 21.238656199703644,
    "WLHReal_V5_n": 0.23743971204590902,
    "WLHReal_V6_n": 0.00041585148839034267,
    "WLHReal_r0_n": 1.227011104473384,
    "WLHReal_r1_n": 0.2903232539256611,
    "WLHReal_r2_n": 0.0004865735016335733,
    "WLHReal_r3_n": 6.011651868653221e-07,
    "WLHReal_a0_n": 0.7072037624654997,
    "WLHReal_a1_n": 0.00023071980638978296,
    "WLHReal_a2_n": -2.1556504885007163e-07,
    "WLHReal_a3_n": 0.20250222210641564,
    "WLHReal_a4_n": 0.6905815472974595,
    "WLHImagVolume_W0_p": 4.285250664342057,
    "WLHImagVolume_W1_p": 0.18993205420047682,
    "WLHImagVolume_W2_p": 0.00023049536504572455,
    "WLHImagVolume_W3_p": 10.215662354291888,
    "WLHImagVolume_W4_p": 0.06830956428008012,
    "WLHImagVolume_r0_p": 0.7255936178749083,
    "WLHImagVolume_r1_p": 42.97597931057689,
    "WLHImagVolume_r2_p": 0.5529821631361015,
    "WLHImagVolume_r3_p": 58.64825076066245,
    "WLHImagVolume_r4_p": 0.6737918473341687,
    "WLHImagVolume_r5_p": 1.8309438104798501e-06,
    "WLHImagVolume_a0_p": 0.5613605625346548,
    "WLHImagVolume_a1_p": 0.2705996993320737,
    "WLHImagVolume_a2_p": 14.75196348393156,
    "WLHImagVolume_a3_p": 0.409285772310628,
    "WLHImagVolume_a4_p": 0.002343493458966325,
    "WLHImagVolume_W0_n": 2.564129810646409,
    "WLHImagVolume_W1_n": 0.2668645016002959,
    "WLHImagVolume_W2_n": 0.0005173370590240932,
    "WLHImagVolume_W3_n": 8.718068932695482,
    "WLHImagVolume_W4_n": 0.07119469567159208,
    "WLHImagVolume_r0_n": 0.5163332967040654,
    "WLHImagVolume_r1_n": 74.97542297979466,
    "WLHImagVolume_r2_n": 0.7081119323830921,
    "WLHImagVolume_r3_n": 73.43701647376707,
    "WLHImagVolume_r4_n": 0.8483374619235852,
    "WLHImagVolume_r5_n": 1.784418890816246e-06,
    "WLHImagVolume_a0_n": 0.1726883765230957,
    "WLHImagVolume_a1_n": 0.6258694111730075,
    "WLHImagVolume_a2_n": 8.059216573198036,
    "WLHImagVolume_a3_n": 0.02206192094063552,
    "WLHImagVolume_a4_n": 0.00038310307738261375,
    "WLHImagSurface_W0_p": 0.7969145603038821,
    "WLHImagSurface_W1_p": 0.022568382865766706,
    "WLHImagSurface_W2_p": 0.36104205215295576,
    "WLHImagSurface_W3_p": 0.06571177935295183,
    "WLHImagSurface_r0_p": 0.9260325159431892,
    "WLHImagSurface_r1_p": 0.24199678902268745,
    "WLHImagSurface_r2_p": 0.003037580588155223,
    "WLHImagSurface_a0_p": 0.7983905026058561,
    "WLHImagSurface_W0_n": 2.13106282020373,
    "WLHImagSurface_W1_n": 0.03634881978160243,
    "WLHImagSurface_W2_n": 2.8787064196374406,
    "WLHImagSurface_W3_n": 0.11020110918718576,
    "WLHImagSurface_r0_n": 1.273761019040589,
    "WLHImagSurface_r1_n": 1.3935412869271648,
    "WLHImagSurface_r2_n": 0.004771893481302266,
    "WLHImagSurface_a0_n": 0.8082649052490056,
    "WLHRealSpinOrbit_V0_p": 9.554486850358321,
    "WLHRealSpinOrbit_V1_p": 0.00859137456262144,
    "WLHRealSpinOrbit_r0_p": 1.2905313825286306,
    "WLHRealSpinOrbit_r1_p": 0.890660390169644,
    "WLHRealSpinOrbit_a0_p": 0.8150195142182836,
    "WLHRealSpinOrbit_a1_p": 0.00035264276485623,
    "WLHRealSpinOrbit_V0_n": 10.01347072059882,
    "WLHRealSpinOrbit_V1_n": 0.008254876553637604,
    "WLHRealSpinOrbit_r0_n": 1.2025580085661314,
    "WLHRealSpinOrbit_r1_n": 0.7708685078378651,
    "WLHRealSpinOrbit_a0_n": 0.7508237547816792,
    "WLHRealSpinOrbit_a1_n": 0.00033016819263140154
}