{
    "CH89RealCentral": {
        "V_0": 53.8935,
        "V_t": 18.564,
        "V_e": -0.333259,
        "r_o": 1.18493,
        "r_o_0": -0.0573956,
        "a_0": 0.702984
    },
    "CH89Coulomb": {
        "r_c": 1.16955,
        "r_c_0": 0.283345
    },
    "CH89SpinOrbit": {
        "V_so": 4.81706,
        "r_so": 1.45838,
        "r_so_0": -1.85315,
        "a_so": 0.511063
    },
    "CH89ImagCentral": {
        "W_v0": 9.12471,
        "W_ve0": 32.4309,
        "W_vew": 27.6229,
        "W_s0": 9.675,
        "W_st": 11.3546,
        "W_se0": 35.0829,
        "W_sew": 85.8408,
        "r_w": 1.19801,
        "r_w0": -0.106646,
        "a_w": 0.764695
    }
}