{
    "ECS_p": 0.208261,
    "ECS_n": 0.40423,
    "APower_p": 0.849357,
    "APower_n": 0.293263
}