{
    "CH89RealCentral": {
        "V_0": 56.157,
        "V_t": 16.6892,
        "V_e": -0.345982,
        "r_o": 1.15102,
        "r_o_0": -0.0451739,
        "a_0": 0.764791
    },
    "CH89Coulomb": {
        "r_c": 1.05319,
        "r_c_0": 0.0379924
    },
    "CH89SpinOrbit": {
        "V_so": 6.3402,
        "r_so": 1.15442,
        "r_so_0": -0.466701,
        "a_so": 0.604212
    },
    "CH89ImagCentral": {
        "W_v0": 10.5215,
        "W_ve0": 37.4543,
        "W_vew": 19.9382,
        "W_s0": 11.7442,
        "W_st": 31.3602,
        "W_se0": 13.25,
        "W_sew": 31.3398,
        "r_w": 1.29473,
        "r_w0": -0.0479671,
        "a_w": 0.683535
    }
}