{
    "ECS_p": 0.382178,
    "ECS_n": 0.360319,
    "APower_p": 0.862132,
    "APower_n": 0.593952
}