{
    "WLHReal_V0_p": 52.72408450453368,
    "WLHReal_V1_p": 0.27058886946824795,
    "WLHReal_V2_p": -5.773079804600239e-05,
    "WLHReal_V3_p": 1.2318500313872083e-06,
    "WLHReal_V4_p": 14.331397728727966,
    "WLHReal_V5_p": 0.12855856682020936,
    "WLHReal_V6_p": 0.00030628555906240916,
    "WLHReal_r0_p": 1.2859366509634624,
    "WLHReal_r1_p": 0.2678761221003909,
    "WLHReal_r2_p": 0.0006643835525096446,
    "WLHReal_r3_p": 5.706565508473439e-06,
    "WLHReal_a0_p": 0.7641669716921314,
    "WLHReal_a1_p": 9.13419956143827e-05,
    "WLHReal_a2_p": 4.564587041345922e-06,
    "WLHReal_a3_p": 0.02378406939750163,
    "WLHReal_a4_p": 0.4880814040407767,
    "WLHReal_V0_n": 50.236313837181335,
    "WLHReal_V1_n": 0.28413392643669844,
    "WLHReal_V2_n": -0.0004558357296150661,
    "WLHReal_V3_n": 3.974136070331164e-06,
    "WLHReal_V4_n": 20.42541030892737,
    "WLHReal_V5_n": 0.2950446905123138,
    "WLHReal_V6_n": 0.0012128020179728819,
    "WLHReal_r0_n": 1.3343208189573816,
    "WLHReal_r1_n": 0.33130773343317144,
    "WLHReal_r2_n": 0.0010019567880653806,
    "WLHReal_r3_n": 1.0187015073755157e-05,
    "WLHReal_a0_n": 0.7488729565078064,
    "WLHReal_a1_n": 0.00108388922644897,
    "WLHReal_a2_n": 1.2869983567416542e-05,
    "WLHReal_a3_n": 0.2888488844750525,
    "WLHReal_a4_n": 0.910512589412718,
    "WLHImagVolume_W0_p": 3.7528207851932818,
    "WLHImagVolume_W1_p": 0.17513628453384472,
    "WLHImagVolume_W2_p": 7.752113924450643e-05,
    "WLHImagVolume_W3_p": 9.657619852103084,
    "WLHImagVolume_W4_p": 0.06482095875253449,
    "WLHImagVolume_r0_p": 0.7630194098870043,
    "WLHImagVolume_r1_p": 29.39233564242402,
    "WLHImagVolume_r2_p": 0.48188439104212977,
    "WLHImagVolume_r3_p": 43.88685963641926,
    "WLHImagVolume_r4_p": 0.7350894887899125,
    "WLHImagVolume_r5_p": 1.8534290302017446e-06,
    "WLHImagVolume_a0_p": 0.5586333686137404,
    "WLHImagVolume_a1_p": 0.24730753488096197,
    "WLHImagVolume_a2_p": 12.18457955295691,
    "WLHImagVolume_a3_p": 0.41681498901664316,
    "WLHImagVolume_a4_p": 0.002396586534514966,
    "WLHImagVolume_W0_n": 2.6231159138052758,
    "WLHImagVolume_W1_n": 0.2288046385202666,
    "WLHImagVolume_W2_n": 0.0006135576310446288,
    "WLHImagVolume_W3_n": 7.714705710856041,
    "WLHImagVolume_W4_n": 0.008936331070622281,
    "WLHImagVolume_r0_n": 0.4811417465577434,
    "WLHImagVolume_r1_n": 104.85298655953636,
    "WLHImagVolume_r2_n": 0.8430413465133857,
    "WLHImagVolume_r3_n": 102.84278288212062,
    "WLHImagVolume_r4_n": 0.7765063035620863,
    "WLHImagVolume_r5_n": 3.2733429065799483e-06,
    "WLHImagVolume_a0_n": 0.23263510731570783,
    "WLHImagVolume_a1_n": 0.5973524923204894,
    "WLHImagVolume_a2_n": 6.7597002408672004,
    "WLHImagVolume_a3_n": 0.06589032511857186,
    "WLHImagVolume_a4_n": 0.000394416379693453,
    "WLHImagSurface_W0_p": 0.8723535438305261,
    "WLHImagSurface_W1_p": 0.0285851844858914,
    "WLHImagSurface_W2_p": 0.9607782824394903,
    "WLHImagSurface_W3_p": 0.09485738884242574,
    "WLHImagSurface_r0_p": 0.911192844894421,
    "WLHImagSurface_r1_p": 0.36087676715099715,
    "WLHImagSurface_r2_p": 0.004824233788620413,
    "WLHImagSurface_a0_p": 0.7032045381983536,
    "WLHImagSurface_W0_n": 1.7128765847155125,
    "WLHImagSurface_W1_n": 0.05051510400200651,
    "WLHImagSurface_W2_n": 2.8898268994038143,
    "WLHImagSurface_W3_n": 0.18705355955388278,
    "WLHImagSurface_r0_n": 1.334239761765363,
    "WLHImagSurface_r1_n": 1.580966163755662,
    "WLHImagSurface_r2_n": 0.0027342510436780816,
    "WLHImagSurface_a0_n": 0.865896742542763,
    "WLHRealSpinOrbit_V0_p": 9.861309670623324,
    "WLHRealSpinOrbit_V1_p": 0.008600497718687759,
    "WLHRealSpinOrbit_r0_p": 1.2674106808494574,
    "WLHRealSpinOrbit_r1_p": 0.8442189098769664,
    "WLHRealSpinOrbit_a0_p": 0.7951553693936738,
    "WLHRealSpinOrbit_a1_p": 0.000369631030951821,
    "WLHRealSpinOrbit_V0_n": 9.033747393561137,
    "WLHRealSpinOrbit_V1_n": 0.008234338380312567,
    "WLHRealSpinOrbit_r0_n": 1.313179832264406,
    "WLHRealSpinOrbit_r1_n": 0.9130174161587021,
    "WLHRealSpinOrbit_a0_n": 0.8237989994359228,
    "WLHRealSpinOrbit_a1_n": 0.00036918725077970076
}