{
    "WLHReal_V0_p": 50.98391033067652,
    "WLHReal_V1_p": 0.26663046293066184,
    "WLHReal_V2_p": -0.0005337050095986541,
    "WLHReal_V3_p": 3.377401721453735e-06,
    "WLHReal_V4_p": 12.951240439074263,
    "WLHReal_V5_p": 0.1276821009732422,
    "WLHReal_V6_p": 0.00045783969333261726,
    "WLHReal_r0_p": 1.32720005514808,
    "WLHReal_r1_p": 0.25884461843925155,
    "WLHReal_r2_p": 0.0008610002163431408,
    "WLHReal_r3_p": 9.541060675030727e-06,
    "WLHReal_a0_p": 0.785079270809918,
    "WLHReal_a1_p": 3.6386795318490495e-05,
    "WLHReal_a2_p": 8.430070662115657e-06,
    "WLHReal_a3_p": -0.015759889347924078,
    "WLHReal_a4_p": 0.4944847872382155,
    "WLHReal_V0_n": 54.660571889900744,
    "WLHReal_V1_n": 0.2999675644040804,
    "WLHReal_V2_n": 0.0006456497424972538,
    "WLHReal_V3_n": -6.07262041370587e-08,
    "WLHReal_V4_n": 21.824423209470144,
    "WLHReal_V5_n": 0.22218472920832993,
    "WLHReal_V6_n": 0.0002393305841961919,
    "WLHReal_r0_n": 1.2402596775142773,
    "WLHReal_r1_n": 0.3134908766663196,
    "WLHReal_r2_n": 0.0003296489101305486,
    "WLHReal_r3_n": -1.3966961436510437e-06,
    "WLHReal_a0_n": 0.6962241323086442,
    "WLHReal_a1_n": 0.00012106162216891719,
    "WLHReal_a2_n": -2.954048160441234e-06,
    "WLHReal_a3_n": 0.18548619908620154,
    "WLHReal_a4_n": 0.5889870056173295,
    "WLHImagVolume_W0_p": 4.678689201400041,
    "WLHImagVolume_W1_p": 0.18247995692253996,
    "WLHImagVolume_W2_p": 0.00010612951038845153,
    "WLHImagVolume_W3_p": 8.788490218359515,
    "WLHImagVolume_W4_p": 0.0741007758926133,
    "WLHImagVolume_r0_p": 0.8255421004342274,
    "WLHImagVolume_r1_p": 26.951019197852347,
    "WLHImagVolume_r2_p": 0.46838172025778707,
    "WLHImagVolume_r3_p": 44.175893400131336,
    "WLHImagVolume_r4_p": 0.7349170293730276,
    "WLHImagVolume_r5_p": 1.7627814281213873e-06,
    "WLHImagVolume_a0_p": 0.5967176678934145,
    "WLHImagVolume_a1_p": 0.23907863512963665,
    "WLHImagVolume_a2_p": 12.136866336205848,
    "WLHImagVolume_a3_p": 0.4448616530152515,
    "WLHImagVolume_a4_p": 0.0029189294380040326,
    "WLHImagVolume_W0_n": 1.5260981064088093,
    "WLHImagVolume_W1_n": 0.19673428578390054,
    "WLHImagVolume_W2_n": 0.0002884480898443611,
    "WLHImagVolume_W3_n": 6.600133940107651,
    "WLHImagVolume_W4_n": 0.03974117083797443,
    "WLHImagVolume_r0_n": 0.4899968870835205,
    "WLHImagVolume_r1_n": 80.31933523057835,
    "WLHImagVolume_r2_n": 0.73942407611097,
    "WLHImagVolume_r3_n": 70.85362961495336,
    "WLHImagVolume_r4_n": 0.8314042504002079,
    "WLHImagVolume_r5_n": 1.4781574758607186e-06,
    "WLHImagVolume_a0_n": 0.1526355463708855,
    "WLHImagVolume_a1_n": 0.6537860485095004,
    "WLHImagVolume_a2_n": 10.924607375024102,
    "WLHImagVolume_a3_n": 0.07611835268011086,
    "WLHImagVolume_a4_n": 0.0007647524608268049,
    "WLHImagSurface_W0_p": 0.6372312257077495,
    "WLHImagSurface_W1_p": 0.012569095580264405,
    "WLHImagSurface_W2_p": 0.34725355191557794,
    "WLHImagSurface_W3_p": 0.03690636204660008,
    "WLHImagSurface_r0_p": 0.8099326152748405,
    "WLHImagSurface_r1_p": 0.05789569631370933,
    "WLHImagSurface_r2_p": 0.0016696192062807765,
    "WLHImagSurface_a0_p": 0.7009933534806303,
    "WLHImagSurface_W0_n": 1.6160884152565513,
    "WLHImagSurface_W1_n": 0.01769830070973106,
    "WLHImagSurface_W2_n": 2.344272758514835,
    "WLHImagSurface_W3_n": 0.07367667799611241,
    "WLHImagSurface_r0_n": 1.285433509583612,
    "WLHImagSurface_r1_n": 1.267741366407706,
    "WLHImagSurface_r2_n": 0.004626280282464538,
    "WLHImagSurface_a0_n": 0.8128471356362756,
    "WLHRealSpinOrbit_V0_p": 9.551194875669745,
    "WLHRealSpinOrbit_V1_p": 0.008785983935209019,
    "WLHRealSpinOrbit_r0_p": 1.314681033541806,
    "WLHRealSpinOrbit_r1_p": 0.9205903901136568,
    "WLHRealSpinOrbit_a0_p": 0.83278351545799,
    "WLHRealSpinOrbit_a1_p": 0.0003617710221398582,
    "WLHRealSpinOrbit_V0_n": 9.82890901361263,
    "WLHRealSpinOrbit_V1_n": 0.00797059909362092,
    "WLHRealSpinOrbit_r0_n": 1.208637922603058,
    "WLHRealSpinOrbit_r1_n": 0.7510859919962927,
    "WLHRealSpinOrbit_a0_n": 0.7441147108333805,
    "WLHRealSpinOrbit_a1_n": 0.0003761072034822017
}