{
    "WLHReal_V0_p": 52.09821981464497,
    "WLHReal_V1_p": 0.28266992248996153,
    "WLHReal_V2_p": -0.0003564008167870618,
    "WLHReal_V3_p": 2.9183253377430855e-06,
    "WLHReal_V4_p": 12.688816863423819,
    "WLHReal_V5_p": 0.14289780937238503,
    "WLHReal_V6_p": 0.0004267604479453709,
    "WLHReal_r0_p": 1.339891667103229,
    "WLHReal_r1_p": 0.34230948437865893,
    "WLHReal_r2_p": 0.0007010339158813907,
    "WLHReal_r3_p": 6.281719267601129e-06,
    "WLHReal_a0_p": 0.7864395621161656,
    "WLHReal_a1_p": 0.00011019092452610411,
    "WLHReal_a2_p": 6.163457703941284e-06,
    "WLHReal_a3_p": 0.01186911796009622,
    "WLHReal_a4_p": 0.49330069613138755,
    "WLHReal_V0_n": 49.81221985639299,
    "WLHReal_V1_n": 0.27103916380641646,
    "WLHReal_V2_n": -0.0014921158257714413,
    "WLHReal_V3_n": 7.050901473720016e-06,
    "WLHReal_V4_n": 19.502414069677272,
    "WLHReal_V5_n": 0.37509730014225834,
    "WLHReal_V6_n": 0.0021562890806130397,
    "WLHReal_r0_n": 1.4029720159048924,
    "WLHReal_r1_n": 0.3839249925497872,
    "WLHReal_r2_n": 0.0015776938989512789,
    "WLHReal_r3_n": 2.034308764252392e-05,
    "WLHReal_a0_n": 0.8012554885087909,
    "WLHReal_a1_n": 0.0017230171582176823,
    "WLHReal_a2_n": 2.550587562450281e-05,
    "WLHReal_a3_n": 0.3493573450108774,
    "WLHReal_a4_n": 1.1571608244790137,
    "WLHImagVolume_W0_p": 4.606762948605578,
    "WLHImagVolume_W1_p": 0.21165900581074462,
    "WLHImagVolume_W2_p": 0.0002907926031725891,
    "WLHImagVolume_W3_p": 9.690804779046196,
    "WLHImagVolume_W4_p": 0.07986981551221252,
    "WLHImagVolume_r0_p": 0.665003529942049,
    "WLHImagVolume_r1_p": 42.180586137324966,
    "WLHImagVolume_r2_p": 0.6281274777193657,
    "WLHImagVolume_r3_p": 52.50606872426452,
    "WLHImagVolume_r4_p": 0.5953773077029297,
    "WLHImagVolume_r5_p": 1.2345632791804764e-06,
    "WLHImagVolume_a0_p": 0.5794507695360076,
    "WLHImagVolume_a1_p": 0.2678144130601797,
    "WLHImagVolume_a2_p": 14.24295819913577,
    "WLHImagVolume_a3_p": 0.42960191784814744,
    "WLHImagVolume_a4_p": 0.002661847043603568,
    "WLHImagVolume_W0_n": 4.484561230473578,
    "WLHImagVolume_W1_n": 0.3373735983210465,
    "WLHImagVolume_W2_n": 0.0009217222104771024,
    "WLHImagVolume_W3_n": 10.999146084962955,
    "WLHImagVolume_W4_n": 0.013526208428695173,
    "WLHImagVolume_r0_n": 0.5821503704799846,
    "WLHImagVolume_r1_n": 93.05013030589848,
    "WLHImagVolume_r2_n": 0.8109649884561153,
    "WLHImagVolume_r3_n": 115.84554914588449,
    "WLHImagVolume_r4_n": 0.9518136690850741,
    "WLHImagVolume_r5_n": 6.484661494868482e-06,
    "WLHImagVolume_a0_n": 0.35182335284404864,
    "WLHImagVolume_a1_n": 0.5120183422200797,
    "WLHImagVolume_a2_n": 1.2284113210607712,
    "WLHImagVolume_a3_n": 0.033270825039802,
    "WLHImagVolume_a4_n": 0.00043684220471590195,
    "WLHImagSurface_W0_p": 0.9212685711392168,
    "WLHImagSurface_W1_p": 0.044002163472170765,
    "WLHImagSurface_W2_p": 1.2569924174059108,
    "WLHImagSurface_W3_p": 0.16322594193027717,
    "WLHImagSurface_r0_p": 0.9005100624340087,
    "WLHImagSurface_r1_p": 0.3067635719442603,
    "WLHImagSurface_r2_p": 0.002850792556300458,
    "WLHImagSurface_a0_p": 0.7271695199653834,
    "WLHImagSurface_W0_n": 1.8882968389707888,
    "WLHImagSurface_W1_n": 0.07906314062237643,
    "WLHImagSurface_W2_n": 3.271449964105235,
    "WLHImagSurface_W3_n": 0.2757967733787583,
    "WLHImagSurface_r0_n": 1.3198005534718298,
    "WLHImagSurface_r1_n": 1.84762826194772,
    "WLHImagSurface_r2_n": 0.0011394211551446621,
    "WLHImagSurface_a0_n": 0.9034944507523843,
    "WLHRealSpinOrbit_V0_p": 9.307808182586125,
    "WLHRealSpinOrbit_V1_p": 0.008432678967083064,
    "WLHRealSpinOrbit_r0_p": 1.3076862501008728,
    "WLHRealSpinOrbit_r1_p": 0.9021430225683406,
    "WLHRealSpinOrbit_a0_p": 0.8210994030066014,
    "WLHRealSpinOrbit_a1_p": 0.0003713368243125747,
    "WLHRealSpinOrbit_V0_n": 8.931512747108867,
    "WLHRealSpinOrbit_V1_n": 0.00899001067477423,
    "WLHRealSpinOrbit_r0_n": 1.3895070437067054,
    "WLHRealSpinOrbit_r1_n": 1.0484271126490534,
    "WLHRealSpinOrbit_a0_n": 0.8926640005418689,
    "WLHRealSpinOrbit_a1_n": 0.0003343310145340013
}