{
    "WLHReal_V0_p": 54.46059596716074,
    "WLHReal_V1_p": 0.3107271264373471,
    "WLHReal_V2_p": -0.0002729506357103553,
    "WLHReal_V3_p": 2.866015513246223e-06,
    "WLHReal_V4_p": 12.011711432421386,
    "WLHReal_V5_p": 0.15074564069850477,
    "WLHReal_V6_p": 0.000423570959988538,
    "WLHReal_r0_p": 1.3351153721057731,
    "WLHReal_r1_p": 0.36514800235925093,
    "WLHReal_r2_p": 0.000813591829248395,
    "WLHReal_r3_p": 7.038521399234773e-06,
    "WLHReal_a0_p": 0.7961226863055696,
    "WLHReal_a1_p": 0.00020689539837222487,
    "WLHReal_a2_p": 5.337638933091001e-06,
    "WLHReal_a3_p": 0.04929936156649753,
    "WLHReal_a4_p": 0.5733847065120125,
    "WLHReal_V0_n": 53.89688142060812,
    "WLHReal_V1_n": 0.2795291871654441,
    "WLHReal_V2_n": -5.841740378702398e-05,
    "WLHReal_V3_n": 1.6391131370197757e-06,
    "WLHReal_V4_n": 21.63499873336516,
    "WLHReal_V5_n": 0.27107732817462205,
    "WLHReal_V6_n": 0.0008808082592314435,
    "WLHReal_r0_n": 1.276271669820144,
    "WLHReal_r1_n": 0.31483449915538986,
    "WLHReal_r2_n": 0.0007463607796203616,
    "WLHReal_r3_n": 5.924533078813083e-06,
    "WLHReal_a0_n": 0.7306066515639069,
    "WLHReal_a1_n": 0.0005837701412597143,
    "WLHReal_a2_n": 6.957669341258629e-06,
    "WLHReal_a3_n": 0.25531284187016523,
    "WLHReal_a4_n": 0.7974087167481199,
    "WLHImagVolume_W0_p": 5.105474045721085,
    "WLHImagVolume_W1_p": 0.27706062683397825,
    "WLHImagVolume_W2_p": 0.0005124956638020631,
    "WLHImagVolume_W3_p": 12.28654092557271,
    "WLHImagVolume_W4_p": 0.09415390683285896,
    "WLHImagVolume_r0_p": 0.5877479640484334,
    "WLHImagVolume_r1_p": 51.06457892396532,
    "WLHImagVolume_r2_p": 0.6962206645217769,
    "WLHImagVolume_r3_p": 59.96209817286028,
    "WLHImagVolume_r4_p": 0.5764710041724457,
    "WLHImagVolume_r5_p": 1.2667354867258726e-06,
    "WLHImagVolume_a0_p": 0.5852842331932026,
    "WLHImagVolume_a1_p": 0.27189199512598144,
    "WLHImagVolume_a2_p": 14.419835465913362,
    "WLHImagVolume_a3_p": 0.44457683543963356,
    "WLHImagVolume_a4_p": 0.0028385050778677715,
    "WLHImagVolume_W0_n": 2.687409138110254,
    "WLHImagVolume_W1_n": 0.2442508135355971,
    "WLHImagVolume_W2_n": 0.00035776303694428746,
    "WLHImagVolume_W3_n": 8.678047533678264,
    "WLHImagVolume_W4_n": 0.030246337691420693,
    "WLHImagVolume_r0_n": 0.5962504604112845,
    "WLHImagVolume_r1_n": 66.20286001588127,
    "WLHImagVolume_r2_n": 0.670108927878943,
    "WLHImagVolume_r3_n": 75.0746870352045,
    "WLHImagVolume_r4_n": 0.9911108566633106,
    "WLHImagVolume_r5_n": 3.5507099549962247e-06,
    "WLHImagVolume_a0_n": 0.23258734433251277,
    "WLHImagVolume_a1_n": 0.5902653876269685,
    "WLHImagVolume_a2_n": 7.732290339976283,
    "WLHImagVolume_a3_n": 0.05955602995187316,
    "WLHImagVolume_a4_n": 0.0008162745417531481,
    "WLHImagSurface_W0_p": 0.9003167479480331,
    "WLHImagSurface_W1_p": 0.04394733332902943,
    "WLHImagSurface_W2_p": 1.053235370419715,
    "WLHImagSurface_W3_p": 0.16679119940464154,
    "WLHImagSurface_r0_p": 0.9242707054351303,
    "WLHImagSurface_r1_p": 0.4843451907222045,
    "WLHImagSurface_r2_p": 0.002905076265225008,
    "WLHImagSurface_a0_p": 0.7345129081875377,
    "WLHImagSurface_W0_n": 1.5036054709176088,
    "WLHImagSurface_W1_n": 0.02783276597321349,
    "WLHImagSurface_W2_n": 1.9971165308973078,
    "WLHImagSurface_W3_n": 0.10442923044716432,
    "WLHImagSurface_r0_n": 1.2637256525965204,
    "WLHImagSurface_r1_n": 1.3775648866372991,
    "WLHImagSurface_r2_n": 0.003426617326675749,
    "WLHImagSurface_a0_n": 0.8391589922353438,
    "WLHRealSpinOrbit_V0_p": 9.409389615766727,
    "WLHRealSpinOrbit_V1_p": 0.00847999135623503,
    "WLHRealSpinOrbit_r0_p": 1.2936514394911378,
    "WLHRealSpinOrbit_r1_p": 0.8960860630301852,
    "WLHRealSpinOrbit_a0_p": 0.8153748260561157,
    "WLHRealSpinOrbit_a1_p": 0.00034536986741798406,
    "WLHRealSpinOrbit_V0_n": 9.932374354990618,
    "WLHRealSpinOrbit_V1_n": 0.008606918988076069,
    "WLHRealSpinOrbit_r0_n": 1.255414820077261,
    "WLHRealSpinOrbit_r1_n": 0.8357224450425809,
    "WLHRealSpinOrbit_a0_n": 0.7889504258708853,
    "WLHRealSpinOrbit_a1_n": 0.00035320416685099794
}