{
    "ECS_p": 0.41263,
    "ECS_n": 0.575304,
    "APower_p": 0.726421,
    "APower_n": 0.192287
}