{
    "CH89RealCentral": {
        "V_0": 55.9279,
        "V_t": 23.7282,
        "V_e": -0.338321,
        "r_o": 1.16431,
        "r_o_0": -0.0563581,
        "a_0": 0.723861
    },
    "CH89Coulomb": {
        "r_c": 1.23916,
        "r_c_0": 0.102351
    },
    "CH89SpinOrbit": {
        "V_so": 5.35611,
        "r_so": 1.41813,
        "r_so_0": -1.35588,
        "a_so": 0.537729
    },
    "CH89ImagCentral": {
        "W_v0": 9.49979,
        "W_ve0": 24.1122,
        "W_vew": 20.7728,
        "W_s0": 9.97831,
        "W_st": 22.5077,
        "W_se0": 22.7532,
        "W_sew": 61.9814,
        "r_w": 1.2838,
        "r_w0": -0.396997,
        "a_w": 0.702683
    }
}