{
    "WLHReal_V0_p": 51.81495345768628,
    "WLHReal_V1_p": 0.28564328096738084,
    "WLHReal_V2_p": 0.00013102395197560495,
    "WLHReal_V3_p": 9.91370540068956e-07,
    "WLHReal_V4_p": 14.139280595595833,
    "WLHReal_V5_p": 0.1025764396602965,
    "WLHReal_V6_p": 0.00017488931661689968,
    "WLHReal_r0_p": 1.2609303528473177,
    "WLHReal_r1_p": 0.18274487670533818,
    "WLHReal_r2_p": 0.0007719324192699399,
    "WLHReal_r3_p": 6.902859489579343e-06,
    "WLHReal_a0_p": 0.7528471404126573,
    "WLHReal_a1_p": -5.816465526693214e-05,
    "WLHReal_a2_p": 5.508919706914688e-06,
    "WLHReal_a3_p": 0.03503595056468416,
    "WLHReal_a4_p": 0.5254769217357401,
    "WLHReal_V0_n": 54.0609880614116,
    "WLHReal_V1_n": 0.2883038488991366,
    "WLHReal_V2_n": -0.00022244775207988813,
    "WLHReal_V3_n": 2.3607103490816674e-06,
    "WLHReal_V4_n": 21.007477040128084,
    "WLHReal_V5_n": 0.2889381005271814,
    "WLHReal_V6_n": 0.001022949780063038,
    "WLHReal_r0_n": 1.301115447279302,
    "WLHReal_r1_n": 0.36203176156208283,
    "WLHReal_r2_n": 0.0008050462991291982,
    "WLHReal_r3_n": 7.035490120839141e-06,
    "WLHReal_a0_n": 0.7397432311317212,
    "WLHReal_a1_n": 0.0006607790048007179,
    "WLHReal_a2_n": 7.478171696426664e-06,
    "WLHReal_a3_n": 0.23338595957168437,
    "WLHReal_a4_n": 0.7880356406721613,
    "WLHImagVolume_W0_p": 3.0892401860252203,
    "WLHImagVolume_W1_p": 0.13685862725410552,
    "WLHImagVolume_W2_p": 8.450542053879548e-05,
    "WLHImagVolume_W3_p": 9.774983901230438,
    "WLHImagVolume_W4_p": 0.04660907093781805,
    "WLHImagVolume_r0_p": 0.7244775654095207,
    "WLHImagVolume_r1_p": 44.21502708470808,
    "WLHImagVolume_r2_p": 0.5163855499026175,
    "WLHImagVolume_r3_p": 60.47906703312724,
    "WLHImagVolume_r4_p": 0.6965058319548546,
    "WLHImagVolume_r5_p": 1.407738798732348e-06,
    "WLHImagVolume_a0_p": 0.5138105388147269,
    "WLHImagVolume_a1_p": 0.28447727792067623,
    "WLHImagVolume_a2_p": 15.6803320154616,
    "WLHImagVolume_a3_p": 0.3617540475340622,
    "WLHImagVolume_a4_p": 0.0015738351311486883,
    "WLHImagVolume_W0_n": 3.0104261790982174,
    "WLHImagVolume_W1_n": 0.28402903394307505,
    "WLHImagVolume_W2_n": 0.0005515245573942319,
    "WLHImagVolume_W3_n": 9.164723204641296,
    "WLHImagVolume_W4_n": 0.041913584769359205,
    "WLHImagVolume_r0_n": 0.5639035517458937,
    "WLHImagVolume_r1_n": 73.00678704200551,
    "WLHImagVolume_r2_n": 0.7260463339117639,
    "WLHImagVolume_r3_n": 83.00247475278277,
    "WLHImagVolume_r4_n": 0.9629073544346366,
    "WLHImagVolume_r5_n": 4.056808936849561e-06,
    "WLHImagVolume_a0_n": 0.2500788682701827,
    "WLHImagVolume_a1_n": 0.5856582461272547,
    "WLHImagVolume_a2_n": 6.4303772682173514,
    "WLHImagVolume_a3_n": 0.052092292893467125,
    "WLHImagVolume_a4_n": 0.0008029848953653279,
    "WLHImagSurface_W0_p": 0.9735434377259112,
    "WLHImagSurface_W1_p": 0.02855885120808608,
    "WLHImagSurface_W2_p": 0.5769702423147314,
    "WLHImagSurface_W3_p": 0.0751351365470227,
    "WLHImagSurface_r0_p": 1.0255158117557792,
    "WLHImagSurface_r1_p": 0.3666592117350572,
    "WLHImagSurface_r2_p": 0.005646645981474133,
    "WLHImagSurface_a0_p": 0.8524491547721731,
    "WLHImagSurface_W0_n": 1.759831207934208,
    "WLHImagSurface_W1_n": 0.04195201989752616,
    "WLHImagSurface_W2_n": 2.7183435949829593,
    "WLHImagSurface_W3_n": 0.15089546283777605,
    "WLHImagSurface_r0_n": 1.2781366499795672,
    "WLHImagSurface_r1_n": 1.4954537605275382,
    "WLHImagSurface_r2_n": 0.0032799181815265617,
    "WLHImagSurface_a0_n": 0.8452340620394777,
    "WLHRealSpinOrbit_V0_p": 9.793733745318434,
    "WLHRealSpinOrbit_V1_p": 0.00843382779434268,
    "WLHRealSpinOrbit_r0_p": 1.2534231626473245,
    "WLHRealSpinOrbit_r1_p": 0.8289323745328351,
    "WLHRealSpinOrbit_a0_p": 0.7852723058507167,
    "WLHRealSpinOrbit_a1_p": 0.00036432071924470054,
    "WLHRealSpinOrbit_V0_n": 9.681312431195757,
    "WLHRealSpinOrbit_V1_n": 0.008552433458461427,
    "WLHRealSpinOrbit_r0_n": 1.2749231671517884,
    "WLHRealSpinOrbit_r1_n": 0.8657034064152458,
    "WLHRealSpinOrbit_a0_n": 0.8022604303975013,
    "WLHRealSpinOrbit_a1_n": 0.0003504545658987253
}