{
    "WLHReal_V0_p": 52.069188458987206,
    "WLHReal_V1_p": 0.28862552135099384,
    "WLHReal_V2_p": -0.00020081646789286812,
    "WLHReal_V3_p": 2.640492168390961e-06,
    "WLHReal_V4_p": 12.79698475579743,
    "WLHReal_V5_p": 0.14038255603776134,
    "WLHReal_V6_p": 0.00036306361047258823,
    "WLHReal_r0_p": 1.3342518536773165,
    "WLHReal_r1_p": 0.34790621798904864,
    "WLHReal_r2_p": 0.0006303738490286302,
    "WLHReal_r3_p": 5.255214379975402e-06,
    "WLHReal_a0_p": 0.7800356173106164,
    "WLHReal_a1_p": 8.749890181030881e-05,
    "WLHReal_a2_p": 4.797475859629394e-06,
    "WLHReal_a3_p": 0.023440962078009664,
    "WLHReal_a4_p": 0.48913174520909697,
    "WLHReal_V0_n": 55.89131278869497,
    "WLHReal_V1_n": 0.30291923861312314,
    "WLHReal_V2_n": 0.00014671147265186453,
    "WLHReal_V3_n": 1.3880333170917304e-06,
    "WLHReal_V4_n": 21.15373842658929,
    "WLHReal_V5_n": 0.2683723403361865,
    "WLHReal_V6_n": 0.0007014166809974195,
    "WLHReal_r0_n": 1.2761545291989091,
    "WLHReal_r1_n": 0.3765727332250201,
    "WLHReal_r2_n": 0.0005708145946663364,
    "WLHReal_r3_n": 2.8197136316710723e-06,
    "WLHReal_a0_n": 0.7232023585672712,
    "WLHReal_a1_n": 0.0003283064426935629,
    "WLHReal_a2_n": 2.1121082671923892e-06,
    "WLHReal_a3_n": 0.1813275628375835,
    "WLHReal_a4_n": 0.6588901809712472,
    "WLHImagVolume_W0_p": 4.21759494963792,
    "WLHImagVolume_W1_p": 0.20070660308922014,
    "WLHImagVolume_W2_p": 0.00032276478316793373,
    "WLHImagVolume_W3_p": 9.728965707883242,
    "WLHImagVolume_W4_p": 0.07374708657892717,
    "WLHImagVolume_r0_p": 0.5998725559917402,
    "WLHImagVolume_r1_p": 50.76573624352533,
    "WLHImagVolume_r2_p": 0.6881149711699693,
    "WLHImagVolume_r3_p": 58.90726977036767,
    "WLHImagVolume_r4_p": 0.5352731128310974,
    "WLHImagVolume_r5_p": 1.2310452371863543e-06,
    "WLHImagVolume_a0_p": 0.5556877142350561,
    "WLHImagVolume_a1_p": 0.28899513947296457,
    "WLHImagVolume_a2_p": 15.96579994840895,
    "WLHImagVolume_a3_p": 0.4033811941684709,
    "WLHImagVolume_a4_p": 0.002255655922988255,
    "WLHImagVolume_W0_n": 2.7374267828584458,
    "WLHImagVolume_W1_n": 0.29189787272412987,
    "WLHImagVolume_W2_n": 0.0005446825769871472,
    "WLHImagVolume_W3_n": 8.936057130122101,
    "WLHImagVolume_W4_n": 0.0613183367919785,
    "WLHImagVolume_r0_n": 0.5406502042198322,
    "WLHImagVolume_r1_n": 69.35067681868951,
    "WLHImagVolume_r2_n": 0.7240350580544024,
    "WLHImagVolume_r3_n": 75.78447338873619,
    "WLHImagVolume_r4_n": 0.9497918669593116,
    "WLHImagVolume_r5_n": 2.9609360913652936e-06,
    "WLHImagVolume_a0_n": 0.22356572056842644,
    "WLHImagVolume_a1_n": 0.6078369363588306,
    "WLHImagVolume_a2_n": 7.3666419651426,
    "WLHImagVolume_a3_n": 0.04979054040429145,
    "WLHImagVolume_a4_n": 0.0008841647280243535,
    "WLHImagSurface_W0_p": 1.0848189544668534,
    "WLHImagSurface_W1_p": 0.05760344119732687,
    "WLHImagSurface_W2_p": 1.5958575082819155,
    "WLHImagSurface_W3_p": 0.21123519023487225,
    "WLHImagSurface_r0_p": 0.9727803048313921,
    "WLHImagSurface_r1_p": 0.4056093996411799,
    "WLHImagSurface_r2_p": 0.0038496901387476833,
    "WLHImagSurface_a0_p": 0.7766821016140574,
    "WLHImagSurface_W0_n": 1.9027126183851701,
    "WLHImagSurface_W1_n": 0.03792578835324427,
    "WLHImagSurface_W2_n": 2.9624442451013597,
    "WLHImagSurface_W3_n": 0.13424635623478395,
    "WLHImagSurface_r0_n": 1.2704281133928066,
    "WLHImagSurface_r1_n": 1.4433854961047183,
    "WLHImagSurface_r2_n": 0.003998921518185503,
    "WLHImagSurface_a0_n": 0.8268790761401353,
    "WLHRealSpinOrbit_V0_p": 9.2139260414847,
    "WLHRealSpinOrbit_V1_p": 0.008226555746496242,
    "WLHRealSpinOrbit_r0_p": 1.298484406375416,
    "WLHRealSpinOrbit_r1_p": 0.8838235981404683,
    "WLHRealSpinOrbit_a0_p": 0.8109038628565948,
    "WLHRealSpinOrbit_a1_p": 0.00037833394394244337,
    "WLHRealSpinOrbit_V0_n": 9.829033577311884,
    "WLHRealSpinOrbit_V1_n": 0.00838324512892625,
    "WLHRealSpinOrbit_r0_n": 1.2431771206708762,
    "WLHRealSpinOrbit_r1_n": 0.8171965273408752,
    "WLHRealSpinOrbit_a0_n": 0.7770860521761525,
    "WLHRealSpinOrbit_a1_n": 0.0003499798455632102
}