{
    "WLHReal_V0_p": 51.38814066488204,
    "WLHReal_V1_p": 0.3048295951572873,
    "WLHReal_V2_p": -0.0004472188927167303,
    "WLHReal_V3_p": 3.0332325065358826e-06,
    "WLHReal_V4_p": 11.651113766338085,
    "WLHReal_V5_p": 0.10630524572819885,
    "WLHReal_V6_p": 0.00037510155262583975,
    "WLHReal_r0_p": 1.3117958896132937,
    "WLHReal_r1_p": 0.18286283019142618,
    "WLHReal_r2_p": 0.0011509790409207814,
    "WLHReal_r3_p": 1.188923064294378e-05,
    "WLHReal_a0_p": 0.7893848520250154,
    "WLHReal_a1_p": -6.025188650756263e-05,
    "WLHReal_a2_p": 1.0960526434807074e-05,
    "WLHReal_a3_p": 0.012825270032966695,
    "WLHReal_a4_p": 0.6058791866030188,
    "WLHReal_V0_n": 47.02168239536965,
    "WLHReal_V1_n": 0.2625986108653672,
    "WLHReal_V2_n": -0.0013600933622100622,
    "WLHReal_V3_n": 6.916336337200273e-06,
    "WLHReal_V4_n": 19.737424531997608,
    "WLHReal_V5_n": 0.3523906068407742,
    "WLHReal_V6_n": 0.0020218932160849974,
    "WLHReal_r0_n": 1.396639137725297,
    "WLHReal_r1_n": 0.3192430146818324,
    "WLHReal_r2_n": 0.0015716930630850427,
    "WLHReal_r3_n": 1.9746013785322073e-05,
    "WLHReal_a0_n": 0.7918533897303289,
    "WLHReal_a1_n": 0.0018519859544654522,
    "WLHReal_a2_n": 2.653247887770113e-05,
    "WLHReal_a3_n": 0.3940093872063867,
    "WLHReal_a4_n": 1.205987332049737,
    "WLHImagVolume_W0_p": 4.763545638075263,
    "WLHImagVolume_W1_p": 0.20077963553735534,
    "WLHImagVolume_W2_p": 0.0003107474239397196,
    "WLHImagVolume_W3_p": 10.810466016332878,
    "WLHImagVolume_W4_p": 0.07062846447585987,
    "WLHImagVolume_r0_p": 0.7467262482125979,
    "WLHImagVolume_r1_p": 48.84592466683245,
    "WLHImagVolume_r2_p": 0.5534241156333893,
    "WLHImagVolume_r3_p": 67.95060666040516,
    "WLHImagVolume_r4_p": 0.6824959748252319,
    "WLHImagVolume_r5_p": 1.3983077277963609e-06,
    "WLHImagVolume_a0_p": 0.5694825097407533,
    "WLHImagVolume_a1_p": 0.27769767148430696,
    "WLHImagVolume_a2_p": 15.882149712740544,
    "WLHImagVolume_a3_p": 0.41095231108993324,
    "WLHImagVolume_a4_p": 0.0024120920702418833,
    "WLHImagVolume_W0_n": 3.636000821393105,
    "WLHImagVolume_W1_n": 0.24914756555050344,
    "WLHImagVolume_W2_n": 0.0007616094421301872,
    "WLHImagVolume_W3_n": 9.021830904348066,
    "WLHImagVolume_W4_n": -0.019921781489792057,
    "WLHImagVolume_r0_n": 0.5315067069021542,
    "WLHImagVolume_r1_n": 112.20362754794748,
    "WLHImagVolume_r2_n": 0.856626311590537,
    "WLHImagVolume_r3_n": 121.49970804680225,
    "WLHImagVolume_r4_n": 0.8140839025573604,
    "WLHImagVolume_r5_n": 5.699109675648891e-06,
    "WLHImagVolume_a0_n": 0.30645910483045324,
    "WLHImagVolume_a1_n": 0.5384259856890917,
    "WLHImagVolume_a2_n": 3.427986182583486,
    "WLHImagVolume_a3_n": 0.05549749718554258,
    "WLHImagVolume_a4_n": 0.00016803345779873235,
    "WLHImagSurface_W0_p": 0.6276967563537418,
    "WLHImagSurface_W1_p": 0.005421660977132543,
    "WLHImagSurface_W2_p": -0.49487762432545757,
    "WLHImagSurface_W3_p": -0.006774265092205162,
    "WLHImagSurface_r0_p": 0.9098555329290506,
    "WLHImagSurface_r1_p": 0.09609833198199791,
    "WLHImagSurface_r2_p": 0.001358091412592661,
    "WLHImagSurface_a0_p": 0.8627884090427633,
    "WLHImagSurface_W0_n": 1.618485089308863,
    "WLHImagSurface_W1_n": 0.0691777890045299,
    "WLHImagSurface_W2_n": 2.7703196024855834,
    "WLHImagSurface_W3_n": 0.25044683773600906,
    "WLHImagSurface_r0_n": 1.3507557384618638,
    "WLHImagSurface_r1_n": 1.771163414894365,
    "WLHImagSurface_r2_n": 0.0011244361569205138,
    "WLHImagSurface_a0_n": 0.9073209509719556,
    "WLHRealSpinOrbit_V0_p": 9.460003678698142,
    "WLHRealSpinOrbit_V1_p": 0.008732439261795531,
    "WLHRealSpinOrbit_r0_p": 1.3057518569011708,
    "WLHRealSpinOrbit_r1_p": 0.9285402722840067,
    "WLHRealSpinOrbit_a0_p": 0.8319320926394113,
    "WLHRealSpinOrbit_a1_p": 0.0003300294032327618,
    "WLHRealSpinOrbit_V0_n": 8.680162633464713,
    "WLHRealSpinOrbit_V1_n": 0.00867730446272585,
    "WLHRealSpinOrbit_r0_n": 1.389217347713903,
    "WLHRealSpinOrbit_r1_n": 1.0361226007106656,
    "WLHRealSpinOrbit_a0_n": 0.8862089691556353,
    "WLHRealSpinOrbit_a1_n": 0.000356638574875321
}