{
    "WLHReal_V0_p": 48.279196433918855,
    "WLHReal_V1_p": 0.2436644205818521,
    "WLHReal_V2_p": -0.0009278253353963542,
    "WLHReal_V3_p": 3.5999458192725357e-06,
    "WLHReal_V4_p": 12.745521577954522,
    "WLHReal_V5_p": 0.10308468380338598,
    "WLHReal_V6_p": 0.0005358019563588272,
    "WLHReal_r0_p": 1.326792669110734,
    "WLHReal_r1_p": 0.13732406050415344,
    "WLHReal_r2_p": 0.0011299652735306442,
    "WLHReal_r3_p": 1.5327582359766493e-05,
    "WLHReal_a0_p": 0.7885561597439213,
    "WLHReal_a1_p": -0.0001219597579831539,
    "WLHReal_a2_p": 1.3587804602456558e-05,
    "WLHReal_a3_p": -0.07039063031117859,
    "WLHReal_a4_p": 0.48985384914145574,
    "WLHReal_V0_n": 55.65879128760465,
    "WLHReal_V1_n": 0.2901269682831986,
    "WLHReal_V2_n": 0.0001296441690020643,
    "WLHReal_V3_n": 6.848337429442511e-07,
    "WLHReal_V4_n": 22.42936583075968,
    "WLHReal_V5_n": 0.25291554460900756,
    "WLHReal_V6_n": 0.0008201033800120608,
    "WLHReal_r0_n": 1.2146934492647408,
    "WLHReal_r1_n": 0.1911521892862404,
    "WLHReal_r2_n": 0.0008179096797795277,
    "WLHReal_r3_n": 8.114536284796858e-06,
    "WLHReal_a0_n": 0.7254816995068689,
    "WLHReal_a1_n": 0.0005767092315487872,
    "WLHReal_a2_n": 8.247241418829625e-06,
    "WLHReal_a3_n": 0.32774791070777864,
    "WLHReal_a4_n": 0.9392440123277168,
    "WLHImagVolume_W0_p": 4.939418302530983,
    "WLHImagVolume_W1_p": 0.13140539197497061,
    "WLHImagVolume_W2_p": -0.00013796108057136894,
    "WLHImagVolume_W3_p": 6.865100032742011,
    "WLHImagVolume_W4_p": 0.06509901576761286,
    "WLHImagVolume_r0_p": 1.046399219334547,
    "WLHImagVolume_r1_p": 9.400392167233797,
    "WLHImagVolume_r2_p": 0.2710686864450509,
    "WLHImagVolume_r3_p": 36.42355367504458,
    "WLHImagVolume_r4_p": 0.8921959428890551,
    "WLHImagVolume_r5_p": 1.82966658919895e-06,
    "WLHImagVolume_a0_p": 0.6234941354257608,
    "WLHImagVolume_a1_p": 0.2087176783955593,
    "WLHImagVolume_a2_p": 10.330982135714105,
    "WLHImagVolume_a3_p": 0.46106853396713,
    "WLHImagVolume_a4_p": 0.003250038463670297,
    "WLHImagVolume_W0_n": 3.104996871203376,
    "WLHImagVolume_W1_n": 0.22950458993713496,
    "WLHImagVolume_W2_n": 0.00015847150403802836,
    "WLHImagVolume_W3_n": 9.867704177428989,
    "WLHImagVolume_W4_n": 0.03299463312838262,
    "WLHImagVolume_r0_n": 0.7051621966079774,
    "WLHImagVolume_r1_n": 44.51810469871448,
    "WLHImagVolume_r2_n": 0.5101450988716805,
    "WLHImagVolume_r3_n": 60.76796521148897,
    "WLHImagVolume_r4_n": 1.0896448531186222,
    "WLHImagVolume_r5_n": 3.4405659506325673e-06,
    "WLHImagVolume_a0_n": 0.22384632743935803,
    "WLHImagVolume_a1_n": 0.5659208841009363,
    "WLHImagVolume_a2_n": 7.4738432615387325,
    "WLHImagVolume_a3_n": 0.023306337808833594,
    "WLHImagVolume_a4_n": 0.0004994763494143946,
    "WLHImagSurface_W0_p": 0.22983210186230008,
    "WLHImagSurface_W1_p": -0.030758396383693792,
    "WLHImagSurface_W2_p": -1.006774155223888,
    "WLHImagSurface_W3_p": -0.13897817969994333,
    "WLHImagSurface_r0_p": 0.6783306836866851,
    "WLHImagSurface_r1_p": -0.39731985780160545,
    "WLHImagSurface_r2_p": -0.0009324774560577152,
    "WLHImagSurface_a0_p": 0.6974373037217995,
    "WLHImagSurface_W0_n": 1.411314548236802,
    "WLHImagSurface_W1_n": 0.015828820161037524,
    "WLHImagSurface_W2_n": 0.8821943805760157,
    "WLHImagSurface_W3_n": 0.04146983605435785,
    "WLHImagSurface_r0_n": 1.2185791168882698,
    "WLHImagSurface_r1_n": 1.2528242641981986,
    "WLHImagSurface_r2_n": 0.0037214344301386942,
    "WLHImagSurface_a0_n": 0.8251251327341605,
    "WLHRealSpinOrbit_V0_p": 9.662052491157402,
    "WLHRealSpinOrbit_V1_p": 0.00923315646520212,
    "WLHRealSpinOrbit_r0_p": 1.3436535617976522,
    "WLHRealSpinOrbit_r1_p": 0.9737306222149916,
    "WLHRealSpinOrbit_a0_p": 0.8620551270110975,
    "WLHRealSpinOrbit_a1_p": 0.0003515625495926912,
    "WLHRealSpinOrbit_V0_n": 10.664238987929412,
    "WLHRealSpinOrbit_V1_n": 0.009073065745788405,
    "WLHRealSpinOrbit_r0_n": 1.2134822979277222,
    "WLHRealSpinOrbit_r1_n": 0.8000540343717659,
    "WLHRealSpinOrbit_a0_n": 0.7721419332742472,
    "WLHRealSpinOrbit_a1_n": 0.0003136565847070141
}