{
    "ECS_p": 0.242851,
    "ECS_n": 0.314446,
    "APower_p": 0.734623,
    "APower_n": 0.308216
}