{
    "WLHReal_V0_p": 54.29314310716263,
    "WLHReal_V1_p": 0.3001252424021663,
    "WLHReal_V2_p": 0.00020567023759440672,
    "WLHReal_V3_p": 7.948439983454862e-07,
    "WLHReal_V4_p": 14.070842492974318,
    "WLHReal_V5_p": 0.1155566934070047,
    "WLHReal_V6_p": 0.0001911299190079558,
    "WLHReal_r0_p": 1.2528999845754962,
    "WLHReal_r1_p": 0.2161311425589095,
    "WLHReal_r2_p": 0.000812850758084382,
    "WLHReal_r3_p": 6.190892475226275e-06,
    "WLHReal_a0_p": 0.7595463036812901,
    "WLHReal_a1_p": 7.508236334612348e-05,
    "WLHReal_a2_p": 4.649095114538251e-06,
    "WLHReal_a3_p": 0.06499537382111162,
    "WLHReal_a4_p": 0.5760797649407805,
    "WLHReal_V0_n": 51.64930177536936,
    "WLHReal_V1_n": 0.2601814718897157,
    "WLHReal_V2_n": -0.0009561819662755063,
    "WLHReal_V3_n": 4.63231765333905e-06,
    "WLHReal_V4_n": 20.75666244219415,
    "WLHReal_V5_n": 0.33487665500478214,
    "WLHReal_V6_n": 0.0016618733538661563,
    "WLHReal_r0_n": 1.3493344338953421,
    "WLHReal_r1_n": 0.36014321080692463,
    "WLHReal_r2_n": 0.0012320847288837735,
    "WLHReal_r3_n": 1.4670699739520088e-05,
    "WLHReal_a0_n": 0.7733860985966438,
    "WLHReal_a1_n": 0.0012128820922454294,
    "WLHReal_a2_n": 1.8202792302000686e-05,
    "WLHReal_a3_n": 0.3130869963475152,
    "WLHReal_a4_n": 1.0032894510347414,
    "WLHImagVolume_W0_p": 3.5392782383038384,
    "WLHImagVolume_W1_p": 0.19671505570297096,
    "WLHImagVolume_W2_p": 0.0002128915212144704,
    "WLHImagVolume_W3_p": 11.879991583454988,
    "WLHImagVolume_W4_p": 0.061666051767121456,
    "WLHImagVolume_r0_p": 0.6991198305928105,
    "WLHImagVolume_r1_p": 42.70723687079583,
    "WLHImagVolume_r2_p": 0.5233467518661631,
    "WLHImagVolume_r3_p": 58.116931878481836,
    "WLHImagVolume_r4_p": 0.7303784844617683,
    "WLHImagVolume_r5_p": 1.7954985821195724e-06,
    "WLHImagVolume_a0_p": 0.5304660710540411,
    "WLHImagVolume_a1_p": 0.2684958817613519,
    "WLHImagVolume_a2_p": 13.967996922228847,
    "WLHImagVolume_a3_p": 0.3920109918841435,
    "WLHImagVolume_a4_p": 0.0019678940228305196,
    "WLHImagVolume_W0_n": 3.7902657973525207,
    "WLHImagVolume_W1_n": 0.2986207127243114,
    "WLHImagVolume_W2_n": 0.00059383096391845,
    "WLHImagVolume_W3_n": 10.269444441741584,
    "WLHImagVolume_W4_n": 0.016243174019879222,
    "WLHImagVolume_r0_n": 0.6338567793397172,
    "WLHImagVolume_r1_n": 70.57062826235325,
    "WLHImagVolume_r2_n": 0.7037026581548562,
    "WLHImagVolume_r3_n": 92.78876861701592,
    "WLHImagVolume_r4_n": 1.0544569923852833,
    "WLHImagVolume_r5_n": 6.155300655615629e-06,
    "WLHImagVolume_a0_n": 0.31752942693311587,
    "WLHImagVolume_a1_n": 0.5342325991619885,
    "WLHImagVolume_a2_n": 4.052712113332257,
    "WLHImagVolume_a3_n": 0.05187588775895685,
    "WLHImagVolume_a4_n": 0.0008085218568505212,
    "WLHImagSurface_W0_p": 0.9069132432609838,
    "WLHImagSurface_W1_p": 0.02482879473053213,
    "WLHImagSurface_W2_p": 0.48768007468746866,
    "WLHImagSurface_W3_p": 0.06921142817895291,
    "WLHImagSurface_r0_p": 1.0045736605354862,
    "WLHImagSurface_r1_p": 0.5274999836365736,
    "WLHImagSurface_r2_p": 0.0058896646057397285,
    "WLHImagSurface_a0_p": 0.7950267551617848,
    "WLHImagSurface_W0_n": 1.5336526503233663,
    "WLHImagSurface_W1_n": 0.05065784900970719,
    "WLHImagSurface_W2_n": 2.3424062426113736,
    "WLHImagSurface_W3_n": 0.18484685953733848,
    "WLHImagSurface_r0_n": 1.277425391945091,
    "WLHImagSurface_r1_n": 1.6030427340012972,
    "WLHImagSurface_r2_n": 0.0019275773475390594,
    "WLHImagSurface_a0_n": 0.8779416160126877,
    "WLHRealSpinOrbit_V0_p": 10.043816282903773,
    "WLHRealSpinOrbit_V1_p": 0.008576799351990995,
    "WLHRealSpinOrbit_r0_p": 1.2368130774465893,
    "WLHRealSpinOrbit_r1_p": 0.8148212695713607,
    "WLHRealSpinOrbit_a0_p": 0.777599996536106,
    "WLHRealSpinOrbit_a1_p": 0.00034452439814102923,
    "WLHRealSpinOrbit_V0_n": 9.535520769487446,
    "WLHRealSpinOrbit_V1_n": 0.009001953386929508,
    "WLHRealSpinOrbit_r0_n": 1.3333255615209256,
    "WLHRealSpinOrbit_r1_n": 0.9578936236158023,
    "WLHRealSpinOrbit_a0_n": 0.8507585835901376,
    "WLHRealSpinOrbit_a1_n": 0.0003441922570721133
}