{
    "ECS_p": 0.225332,
    "ECS_n": 0.337725,
    "APower_p": 0.693876,
    "APower_n": 0.32705
}