{
    "WLHReal_V0_p": 53.682058023826336,
    "WLHReal_V1_p": 0.28834427086594183,
    "WLHReal_V2_p": 0.0003602996067123056,
    "WLHReal_V3_p": 3.2449460629426025e-07,
    "WLHReal_V4_p": 14.756097375112274,
    "WLHReal_V5_p": 0.12495240672788774,
    "WLHReal_V6_p": 0.00015208027429693734,
    "WLHReal_r0_p": 1.2618198882693579,
    "WLHReal_r1_p": 0.2787267331408496,
    "WLHReal_r2_p": 0.0005273459320049886,
    "WLHReal_r3_p": 2.7232138100062235e-06,
    "WLHReal_a0_p": 0.7492692903145467,
    "WLHReal_a1_p": 8.43180790870407e-05,
    "WLHReal_a2_p": 1.8396330111678291e-06,
    "WLHReal_a3_p": 0.0629798893796891,
    "WLHReal_a4_p": 0.5001919177405942,
    "WLHReal_V0_n": 56.578458101065166,
    "WLHReal_V1_n": 0.2779314035631172,
    "WLHReal_V2_n": 0.00016550985460031336,
    "WLHReal_V3_n": 2.9635804681249295e-07,
    "WLHReal_V4_n": 22.26863969223428,
    "WLHReal_V5_n": 0.2609600176425531,
    "WLHReal_V6_n": 0.0006876410901557149,
    "WLHReal_r0_n": 1.246348778683247,
    "WLHReal_r1_n": 0.32948892873813235,
    "WLHReal_r2_n": 0.000568431910458473,
    "WLHReal_r3_n": 3.0312641471926718e-06,
    "WLHReal_a0_n": 0.7205608098773488,
    "WLHReal_a1_n": 0.00023295463994811507,
    "WLHReal_a2_n": 1.5799304866577623e-06,
    "WLHReal_a3_n": 0.21636859597572783,
    "WLHReal_a4_n": 0.6971209667012181,
    "WLHImagVolume_W0_p": 2.9344567778554675,
    "WLHImagVolume_W1_p": 0.16806918384233827,
    "WLHImagVolume_W2_p": 0.00016908126307589895,
    "WLHImagVolume_W3_p": 10.574472972969742,
    "WLHImagVolume_W4_p": 0.05449003189803987,
    "WLHImagVolume_r0_p": 0.6230673902258339,
    "WLHImagVolume_r1_p": 46.426867552651615,
    "WLHImagVolume_r2_p": 0.5965364796527466,
    "WLHImagVolume_r3_p": 56.501690194984,
    "WLHImagVolume_r4_p": 0.6352313833924161,
    "WLHImagVolume_r5_p": 1.6059232987812248e-06,
    "WLHImagVolume_a0_p": 0.5084833894610569,
    "WLHImagVolume_a1_p": 0.2860372782495852,
    "WLHImagVolume_a2_p": 15.141448136996503,
    "WLHImagVolume_a3_p": 0.3673012609580508,
    "WLHImagVolume_a4_p": 0.0015922208793330648,
    "WLHImagVolume_W0_n": 2.819462322900844,
    "WLHImagVolume_W1_n": 0.27136104034841596,
    "WLHImagVolume_W2_n": 0.0002483986643236957,
    "WLHImagVolume_W3_n": 9.489724788853847,
    "WLHImagVolume_W4_n": 0.050162399653553257,
    "WLHImagVolume_r0_n": 0.6639798379777366,
    "WLHImagVolume_r1_n": 40.91809513965728,
    "WLHImagVolume_r2_n": 0.5712711232300791,
    "WLHImagVolume_r3_n": 57.95397220238529,
    "WLHImagVolume_r4_n": 1.1373810023711093,
    "WLHImagVolume_r5_n": 3.7883292525062356e-06,
    "WLHImagVolume_a0_n": 0.23997024033291334,
    "WLHImagVolume_a1_n": 0.5849417322840841,
    "WLHImagVolume_a2_n": 8.023434904483416,
    "WLHImagVolume_a3_n": 0.055255985004560706,
    "WLHImagVolume_a4_n": 0.0011620610082985223,
    "WLHImagSurface_W0_p": 1.1996459409382603,
    "WLHImagSurface_W1_p": 0.05453281167437793,
    "WLHImagSurface_W2_p": 1.6016546717819269,
    "WLHImagSurface_W3_p": 0.18641134536402465,
    "WLHImagSurface_r0_p": 1.0671134450433444,
    "WLHImagSurface_r1_p": 0.6469969963853051,
    "WLHImagSurface_r2_p": 0.007404741132959726,
    "WLHImagSurface_a0_p": 0.7922237443299014,
    "WLHImagSurface_W0_n": 1.4395230381819377,
    "WLHImagSurface_W1_n": 0.01655434536767486,
    "WLHImagSurface_W2_n": 1.6611649223561655,
    "WLHImagSurface_W3_n": 0.063296860149083,
    "WLHImagSurface_r0_n": 1.218808845086533,
    "WLHImagSurface_r1_n": 1.27509610191029,
    "WLHImagSurface_r2_n": 0.0038675966473180395,
    "WLHImagSurface_a0_n": 0.8223381083847717,
    "WLHRealSpinOrbit_V0_p": 9.829166458364224,
    "WLHRealSpinOrbit_V1_p": 0.008223336775847793,
    "WLHRealSpinOrbit_r0_p": 1.2345984219653412,
    "WLHRealSpinOrbit_r1_p": 0.7900890968612834,
    "WLHRealSpinOrbit_a0_p": 0.7659008519732342,
    "WLHRealSpinOrbit_a1_p": 0.0003769899302793731,
    "WLHRealSpinOrbit_V0_n": 10.466359187764294,
    "WLHRealSpinOrbit_V1_n": 0.008834860482966167,
    "WLHRealSpinOrbit_r0_n": 1.2222176291828386,
    "WLHRealSpinOrbit_r1_n": 0.7909940222077299,
    "WLHRealSpinOrbit_a0_n": 0.7688303731366276,
    "WLHRealSpinOrbit_a1_n": 0.00034281068179785584
}