{
    "CH89RealCentral": {
        "V_0": 54.5761,
        "V_t": 14.8154,
        "V_e": -0.392249,
        "r_o": 1.23003,
        "r_o_0": -0.172074,
        "a_0": 0.703446
    },
    "CH89Coulomb": {
        "r_c": 1.31859,
        "r_c_0": 0.3357
    },
    "CH89SpinOrbit": {
        "V_so": 6.06675,
        "r_so": 1.34532,
        "r_so_0": -1.10765,
        "a_so": 0.569195
    },
    "CH89ImagCentral": {
        "W_v0": 11.0728,
        "W_ve0": 23.5716,
        "W_vew": 43.4493,
        "W_s0": 12.3013,
        "W_st": 31.2045,
        "W_se0": 12.1918,
        "W_sew": 40.4567,
        "r_w": 1.22774,
        "r_w0": -0.237085,
        "a_w": 0.611233
    }
}