{
    "WLHReal_V0_p": 57.75011740250752,
    "WLHReal_V1_p": 0.32598779007396117,
    "WLHReal_V2_p": 0.0003465058683894643,
    "WLHReal_V3_p": 7.752177320754215e-07,
    "WLHReal_V4_p": 13.510239038601092,
    "WLHReal_V5_p": 0.156697114840356,
    "WLHReal_V6_p": 0.00024095897860910615,
    "WLHReal_r0_p": 1.281573370227619,
    "WLHReal_r1_p": 0.3892254304672337,
    "WLHReal_r2_p": 0.0006124936783046401,
    "WLHReal_r3_p": 2.5369244980261343e-06,
    "WLHReal_a0_p": 0.7745562251368227,
    "WLHReal_a1_p": 0.0003289255772622614,
    "WLHReal_a2_p": 8.12772971406699e-07,
    "WLHReal_a3_p": 0.11391381086705209,
    "WLHReal_a4_p": 0.5975985159581665,
    "WLHReal_V0_n": 49.442275628870874,
    "WLHReal_V1_n": 0.24369612658546125,
    "WLHReal_V2_n": -0.00019381270608878767,
    "WLHReal_V3_n": 2.530627204159343e-06,
    "WLHReal_V4_n": 21.59396780241137,
    "WLHReal_V5_n": 0.2689767381361942,
    "WLHReal_V6_n": 0.0008705135812967253,
    "WLHReal_r0_n": 1.324514993364514,
    "WLHReal_r1_n": 0.35850459633683224,
    "WLHReal_r2_n": 0.0007047176514874045,
    "WLHReal_r3_n": 5.62593541301995e-06,
    "WLHReal_a0_n": 0.7288548681038223,
    "WLHReal_a1_n": 0.0007179247093245605,
    "WLHReal_a2_n": 6.7410088611020075e-06,
    "WLHReal_a3_n": 0.24812221676764035,
    "WLHReal_a4_n": 0.7352601219161551,
    "WLHImagVolume_W0_p": 4.203820201408778,
    "WLHImagVolume_W1_p": 0.298291545426648,
    "WLHImagVolume_W2_p": 0.0005633924524396506,
    "WLHImagVolume_W3_p": 14.488193364932282,
    "WLHImagVolume_W4_p": 0.08985647417418047,
    "WLHImagVolume_r0_p": 0.48640721022940964,
    "WLHImagVolume_r1_p": 55.930781004467256,
    "WLHImagVolume_r2_p": 0.7311308679773117,
    "WLHImagVolume_r3_p": 60.96067864457227,
    "WLHImagVolume_r4_p": 0.5800632528597461,
    "WLHImagVolume_r5_p": 2.044829414782081e-06,
    "WLHImagVolume_a0_p": 0.5440585307440969,
    "WLHImagVolume_a1_p": 0.2792735142006544,
    "WLHImagVolume_a2_p": 14.128550529425882,
    "WLHImagVolume_a3_p": 0.4210334966851998,
    "WLHImagVolume_a4_p": 0.0023348932526556137,
    "WLHImagVolume_W0_n": 1.5398500128818422,
    "WLHImagVolume_W1_n": 0.1647379546298742,
    "WLHImagVolume_W2_n": 0.00025871313954161745,
    "WLHImagVolume_W3_n": 5.898724432212291,
    "WLHImagVolume_W4_n": -0.01371611672765857,
    "WLHImagVolume_r0_n": 0.504558434965825,
    "WLHImagVolume_r1_n": 92.29078160436973,
    "WLHImagVolume_r2_n": 0.800252726649988,
    "WLHImagVolume_r3_n": 87.14318218816705,
    "WLHImagVolume_r4_n": 0.8630049487875219,
    "WLHImagVolume_r5_n": 3.0647214450884085e-06,
    "WLHImagVolume_a0_n": 0.21348399923546355,
    "WLHImagVolume_a1_n": 0.6243897397275735,
    "WLHImagVolume_a2_n": 10.262806119526275,
    "WLHImagVolume_a3_n": 0.12277639166374309,
    "WLHImagVolume_a4_n": 0.00104503413394957,
    "WLHImagSurface_W0_p": 1.166080093381317,
    "WLHImagSurface_W1_p": 0.06253289470066337,
    "WLHImagSurface_W2_p": 1.726604555252671,
    "WLHImagSurface_W3_p": 0.23665909681497993,
    "WLHImagSurface_r0_p": 1.049062802102579,
    "WLHImagSurface_r1_p": 0.9356330300382116,
    "WLHImagSurface_r2_p": 0.006825527273491207,
    "WLHImagSurface_a0_p": 0.7260534525959511,
    "WLHImagSurface_W0_n": 1.0670536544839486,
    "WLHImagSurface_W1_n": 0.02034260877171385,
    "WLHImagSurface_W2_n": 1.9594624788760722,
    "WLHImagSurface_W3_n": 0.11199146146572835,
    "WLHImagSurface_r0_n": 1.313923341101705,
    "WLHImagSurface_r1_n": 1.3560575687985532,
    "WLHImagSurface_r2_n": 0.0028915016990853637,
    "WLHImagSurface_a0_n": 0.85863260110718,
    "WLHRealSpinOrbit_V0_p": 9.872113371863374,
    "WLHRealSpinOrbit_V1_p": 0.008298835354669833,
    "WLHRealSpinOrbit_r0_p": 1.2285357128250347,
    "WLHRealSpinOrbit_r1_p": 0.798063248808681,
    "WLHRealSpinOrbit_a0_p": 0.7662224394336019,
    "WLHRealSpinOrbit_a1_p": 0.00034461324840862084,
    "WLHRealSpinOrbit_V0_n": 9.237871225448398,
    "WLHRealSpinOrbit_V1_n": 0.00809308339377252,
    "WLHRealSpinOrbit_r0_n": 1.2943382304391124,
    "WLHRealSpinOrbit_r1_n": 0.8567982232247355,
    "WLHRealSpinOrbit_a0_n": 0.8009608123245116,
    "WLHRealSpinOrbit_a1_n": 0.00041320883368232714
}