{
    "ECS_p": 0.277445,
    "ECS_n": 0.434634,
    "APower_p": 0.773567,
    "APower_n": 0.738454
}