{
    "WLHReal_V0_p": 54.39721076371769,
    "WLHReal_V1_p": 0.2940377552786906,
    "WLHReal_V2_p": -0.00012403351867309846,
    "WLHReal_V3_p": 2.2034853750952706e-06,
    "WLHReal_V4_p": 13.238702168180529,
    "WLHReal_V5_p": 0.14522184473273458,
    "WLHReal_V6_p": 0.0003669512544119844,
    "WLHReal_r0_p": 1.308402255539218,
    "WLHReal_r1_p": 0.33442564843456535,
    "WLHReal_r2_p": 0.0007229336216948458,
    "WLHReal_r3_p": 5.978173526454069e-06,
    "WLHReal_a0_p": 0.7813225279910185,
    "WLHReal_a1_p": 0.00019787251058962606,
    "WLHReal_a2_p": 4.392707231572833e-06,
    "WLHReal_a3_p": 0.04649520946295092,
    "WLHReal_a4_p": 0.5398466694912628,
    "WLHReal_V0_n": 50.295876493471205,
    "WLHReal_V1_n": 0.22887300112415024,
    "WLHReal_V2_n": -0.00020707505723089898,
    "WLHReal_V3_n": 1.622453775283775e-06,
    "WLHReal_V4_n": 22.906170350591875,
    "WLHReal_V5_n": 0.2585074691596364,
    "WLHReal_V6_n": 0.0009691167091953819,
    "WLHReal_r0_n": 1.2662681890649239,
    "WLHReal_r1_n": 0.21406013384814115,
    "WLHReal_r2_n": 0.0008842404048943922,
    "WLHReal_r3_n": 9.940258616797819e-06,
    "WLHReal_a0_n": 0.7309306382844044,
    "WLHReal_a1_n": 0.0008279272338693802,
    "WLHReal_a2_n": 1.0916483722840329e-05,
    "WLHReal_a3_n": 0.36012220153195906,
    "WLHReal_a4_n": 0.9475051937982755,
    "WLHImagVolume_W0_p": 4.523025516380872,
    "WLHImagVolume_W1_p": 0.24380325676048775,
    "WLHImagVolume_W2_p": 0.00033162902695305936,
    "WLHImagVolume_W3_p": 11.557597832458969,
    "WLHImagVolume_W4_p": 0.08400862220531558,
    "WLHImagVolume_r0_p": 0.6611545215965204,
    "WLHImagVolume_r1_p": 39.68434639977261,
    "WLHImagVolume_r2_p": 0.5962167525387682,
    "WLHImagVolume_r3_p": 50.59137503580649,
    "WLHImagVolume_r4_p": 0.6603321555187871,
    "WLHImagVolume_r5_p": 1.611061000839128e-06,
    "WLHImagVolume_a0_p": 0.5759301056486926,
    "WLHImagVolume_a1_p": 0.25503491887603597,
    "WLHImagVolume_a2_p": 12.75353596174086,
    "WLHImagVolume_a3_p": 0.4392868178003797,
    "WLHImagVolume_a4_p": 0.0027243894712256833,
    "WLHImagVolume_W0_n": 2.0453322017334044,
    "WLHImagVolume_W1_n": 0.13124419719811495,
    "WLHImagVolume_W2_n": -0.00010110461185881586,
    "WLHImagVolume_W3_n": 7.279858609891816,
    "WLHImagVolume_W4_n": -0.029962778696224397,
    "WLHImagVolume_r0_n": 0.6842088578716405,
    "WLHImagVolume_r1_n": 58.726734006015434,
    "WLHImagVolume_r2_n": 0.5716731943179223,
    "WLHImagVolume_r3_n": 67.73962653474752,
    "WLHImagVolume_r4_n": 1.065552689085018,
    "WLHImagVolume_r5_n": 4.25769318974174e-06,
    "WLHImagVolume_a0_n": 0.2280949113123305,
    "WLHImagVolume_a1_n": 0.5791634956679583,
    "WLHImagVolume_a2_n": 10.080937272829564,
    "WLHImagVolume_a3_n": 0.09790688904547386,
    "WLHImagVolume_a4_n": 0.000900414812626797,
    "WLHImagSurface_W0_p": 0.8900950089241452,
    "WLHImagSurface_W1_p": 0.03771397104666386,
    "WLHImagSurface_W2_p": 1.0880988714106086,
    "WLHImagSurface_W3_p": 0.13974454891297947,
    "WLHImagSurface_r0_p": 0.9150325713347209,
    "WLHImagSurface_r1_p": 0.4895460091709119,
    "WLHImagSurface_r2_p": 0.004106845217635547,
    "WLHImagSurface_a0_p": 0.6963808040355267,
    "WLHImagSurface_W0_n": 0.6097215312703117,
    "WLHImagSurface_W1_n": -0.0017119759557487832,
    "WLHImagSurface_W2_n": 0.046482101591000635,
    "WLHImagSurface_W3_n": 0.02133571261225449,
    "WLHImagSurface_r0_n": 1.2484996325562423,
    "WLHImagSurface_r1_n": 1.1674583286312998,
    "WLHImagSurface_r2_n": 0.002687463531445249,
    "WLHImagSurface_a0_n": 0.853529318413204,
    "WLHRealSpinOrbit_V0_p": 9.707283991469993,
    "WLHRealSpinOrbit_V1_p": 0.008559085569559173,
    "WLHRealSpinOrbit_r0_p": 1.2743944411830463,
    "WLHRealSpinOrbit_r1_p": 0.862465624834069,
    "WLHRealSpinOrbit_a0_p": 0.8013506431565547,
    "WLHRealSpinOrbit_a1_p": 0.00035411733728835077,
    "WLHRealSpinOrbit_V0_n": 10.1715078865375,
    "WLHRealSpinOrbit_V1_n": 0.00884551428316444,
    "WLHRealSpinOrbit_r0_n": 1.2620088974209147,
    "WLHRealSpinOrbit_r1_n": 0.8344784595340601,
    "WLHRealSpinOrbit_a0_n": 0.7942006980631939,
    "WLHRealSpinOrbit_a1_n": 0.000376603790475216
}