{
    "WLHReal_V0_p": 55.02670050283289,
    "WLHReal_V1_p": 0.31407986974845004,
    "WLHReal_V2_p": -4.6166102349767894e-05,
    "WLHReal_V3_p": 2.1239727591348365e-06,
    "WLHReal_V4_p": 12.651581916032505,
    "WLHReal_V5_p": 0.14132980888929633,
    "WLHReal_V6_p": 0.00032944134829617834,
    "WLHReal_r0_p": 1.304575999960309,
    "WLHReal_r1_p": 0.32591873022803897,
    "WLHReal_r2_p": 0.0008071853126991222,
    "WLHReal_r3_p": 5.851172152169369e-06,
    "WLHReal_a0_p": 0.7840568034384549,
    "WLHReal_a1_p": 0.00018774015964969772,
    "WLHReal_a2_p": 4.6045275659644254e-06,
    "WLHReal_a3_p": 0.06656338725375743,
    "WLHReal_a4_p": 0.5884817082946443,
    "WLHReal_V0_n": 54.87892042306567,
    "WLHReal_V1_n": 0.30770270677780304,
    "WLHReal_V2_n": 0.0002621389065054,
    "WLHReal_V3_n": 1.181192980539501e-06,
    "WLHReal_V4_n": 20.932748706143556,
    "WLHReal_V5_n": 0.25825642007515737,
    "WLHReal_V6_n": 0.0005818437190199648,
    "WLHReal_r0_n": 1.281574265612862,
    "WLHReal_r1_n": 0.37983885133087,
    "WLHReal_r2_n": 0.0005033118680366469,
    "WLHReal_r3_n": 1.0484358539935285e-06,
    "WLHReal_a0_n": 0.7166856850813388,
    "WLHReal_a1_n": 0.0003212353698142968,
    "WLHReal_a2_n": 1.1840289275350695e-06,
    "WLHReal_a3_n": 0.16975616440064778,
    "WLHReal_a4_n": 0.6214604697252792,
    "WLHImagVolume_W0_p": 4.586928583055352,
    "WLHImagVolume_W1_p": 0.263139372510995,
    "WLHImagVolume_W2_p": 0.0004658611065024137,
    "WLHImagVolume_W3_p": 12.751151486189553,
    "WLHImagVolume_W4_p": 0.0853570061432509,
    "WLHImagVolume_r0_p": 0.5921249518487112,
    "WLHImagVolume_r1_p": 51.60507520270299,
    "WLHImagVolume_r2_p": 0.6660739378444988,
    "WLHImagVolume_r3_p": 61.65630736154092,
    "WLHImagVolume_r4_p": 0.6116273490100741,
    "WLHImagVolume_r5_p": 1.4704398149766647e-06,
    "WLHImagVolume_a0_p": 0.5630174512962518,
    "WLHImagVolume_a1_p": 0.27522314194851333,
    "WLHImagVolume_a2_p": 14.548595140626324,
    "WLHImagVolume_a3_p": 0.4253850683462198,
    "WLHImagVolume_a4_p": 0.002505243057535249,
    "WLHImagVolume_W0_n": 2.2706409150330322,
    "WLHImagVolume_W1_n": 0.26560322348592197,
    "WLHImagVolume_W2_n": 0.0005716607774711897,
    "WLHImagVolume_W3_n": 7.838873597671236,
    "WLHImagVolume_W4_n": 0.055159867447872574,
    "WLHImagVolume_r0_n": 0.47408437531620456,
    "WLHImagVolume_r1_n": 85.04506822510658,
    "WLHImagVolume_r2_n": 0.795178809302339,
    "WLHImagVolume_r3_n": 82.01319874165513,
    "WLHImagVolume_r4_n": 0.837860288867287,
    "WLHImagVolume_r5_n": 2.3573542999836687e-06,
    "WLHImagVolume_a0_n": 0.19652180836688515,
    "WLHImagVolume_a1_n": 0.6316943531200632,
    "WLHImagVolume_a2_n": 8.336577324934895,
    "WLHImagVolume_a3_n": 0.0608804542779315,
    "WLHImagVolume_a4_n": 0.0007706563792402906,
    "WLHImagSurface_W0_p": 0.9421978034041657,
    "WLHImagSurface_W1_p": 0.04145071004173286,
    "WLHImagSurface_W2_p": 0.945306388922635,
    "WLHImagSurface_W3_p": 0.14970177321834424,
    "WLHImagSurface_r0_p": 0.9723799059539924,
    "WLHImagSurface_r1_p": 0.5735063557098575,
    "WLHImagSurface_r2_p": 0.004253226880172153,
    "WLHImagSurface_a0_p": 0.7610368782632563,
    "WLHImagSurface_W0_n": 1.9490298983022991,
    "WLHImagSurface_W1_n": 0.03937957136196037,
    "WLHImagSurface_W2_n": 3.2538809181275234,
    "WLHImagSurface_W3_n": 0.14387184253502824,
    "WLHImagSurface_r0_n": 1.2978277281993225,
    "WLHImagSurface_r1_n": 1.4539042116341612,
    "WLHImagSurface_r2_n": 0.004163869006833595,
    "WLHImagSurface_a0_n": 0.8265826719840181,
    "WLHRealSpinOrbit_V0_p": 9.638613878409258,
    "WLHRealSpinOrbit_V1_p": 0.008473606727811351,
    "WLHRealSpinOrbit_r0_p": 1.26798922470748,
    "WLHRealSpinOrbit_r1_p": 0.8605790314537112,
    "WLHRealSpinOrbit_a0_p": 0.7978855287450405,
    "WLHRealSpinOrbit_a1_p": 0.00034221065826069646,
    "WLHRealSpinOrbit_V0_n": 9.534787453972271,
    "WLHRealSpinOrbit_V1_n": 0.008061110402873165,
    "WLHRealSpinOrbit_r0_n": 1.2450128264749976,
    "WLHRealSpinOrbit_r1_n": 0.8107223276846568,
    "WLHRealSpinOrbit_a0_n": 0.7722691438111031,
    "WLHRealSpinOrbit_a1_n": 0.00036519049954555574
}