{
    "WLHReal_V0_p": 51.89404508140339,
    "WLHReal_V1_p": 0.33057363944094537,
    "WLHReal_V2_p": -0.0003520961158681768,
    "WLHReal_V3_p": 4.074329236669463e-06,
    "WLHReal_V4_p": 10.251194014398372,
    "WLHReal_V5_p": 0.14735045658195628,
    "WLHReal_V6_p": 0.0004085677134356157,
    "WLHReal_r0_p": 1.3859213156553745,
    "WLHReal_r1_p": 0.4143801791744086,
    "WLHReal_r2_p": 0.0007492485371463874,
    "WLHReal_r3_p": 6.222963607140951e-06,
    "WLHReal_a0_p": 0.8040175953157024,
    "WLHReal_a1_p": 6.368382431782116e-05,
    "WLHReal_a2_p": 6.285876376263684e-06,
    "WLHReal_a3_p": 0.03975704412075174,
    "WLHReal_a4_p": 0.5536901390341001,
    "WLHReal_V0_n": 55.052472486196685,
    "WLHReal_V1_n": 0.2979308465317709,
    "WLHReal_V2_n": -0.0006306978543235704,
    "WLHReal_V3_n": 4.441154544034095e-06,
    "WLHReal_V4_n": 20.234665463734167,
    "WLHReal_V5_n": 0.32794773593544474,
    "WLHReal_V6_n": 0.001410751891014562,
    "WLHReal_r0_n": 1.3333260486907255,
    "WLHReal_r1_n": 0.4151919491011622,
    "WLHReal_r2_n": 0.0010155502679699197,
    "WLHReal_r3_n": 1.0249754553159697e-05,
    "WLHReal_a0_n": 0.762652704789798,
    "WLHReal_a1_n": 0.0008617097563285994,
    "WLHReal_a2_n": 1.1997937557816826e-05,
    "WLHReal_a3_n": 0.22821617008351036,
    "WLHReal_a4_n": 0.8510952854449497,
    "WLHImagVolume_W0_p": 4.98297319397458,
    "WLHImagVolume_W1_p": 0.25345128362699787,
    "WLHImagVolume_W2_p": 0.0007392892561447881,
    "WLHImagVolume_W3_p": 11.148760218694129,
    "WLHImagVolume_W4_p": 0.08683901764285995,
    "WLHImagVolume_r0_p": 0.36948059812537437,
    "WLHImagVolume_r1_p": 85.67778686151922,
    "WLHImagVolume_r2_p": 0.9722796987449511,
    "WLHImagVolume_r3_p": 87.18825324744434,
    "WLHImagVolume_r4_p": 0.2818196305365606,
    "WLHImagVolume_r5_p": 7.537711895301656e-07,
    "WLHImagVolume_a0_p": 0.546410958172149,
    "WLHImagVolume_a1_p": 0.3520044498264518,
    "WLHImagVolume_a2_p": 21.790458986902443,
    "WLHImagVolume_a3_p": 0.3808242117441768,
    "WLHImagVolume_a4_p": 0.0019844392878084196,
    "WLHImagVolume_W0_n": 4.041634211790829,
    "WLHImagVolume_W1_n": 0.36722884433518843,
    "WLHImagVolume_W2_n": 0.0008235976679937207,
    "WLHImagVolume_W3_n": 11.084186606957399,
    "WLHImagVolume_W4_n": 0.062784582732653,
    "WLHImagVolume_r0_n": 0.5849724675617554,
    "WLHImagVolume_r1_n": 69.15962988118893,
    "WLHImagVolume_r2_n": 0.73753294904191,
    "WLHImagVolume_r3_n": 90.43681850844344,
    "WLHImagVolume_r4_n": 1.023054850806596,
    "WLHImagVolume_r5_n": 4.48688918041489e-06,
    "WLHImagVolume_a0_n": 0.30459628685361334,
    "WLHImagVolume_a1_n": 0.5506662422529246,
    "WLHImagVolume_a2_n": 3.259633369817187,
    "WLHImagVolume_a3_n": 0.025446773379506783,
    "WLHImagVolume_a4_n": 0.0008014162129468894,
    "WLHImagSurface_W0_p": 1.2983274616419778,
    "WLHImagSurface_W1_p": 0.08656339494996641,
    "WLHImagSurface_W2_p": 1.889871531821204,
    "WLHImagSurface_W3_p": 0.3229676968570213,
    "WLHImagSurface_r0_p": 1.0790861144306185,
    "WLHImagSurface_r1_p": 0.4878270547839105,
    "WLHImagSurface_r2_p": 0.0023510524598378633,
    "WLHImagSurface_a0_p": 0.9254948734367148,
    "WLHImagSurface_W0_n": 2.1069045817911567,
    "WLHImagSurface_W1_n": 0.06322622672660647,
    "WLHImagSurface_W2_n": 3.4609639607122364,
    "WLHImagSurface_W3_n": 0.21395327056683042,
    "WLHImagSurface_r0_n": 1.2747326357961588,
    "WLHImagSurface_r1_n": 1.674102006609199,
    "WLHImagSurface_r2_n": 0.002808749462663732,
    "WLHImagSurface_a0_n": 0.8570322413156495,
    "WLHRealSpinOrbit_V0_p": 8.435538032951445,
    "WLHRealSpinOrbit_V1_p": 0.007805188137791877,
    "WLHRealSpinOrbit_r0_p": 1.3312786781800279,
    "WLHRealSpinOrbit_r1_p": 0.9374345911216715,
    "WLHRealSpinOrbit_a0_p": 0.8304919830362548,
    "WLHRealSpinOrbit_a1_p": 0.0003689503312519688,
    "WLHRealSpinOrbit_V0_n": 9.58418789041842,
    "WLHRealSpinOrbit_V1_n": 0.008827115268607076,
    "WLHRealSpinOrbit_r0_n": 1.3056222221350424,
    "WLHRealSpinOrbit_r1_n": 0.9248508576022081,
    "WLHRealSpinOrbit_a0_n": 0.8306344858294883,
    "WLHRealSpinOrbit_a1_n": 0.00032623454887091124
}