{
    "ECS_p": 0.396423,
    "ECS_n": 0.402051,
    "APower_p": 0.795716,
    "APower_n": 0.566091
}