{
    "WLHReal_V0_p": 61.289412427451325,
    "WLHReal_V1_p": 0.34051585191875183,
    "WLHReal_V2_p": 0.001038997674095734,
    "WLHReal_V3_p": -2.1255988546987945e-06,
    "WLHReal_V4_p": 15.603346248043938,
    "WLHReal_V5_p": 0.13613242713448118,
    "WLHReal_V6_p": -1.260466933997623e-05,
    "WLHReal_r0_p": 1.177947425546671,
    "WLHReal_r1_p": 0.27691904478410345,
    "WLHReal_r2_p": 0.0006608307081754396,
    "WLHReal_r3_p": 4.775632643704702e-07,
    "WLHReal_a0_p": 0.7428790429825182,
    "WLHReal_a1_p": 0.0003736160907703871,
    "WLHReal_a2_p": -2.5396170675799893e-06,
    "WLHReal_a3_p": 0.1816666814877666,
    "WLHReal_a4_p": 0.6803070715306241,
    "WLHReal_V0_n": 46.64869271272062,
    "WLHReal_V1_n": 0.23623831641409512,
    "WLHReal_V2_n": -0.0012165835315872857,
    "WLHReal_V3_n": 5.8409355683837946e-06,
    "WLHReal_V4_n": 20.735011437105552,
    "WLHReal_V5_n": 0.33429518217145043,
    "WLHReal_V6_n": 0.0018584096840583366,
    "WLHReal_r0_n": 1.3753353899025822,
    "WLHReal_r1_n": 0.2907417866555267,
    "WLHReal_r2_n": 0.001462164439154678,
    "WLHReal_r3_n": 1.941208415355781e-05,
    "WLHReal_a0_n": 0.7811855536547568,
    "WLHReal_a1_n": 0.0016944524164026983,
    "WLHReal_a2_n": 2.400386813812593e-05,
    "WLHReal_a3_n": 0.4054588070759141,
    "WLHReal_a4_n": 1.1729788820167724,
    "WLHImagVolume_W0_p": 3.0417349444936477,
    "WLHImagVolume_W1_p": 0.29796456872198324,
    "WLHImagVolume_W2_p": 0.00045473189291585225,
    "WLHImagVolume_W3_p": 17.319574644851212,
    "WLHImagVolume_W4_p": 0.07481542574550666,
    "WLHImagVolume_r0_p": 0.5390153229767747,
    "WLHImagVolume_r1_p": 49.13468549986026,
    "WLHImagVolume_r2_p": 0.582995590552357,
    "WLHImagVolume_r3_p": 59.14652459910476,
    "WLHImagVolume_r4_p": 0.7705102871198626,
    "WLHImagVolume_r5_p": 2.8436515294119805e-06,
    "WLHImagVolume_a0_p": 0.4992368980518877,
    "WLHImagVolume_a1_p": 0.2619281875126921,
    "WLHImagVolume_a2_p": 11.941605148475944,
    "WLHImagVolume_a3_p": 0.39770450637256316,
    "WLHImagVolume_a4_p": 0.0018014825076441167,
    "WLHImagVolume_W0_n": 3.141422393993782,
    "WLHImagVolume_W1_n": 0.20028958105427366,
    "WLHImagVolume_W2_n": 0.00046345063987578443,
    "WLHImagVolume_W3_n": 8.303011338926808,
    "WLHImagVolume_W4_n": -0.03862378966190458,
    "WLHImagVolume_r0_n": 0.5899424276967075,
    "WLHImagVolume_r1_n": 97.50878755033088,
    "WLHImagVolume_r2_n": 0.7743511446918458,
    "WLHImagVolume_r3_n": 108.17315395141574,
    "WLHImagVolume_r4_n": 0.9073972558001638,
    "WLHImagVolume_r5_n": 5.420918783181355e-06,
    "WLHImagVolume_a0_n": 0.2975697674031647,
    "WLHImagVolume_a1_n": 0.5421463280941383,
    "WLHImagVolume_a2_n": 5.388590324316513,
    "WLHImagVolume_a3_n": 0.08068763338833623,
    "WLHImagVolume_a4_n": 0.0004620834066223564,
    "WLHImagSurface_W0_p": 1.136867324648152,
    "WLHImagSurface_W1_p": 0.04129378381361727,
    "WLHImagSurface_W2_p": 1.0729393649441314,
    "WLHImagSurface_W3_p": 0.13915787216345626,
    "WLHImagSurface_r0_p": 1.137592622483256,
    "WLHImagSurface_r1_p": 1.263551200684738,
    "WLHImagSurface_r2_p": 0.010781231534772673,
    "WLHImagSurface_a0_p": 0.7328842156298924,
    "WLHImagSurface_W0_n": 1.1301351516740932,
    "WLHImagSurface_W1_n": 0.04640119429914674,
    "WLHImagSurface_W2_n": 1.7196884226066889,
    "WLHImagSurface_W3_n": 0.18407037915157431,
    "WLHImagSurface_r0_n": 1.323977207928568,
    "WLHImagSurface_r1_n": 1.5947842910865933,
    "WLHImagSurface_r2_n": 0.0011483923112766757,
    "WLHImagSurface_a0_n": 0.9023662999762194,
    "WLHRealSpinOrbit_V0_p": 10.88904234603049,
    "WLHRealSpinOrbit_V1_p": 0.008534921203123201,
    "WLHRealSpinOrbit_r0_p": 1.1383511479977382,
    "WLHRealSpinOrbit_r1_p": 0.6825876150042729,
    "WLHRealSpinOrbit_a0_p": 0.7099904623630502,
    "WLHRealSpinOrbit_a1_p": 0.0003155779259764351,
    "WLHRealSpinOrbit_V0_n": 9.027305995634162,
    "WLHRealSpinOrbit_V1_n": 0.00878754311623001,
    "WLHRealSpinOrbit_r0_n": 1.370484855245238,
    "WLHRealSpinOrbit_r1_n": 0.9993833399189452,
    "WLHRealSpinOrbit_a0_n": 0.8718538853334348,
    "WLHRealSpinOrbit_a1_n": 0.0003714691017250381
}