{
    "WLHReal_V0_p": 50.13219612010866,
    "WLHReal_V1_p": 0.2838584777379479,
    "WLHReal_V2_p": -0.0008509710286894631,
    "WLHReal_V3_p": 4.713384471649239e-06,
    "WLHReal_V4_p": 10.961373814601274,
    "WLHReal_V5_p": 0.14156508185751948,
    "WLHReal_V6_p": 0.0005796422920720949,
    "WLHReal_r0_p": 1.3884095932260454,
    "WLHReal_r1_p": 0.3390502621865164,
    "WLHReal_r2_p": 0.0009099397590900469,
    "WLHReal_r3_p": 1.0338472013552049e-05,
    "WLHReal_a0_p": 0.8097920674122242,
    "WLHReal_a1_p": 3.906446299132284e-05,
    "WLHReal_a2_p": 9.456131348012354e-06,
    "WLHReal_a3_p": -0.027112426393600578,
    "WLHReal_a4_p": 0.5051782022404843,
    "WLHReal_V0_n": 53.419636492061315,
    "WLHReal_V1_n": 0.29715327847759787,
    "WLHReal_V2_n": -8.336525134973441e-05,
    "WLHReal_V3_n": 2.6372204273778805e-06,
    "WLHReal_V4_n": 20.863314221614022,
    "WLHReal_V5_n": 0.27682552451815284,
    "WLHReal_V6_n": 0.0009056340548743212,
    "WLHReal_r0_n": 1.2962739898933433,
    "WLHReal_r1_n": 0.3433719790802092,
    "WLHReal_r2_n": 0.0007613440333558908,
    "WLHReal_r3_n": 6.081857251034973e-06,
    "WLHReal_a0_n": 0.7331560860624404,
    "WLHReal_a1_n": 0.000665936551464071,
    "WLHReal_a2_n": 7.058484941502232e-06,
    "WLHReal_a3_n": 0.23526628604974145,
    "WLHReal_a4_n": 0.7814712928143891,
    "WLHImagVolume_W0_p": 5.581821881252711,
    "WLHImagVolume_W1_p": 0.2208767417657935,
    "WLHImagVolume_W2_p": 0.00036826701889146335,
    "WLHImagVolume_W3_p": 8.861995848451498,
    "WLHImagVolume_W4_p": 0.08936024253296214,
    "WLHImagVolume_r0_p": 0.6945463299452114,
    "WLHImagVolume_r1_p": 45.216292720713035,
    "WLHImagVolume_r2_p": 0.6562363018920361,
    "WLHImagVolume_r3_p": 57.359462565557806,
    "WLHImagVolume_r4_p": 0.5547006397167402,
    "WLHImagVolume_r5_p": 7.74654388884705e-07,
    "WLHImagVolume_a0_p": 0.613518742237626,
    "WLHImagVolume_a1_p": 0.27082451464655616,
    "WLHImagVolume_a2_p": 15.244226601398038,
    "WLHImagVolume_a3_p": 0.45052634385159507,
    "WLHImagVolume_a4_p": 0.003091146784249667,
    "WLHImagVolume_W0_n": 2.667079256834326,
    "WLHImagVolume_W1_n": 0.2588002663069468,
    "WLHImagVolume_W2_n": 0.0005630339822265659,
    "WLHImagVolume_W3_n": 8.361880532129705,
    "WLHImagVolume_W4_n": 0.03772384128204344,
    "WLHImagVolume_r0_n": 0.514356332745841,
    "WLHImagVolume_r1_n": 85.57086854781372,
    "WLHImagVolume_r2_n": 0.7721639389339466,
    "WLHImagVolume_r3_n": 87.48788339882637,
    "WLHImagVolume_r4_n": 0.8634056962971699,
    "WLHImagVolume_r5_n": 2.3486851845842877e-06,
    "WLHImagVolume_a0_n": 0.22225116879419893,
    "WLHImagVolume_a1_n": 0.6042899553289469,
    "WLHImagVolume_a2_n": 7.187846405552729,
    "WLHImagVolume_a3_n": 0.05409194174595204,
    "WLHImagVolume_a4_n": 0.0006046285731388454,
    "WLHImagSurface_W0_p": 0.7281845485215193,
    "WLHImagSurface_W1_p": 0.032789996691077114,
    "WLHImagSurface_W2_p": 0.6983367477261062,
    "WLHImagSurface_W3_p": 0.12273884239526135,
    "WLHImagSurface_r0_p": 0.8197692152487356,
    "WLHImagSurface_r1_p": 0.006659632579386787,
    "WLHImagSurface_r2_p": -0.0004834531354313276,
    "WLHImagSurface_a0_p": 0.7537960191069981,
    "WLHImagSurface_W0_n": 1.825873186658287,
    "WLHImagSurface_W1_n": 0.04286659433974363,
    "WLHImagSurface_W2_n": 2.872963327572102,
    "WLHImagSurface_W3_n": 0.15348799700906446,
    "WLHImagSurface_r0_n": 1.2987443641272316,
    "WLHImagSurface_r1_n": 1.4956764660306572,
    "WLHImagSurface_r2_n": 0.0034982886923499,
    "WLHImagSurface_a0_n": 0.8426576626706238,
    "WLHRealSpinOrbit_V0_p": 8.866176969430146,
    "WLHRealSpinOrbit_V1_p": 0.008539588903906367,
    "WLHRealSpinOrbit_r0_p": 1.3602561409225855,
    "WLHRealSpinOrbit_r1_p": 0.9861682715222694,
    "WLHRealSpinOrbit_a0_p": 0.8615307505382184,
    "WLHRealSpinOrbit_a1_p": 0.000363322614082463,
    "WLHRealSpinOrbit_V0_n": 9.503234297207191,
    "WLHRealSpinOrbit_V1_n": 0.008314519972184367,
    "WLHRealSpinOrbit_r0_n": 1.2701628961601206,
    "WLHRealSpinOrbit_r1_n": 0.8553686825295281,
    "WLHRealSpinOrbit_a0_n": 0.7954083289456515,
    "WLHRealSpinOrbit_a1_n": 0.0003567682083382018
}