{
    "CH89RealCentral": {
        "V_0": 54.0328,
        "V_t": 9.56674,
        "V_e": -0.379681,
        "r_o": 1.23835,
        "r_o_0": -0.187473,
        "a_0": 0.699474
    },
    "CH89Coulomb": {
        "r_c": 1.37624,
        "r_c_0": 0.275542
    },
    "CH89SpinOrbit": {
        "V_so": 4.03862,
        "r_so": 1.40891,
        "r_so_0": -1.23136,
        "a_so": 0.572695
    },
    "CH89ImagCentral": {
        "W_v0": 8.67796,
        "W_ve0": 24.7719,
        "W_vew": 12.823,
        "W_s0": 8.43346,
        "W_st": 18.7837,
        "W_se0": 48.9889,
        "W_sew": 25.8108,
        "r_w": 1.2149,
        "r_w0": 0.032553,
        "a_w": 0.570865
    }
}