{
    "WLHReal_V0_p": 52.201206360935174,
    "WLHReal_V1_p": 0.275216608434281,
    "WLHReal_V2_p": -0.0007873313176839985,
    "WLHReal_V3_p": 4.366811322777744e-06,
    "WLHReal_V4_p": 11.953335000887082,
    "WLHReal_V5_p": 0.14986559003527314,
    "WLHReal_V6_p": 0.0005981095089065942,
    "WLHReal_r0_p": 1.3619603701475012,
    "WLHReal_r1_p": 0.3347625170983068,
    "WLHReal_r2_p": 0.0009197509869588217,
    "WLHReal_r3_p": 1.0297487125279092e-05,
    "WLHReal_a0_p": 0.8073690930294455,
    "WLHReal_a1_p": 0.00016478160354416822,
    "WLHReal_a2_p": 8.847696009441608e-06,
    "WLHReal_a3_p": -0.014603563837254682,
    "WLHReal_a4_p": 0.5198988456092337,
    "WLHReal_V0_n": 51.79383740782846,
    "WLHReal_V1_n": 0.2687694495360665,
    "WLHReal_V2_n": -0.00019901280497783383,
    "WLHReal_V3_n": 2.2199111030970978e-06,
    "WLHReal_V4_n": 21.39477393130483,
    "WLHReal_V5_n": 0.2764095539083039,
    "WLHReal_V6_n": 0.0009639700598989956,
    "WLHReal_r0_n": 1.3026666192082381,
    "WLHReal_r1_n": 0.32900159150621855,
    "WLHReal_r2_n": 0.0007998104679628974,
    "WLHReal_r3_n": 7.809787965233494e-06,
    "WLHReal_a0_n": 0.7347220938254628,
    "WLHReal_a1_n": 0.0007401037390701327,
    "WLHReal_a2_n": 8.450491059887266e-06,
    "WLHReal_a3_n": 0.26370436134565023,
    "WLHReal_a4_n": 0.8106107690284172,
    "WLHImagVolume_W0_p": 5.765463935887568,
    "WLHImagVolume_W1_p": 0.25042331618586755,
    "WLHImagVolume_W2_p": 0.000280653402969532,
    "WLHImagVolume_W3_p": 9.92671172966249,
    "WLHImagVolume_W4_p": 0.09815983200131412,
    "WLHImagVolume_r0_p": 0.7984318005767903,
    "WLHImagVolume_r1_p": 25.73134799589847,
    "WLHImagVolume_r2_p": 0.5165865395473214,
    "WLHImagVolume_r3_p": 40.899324664945055,
    "WLHImagVolume_r4_p": 0.7139571686251434,
    "WLHImagVolume_r5_p": 1.9041379287376861e-06,
    "WLHImagVolume_a0_p": 0.6400265097614167,
    "WLHImagVolume_a1_p": 0.2228303153229828,
    "WLHImagVolume_a2_p": 10.712245919234316,
    "WLHImagVolume_a3_p": 0.49454948237713114,
    "WLHImagVolume_a4_p": 0.003679265927461363,
    "WLHImagVolume_W0_n": 2.3646518091162845,
    "WLHImagVolume_W1_n": 0.21760493455808108,
    "WLHImagVolume_W2_n": 0.00037515335594651904,
    "WLHImagVolume_W3_n": 7.715831497887213,
    "WLHImagVolume_W4_n": 0.012019673010178557,
    "WLHImagVolume_r0_n": 0.5509092094846377,
    "WLHImagVolume_r1_n": 81.02795164086811,
    "WLHImagVolume_r2_n": 0.7390065024036829,
    "WLHImagVolume_r3_n": 84.15558884865018,
    "WLHImagVolume_r4_n": 0.9163118709430682,
    "WLHImagVolume_r5_n": 3.714406365100033e-06,
    "WLHImagVolume_a0_n": 0.22914663414887196,
    "WLHImagVolume_a1_n": 0.5996275280776896,
    "WLHImagVolume_a2_n": 8.217381962247085,
    "WLHImagVolume_a3_n": 0.07920542186542369,
    "WLHImagVolume_a4_n": 0.0007993126791993,
    "WLHImagSurface_W0_p": 0.5192239273158946,
    "WLHImagSurface_W1_p": 0.012029321409133605,
    "WLHImagSurface_W2_p": 0.3654349573966825,
    "WLHImagSurface_W3_p": 0.05110352766453341,
    "WLHImagSurface_r0_p": 0.7294277131283039,
    "WLHImagSurface_r1_p": 0.06139013020680517,
    "WLHImagSurface_r2_p": -3.736255936836845e-05,
    "WLHImagSurface_a0_p": 0.6251397646283052,
    "WLHImagSurface_W0_n": 1.402414051488794,
    "WLHImagSurface_W1_n": 0.03004358075192185,
    "WLHImagSurface_W2_n": 2.124598573472992,
    "WLHImagSurface_W3_n": 0.12273791372583777,
    "WLHImagSurface_r0_n": 1.2915985822275888,
    "WLHImagSurface_r1_n": 1.4119295157016962,
    "WLHImagSurface_r2_n": 0.0030879483428026652,
    "WLHImagSurface_a0_n": 0.8511125467710514,
    "WLHRealSpinOrbit_V0_p": 9.436776089444432,
    "WLHRealSpinOrbit_V1_p": 0.008915326395163039,
    "WLHRealSpinOrbit_r0_p": 1.3364667053408794,
    "WLHRealSpinOrbit_r1_p": 0.9590597810900003,
    "WLHRealSpinOrbit_a0_p": 0.8509716634087675,
    "WLHRealSpinOrbit_a1_p": 0.0003492430020584473,
    "WLHRealSpinOrbit_V0_n": 9.557655092685666,
    "WLHRealSpinOrbit_V1_n": 0.008404838605882188,
    "WLHRealSpinOrbit_r0_n": 1.2796492073889032,
    "WLHRealSpinOrbit_r1_n": 0.8596615266196844,
    "WLHRealSpinOrbit_a0_n": 0.8007393967845978,
    "WLHRealSpinOrbit_a1_n": 0.0003735769188311506
}