{
    "CH89RealCentral": {
        "V_0": 54.8292,
        "V_t": 6.91753,
        "V_e": -0.364106,
        "r_o": 1.22074,
        "r_o_0": -0.181954,
        "a_0": 0.720816
    },
    "CH89Coulomb": {
        "r_c": 1.24802,
        "r_c_0": -0.023913
    },
    "CH89SpinOrbit": {
        "V_so": 5.4001,
        "r_so": 1.25371,
        "r_so_0": -0.725674,
        "a_so": 0.615769
    },
    "CH89ImagCentral": {
        "W_v0": 8.8667,
        "W_ve0": 15.3965,
        "W_vew": 22.7901,
        "W_s0": 11.7727,
        "W_st": 42.4448,
        "W_se0": 17.0063,
        "W_sew": 26.7382,
        "r_w": 1.3073,
        "r_w0": -0.197022,
        "a_w": 0.601448
    }
}