{
    "WLHReal_V0_p": 56.64117048286394,
    "WLHReal_V1_p": 0.3132153339791316,
    "WLHReal_V2_p": 0.0004677020583619077,
    "WLHReal_V3_p": 1.807249849736447e-07,
    "WLHReal_V4_p": 14.450303787225144,
    "WLHReal_V5_p": 0.13200005253639535,
    "WLHReal_V6_p": 0.0001468513382551567,
    "WLHReal_r0_p": 1.2435189805172064,
    "WLHReal_r1_p": 0.2836928519773264,
    "WLHReal_r2_p": 0.0006717671228748193,
    "WLHReal_r3_p": 3.130269082026301e-06,
    "WLHReal_a0_p": 0.7569744431173938,
    "WLHReal_a1_p": 0.00020779868854626572,
    "WLHReal_a2_p": 1.6048416544379016e-06,
    "WLHReal_a3_p": 0.10364552132288385,
    "WLHReal_a4_p": 0.5902176356457858,
    "WLHReal_V0_n": 54.81581770746714,
    "WLHReal_V1_n": 0.3127480897210522,
    "WLHReal_V2_n": -7.655879432271257e-05,
    "WLHReal_V3_n": 2.377534694235274e-06,
    "WLHReal_V4_n": 20.446338790990055,
    "WLHReal_V5_n": 0.28488683316497543,
    "WLHReal_V6_n": 0.0009150060649316565,
    "WLHReal_r0_n": 1.3012296628415947,
    "WLHReal_r1_n": 0.3817320012835354,
    "WLHReal_r2_n": 0.0007339486417067149,
    "WLHReal_r3_n": 5.539937741867191e-06,
    "WLHReal_a0_n": 0.7352615455243295,
    "WLHReal_a1_n": 0.0005906482280974988,
    "WLHReal_a2_n": 5.4526780884014915e-06,
    "WLHReal_a3_n": 0.20038078037200996,
    "WLHReal_a4_n": 0.7366062385559913,
    "WLHImagVolume_W0_p": 3.453408759904878,
    "WLHImagVolume_W1_p": 0.23863310648031483,
    "WLHImagVolume_W2_p": 0.0003418526738191177,
    "WLHImagVolume_W3_p": 13.512371344205974,
    "WLHImagVolume_W4_p": 0.06992927179965007,
    "WLHImagVolume_r0_p": 0.5967766075524863,
    "WLHImagVolume_r1_p": 47.93791064672913,
    "WLHImagVolume_r2_p": 0.5999604221781173,
    "WLHImagVolume_r3_p": 58.57591497927439,
    "WLHImagVolume_r4_p": 0.6863623947206414,
    "WLHImagVolume_r5_p": 2.0440715449175473e-06,
    "WLHImagVolume_a0_p": 0.5219155007984656,
    "WLHImagVolume_a1_p": 0.2727302622499962,
    "WLHImagVolume_a2_p": 13.73630653824688,
    "WLHImagVolume_a3_p": 0.3953440439225686,
    "WLHImagVolume_a4_p": 0.0019409288607024908,
    "WLHImagVolume_W0_n": 2.9982806855276785,
    "WLHImagVolume_W1_n": 0.30496474787814437,
    "WLHImagVolume_W2_n": 0.0007229512681513259,
    "WLHImagVolume_W3_n": 9.084856735607275,
    "WLHImagVolume_W4_n": 0.05958860732407907,
    "WLHImagVolume_r0_n": 0.49724618243470325,
    "WLHImagVolume_r1_n": 85.07056040450398,
    "WLHImagVolume_r2_n": 0.794221483476362,
    "WLHImagVolume_r3_n": 89.14457494246146,
    "WLHImagVolume_r4_n": 0.8626477960994425,
    "WLHImagVolume_r5_n": 2.804825310479335e-06,
    "WLHImagVolume_a0_n": 0.23159301639236177,
    "WLHImagVolume_a1_n": 0.6024912924378393,
    "WLHImagVolume_a2_n": 6.117361585225376,
    "WLHImagVolume_a3_n": 0.03941366543694508,
    "WLHImagVolume_a4_n": 0.0006149344704588744,
    "WLHImagSurface_W0_p": 1.080443644360885,
    "WLHImagSurface_W1_p": 0.04347518760485078,
    "WLHImagSurface_W2_p": 1.1416600339070797,
    "WLHImagSurface_W3_p": 0.14838688028955127,
    "WLHImagSurface_r0_p": 1.0586202123277835,
    "WLHImagSurface_r1_p": 0.8215634405437875,
    "WLHImagSurface_r2_p": 0.007579151149594094,
    "WLHImagSurface_a0_p": 0.7627887372172834,
    "WLHImagSurface_W0_n": 2.1237720139022755,
    "WLHImagSurface_W1_n": 0.05326412810138604,
    "WLHImagSurface_W2_n": 3.5104798641872597,
    "WLHImagSurface_W3_n": 0.1825407851867478,
    "WLHImagSurface_r0_n": 1.2989264685345723,
    "WLHImagSurface_r1_n": 1.5715783482849128,
    "WLHImagSurface_r2_n": 0.003684955545289568,
    "WLHImagSurface_a0_n": 0.8386970360493512,
    "WLHRealSpinOrbit_V0_p": 10.163381366803053,
    "WLHRealSpinOrbit_V1_p": 0.008432150437266462,
    "WLHRealSpinOrbit_r0_p": 1.2109904194530274,
    "WLHRealSpinOrbit_r1_p": 0.7743840634470057,
    "WLHRealSpinOrbit_a0_p": 0.7564878040298512,
    "WLHRealSpinOrbit_a1_p": 0.0003444111527690531,
    "WLHRealSpinOrbit_V0_n": 9.464387769169825,
    "WLHRealSpinOrbit_V1_n": 0.00829965484923388,
    "WLHRealSpinOrbit_r0_n": 1.2696999257386221,
    "WLHRealSpinOrbit_r1_n": 0.8598701434802163,
    "WLHRealSpinOrbit_a0_n": 0.7960098164031996,
    "WLHRealSpinOrbit_a1_n": 0.00034560793982864557
}