{
    "WLHReal_V0_p": 54.08179635887267,
    "WLHReal_V1_p": 0.2979231979514149,
    "WLHReal_V2_p": -0.00023258700282775103,
    "WLHReal_V3_p": 2.736392212656939e-06,
    "WLHReal_V4_p": 12.637439154055537,
    "WLHReal_V5_p": 0.15096514860131835,
    "WLHReal_V6_p": 0.0004113089933303021,
    "WLHReal_r0_p": 1.3298063587054467,
    "WLHReal_r1_p": 0.36558444136860946,
    "WLHReal_r2_p": 0.0007227140935643889,
    "WLHReal_r3_p": 5.778500132544191e-06,
    "WLHReal_a0_p": 0.7893027781799001,
    "WLHReal_a1_p": 0.00020311666677409805,
    "WLHReal_a2_p": 4.655812717929143e-06,
    "WLHReal_a3_p": 0.041308173845944075,
    "WLHReal_a4_p": 0.5373661618548412,
    "WLHReal_V0_n": 50.78002577401209,
    "WLHReal_V1_n": 0.26303506390403564,
    "WLHReal_V2_n": -0.0006846190577086565,
    "WLHReal_V3_n": 4.10473774788879e-06,
    "WLHReal_V4_n": 20.91947219350613,
    "WLHReal_V5_n": 0.3105430425994585,
    "WLHReal_V6_n": 0.0014092968517976008,
    "WLHReal_r0_n": 1.3351900043115401,
    "WLHReal_r1_n": 0.33290445433509736,
    "WLHReal_r2_n": 0.0011017947481461567,
    "WLHReal_r3_n": 1.2911676665537524e-05,
    "WLHReal_a0_n": 0.7589585331880455,
    "WLHReal_a1_n": 0.0011207997476863842,
    "WLHReal_a2_n": 1.4987413660181538e-05,
    "WLHReal_a3_n": 0.3099840692550271,
    "WLHReal_a4_n": 0.9594403355243967,
    "WLHImagVolume_W0_p": 4.814930328103148,
    "WLHImagVolume_W1_p": 0.2554546994549191,
    "WLHImagVolume_W2_p": 0.00040963614729648236,
    "WLHImagVolume_W3_p": 11.47138367721229,
    "WLHImagVolume_W4_p": 0.08919244985805302,
    "WLHImagVolume_r0_p": 0.6198220873194891,
    "WLHImagVolume_r1_p": 44.87189294695116,
    "WLHImagVolume_r2_p": 0.6563721286389224,
    "WLHImagVolume_r3_p": 53.92071931718724,
    "WLHImagVolume_r4_p": 0.6009358731852115,
    "WLHImagVolume_r5_p": 1.4270801075194046e-06,
    "WLHImagVolume_a0_p": 0.5825378500238177,
    "WLHImagVolume_a1_p": 0.26417599451400187,
    "WLHImagVolume_a2_p": 13.643520247475797,
    "WLHImagVolume_a3_p": 0.44240417707695623,
    "WLHImagVolume_a4_p": 0.002800014523384242,
    "WLHImagVolume_W0_n": 3.0942554543692045,
    "WLHImagVolume_W1_n": 0.24840845765261546,
    "WLHImagVolume_W2_n": 0.000505291221484943,
    "WLHImagVolume_W3_n": 8.844681376791893,
    "WLHImagVolume_W4_n": 0.0057295471531973105,
    "WLHImagVolume_r0_n": 0.5819832047245552,
    "WLHImagVolume_r1_n": 82.3385666980525,
    "WLHImagVolume_r2_n": 0.7417442833232739,
    "WLHImagVolume_r3_n": 93.57996933600272,
    "WLHImagVolume_r4_n": 0.9514677204266566,
    "WLHImagVolume_r5_n": 4.744256704518056e-06,
    "WLHImagVolume_a0_n": 0.2747014394380332,
    "WLHImagVolume_a1_n": 0.5641803106277055,
    "WLHImagVolume_a2_n": 5.922077147860143,
    "WLHImagVolume_a3_n": 0.06573415442936509,
    "WLHImagVolume_a4_n": 0.0006850424040774032,
    "WLHImagSurface_W0_p": 0.9247432796484416,
    "WLHImagSurface_W1_p": 0.04520431877173247,
    "WLHImagSurface_W2_p": 1.2582598442916697,
    "WLHImagSurface_W3_p": 0.17203021445249958,
    "WLHImagSurface_r0_p": 0.9145548079703472,
    "WLHImagSurface_r1_p": 0.47181420925191486,
    "WLHImagSurface_r2_p": 0.003414823998851347,
    "WLHImagSurface_a0_p": 0.7067767553475427,
    "WLHImagSurface_W0_n": 1.457328088348472,
    "WLHImagSurface_W1_n": 0.04339047651504237,
    "WLHImagSurface_W2_n": 2.23599130898204,
    "WLHImagSurface_W3_n": 0.1644806165070432,
    "WLHImagSurface_r0_n": 1.2960193287102018,
    "WLHImagSurface_r1_n": 1.5369297731567224,
    "WLHImagSurface_r2_n": 0.0022932028676188342,
    "WLHImagSurface_a0_n": 0.8712504250630506,
    "WLHRealSpinOrbit_V0_p": 9.478198907517172,
    "WLHRealSpinOrbit_V1_p": 0.008474214749916515,
    "WLHRealSpinOrbit_r0_p": 1.2901218105405072,
    "WLHRealSpinOrbit_r1_p": 0.8838710510568212,
    "WLHRealSpinOrbit_a0_p": 0.810923608325928,
    "WLHRealSpinOrbit_a1_p": 0.0003570135959380448,
    "WLHRealSpinOrbit_V0_n": 9.410125351802316,
    "WLHRealSpinOrbit_V1_n": 0.008685068258933499,
    "WLHRealSpinOrbit_r0_n": 1.3184293813359105,
    "WLHRealSpinOrbit_r1_n": 0.926496176828721,
    "WLHRealSpinOrbit_a0_n": 0.8341924988279117,
    "WLHRealSpinOrbit_a1_n": 0.000360078865275849
}