{
    "ECS_p": 0.361107,
    "ECS_n": 0.41969,
    "APower_p": 0.824008,
    "APower_n": 0.382948
}