{
    "WLHReal_V0_p": 54.82813976287401,
    "WLHReal_V1_p": 0.3112282249760173,
    "WLHReal_V2_p": -0.00039620991995050305,
    "WLHReal_V3_p": 2.9746411452782875e-06,
    "WLHReal_V4_p": 11.973607099578514,
    "WLHReal_V5_p": 0.13470993721726013,
    "WLHReal_V6_p": 0.0004422385898990904,
    "WLHReal_r0_p": 1.3093110956200873,
    "WLHReal_r1_p": 0.26562921610935036,
    "WLHReal_r2_p": 0.001101620328078699,
    "WLHReal_r3_p": 1.0791024417673294e-05,
    "WLHReal_a0_p": 0.7990163145464262,
    "WLHReal_a1_p": 0.0001758899280960754,
    "WLHReal_a2_p": 8.306763973194377e-06,
    "WLHReal_a3_p": 0.04415177656799506,
    "WLHReal_a4_p": 0.6363316590455748,
    "WLHReal_V0_n": 52.79092978580047,
    "WLHReal_V1_n": 0.2780842909746442,
    "WLHReal_V2_n": -6.715355488197213e-05,
    "WLHReal_V3_n": 1.5499146524276277e-06,
    "WLHReal_V4_n": 21.143819854585757,
    "WLHReal_V5_n": 0.2740669162306071,
    "WLHReal_V6_n": 0.0008285776340723671,
    "WLHReal_r0_n": 1.3072751761582546,
    "WLHReal_r1_n": 0.3809169385190209,
    "WLHReal_r2_n": 0.0006575381302340533,
    "WLHReal_r3_n": 4.595658014354312e-06,
    "WLHReal_a0_n": 0.7288188072453606,
    "WLHReal_a1_n": 0.0005485847968535421,
    "WLHReal_a2_n": 4.691291262912142e-06,
    "WLHReal_a3_n": 0.2078721464714593,
    "WLHReal_a4_n": 0.6961052727497181,
    "WLHImagVolume_W0_p": 5.455317895685998,
    "WLHImagVolume_W1_p": 0.2837669448897751,
    "WLHImagVolume_W2_p": 0.00042696889317289167,
    "WLHImagVolume_W3_p": 13.09305101953365,
    "WLHImagVolume_W4_p": 0.09519799416696616,
    "WLHImagVolume_r0_p": 0.7390147335156023,
    "WLHImagVolume_r1_p": 38.179748211601435,
    "WLHImagVolume_r2_p": 0.534539787723517,
    "WLHImagVolume_r3_p": 55.177885596496644,
    "WLHImagVolume_r4_p": 0.7486378512781612,
    "WLHImagVolume_r5_p": 2.2110825959841536e-06,
    "WLHImagVolume_a0_p": 0.6070539252578226,
    "WLHImagVolume_a1_p": 0.2389350498725749,
    "WLHImagVolume_a2_p": 11.905730862622603,
    "WLHImagVolume_a3_p": 0.47080798810202096,
    "WLHImagVolume_a4_p": 0.0032253436206159877,
    "WLHImagVolume_W0_n": 2.2585431746400797,
    "WLHImagVolume_W1_n": 0.2423484663737352,
    "WLHImagVolume_W2_n": 0.00047329116479905307,
    "WLHImagVolume_W3_n": 7.604328958062924,
    "WLHImagVolume_W4_n": 0.028687834562972907,
    "WLHImagVolume_r0_n": 0.5101200090114135,
    "WLHImagVolume_r1_n": 83.48557389934012,
    "WLHImagVolume_r2_n": 0.7815531135898923,
    "WLHImagVolume_r3_n": 84.28543260657331,
    "WLHImagVolume_r4_n": 0.8921448919298154,
    "WLHImagVolume_r5_n": 3.4159263978697984e-06,
    "WLHImagVolume_a0_n": 0.22301587912156354,
    "WLHImagVolume_a1_n": 0.6148935208084748,
    "WLHImagVolume_a2_n": 8.343068996554711,
    "WLHImagVolume_a3_n": 0.08196068186357873,
    "WLHImagVolume_a4_n": 0.0009357923668912511,
    "WLHImagSurface_W0_p": 0.527893162475046,
    "WLHImagSurface_W1_p": 0.0029036264803697087,
    "WLHImagSurface_W2_p": -0.2934123624606413,
    "WLHImagSurface_W3_p": 0.003019186887071229,
    "WLHImagSurface_r0_p": 0.8351617194347517,
    "WLHImagSurface_r1_p": 0.3086366804297382,
    "WLHImagSurface_r2_p": 0.0016807677772432278,
    "WLHImagSurface_a0_p": 0.713102979982892,
    "WLHImagSurface_W0_n": 1.5916636707957228,
    "WLHImagSurface_W1_n": 0.03437334343998125,
    "WLHImagSurface_W2_n": 2.723913843665284,
    "WLHImagSurface_W3_n": 0.13937265395254753,
    "WLHImagSurface_r0_n": 1.2974641466864232,
    "WLHImagSurface_r1_n": 1.441726892671815,
    "WLHImagSurface_r2_n": 0.0034238205311808915,
    "WLHImagSurface_a0_n": 0.8441930682396016,
    "WLHRealSpinOrbit_V0_p": 9.838136581843205,
    "WLHRealSpinOrbit_V1_p": 0.008965805206106132,
    "WLHRealSpinOrbit_r0_p": 1.287577025050661,
    "WLHRealSpinOrbit_r1_p": 0.9087454052863293,
    "WLHRealSpinOrbit_a0_p": 0.8229397864342077,
    "WLHRealSpinOrbit_a1_p": 0.00031376904709489,
    "WLHRealSpinOrbit_V0_n": 9.451111792281386,
    "WLHRealSpinOrbit_V1_n": 0.00821676261660921,
    "WLHRealSpinOrbit_r0_n": 1.2741852590909513,
    "WLHRealSpinOrbit_r1_n": 0.8462546962530206,
    "WLHRealSpinOrbit_a0_n": 0.7928881731609528,
    "WLHRealSpinOrbit_a1_n": 0.0003796397163320314
}