{
    "CH89RealCentral": {
        "V_0": 58.2522,
        "V_t": 13.3105,
        "V_e": -0.402112,
        "r_o": 1.20243,
        "r_o_0": -0.253869,
        "a_0": 0.711722
    },
    "CH89Coulomb": {
        "r_c": 1.21073,
        "r_c_0": 0.228075
    },
    "CH89SpinOrbit": {
        "V_so": 6.31927,
        "r_so": 1.40301,
        "r_so_0": -1.75904,
        "a_so": 0.654118
    },
    "CH89ImagCentral": {
        "W_v0": 12.9767,
        "W_ve0": 16.4138,
        "W_vew": 49.0083,
        "W_s0": 5.92725,
        "W_st": 28.0081,
        "W_se0": 10.1653,
        "W_sew": 43.6838,
        "r_w": 1.39071,
        "r_w0": -0.638596,
        "a_w": 0.717067
    }
}