{
    "ECS_p": 0.388432,
    "ECS_n": 0.272237,
    "APower_p": 0.576874,
    "APower_n": 0.465187
}