{
    "WLHReal_V0_p": 50.535526562104586,
    "WLHReal_V1_p": 0.28368502469603557,
    "WLHReal_V2_p": -0.0003897961329977777,
    "WLHReal_V3_p": 2.878148437116132e-06,
    "WLHReal_V4_p": 12.47849706435894,
    "WLHReal_V5_p": 0.11735769436584755,
    "WLHReal_V6_p": 0.0003750569821979393,
    "WLHReal_r0_p": 1.3239989513745467,
    "WLHReal_r1_p": 0.24264618613148362,
    "WLHReal_r2_p": 0.0008749391703823343,
    "WLHReal_r3_p": 9.091508170444755e-06,
    "WLHReal_a0_p": 0.7809179707087945,
    "WLHReal_a1_p": -4.234478077790903e-05,
    "WLHReal_a2_p": 8.445521656531171e-06,
    "WLHReal_a3_p": -0.0015143858089887996,
    "WLHReal_a4_p": 0.5164103145492023,
    "WLHReal_V0_n": 56.20316645783702,
    "WLHReal_V1_n": 0.3143884786510218,
    "WLHReal_V2_n": 0.0008508975490111594,
    "WLHReal_V3_n": -1.4042543988456148e-06,
    "WLHReal_V4_n": 22.52976509697217,
    "WLHReal_V5_n": 0.2021362529037545,
    "WLHReal_V6_n": 0.0001706542552182181,
    "WLHReal_r0_n": 1.1780137949768237,
    "WLHReal_r1_n": 0.1810549725278794,
    "WLHReal_r2_n": 0.00041177160900667377,
    "WLHReal_r3_n": 6.910627234524211e-07,
    "WLHReal_a0_n": 0.6905991462864163,
    "WLHReal_a1_n": 0.0001454753789145402,
    "WLHReal_a2_n": -8.37729453357207e-07,
    "WLHReal_a3_n": 0.263223000012266,
    "WLHReal_a4_n": 0.7432376410295154,
    "WLHImagVolume_W0_p": 4.30453405240328,
    "WLHImagVolume_W1_p": 0.16938370931673316,
    "WLHImagVolume_W2_p": 0.00020448767481259496,
    "WLHImagVolume_W3_p": 9.072447012766595,
    "WLHImagVolume_W4_p": 0.06533833158326374,
    "WLHImagVolume_r0_p": 0.7252533761254496,
    "WLHImagVolume_r1_p": 44.74683509941155,
    "WLHImagVolume_r2_p": 0.5742149922598028,
    "WLHImagVolume_r3_p": 59.9485397452631,
    "WLHImagVolume_r4_p": 0.6322537212161788,
    "WLHImagVolume_r5_p": 1.3862386803061652e-06,
    "WLHImagVolume_a0_p": 0.5620723533156768,
    "WLHImagVolume_a1_p": 0.27918051698109003,
    "WLHImagVolume_a2_p": 15.71430895297005,
    "WLHImagVolume_a3_p": 0.40197115276880885,
    "WLHImagVolume_a4_p": 0.0022824859107227788,
    "WLHImagVolume_W0_n": 1.9015242212207504,
    "WLHImagVolume_W1_n": 0.1765362236447744,
    "WLHImagVolume_W2_n": 0.00010539970984370898,
    "WLHImagVolume_W3_n": 7.646343791669327,
    "WLHImagVolume_W4_n": 0.04135863569210463,
    "WLHImagVolume_r0_n": 0.5852549253026064,
    "WLHImagVolume_r1_n": 62.84879789529955,
    "WLHImagVolume_r2_n": 0.5933982988637664,
    "WLHImagVolume_r3_n": 58.69549950674261,
    "WLHImagVolume_r4_n": 0.8980911946740961,
    "WLHImagVolume_r5_n": 1.0183111343545311e-06,
    "WLHImagVolume_a0_n": 0.13735328770799507,
    "WLHImagVolume_a1_n": 0.6327040543894777,
    "WLHImagVolume_a2_n": 10.70625631087685,
    "WLHImagVolume_a3_n": 0.037814041287676375,
    "WLHImagVolume_a4_n": 0.0003539497428541545,
    "WLHImagSurface_W0_p": 0.8256314332715697,
    "WLHImagSurface_W1_p": 0.027156512369646606,
    "WLHImagSurface_W2_p": 0.48870508962879344,
    "WLHImagSurface_W3_p": 0.08272324487897265,
    "WLHImagSurface_r0_p": 0.9210215215898333,
    "WLHImagSurface_r1_p": 0.13768111026187585,
    "WLHImagSurface_r2_p": 0.0023573369829890793,
    "WLHImagSurface_a0_p": 0.8186158506310469,
    "WLHImagSurface_W0_n": 1.5631493528949814,
    "WLHImagSurface_W1_n": 0.007253883240930882,
    "WLHImagSurface_W2_n": 1.2912751493918748,
    "WLHImagSurface_W3_n": 0.014607138377524753,
    "WLHImagSurface_r0_n": 1.247153638390975,
    "WLHImagSurface_r1_n": 1.153197384627979,
    "WLHImagSurface_r2_n": 0.004953278483047904,
    "WLHImagSurface_a0_n": 0.7989707522603724,
    "WLHRealSpinOrbit_V0_p": 9.311971738955993,
    "WLHRealSpinOrbit_V1_p": 0.008503813383519826,
    "WLHRealSpinOrbit_r0_p": 1.309861630924397,
    "WLHRealSpinOrbit_r1_p": 0.913017869733524,
    "WLHRealSpinOrbit_a0_p": 0.8261407117493947,
    "WLHRealSpinOrbit_a1_p": 0.0003634856416621997,
    "WLHRealSpinOrbit_V0_n": 10.500598015774326,
    "WLHRealSpinOrbit_V1_n": 0.008383986359351883,
    "WLHRealSpinOrbit_r0_n": 1.1669476769303821,
    "WLHRealSpinOrbit_r1_n": 0.7163175713750715,
    "WLHRealSpinOrbit_a0_n": 0.7270840001091502,
    "WLHRealSpinOrbit_a1_n": 0.00033645983831736724
}