{
    "WLHReal_V0_p": 54.578447452403495,
    "WLHReal_V1_p": 0.30596565825473315,
    "WLHReal_V2_p": 0.0002932725706888443,
    "WLHReal_V3_p": 1.099971962175253e-06,
    "WLHReal_V4_p": 13.770884813714485,
    "WLHReal_V5_p": 0.14010701891826038,
    "WLHReal_V6_p": 0.00020467974806428089,
    "WLHReal_r0_p": 1.2890344960457418,
    "WLHReal_r1_p": 0.34852888865914816,
    "WLHReal_r2_p": 0.0005266050258789295,
    "WLHReal_r3_p": 2.3392525114896604e-06,
    "WLHReal_a0_p": 0.7633590280352368,
    "WLHReal_a1_p": 0.00015771878223196683,
    "WLHReal_a2_p": 1.1892875893968599e-06,
    "WLHReal_a3_p": 0.07692393516121424,
    "WLHReal_a4_p": 0.5253811379865487,
    "WLHReal_V0_n": 52.256431132132434,
    "WLHReal_V1_n": 0.2976289902971018,
    "WLHReal_V2_n": 0.00014634858924034323,
    "WLHReal_V3_n": 1.1018664467972658e-06,
    "WLHReal_V4_n": 21.337586171863983,
    "WLHReal_V5_n": 0.24968721365769073,
    "WLHReal_V6_n": 0.0007281673649101072,
    "WLHReal_r0_n": 1.265103127443762,
    "WLHReal_r1_n": 0.2519992771650363,
    "WLHReal_r2_n": 0.0007443943572571666,
    "WLHReal_r3_n": 5.62205222524075e-06,
    "WLHReal_a0_n": 0.7214703210133023,
    "WLHReal_a1_n": 0.00070822837232297,
    "WLHReal_a2_n": 7.072727107028533e-06,
    "WLHReal_a3_n": 0.2865296930064387,
    "WLHReal_a4_n": 0.8488027003463432,
    "WLHImagVolume_W0_p": 3.5017232782332,
    "WLHImagVolume_W1_p": 0.21664883783575228,
    "WLHImagVolume_W2_p": 0.0003842104688385992,
    "WLHImagVolume_W3_p": 11.685523175972481,
    "WLHImagVolume_W4_p": 0.0687993621661218,
    "WLHImagVolume_r0_p": 0.5142561659275667,
    "WLHImagVolume_r1_p": 57.819133915358066,
    "WLHImagVolume_r2_p": 0.7231516302348318,
    "WLHImagVolume_r3_p": 63.57177928881979,
    "WLHImagVolume_r4_p": 0.5335972777965029,
    "WLHImagVolume_r5_p": 1.3525735590496563e-06,
    "WLHImagVolume_a0_p": 0.518342692644651,
    "WLHImagVolume_a1_p": 0.3010143393312431,
    "WLHImagVolume_a2_p": 16.37229971479103,
    "WLHImagVolume_a3_p": 0.3781494350958522,
    "WLHImagVolume_a4_p": 0.0017622795851122543,
    "WLHImagVolume_W0_n": 2.134629599667299,
    "WLHImagVolume_W1_n": 0.1884422217879431,
    "WLHImagVolume_W2_n": 0.0003735297338642459,
    "WLHImagVolume_W3_n": 7.261841183135677,
    "WLHImagVolume_W4_n": 0.016930063529457726,
    "WLHImagVolume_r0_n": 0.5102435791553367,
    "WLHImagVolume_r1_n": 91.94087952801868,
    "WLHImagVolume_r2_n": 0.7499740733998101,
    "WLHImagVolume_r3_n": 85.60543693362351,
    "WLHImagVolume_r4_n": 0.7901130340161969,
    "WLHImagVolume_r5_n": 2.2613705101403254e-06,
    "WLHImagVolume_a0_n": 0.18004869741605595,
    "WLHImagVolume_a1_n": 0.6193179450093483,
    "WLHImagVolume_a2_n": 8.894383290236593,
    "WLHImagVolume_a3_n": 0.05693190015069123,
    "WLHImagVolume_a4_n": 0.00029229887778684443,
    "WLHImagSurface_W0_p": 1.2838994899189777,
    "WLHImagSurface_W1_p": 0.06984593237034112,
    "WLHImagSurface_W2_p": 1.9460290011092558,
    "WLHImagSurface_W3_p": 0.25360602144974953,
    "WLHImagSurface_r0_p": 1.0858236243962773,
    "WLHImagSurface_r1_p": 0.7508405810974677,
    "WLHImagSurface_r2_p": 0.006832954208446585,
    "WLHImagSurface_a0_p": 0.7996018346450251,
    "WLHImagSurface_W0_n": 1.6207969984309336,
    "WLHImagSurface_W1_n": 0.03070681044045435,
    "WLHImagSurface_W2_n": 2.1472283382561974,
    "WLHImagSurface_W3_n": 0.10964080890408645,
    "WLHImagSurface_r0_n": 1.3051054171592775,
    "WLHImagSurface_r1_n": 1.386383869579642,
    "WLHImagSurface_r2_n": 0.00371881484816167,
    "WLHImagSurface_a0_n": 0.8373894727326036,
    "WLHRealSpinOrbit_V0_p": 9.563309941371909,
    "WLHRealSpinOrbit_V1_p": 0.008083123210014994,
    "WLHRealSpinOrbit_r0_p": 1.2465001208968849,
    "WLHRealSpinOrbit_r1_p": 0.8091369870515166,
    "WLHRealSpinOrbit_a0_p": 0.7727470159443869,
    "WLHRealSpinOrbit_a1_p": 0.0003725537623089175,
    "WLHRealSpinOrbit_V0_n": 9.596881166213821,
    "WLHRealSpinOrbit_V1_n": 0.008214539491328705,
    "WLHRealSpinOrbit_r0_n": 1.2495439224281324,
    "WLHRealSpinOrbit_r1_n": 0.8253322903966344,
    "WLHRealSpinOrbit_a0_n": 0.7802930476319554,
    "WLHRealSpinOrbit_a1_n": 0.00035860178617378135
}