{
    "ECS_p": 0.316221,
    "ECS_n": 0.438439,
    "APower_p": 0.583922,
    "APower_n": 0.385086
}