{
    "WLHReal_V0_p": 53.74727877552303,
    "WLHReal_V1_p": 0.28948563130253774,
    "WLHReal_V2_p": -6.378560177041995e-05,
    "WLHReal_V3_p": 2.0789774308817287e-06,
    "WLHReal_V4_p": 13.371805443861328,
    "WLHReal_V5_p": 0.15126591044396542,
    "WLHReal_V6_p": 0.0003518096432859847,
    "WLHReal_r0_p": 1.321872589388795,
    "WLHReal_r1_p": 0.37981451134306854,
    "WLHReal_r2_p": 0.0005535822625023457,
    "WLHReal_r3_p": 3.7005849760516914e-06,
    "WLHReal_a0_p": 0.7775514656735022,
    "WLHReal_a1_p": 0.00019080957104943572,
    "WLHReal_a2_p": 3.0666451757762744e-06,
    "WLHReal_a3_p": 0.04318547563724519,
    "WLHReal_a4_p": 0.49375731006701906,
    "WLHReal_V0_n": 54.73641543844006,
    "WLHReal_V1_n": 0.2751960064166685,
    "WLHReal_V2_n": 9.698714569710953e-06,
    "WLHReal_V3_n": 1.3120067701395452e-06,
    "WLHReal_V4_n": 21.785373086018154,
    "WLHReal_V5_n": 0.26985647004907215,
    "WLHReal_V6_n": 0.0007962632276911376,
    "WLHReal_r0_n": 1.2759536180843916,
    "WLHReal_r1_n": 0.3504601616671189,
    "WLHReal_r2_n": 0.0006394571830380764,
    "WLHReal_r3_n": 4.320130338588965e-06,
    "WLHReal_a0_n": 0.7265917058198738,
    "WLHReal_a1_n": 0.0004114716685782807,
    "WLHReal_a2_n": 3.925962967821003e-06,
    "WLHReal_a3_n": 0.21969455381435382,
    "WLHReal_a4_n": 0.7139364039752467,
    "WLHImagVolume_W0_p": 4.2182972227780295,
    "WLHImagVolume_W1_p": 0.22701818814178243,
    "WLHImagVolume_W2_p": 0.0003383729785804023,
    "WLHImagVolume_W3_p": 10.67585933137389,
    "WLHImagVolume_W4_p": 0.0801281768014827,
    "WLHImagVolume_r0_p": 0.592281829373729,
    "WLHImagVolume_r1_p": 45.64393824978143,
    "WLHImagVolume_r2_p": 0.672022761674014,
    "WLHImagVolume_r3_p": 52.55300282610935,
    "WLHImagVolume_r4_p": 0.5700996588723417,
    "WLHImagVolume_r5_p": 1.6902909214481526e-06,
    "WLHImagVolume_a0_p": 0.5612813946726134,
    "WLHImagVolume_a1_p": 0.2735355445391106,
    "WLHImagVolume_a2_p": 14.216499560124468,
    "WLHImagVolume_a3_p": 0.42021303290472634,
    "WLHImagVolume_a4_p": 0.0024501513116599663,
    "WLHImagVolume_W0_n": 2.6288668072631114,
    "WLHImagVolume_W1_n": 0.2587263221870828,
    "WLHImagVolume_W2_n": 0.0003414325813868452,
    "WLHImagVolume_W3_n": 8.747492314775833,
    "WLHImagVolume_W4_n": 0.03834397292708213,
    "WLHImagVolume_r0_n": 0.604489966067295,
    "WLHImagVolume_r1_n": 58.811281100439444,
    "WLHImagVolume_r2_n": 0.6583514059290374,
    "WLHImagVolume_r3_n": 69.82946854692443,
    "WLHImagVolume_r4_n": 1.0405868059322623,
    "WLHImagVolume_r5_n": 3.6125949949736286e-06,
    "WLHImagVolume_a0_n": 0.23776388243104216,
    "WLHImagVolume_a1_n": 0.5938098124491448,
    "WLHImagVolume_a2_n": 8.014546622251181,
    "WLHImagVolume_a3_n": 0.06724980774431905,
    "WLHImagVolume_a4_n": 0.0010688255802930183,
    "WLHImagSurface_W0_p": 1.0972611692327652,
    "WLHImagSurface_W1_p": 0.05964768417597678,
    "WLHImagSurface_W2_p": 1.826780854047757,
    "WLHImagSurface_W3_p": 0.22573560424371758,
    "WLHImagSurface_r0_p": 0.9635133314826707,
    "WLHImagSurface_r1_p": 0.552662489728228,
    "WLHImagSurface_r2_p": 0.004790542165314491,
    "WLHImagSurface_a0_p": 0.7130181007345853,
    "WLHImagSurface_W0_n": 1.4760859938013267,
    "WLHImagSurface_W1_n": 0.024435488462911367,
    "WLHImagSurface_W2_n": 2.0642573425217248,
    "WLHImagSurface_W3_n": 0.09732571484884323,
    "WLHImagSurface_r0_n": 1.2521591570890467,
    "WLHImagSurface_r1_n": 1.3516645305755097,
    "WLHImagSurface_r2_n": 0.0035681023579160376,
    "WLHImagSurface_a0_n": 0.8342966870367404,
    "WLHRealSpinOrbit_V0_p": 9.458015510829572,
    "WLHRealSpinOrbit_V1_p": 0.00828377602227382,
    "WLHRealSpinOrbit_r0_p": 1.2794395136847887,
    "WLHRealSpinOrbit_r1_p": 0.8560114756642861,
    "WLHRealSpinOrbit_a0_p": 0.7978432384216023,
    "WLHRealSpinOrbit_a1_p": 0.00037563888980161273,
    "WLHRealSpinOrbit_V0_n": 10.024220860297152,
    "WLHRealSpinOrbit_V1_n": 0.008606829331906214,
    "WLHRealSpinOrbit_r0_n": 1.248897798642947,
    "WLHRealSpinOrbit_r1_n": 0.8214466934707971,
    "WLHRealSpinOrbit_a0_n": 0.7827907749244558,
    "WLHRealSpinOrbit_a1_n": 0.00035859177800813216
}