{
    "WLHReal_V0_p": 53.55431172703006,
    "WLHReal_V1_p": 0.2952420117847518,
    "WLHReal_V2_p": -0.00022676059495905436,
    "WLHReal_V3_p": 2.2232920633922767e-06,
    "WLHReal_V4_p": 13.02454245682651,
    "WLHReal_V5_p": 0.12013618267800437,
    "WLHReal_V6_p": 0.0003490516398083644,
    "WLHReal_r0_p": 1.2856081154802705,
    "WLHReal_r1_p": 0.21644934265766613,
    "WLHReal_r2_p": 0.0009977239897347575,
    "WLHReal_r3_p": 9.88656523612388e-06,
    "WLHReal_a0_p": 0.7801441531798754,
    "WLHReal_a1_p": 8.139677832317374e-05,
    "WLHReal_a2_p": 7.600879238972836e-06,
    "WLHReal_a3_p": 0.034243478253745116,
    "WLHReal_a4_p": 0.5899512517677703,
    "WLHReal_V0_n": 52.43607735255395,
    "WLHReal_V1_n": 0.3194523833101311,
    "WLHReal_V2_n": -0.0008607981055013331,
    "WLHReal_V3_n": 5.365659118113153e-06,
    "WLHReal_V4_n": 19.321074453125853,
    "WLHReal_V5_n": 0.3372087767552676,
    "WLHReal_V6_n": 0.0016782018971580577,
    "WLHReal_r0_n": 1.3497696963237813,
    "WLHReal_r1_n": 0.3413850761777632,
    "WLHReal_r2_n": 0.0013246212460911876,
    "WLHReal_r3_n": 1.5233095560704808e-05,
    "WLHReal_a0_n": 0.7764453508390398,
    "WLHReal_a1_n": 0.0013913791933455957,
    "WLHReal_a2_n": 1.946864118322059e-05,
    "WLHReal_a3_n": 0.31148426701053616,
    "WLHReal_a4_n": 1.0681898185444294,
    "WLHImagVolume_W0_p": 4.553075482314145,
    "WLHImagVolume_W1_p": 0.22115225090129723,
    "WLHImagVolume_W2_p": 0.00023423282396891834,
    "WLHImagVolume_W3_p": 11.5962054082299,
    "WLHImagVolume_W4_p": 0.07565872253385789,
    "WLHImagVolume_r0_p": 0.7822745836017861,
    "WLHImagVolume_r1_p": 34.499217196521556,
    "WLHImagVolume_r2_p": 0.4751801362824598,
    "WLHImagVolume_r3_p": 52.982374633231,
    "WLHImagVolume_r4_p": 0.7761739477920543,
    "WLHImagVolume_r5_p": 1.6902123677009746e-06,
    "WLHImagVolume_a0_p": 0.5776893017009882,
    "WLHImagVolume_a1_p": 0.24454871864534844,
    "WLHImagVolume_a2_p": 12.363941406115233,
    "WLHImagVolume_a3_p": 0.43656801482206187,
    "WLHImagVolume_a4_p": 0.002705907962660304,
    "WLHImagVolume_W0_n": 4.219345304419795,
    "WLHImagVolume_W1_n": 0.33997572985433644,
    "WLHImagVolume_W2_n": 0.001003678671498602,
    "WLHImagVolume_W3_n": 10.750140860816387,
    "WLHImagVolume_W4_n": 0.04541884744930402,
    "WLHImagVolume_r0_n": 0.5128980320298837,
    "WLHImagVolume_r1_n": 101.05028951516151,
    "WLHImagVolume_r2_n": 0.8344445675835952,
    "WLHImagVolume_r3_n": 112.76124495766872,
    "WLHImagVolume_r4_n": 0.8146075966204699,
    "WLHImagVolume_r5_n": 4.209491595998054e-06,
    "WLHImagVolume_a0_n": 0.2876680752397116,
    "WLHImagVolume_a1_n": 0.548163102812181,
    "WLHImagVolume_a2_n": 2.047283332679804,
    "WLHImagVolume_a3_n": 0.001815110458348014,
    "WLHImagVolume_a4_n": 6.2714987150148905e-06,
    "WLHImagSurface_W0_p": 0.6202392048706062,
    "WLHImagSurface_W1_p": 0.004249700148055639,
    "WLHImagSurface_W2_p": -0.1558047086709411,
    "WLHImagSurface_W3_p": -0.002147238685775127,
    "WLHImagSurface_r0_p": 0.8775267967057161,
    "WLHImagSurface_r1_p": 0.277908338533561,
    "WLHImagSurface_r2_p": 0.0030239231971627167,
    "WLHImagSurface_a0_p": 0.7443351646432614,
    "WLHImagSurface_W0_n": 2.38038060208648,
    "WLHImagSurface_W1_n": 0.08243143387219296,
    "WLHImagSurface_W2_n": 3.8470330068503404,
    "WLHImagSurface_W3_n": 0.2665459767378495,
    "WLHImagSurface_r0_n": 1.3279036722390436,
    "WLHImagSurface_r1_n": 1.824879275006529,
    "WLHImagSurface_r2_n": 0.0024225690889943547,
    "WLHImagSurface_a0_n": 0.8736050211095507,
    "WLHRealSpinOrbit_V0_p": 9.930415233296491,
    "WLHRealSpinOrbit_V1_p": 0.008872526686985568,
    "WLHRealSpinOrbit_r0_p": 1.2739666756866366,
    "WLHRealSpinOrbit_r1_p": 0.8788299558050598,
    "WLHRealSpinOrbit_a0_p": 0.809878905350336,
    "WLHRealSpinOrbit_a1_p": 0.00033120873606751303,
    "WLHRealSpinOrbit_V0_n": 9.05458286516885,
    "WLHRealSpinOrbit_V1_n": 0.008656032338681017,
    "WLHRealSpinOrbit_r0_n": 1.3352107471535946,
    "WLHRealSpinOrbit_r1_n": 0.97952508571261,
    "WLHRealSpinOrbit_a0_n": 0.8533234484270238,
    "WLHRealSpinOrbit_a1_n": 0.00031448672800102773
}