{
    "WLHReal_V0_p": 55.88761889405451,
    "WLHReal_V1_p": 0.32527720865012977,
    "WLHReal_V2_p": 0.00045193298438421655,
    "WLHReal_V3_p": 3.441316918464922e-07,
    "WLHReal_V4_p": 13.672881998653448,
    "WLHReal_V5_p": 0.1288854973273427,
    "WLHReal_V6_p": 0.00013277545046903226,
    "WLHReal_r0_p": 1.2593781074898514,
    "WLHReal_r1_p": 0.29368804852603825,
    "WLHReal_r2_p": 0.0006845175382123467,
    "WLHReal_r3_p": 2.9462314229653843e-06,
    "WLHReal_a0_p": 0.7605864881144826,
    "WLHReal_a1_p": 0.0001513821371135338,
    "WLHReal_a2_p": 1.9963207253793843e-06,
    "WLHReal_a3_p": 0.10483641922552385,
    "WLHReal_a4_p": 0.5984149120713019,
    "WLHReal_V0_n": 51.73636056248457,
    "WLHReal_V1_n": 0.27901155396918725,
    "WLHReal_V2_n": -0.0008516606871337216,
    "WLHReal_V3_n": 5.42151086855686e-06,
    "WLHReal_V4_n": 19.88066163067939,
    "WLHReal_V5_n": 0.33648169542053363,
    "WLHReal_V6_n": 0.0015333015359417263,
    "WLHReal_r0_n": 1.3764530424389159,
    "WLHReal_r1_n": 0.44413057063346845,
    "WLHReal_r2_n": 0.0010855730683501361,
    "WLHReal_r3_n": 1.16723971199254e-05,
    "WLHReal_a0_n": 0.7687439027421026,
    "WLHReal_a1_n": 0.0010889682215071083,
    "WLHReal_a2_n": 1.3934806807255557e-05,
    "WLHReal_a3_n": 0.23642650805269522,
    "WLHReal_a4_n": 0.8590678423930979,
    "WLHImagVolume_W0_p": 3.4412024212756953,
    "WLHImagVolume_W1_p": 0.23504909898747187,
    "WLHImagVolume_W2_p": 0.00045084935399633433,
    "WLHImagVolume_W3_p": 13.435929210316974,
    "WLHImagVolume_W4_p": 0.06761731394270148,
    "WLHImagVolume_r0_p": 0.5096061786744956,
    "WLHImagVolume_r1_p": 62.62339680678076,
    "WLHImagVolume_r2_p": 0.7075252123097591,
    "WLHImagVolume_r3_p": 70.8401491014466,
    "WLHImagVolume_r4_p": 0.5777806803971992,
    "WLHImagVolume_r5_p": 1.436483045335305e-06,
    "WLHImagVolume_a0_p": 0.5058264378124036,
    "WLHImagVolume_a1_p": 0.30477100935342116,
    "WLHImagVolume_a2_p": 16.69713117577108,
    "WLHImagVolume_a3_p": 0.3702783915217813,
    "WLHImagVolume_a4_p": 0.0015987261807149582,
    "WLHImagVolume_W0_n": 3.5009437041843667,
    "WLHImagVolume_W1_n": 0.32551760070686064,
    "WLHImagVolume_W2_n": 0.0008451346750087895,
    "WLHImagVolume_W3_n": 9.518050544365071,
    "WLHImagVolume_W4_n": 0.03393200595650624,
    "WLHImagVolume_r0_n": 0.5134942472017934,
    "WLHImagVolume_r1_n": 91.90679304716417,
    "WLHImagVolume_r2_n": 0.8468960284359044,
    "WLHImagVolume_r3_n": 104.25266715270165,
    "WLHImagVolume_r4_n": 0.9111723913586787,
    "WLHImagVolume_r5_n": 4.617798061018618e-06,
    "WLHImagVolume_a0_n": 0.3001539808845912,
    "WLHImagVolume_a1_n": 0.5663358838910483,
    "WLHImagVolume_a2_n": 4.116261945794362,
    "WLHImagVolume_a3_n": 0.05930249424984689,
    "WLHImagVolume_a4_n": 0.0008217905948096076,
    "WLHImagSurface_W0_p": 1.2164870920484623,
    "WLHImagSurface_W1_p": 0.057494611234872886,
    "WLHImagSurface_W2_p": 1.3342317138228066,
    "WLHImagSurface_W3_p": 0.19807336418071053,
    "WLHImagSurface_r0_p": 1.123765761582198,
    "WLHImagSurface_r1_p": 0.8337374235400568,
    "WLHImagSurface_r2_p": 0.0073525480326059635,
    "WLHImagSurface_a0_p": 0.8464514675484273,
    "WLHImagSurface_W0_n": 1.928006824142327,
    "WLHImagSurface_W1_n": 0.06597428638292302,
    "WLHImagSurface_W2_n": 3.663562877279042,
    "WLHImagSurface_W3_n": 0.24192271706514018,
    "WLHImagSurface_r0_n": 1.3179418329814327,
    "WLHImagSurface_r1_n": 1.7239342441621406,
    "WLHImagSurface_r2_n": 0.002271836638451556,
    "WLHImagSurface_a0_n": 0.8758795451817724,
    "WLHRealSpinOrbit_V0_p": 9.81954248498829,
    "WLHRealSpinOrbit_V1_p": 0.008194788438708875,
    "WLHRealSpinOrbit_r0_p": 1.2225858440596016,
    "WLHRealSpinOrbit_r1_p": 0.789408647108505,
    "WLHRealSpinOrbit_a0_p": 0.7614509405250987,
    "WLHRealSpinOrbit_a1_p": 0.00034866901850276553,
    "WLHRealSpinOrbit_V0_n": 8.991101505196507,
    "WLHRealSpinOrbit_V1_n": 0.008501214279315073,
    "WLHRealSpinOrbit_r0_n": 1.3442371099543668,
    "WLHRealSpinOrbit_r1_n": 0.9615822352705395,
    "WLHRealSpinOrbit_a0_n": 0.8489486761943558,
    "WLHRealSpinOrbit_a1_n": 0.0003607919515628739
}