{
    "WLHReal_V0_p": 53.85399029768771,
    "WLHReal_V1_p": 0.29664616589837434,
    "WLHReal_V2_p": -0.0005942629015435199,
    "WLHReal_V3_p": 4.062955971317394e-06,
    "WLHReal_V4_p": 11.53578155134311,
    "WLHReal_V5_p": 0.17027811676608567,
    "WLHReal_V6_p": 0.0005741695846416134,
    "WLHReal_r0_p": 1.3784592759889818,
    "WLHReal_r1_p": 0.43971356730813516,
    "WLHReal_r2_p": 0.0007501180335588379,
    "WLHReal_r3_p": 6.720684986142514e-06,
    "WLHReal_a0_p": 0.8115871126095089,
    "WLHReal_a1_p": 0.0002733358585541936,
    "WLHReal_a2_p": 5.677064738842892e-06,
    "WLHReal_a3_p": 0.021015643762370684,
    "WLHReal_a4_p": 0.5278593958066107,
    "WLHReal_V0_n": 53.80475231520857,
    "WLHReal_V1_n": 0.30849260617731955,
    "WLHReal_V2_n": -0.00015774309322671087,
    "WLHReal_V3_n": 2.7330100429180932e-06,
    "WLHReal_V4_n": 20.342101091304734,
    "WLHReal_V5_n": 0.2878806341260992,
    "WLHReal_V6_n": 0.0009760837808208109,
    "WLHReal_r0_n": 1.3116345045857671,
    "WLHReal_r1_n": 0.37854507962643186,
    "WLHReal_r2_n": 0.0007842332232925074,
    "WLHReal_r3_n": 5.805607986182038e-06,
    "WLHReal_a0_n": 0.7382560245275495,
    "WLHReal_a1_n": 0.0006951568619360424,
    "WLHReal_a2_n": 7.166159013724684e-06,
    "WLHReal_a3_n": 0.21337603333585378,
    "WLHReal_a4_n": 0.7641787645142071,
    "WLHImagVolume_W0_p": 5.821843643515769,
    "WLHImagVolume_W1_p": 0.2963633896417846,
    "WLHImagVolume_W2_p": 0.0005251643978011083,
    "WLHImagVolume_W3_p": 11.318104006471495,
    "WLHImagVolume_W4_p": 0.10834539915642144,
    "WLHImagVolume_r0_p": 0.6066046842607816,
    "WLHImagVolume_r1_p": 43.462129117126246,
    "WLHImagVolume_r2_p": 0.7074927438238886,
    "WLHImagVolume_r3_p": 50.42852841559123,
    "WLHImagVolume_r4_p": 0.5534845457703133,
    "WLHImagVolume_r5_p": 1.2626331580623043e-06,
    "WLHImagVolume_a0_p": 0.6249557376686107,
    "WLHImagVolume_a1_p": 0.253708365828775,
    "WLHImagVolume_a2_p": 12.916190673297393,
    "WLHImagVolume_a3_p": 0.48361776438297444,
    "WLHImagVolume_a4_p": 0.0034777270345549543,
    "WLHImagVolume_W0_n": 2.9038153758105785,
    "WLHImagVolume_W1_n": 0.29155687375445605,
    "WLHImagVolume_W2_n": 0.0007272692854263604,
    "WLHImagVolume_W3_n": 8.735384625964688,
    "WLHImagVolume_W4_n": 0.05019352601923216,
    "WLHImagVolume_r0_n": 0.4821568537954961,
    "WLHImagVolume_r1_n": 91.63804539928628,
    "WLHImagVolume_r2_n": 0.8193065760597783,
    "WLHImagVolume_r3_n": 93.52150853283638,
    "WLHImagVolume_r4_n": 0.8293657255158294,
    "WLHImagVolume_r5_n": 2.9105260726716277e-06,
    "WLHImagVolume_a0_n": 0.23079874366167513,
    "WLHImagVolume_a1_n": 0.6038594687598228,
    "WLHImagVolume_a2_n": 6.212439203423228,
    "WLHImagVolume_a3_n": 0.04539896837826986,
    "WLHImagVolume_a4_n": 0.0005604140726185455,
    "WLHImagSurface_W0_p": 0.8304975125877441,
    "WLHImagSurface_W1_p": 0.04779995945458506,
    "WLHImagSurface_W2_p": 1.3942005955001986,
    "WLHImagSurface_W3_p": 0.19690110116747989,
    "WLHImagSurface_r0_p": 0.8269321241154596,
    "WLHImagSurface_r1_p": 0.36653444348881087,
    "WLHImagSurface_r2_p": 0.0012029486994049499,
    "WLHImagSurface_a0_p": 0.6459510403141088,
    "WLHImagSurface_W0_n": 2.076754894388735,
    "WLHImagSurface_W1_n": 0.05453036732273374,
    "WLHImagSurface_W2_n": 3.509857393264957,
    "WLHImagSurface_W3_n": 0.19014228005047754,
    "WLHImagSurface_r0_n": 1.3108923327430526,
    "WLHImagSurface_r1_n": 1.5885719091800534,
    "WLHImagSurface_r2_n": 0.0034973189370081674,
    "WLHImagSurface_a0_n": 0.8448054909956431,
    "WLHRealSpinOrbit_V0_p": 9.169979559500558,
    "WLHRealSpinOrbit_V1_p": 0.008531750832076569,
    "WLHRealSpinOrbit_r0_p": 1.3283519205709402,
    "WLHRealSpinOrbit_r1_p": 0.9396739419274873,
    "WLHRealSpinOrbit_a0_p": 0.8381970699951464,
    "WLHRealSpinOrbit_a1_p": 0.0003564814118546581,
    "WLHRealSpinOrbit_V0_n": 9.312873297967283,
    "WLHRealSpinOrbit_V1_n": 0.008241144104526183,
    "WLHRealSpinOrbit_r0_n": 1.280974141044316,
    "WLHRealSpinOrbit_r1_n": 0.8731937491037711,
    "WLHRealSpinOrbit_a0_n": 0.8025445932348907,
    "WLHRealSpinOrbit_a1_n": 0.00035195422163561635
}