{
    "ECS_p": 0.243708,
    "ECS_n": 0.441713,
    "APower_p": 0.75809,
    "APower_n": 0.661965
}