{
    "WLHReal_V0_p": 48.402941136308726,
    "WLHReal_V1_p": 0.24217187298024878,
    "WLHReal_V2_p": -0.0012225420493167862,
    "WLHReal_V3_p": 4.408341460970773e-06,
    "WLHReal_V4_p": 12.045844353403453,
    "WLHReal_V5_p": 0.11057561861235217,
    "WLHReal_V6_p": 0.0006570267261778621,
    "WLHReal_r0_p": 1.3482136170748376,
    "WLHReal_r1_p": 0.1483576695385629,
    "WLHReal_r2_p": 0.0012640577044565576,
    "WLHReal_r3_p": 1.7708679776229874e-05,
    "WLHReal_a0_p": 0.8048616793505842,
    "WLHReal_a1_p": -7.777326669644976e-05,
    "WLHReal_a2_p": 1.4930276950792026e-05,
    "WLHReal_a3_p": -0.08579772872111756,
    "WLHReal_a4_p": 0.5089404947165637,
    "WLHReal_V0_n": 49.30620831578826,
    "WLHReal_V1_n": 0.27850238507668496,
    "WLHReal_V2_n": -0.0013111125245839088,
    "WLHReal_V3_n": 6.775590797910687e-06,
    "WLHReal_V4_n": 19.448220786468454,
    "WLHReal_V5_n": 0.3600511411183761,
    "WLHReal_V6_n": 0.001995455649231817,
    "WLHReal_r0_n": 1.3952817946814033,
    "WLHReal_r1_n": 0.3678777630312592,
    "WLHReal_r2_n": 0.0014995563598006333,
    "WLHReal_r3_n": 1.887716584921155e-05,
    "WLHReal_a0_n": 0.79232175771419,
    "WLHReal_a1_n": 0.0016790562945810667,
    "WLHReal_a2_n": 2.418661615652023e-05,
    "WLHReal_a3_n": 0.3449784453371655,
    "WLHReal_a4_n": 1.1308529393141826,
    "WLHImagVolume_W0_p": 5.7844068097205765,
    "WLHImagVolume_W1_p": 0.16404464068678498,
    "WLHImagVolume_W2_p": -0.00010049366729031605,
    "WLHImagVolume_W3_p": 7.14110007804012,
    "WLHImagVolume_W4_p": 0.07928679398442233,
    "WLHImagVolume_r0_p": 1.1056521571000564,
    "WLHImagVolume_r1_p": 1.8160285231093738,
    "WLHImagVolume_r2_p": 0.2313052134612758,
    "WLHImagVolume_r3_p": 30.86117794784786,
    "WLHImagVolume_r4_p": 0.9397739025940178,
    "WLHImagVolume_r5_p": 1.6782023555512235e-06,
    "WLHImagVolume_a0_p": 0.6633560748483451,
    "WLHImagVolume_a1_p": 0.18483489592297914,
    "WLHImagVolume_a2_p": 8.49608506644189,
    "WLHImagVolume_a3_p": 0.503087178335252,
    "WLHImagVolume_a4_p": 0.003914153042505242,
    "WLHImagVolume_W0_n": 4.069153544356654,
    "WLHImagVolume_W1_n": 0.30976452663417736,
    "WLHImagVolume_W2_n": 0.0009100347366448152,
    "WLHImagVolume_W3_n": 10.104672349799133,
    "WLHImagVolume_W4_n": 0.00975503257790616,
    "WLHImagVolume_r0_n": 0.5343463481852687,
    "WLHImagVolume_r1_n": 104.03845866191236,
    "WLHImagVolume_r2_n": 0.851925969439819,
    "WLHImagVolume_r3_n": 118.58651294309797,
    "WLHImagVolume_r4_n": 0.8601249937855221,
    "WLHImagVolume_r5_n": 5.548978534147066e-06,
    "WLHImagVolume_a0_n": 0.3215450129540256,
    "WLHImagVolume_a1_n": 0.5332973947211793,
    "WLHImagVolume_a2_n": 2.241509317462217,
    "WLHImagVolume_a3_n": 0.03811782984529574,
    "WLHImagVolume_a4_n": 0.00028816305918590837,
    "WLHImagSurface_W0_p": 0.0011674997436753598,
    "WLHImagSurface_W1_p": -0.04684370921896043,
    "WLHImagSurface_W2_p": -1.472890752253207,
    "WLHImagSurface_W3_p": -0.19234987767983622,
    "WLHImagSurface_r0_p": 0.5755644223774579,
    "WLHImagSurface_r1_p": -0.537321612981823,
    "WLHImagSurface_r2_p": -0.0029170351955045562,
    "WLHImagSurface_a0_p": 0.6375155989702243,
    "WLHImagSurface_W0_n": 1.9255657558110806,
    "WLHImagSurface_W1_n": 0.0777773419643377,
    "WLHImagSurface_W2_n": 3.379699781425378,
    "WLHImagSurface_W3_n": 0.27215579564880343,
    "WLHImagSurface_r0_n": 1.3376402578200033,
    "WLHImagSurface_r1_n": 1.8296375935019684,
    "WLHImagSurface_r2_n": 0.0014199269822570025,
    "WLHImagSurface_a0_n": 0.898984436253496,
    "WLHRealSpinOrbit_V0_p": 9.660919241730154,
    "WLHRealSpinOrbit_V1_p": 0.00949438827054911,
    "WLHRealSpinOrbit_r0_p": 1.3660005158508701,
    "WLHRealSpinOrbit_r1_p": 1.0153938349339346,
    "WLHRealSpinOrbit_a0_p": 0.8831811196372835,
    "WLHRealSpinOrbit_a1_p": 0.00033768503340127215,
    "WLHRealSpinOrbit_V0_n": 8.787810501646224,
    "WLHRealSpinOrbit_V1_n": 0.008740931710647673,
    "WLHRealSpinOrbit_r0_n": 1.3809332251729654,
    "WLHRealSpinOrbit_r1_n": 1.030937700736835,
    "WLHRealSpinOrbit_a0_n": 0.8825286684342263,
    "WLHRealSpinOrbit_a1_n": 0.0003421084484639472
}