{
    "ECS_p": 0.253841,
    "ECS_n": 0.349673,
    "APower_p": 0.634525,
    "APower_n": 0.67191
}