{
    "WLHReal_V0_p": 55.66477557434033,
    "WLHReal_V1_p": 0.3006452044653332,
    "WLHReal_V2_p": 6.196345409526752e-06,
    "WLHReal_V3_p": 2.04166212009676e-06,
    "WLHReal_V4_p": 13.330202901752122,
    "WLHReal_V5_p": 0.16307844294757953,
    "WLHReal_V6_p": 0.00036334663714648055,
    "WLHReal_r0_p": 1.3179546413112466,
    "WLHReal_r1_p": 0.41569145833563265,
    "WLHReal_r2_p": 0.0005576816535472562,
    "WLHReal_r3_p": 2.7340660676269302e-06,
    "WLHReal_a0_p": 0.7825071345293348,
    "WLHReal_a1_p": 0.00029908921028136377,
    "WLHReal_a2_p": 2.0669565182710326e-06,
    "WLHReal_a3_p": 0.06715140024120668,
    "WLHReal_a4_p": 0.527196127332232,
    "WLHReal_V0_n": 51.81090583750424,
    "WLHReal_V1_n": 0.2640040098055842,
    "WLHReal_V2_n": -0.0006278137935734796,
    "WLHReal_V3_n": 3.425240471148333e-06,
    "WLHReal_V4_n": 21.139145339663376,
    "WLHReal_V5_n": 0.3083582606545246,
    "WLHReal_V6_n": 0.0013720591781062681,
    "WLHReal_r0_n": 1.3224473115595388,
    "WLHReal_r1_n": 0.32881080963174414,
    "WLHReal_r2_n": 0.0010695763193433122,
    "WLHReal_r3_n": 1.2160160915306782e-05,
    "WLHReal_a0_n": 0.7569913623205692,
    "WLHReal_a1_n": 0.0010289869360975013,
    "WLHReal_a2_n": 1.3872553936797994e-05,
    "WLHReal_a3_n": 0.3051462570647614,
    "WLHReal_a4_n": 0.947446022934068,
    "WLHImagVolume_W0_p": 4.538636498156164,
    "WLHImagVolume_W1_p": 0.273419829514936,
    "WLHImagVolume_W2_p": 0.00044602891914216354,
    "WLHImagVolume_W3_p": 12.249319973912584,
    "WLHImagVolume_W4_p": 0.09189243381181106,
    "WLHImagVolume_r0_p": 0.5586984144647485,
    "WLHImagVolume_r1_p": 45.53276890511077,
    "WLHImagVolume_r2_p": 0.6919825373165571,
    "WLHImagVolume_r3_p": 51.008489153932175,
    "WLHImagVolume_r4_p": 0.5811686560341666,
    "WLHImagVolume_r5_p": 1.6518241628044808e-06,
    "WLHImagVolume_a0_p": 0.5724785359196777,
    "WLHImagVolume_a1_p": 0.2638001809647894,
    "WLHImagVolume_a2_p": 13.080475270952105,
    "WLHImagVolume_a3_p": 0.44175552610918006,
    "WLHImagVolume_a4_p": 0.002726662934310284,
    "WLHImagVolume_W0_n": 3.2412153084279485,
    "WLHImagVolume_W1_n": 0.2604010667095431,
    "WLHImagVolume_W2_n": 0.00046963766223977535,
    "WLHImagVolume_W3_n": 9.327671825895976,
    "WLHImagVolume_W4_n": 0.013186466873403444,
    "WLHImagVolume_r0_n": 0.6145857117982086,
    "WLHImagVolume_r1_n": 72.34248467162863,
    "WLHImagVolume_r2_n": 0.6970596855999156,
    "WLHImagVolume_r3_n": 87.51973643456502,
    "WLHImagVolume_r4_n": 1.009444035798729,
    "WLHImagVolume_r5_n": 4.96728681185848e-06,
    "WLHImagVolume_a0_n": 0.2797901482108745,
    "WLHImagVolume_a1_n": 0.5578399351808411,
    "WLHImagVolume_a2_n": 5.779854889081059,
    "WLHImagVolume_a3_n": 0.059342842475768674,
    "WLHImagVolume_a4_n": 0.0007597123336235773,
    "WLHImagSurface_W0_p": 1.0795196681129378,
    "WLHImagSurface_W1_p": 0.06055627295904955,
    "WLHImagSurface_W2_p": 1.8859566110335724,
    "WLHImagSurface_W3_p": 0.23648487579845293,
    "WLHImagSurface_r0_p": 0.9548545047577728,
    "WLHImagSurface_r1_p": 0.6957139111567148,
    "WLHImagSurface_r2_p": 0.005101168893607495,
    "WLHImagSurface_a0_p": 0.6689313388341838,
    "WLHImagSurface_W0_n": 1.449126197530556,
    "WLHImagSurface_W1_n": 0.040165236742874005,
    "WLHImagSurface_W2_n": 2.0711583281013364,
    "WLHImagSurface_W3_n": 0.1500138035814807,
    "WLHImagSurface_r0_n": 1.2778589345214124,
    "WLHImagSurface_r1_n": 1.5053853602378025,
    "WLHImagSurface_r2_n": 0.002419968667110037,
    "WLHImagSurface_a0_n": 0.8656914625541955,
    "WLHRealSpinOrbit_V0_p": 9.616281032169125,
    "WLHRealSpinOrbit_V1_p": 0.008351787139801859,
    "WLHRealSpinOrbit_r0_p": 1.2669041760261306,
    "WLHRealSpinOrbit_r1_p": 0.8435868358117289,
    "WLHRealSpinOrbit_a0_p": 0.7910578226624604,
    "WLHRealSpinOrbit_a1_p": 0.000363419973377241,
    "WLHRealSpinOrbit_V0_n": 9.635416830603615,
    "WLHRealSpinOrbit_V1_n": 0.008818574764793993,
    "WLHRealSpinOrbit_r0_n": 1.306523855599638,
    "WLHRealSpinOrbit_r1_n": 0.9135963361243282,
    "WLHRealSpinOrbit_a0_n": 0.828461363128806,
    "WLHRealSpinOrbit_a1_n": 0.00035140935831354925
}