{
    "ECS_p": 0.339028,
    "ECS_n": 0.311128,
    "APower_p": 0.97528,
    "APower_n": 0.409108
}