{
    "CH89RealCentral": {
        "V_0": 54.2536,
        "V_t": 17.3876,
        "V_e": -0.395479,
        "r_o": 1.19195,
        "r_o_0": -0.0560319,
        "a_0": 0.692722
    },
    "CH89Coulomb": {
        "r_c": 1.21788,
        "r_c_0": 0.23894
    },
    "CH89SpinOrbit": {
        "V_so": 4.56876,
        "r_so": 1.28052,
        "r_so_0": -0.988826,
        "a_so": 0.48099
    },
    "CH89ImagCentral": {
        "W_v0": 11.3607,
        "W_ve0": 25.7858,
        "W_vew": 9.25204,
        "W_s0": 14.8951,
        "W_st": 19.024,
        "W_se0": 4.27034,
        "W_sew": 28.5062,
        "r_w": 1.36999,
        "r_w0": -0.662708,
        "a_w": 0.706952
    }
}