{
    "WLHReal_V0_p": 51.67233465228288,
    "WLHReal_V1_p": 0.2942329818867948,
    "WLHReal_V2_p": -0.00025910429709719235,
    "WLHReal_V3_p": 2.6070664308115905e-06,
    "WLHReal_V4_p": 12.566058176607031,
    "WLHReal_V5_p": 0.11695147560034996,
    "WLHReal_V6_p": 0.0003351106294951356,
    "WLHReal_r0_p": 1.3089666515323206,
    "WLHReal_r1_p": 0.23658265747869603,
    "WLHReal_r2_p": 0.0009026470672349688,
    "WLHReal_r3_p": 9.133948795982006e-06,
    "WLHReal_a0_p": 0.7789595333767575,
    "WLHReal_a1_p": -9.828212503766104e-06,
    "WLHReal_a2_p": 8.146648317835499e-06,
    "WLHReal_a3_p": 0.019282517314479945,
    "WLHReal_a4_p": 0.5490538049939117,
    "WLHReal_V0_n": 47.48699322096195,
    "WLHReal_V1_n": 0.2634764625560537,
    "WLHReal_V2_n": -0.0015077671560823425,
    "WLHReal_V3_n": 7.3177944589661e-06,
    "WLHReal_V4_n": 19.738517042582405,
    "WLHReal_V5_n": 0.3635519404908739,
    "WLHReal_V6_n": 0.002183323049801127,
    "WLHReal_r0_n": 1.394810670645527,
    "WLHReal_r1_n": 0.3023711442820549,
    "WLHReal_r2_n": 0.0016937825370549357,
    "WLHReal_r3_n": 2.2250620960645176e-05,
    "WLHReal_a0_n": 0.8005159324183448,
    "WLHReal_a1_n": 0.001960847453600244,
    "WLHReal_a2_n": 2.8895118562351055e-05,
    "WLHReal_a3_n": 0.41996135942897045,
    "WLHReal_a4_n": 1.28201398939173,
    "WLHImagVolume_W0_p": 4.256482452123431,
    "WLHImagVolume_W1_p": 0.18715750588421493,
    "WLHImagVolume_W2_p": 0.00025892504822246483,
    "WLHImagVolume_W3_p": 10.184131221253127,
    "WLHImagVolume_W4_p": 0.06693292334290644,
    "WLHImagVolume_r0_p": 0.7015823256907704,
    "WLHImagVolume_r1_p": 47.40548770477747,
    "WLHImagVolume_r2_p": 0.5824607330758027,
    "WLHImagVolume_r3_p": 62.524816093272875,
    "WLHImagVolume_r4_p": 0.6435873307130637,
    "WLHImagVolume_r5_p": 1.3618963083413028e-06,
    "WLHImagVolume_a0_p": 0.5554195440545322,
    "WLHImagVolume_a1_p": 0.28052112722671085,
    "WLHImagVolume_a2_p": 15.674924940899396,
    "WLHImagVolume_a3_p": 0.40047560230652596,
    "WLHImagVolume_a4_p": 0.002221497850817919,
    "WLHImagVolume_W0_n": 4.109403234436138,
    "WLHImagVolume_W1_n": 0.26937268414680005,
    "WLHImagVolume_W2_n": 0.0007796027162870847,
    "WLHImagVolume_W3_n": 9.982914738154621,
    "WLHImagVolume_W4_n": -0.016795955390184195,
    "WLHImagVolume_r0_n": 0.5767612578621196,
    "WLHImagVolume_r1_n": 104.33173456884451,
    "WLHImagVolume_r2_n": 0.8120679523912582,
    "WLHImagVolume_r3_n": 120.35646281122557,
    "WLHImagVolume_r4_n": 0.8733562867870042,
    "WLHImagVolume_r5_n": 6.002096747483886e-06,
    "WLHImagVolume_a0_n": 0.3276766328181896,
    "WLHImagVolume_a1_n": 0.5162625243995412,
    "WLHImagVolume_a2_n": 2.2617208806768048,
    "WLHImagVolume_a3_n": 0.03980924494789295,
    "WLHImagVolume_a4_n": 0.00010789912011449377,
    "WLHImagSurface_W0_p": 0.8362070397673956,
    "WLHImagSurface_W1_p": 0.02621900710271524,
    "WLHImagSurface_W2_p": 0.3953443354951358,
    "WLHImagSurface_W3_p": 0.07784199264130645,
    "WLHImagSurface_r0_p": 0.9473638704035116,
    "WLHImagSurface_r1_p": 0.24344057439143635,
    "WLHImagSurface_r2_p": 0.0029983045229899823,
    "WLHImagSurface_a0_p": 0.826476993957371,
    "WLHImagSurface_W0_n": 1.6455832786725044,
    "WLHImagSurface_W1_n": 0.07213302968918132,
    "WLHImagSurface_W2_n": 2.6085004796629567,
    "WLHImagSurface_W3_n": 0.25326132410089114,
    "WLHImagSurface_r0_n": 1.3365017397647219,
    "WLHImagSurface_r1_n": 1.794630286211772,
    "WLHImagSurface_r2_n": 0.0009104372219195991,
    "WLHImagSurface_a0_n": 0.910598448901182,
    "WLHRealSpinOrbit_V0_p": 9.459070806948938,
    "WLHRealSpinOrbit_V1_p": 0.008522157511502681,
    "WLHRealSpinOrbit_r0_p": 1.29328815609687,
    "WLHRealSpinOrbit_r1_p": 0.8943440927175192,
    "WLHRealSpinOrbit_a0_p": 0.8161077930207088,
    "WLHRealSpinOrbit_a1_p": 0.0003532733517214245,
    "WLHRealSpinOrbit_V0_n": 8.84178173298189,
    "WLHRealSpinOrbit_V1_n": 0.008934272988971228,
    "WLHRealSpinOrbit_r0_n": 1.393132777109654,
    "WLHRealSpinOrbit_r1_n": 1.0528039179568642,
    "WLHRealSpinOrbit_a0_n": 0.894960455689761,
    "WLHRealSpinOrbit_a1_n": 0.0003401851572196909
}