{
    "ECS_p": 0.359666,
    "ECS_n": 0.349451,
    "APower_p": 0.935295,
    "APower_n": 0.458598
}