{
    "WLHReal_V0_p": 48.160397740755485,
    "WLHReal_V1_p": 0.25984936859875896,
    "WLHReal_V2_p": -0.001213044478902604,
    "WLHReal_V3_p": 5.127349682502876e-06,
    "WLHReal_V4_p": 11.009915075498332,
    "WLHReal_V5_p": 0.12166286734723644,
    "WLHReal_V6_p": 0.000662908028930122,
    "WLHReal_r0_p": 1.3825874732367112,
    "WLHReal_r1_p": 0.2276439418057506,
    "WLHReal_r2_p": 0.0011625146756158381,
    "WLHReal_r3_p": 1.58222242867928e-05,
    "WLHReal_a0_p": 0.8130696953292695,
    "WLHReal_a1_p": -7.190444279747555e-05,
    "WLHReal_a2_p": 1.3951863554517244e-05,
    "WLHReal_a3_p": -0.07546550759677073,
    "WLHReal_a4_p": 0.503772282197737,
    "WLHReal_V0_n": 50.30283609767126,
    "WLHReal_V1_n": 0.2479828948642489,
    "WLHReal_V2_n": -0.0007950342582823292,
    "WLHReal_V3_n": 3.687484780575222e-06,
    "WLHReal_V4_n": 21.48352426327057,
    "WLHReal_V5_n": 0.3109937078007146,
    "WLHReal_V6_n": 0.001526766669918268,
    "WLHReal_r0_n": 1.3210412303729928,
    "WLHReal_r1_n": 0.27407340989535034,
    "WLHReal_r2_n": 0.0012260286893749257,
    "WLHReal_r3_n": 1.5233310892796951e-05,
    "WLHReal_a0_n": 0.7635884481363161,
    "WLHReal_a1_n": 0.0012507444150226654,
    "WLHReal_a2_n": 1.8218042330992885e-05,
    "WLHReal_a3_n": 0.36835270479257465,
    "WLHReal_a4_n": 1.0707678475476727,
    "WLHImagVolume_W0_p": 5.9060201327273845,
    "WLHImagVolume_W1_p": 0.1824688540048756,
    "WLHImagVolume_W2_p": 0.00011985180406301986,
    "WLHImagVolume_W3_p": 7.338994098002423,
    "WLHImagVolume_W4_p": 0.08398865804486659,
    "WLHImagVolume_r0_p": 0.9282682852297637,
    "WLHImagVolume_r1_p": 23.43634833454515,
    "WLHImagVolume_r2_p": 0.43599534624469255,
    "WLHImagVolume_r3_p": 45.437741387776725,
    "WLHImagVolume_r4_p": 0.7428387067170615,
    "WLHImagVolume_r5_p": 1.416621557105237e-06,
    "WLHImagVolume_a0_p": 0.6471414589134452,
    "WLHImagVolume_a1_p": 0.22903648340267074,
    "WLHImagVolume_a2_p": 12.294154956768352,
    "WLHImagVolume_a3_p": 0.47902658484966854,
    "WLHImagVolume_a4_p": 0.0035831249328632476,
    "WLHImagVolume_W0_n": 3.2611172400157313,
    "WLHImagVolume_W1_n": 0.2246933286942895,
    "WLHImagVolume_W2_n": 0.0003331728310881197,
    "WLHImagVolume_W3_n": 9.232010163008747,
    "WLHImagVolume_W4_n": -0.010402202093343877,
    "WLHImagVolume_r0_n": 0.659789911461553,
    "WLHImagVolume_r1_n": 70.11254847159765,
    "WLHImagVolume_r2_n": 0.6525309682405166,
    "WLHImagVolume_r3_n": 87.42283082839968,
    "WLHImagVolume_r4_n": 1.0385685578398773,
    "WLHImagVolume_r5_n": 5.316410388596944e-06,
    "WLHImagVolume_a0_n": 0.28701439766941206,
    "WLHImagVolume_a1_n": 0.542181066427315,
    "WLHImagVolume_a2_n": 5.902741079446494,
    "WLHImagVolume_a3_n": 0.06315863878611243,
    "WLHImagVolume_a4_n": 0.0006583782144030237,
    "WLHImagSurface_W0_p": 0.2895948896810039,
    "WLHImagSurface_W1_p": -0.013011835270342602,
    "WLHImagSurface_W2_p": -0.6420669524885259,
    "WLHImagSurface_W3_p": -0.05922595152130447,
    "WLHImagSurface_r0_p": 0.6694035226433581,
    "WLHImagSurface_r1_p": -0.40616080014148553,
    "WLHImagSurface_r2_p": -0.002856050141309366,
    "WLHImagSurface_a0_p": 0.7128036605871673,
    "WLHImagSurface_W0_n": 1.1631384505053837,
    "WLHImagSurface_W1_n": 0.03332279889772394,
    "WLHImagSurface_W2_n": 1.3199111747825827,
    "WLHImagSurface_W3_n": 0.1282420102105296,
    "WLHImagSurface_r0_n": 1.2726678323474756,
    "WLHImagSurface_r1_n": 1.4606410775686565,
    "WLHImagSurface_r2_n": 0.0019698207508143297,
    "WLHImagSurface_a0_n": 0.8753419988677259,
    "WLHRealSpinOrbit_V0_p": 9.113631049695025,
    "WLHRealSpinOrbit_V1_p": 0.009059008244323125,
    "WLHRealSpinOrbit_r0_p": 1.3821284849330444,
    "WLHRealSpinOrbit_r1_p": 1.0301070189982455,
    "WLHRealSpinOrbit_a0_p": 0.8868334158953616,
    "WLHRealSpinOrbit_a1_p": 0.0003503503356715384,
    "WLHRealSpinOrbit_V0_n": 9.72540730312433,
    "WLHRealSpinOrbit_V1_n": 0.009010640842340807,
    "WLHRealSpinOrbit_r0_n": 1.3158246240345817,
    "WLHRealSpinOrbit_r1_n": 0.9298615460379223,
    "WLHRealSpinOrbit_a0_n": 0.8383867519785151,
    "WLHRealSpinOrbit_a1_n": 0.00035059461624418326
}