{
    "CH89RealCentral": {
        "V_0": 56.2291,
        "V_t": 17.5307,
        "V_e": -0.340845,
        "r_o": 1.1917,
        "r_o_0": -0.12493,
        "a_0": 0.733
    },
    "CH89Coulomb": {
        "r_c": 1.11005,
        "r_c_0": 0.042932
    },
    "CH89SpinOrbit": {
        "V_so": 5.51781,
        "r_so": 1.30889,
        "r_so_0": -0.951138,
        "a_so": 0.550833
    },
    "CH89ImagCentral": {
        "W_v0": 6.02848,
        "W_ve0": 51.2505,
        "W_vew": 32.4268,
        "W_s0": 10.4614,
        "W_st": 10.807,
        "W_se0": 80.4947,
        "W_sew": 56.8801,
        "r_w": 1.33123,
        "r_w0": -0.764963,
        "a_w": 0.663246
    }
}