{
    "ECS_p": 0.228017,
    "ECS_n": 0.261626,
    "APower_p": 0.654406,
    "APower_n": 0.391462
}