{
    "ECS_p": 0.395461,
    "ECS_n": 0.384357,
    "APower_p": 0.791002,
    "APower_n": 0.429643
}