{
    "ECS_p": 0.242357,
    "ECS_n": 0.530942,
    "APower_p": 0.706262,
    "APower_n": 0.437893
}