{
    "WLHReal_V0_p": 57.16177038162347,
    "WLHReal_V1_p": 0.32448542192170005,
    "WLHReal_V2_p": 0.0002787578856272455,
    "WLHReal_V3_p": 6.49873569188219e-07,
    "WLHReal_V4_p": 13.491833152948342,
    "WLHReal_V5_p": 0.13859157381927878,
    "WLHReal_V6_p": 0.00022663348076301171,
    "WLHReal_r0_p": 1.2627817464190871,
    "WLHReal_r1_p": 0.3019465434477018,
    "WLHReal_r2_p": 0.0008027124831943193,
    "WLHReal_r3_p": 4.904613537901318e-06,
    "WLHReal_a0_p": 0.7725690259547012,
    "WLHReal_a1_p": 0.00024839107630110794,
    "WLHReal_a2_p": 2.447779059217208e-06,
    "WLHReal_a3_p": 0.10412316942068135,
    "WLHReal_a4_p": 0.6297409139905954,
    "WLHReal_V0_n": 50.94064657987106,
    "WLHReal_V1_n": 0.2637144328756095,
    "WLHReal_V2_n": 0.00012005462381617989,
    "WLHReal_V3_n": 1.2184339687362085e-06,
    "WLHReal_V4_n": 22.30331023341978,
    "WLHReal_V5_n": 0.2402874459776691,
    "WLHReal_V6_n": 0.0007136717137309767,
    "WLHReal_r0_n": 1.2541261143187925,
    "WLHReal_r1_n": 0.21136240114096583,
    "WLHReal_r2_n": 0.0007488099448494158,
    "WLHReal_r3_n": 6.384122489635871e-06,
    "WLHReal_a0_n": 0.7183237047184298,
    "WLHReal_a1_n": 0.000713420518028096,
    "WLHReal_a2_n": 7.735194261791735e-06,
    "WLHReal_a3_n": 0.3264563954552496,
    "WLHReal_a4_n": 0.8828502586523239,
    "WLHImagVolume_W0_p": 4.191941604807095,
    "WLHImagVolume_W1_p": 0.27962694172495917,
    "WLHImagVolume_W2_p": 0.0004710301452226071,
    "WLHImagVolume_W3_p": 14.438535554305968,
    "WLHImagVolume_W4_p": 0.08335770716856254,
    "WLHImagVolume_r0_p": 0.5858164048565869,
    "WLHImagVolume_r1_p": 50.22779838094958,
    "WLHImagVolume_r2_p": 0.6290268235549645,
    "WLHImagVolume_r3_p": 61.023993357674485,
    "WLHImagVolume_r4_p": 0.6768391070771994,
    "WLHImagVolume_r5_p": 1.3878401317447212e-06,
    "WLHImagVolume_a0_p": 0.5462640948597121,
    "WLHImagVolume_a1_p": 0.26807264338851583,
    "WLHImagVolume_a2_p": 13.508813160854734,
    "WLHImagVolume_a3_p": 0.4208164350815004,
    "WLHImagVolume_a4_p": 0.002344274271949438,
    "WLHImagVolume_W0_n": 1.7498289993743836,
    "WLHImagVolume_W1_n": 0.1320745493179442,
    "WLHImagVolume_W2_n": 6.514319584941111e-05,
    "WLHImagVolume_W3_n": 6.611315741236671,
    "WLHImagVolume_W4_n": -0.012453878863282742,
    "WLHImagVolume_r0_n": 0.5818064287667941,
    "WLHImagVolume_r1_n": 78.89672053941219,
    "WLHImagVolume_r2_n": 0.6652784768734611,
    "WLHImagVolume_r3_n": 75.4521885389614,
    "WLHImagVolume_r4_n": 0.8893475313142668,
    "WLHImagVolume_r5_n": 2.687728549396753e-06,
    "WLHImagVolume_a0_n": 0.18243570555648547,
    "WLHImagVolume_a1_n": 0.6125184256387715,
    "WLHImagVolume_a2_n": 10.487211712990806,
    "WLHImagVolume_a3_n": 0.08349538936682857,
    "WLHImagVolume_a4_n": 0.0005360861083212005,
    "WLHImagSurface_W0_p": 0.9602293468107631,
    "WLHImagSurface_W1_p": 0.0370048179871923,
    "WLHImagSurface_W2_p": 0.8226194495928173,
    "WLHImagSurface_W3_p": 0.129192929584099,
    "WLHImagSurface_r0_p": 1.0153961852162334,
    "WLHImagSurface_r1_p": 0.779241135666034,
    "WLHImagSurface_r2_p": 0.006117594734459719,
    "WLHImagSurface_a0_p": 0.7511592395905291,
    "WLHImagSurface_W0_n": 1.0452745810713924,
    "WLHImagSurface_W1_n": 0.008994028941488139,
    "WLHImagSurface_W2_n": 0.9222981157528571,
    "WLHImagSurface_W3_n": 0.04825446057523734,
    "WLHImagSurface_r0_n": 1.2816062198586662,
    "WLHImagSurface_r1_n": 1.227744205766363,
    "WLHImagSurface_r2_n": 0.003398342370016948,
    "WLHImagSurface_a0_n": 0.8411240160255828,
    "WLHRealSpinOrbit_V0_p": 10.073472955069839,
    "WLHRealSpinOrbit_V1_p": 0.008547719471393543,
    "WLHRealSpinOrbit_r0_p": 1.226674833157676,
    "WLHRealSpinOrbit_r1_p": 0.8071762791707014,
    "WLHRealSpinOrbit_a0_p": 0.7714287537091993,
    "WLHRealSpinOrbit_a1_p": 0.0003287662285800876,
    "WLHRealSpinOrbit_V0_n": 9.885799218102084,
    "WLHRealSpinOrbit_V1_n": 0.008410373579676025,
    "WLHRealSpinOrbit_r0_n": 1.245095307317833,
    "WLHRealSpinOrbit_r1_n": 0.8105637530024322,
    "WLHRealSpinOrbit_a0_n": 0.7774492135576406,
    "WLHRealSpinOrbit_a1_n": 0.0003742668778840061
}