{
    "ECS_p": 0.18136,
    "ECS_n": 0.643739,
    "APower_p": 0.671825,
    "APower_n": 0.265505
}