{
    "ECS_p": 0.317903,
    "ECS_n": 0.474323,
    "APower_p": 1.10873,
    "APower_n": 0.522983
}