{
    "WLHReal_V0_p": 51.194283334736205,
    "WLHReal_V1_p": 0.278745104598872,
    "WLHReal_V2_p": -0.0007845668782691005,
    "WLHReal_V3_p": 4.1926766233484695e-06,
    "WLHReal_V4_p": 11.677101994247877,
    "WLHReal_V5_p": 0.13817418692659053,
    "WLHReal_V6_p": 0.0005637380477630047,
    "WLHReal_r0_p": 1.3605790844281458,
    "WLHReal_r1_p": 0.2995799210052615,
    "WLHReal_r2_p": 0.0009718522540854102,
    "WLHReal_r3_p": 1.1368463917033336e-05,
    "WLHReal_a0_p": 0.8047717984444178,
    "WLHReal_a1_p": 7.763147461688062e-05,
    "WLHReal_a2_p": 9.805712018264957e-06,
    "WLHReal_a3_p": -0.019868006196832308,
    "WLHReal_a4_p": 0.525428022634158,
    "WLHReal_V0_n": 49.361926856017504,
    "WLHReal_V1_n": 0.2567444794233983,
    "WLHReal_V2_n": -0.0015085387503863653,
    "WLHReal_V3_n": 6.9440063982917305e-06,
    "WLHReal_V4_n": 20.186406080277,
    "WLHReal_V5_n": 0.36785710632081886,
    "WLHReal_V6_n": 0.0021911375880786337,
    "WLHReal_r0_n": 1.3809447215093587,
    "WLHReal_r1_n": 0.31524376080409916,
    "WLHReal_r2_n": 0.0016564250924384935,
    "WLHReal_r3_n": 2.2225271234888558e-05,
    "WLHReal_a0_n": 0.8011943322903138,
    "WLHReal_a1_n": 0.001801207822577901,
    "WLHReal_a2_n": 2.787706265097956e-05,
    "WLHReal_a3_n": 0.4062886697414798,
    "WLHReal_a4_n": 1.2537806055434022,
    "WLHImagVolume_W0_p": 5.5490636608423545,
    "WLHImagVolume_W1_p": 0.22700072942921487,
    "WLHImagVolume_W2_p": 0.0002748185282356106,
    "WLHImagVolume_W3_p": 9.500284788009665,
    "WLHImagVolume_W4_p": 0.08990258968078749,
    "WLHImagVolume_r0_p": 0.7866828439255127,
    "WLHImagVolume_r1_p": 32.42874564756261,
    "WLHImagVolume_r2_p": 0.5372971021782016,
    "WLHImagVolume_r3_p": 48.37958988397896,
    "WLHImagVolume_r4_p": 0.6831480250444719,
    "WLHImagVolume_r5_p": 1.1828891353981506e-06,
    "WLHImagVolume_a0_p": 0.6237431291317085,
    "WLHImagVolume_a1_p": 0.24105573027173016,
    "WLHImagVolume_a2_p": 12.531160960142746,
    "WLHImagVolume_a3_p": 0.4703632103095987,
    "WLHImagVolume_a4_p": 0.0033423857714808404,
    "WLHImagVolume_W0_n": 4.491343130813787,
    "WLHImagVolume_W1_n": 0.30197568386876644,
    "WLHImagVolume_W2_n": 0.0007111290337928197,
    "WLHImagVolume_W3_n": 11.111264858387988,
    "WLHImagVolume_W4_n": -0.003871535983030229,
    "WLHImagVolume_r0_n": 0.6553396222470494,
    "WLHImagVolume_r1_n": 81.21325203674638,
    "WLHImagVolume_r2_n": 0.7187825377702197,
    "WLHImagVolume_r3_n": 108.09260173057409,
    "WLHImagVolume_r4_n": 1.0269174369544365,
    "WLHImagVolume_r5_n": 6.276311090991611e-06,
    "WLHImagVolume_a0_n": 0.353335991361457,
    "WLHImagVolume_a1_n": 0.49662315801184415,
    "WLHImagVolume_a2_n": 1.7175550990579147,
    "WLHImagVolume_a3_n": 0.03301816322013873,
    "WLHImagVolume_a4_n": 0.00039708539492685027,
    "WLHImagSurface_W0_p": 0.55655064434032,
    "WLHImagSurface_W1_p": 0.01253890518986122,
    "WLHImagSurface_W2_p": 0.2067071442471241,
    "WLHImagSurface_W3_p": 0.044714572838984626,
    "WLHImagSurface_r0_p": 0.7692952729845953,
    "WLHImagSurface_r1_p": 0.0056700276777318925,
    "WLHImagSurface_r2_p": -0.00013904273021456918,
    "WLHImagSurface_a0_p": 0.6954949595103572,
    "WLHImagSurface_W0_n": 1.5635772017467808,
    "WLHImagSurface_W1_n": 0.06576659488767633,
    "WLHImagSurface_W2_n": 2.262105374516299,
    "WLHImagSurface_W3_n": 0.2288944041754039,
    "WLHImagSurface_r0_n": 1.2963413034479776,
    "WLHImagSurface_r1_n": 1.741710739721725,
    "WLHImagSurface_r2_n": 0.000952363990522806,
    "WLHImagSurface_a0_n": 0.9041519394451828,
    "WLHRealSpinOrbit_V0_p": 9.30159982713422,
    "WLHRealSpinOrbit_V1_p": 0.008826152554533217,
    "WLHRealSpinOrbit_r0_p": 1.340566378837359,
    "WLHRealSpinOrbit_r1_p": 0.9655765768906751,
    "WLHRealSpinOrbit_a0_p": 0.8532387422983855,
    "WLHRealSpinOrbit_a1_p": 0.0003500407400469386,
    "WLHRealSpinOrbit_V0_n": 9.27880249814563,
    "WLHRealSpinOrbit_V1_n": 0.009266474444539917,
    "WLHRealSpinOrbit_r0_n": 1.3791970424708249,
    "WLHRealSpinOrbit_r1_n": 1.0390459007117034,
    "WLHRealSpinOrbit_a0_n": 0.8904875023251098,
    "WLHRealSpinOrbit_a1_n": 0.00032691780270549097
}