{
    "ECS_p": 0.29101,
    "ECS_n": 0.415082,
    "APower_p": 0.840033,
    "APower_n": 0.38268
}