{
    "WLHReal_V0_p": 51.89099518519494,
    "WLHReal_V1_p": 0.30509076838356625,
    "WLHReal_V2_p": -0.00012770825773319989,
    "WLHReal_V3_p": 2.819877503575474e-06,
    "WLHReal_V4_p": 12.234803557753962,
    "WLHReal_V5_p": 0.1311832371409595,
    "WLHReal_V6_p": 0.00031096798553910827,
    "WLHReal_r0_p": 1.3313785404969731,
    "WLHReal_r1_p": 0.3255467861450938,
    "WLHReal_r2_p": 0.0007019959572055216,
    "WLHReal_r3_p": 5.474010899019595e-06,
    "WLHReal_a0_p": 0.7797780266707746,
    "WLHReal_a1_p": 2.845583059138583e-05,
    "WLHReal_a2_p": 5.394395589957014e-06,
    "WLHReal_a3_p": 0.03536273157439525,
    "WLHReal_a4_p": 0.5233400110804607,
    "WLHReal_V0_n": 53.03579748917418,
    "WLHReal_V1_n": 0.3024948706542651,
    "WLHReal_V2_n": -0.001112566941039019,
    "WLHReal_V3_n": 5.631706000918008e-06,
    "WLHReal_V4_n": 19.805891610286718,
    "WLHReal_V5_n": 0.3533802294721877,
    "WLHReal_V6_n": 0.001921079128688638,
    "WLHReal_r0_n": 1.344616367031575,
    "WLHReal_r1_n": 0.31851603787379507,
    "WLHReal_r2_n": 0.0014832981453514952,
    "WLHReal_r3_n": 1.8644545520645698e-05,
    "WLHReal_a0_n": 0.7887311236527742,
    "WLHReal_a1_n": 0.0014967138755593587,
    "WLHReal_a2_n": 2.302475617874318e-05,
    "WLHReal_a3_n": 0.3532417014325704,
    "WLHReal_a4_n": 1.1676984980028582,
    "WLHImagVolume_W0_p": 4.089008159974481,
    "WLHImagVolume_W1_p": 0.1990987551802288,
    "WLHImagVolume_W2_p": 0.0004184527777285825,
    "WLHImagVolume_W3_p": 10.275162914924117,
    "WLHImagVolume_W4_p": 0.06925891340350718,
    "WLHImagVolume_r0_p": 0.5337484525452734,
    "WLHImagVolume_r1_p": 64.21706152129933,
    "WLHImagVolume_r2_p": 0.7601625436919898,
    "WLHImagVolume_r3_p": 71.7318802559678,
    "WLHImagVolume_r4_p": 0.4714870752135969,
    "WLHImagVolume_r5_p": 9.402321067103226e-07,
    "WLHImagVolume_a0_p": 0.5343114727498637,
    "WLHImagVolume_a1_p": 0.31683394307607265,
    "WLHImagVolume_a2_p": 18.52960659254571,
    "WLHImagVolume_a3_p": 0.3762500720431807,
    "WLHImagVolume_a4_p": 0.0018554404936738777,
    "WLHImagVolume_W0_n": 4.8429205505018285,
    "WLHImagVolume_W1_n": 0.3593524185675312,
    "WLHImagVolume_W2_n": 0.0008969704756741054,
    "WLHImagVolume_W3_n": 12.160666238911254,
    "WLHImagVolume_W4_n": 0.041849042764546415,
    "WLHImagVolume_r0_n": 0.6261166381028476,
    "WLHImagVolume_r1_n": 77.9661878070949,
    "WLHImagVolume_r2_n": 0.7173117584332144,
    "WLHImagVolume_r3_n": 103.93655279718794,
    "WLHImagVolume_r4_n": 0.9890444921813297,
    "WLHImagVolume_r5_n": 5.674765654558611e-06,
    "WLHImagVolume_a0_n": 0.33041655608428167,
    "WLHImagVolume_a1_n": 0.5082659695331044,
    "WLHImagVolume_a2_n": 0.8409562334101857,
    "WLHImagVolume_a3_n": -0.008119177741362137,
    "WLHImagVolume_a4_n": 0.00016564860082927577,
    "WLHImagSurface_W0_p": 1.1709754611785237,
    "WLHImagSurface_W1_p": 0.06321963044563918,
    "WLHImagSurface_W2_p": 1.4831092813067186,
    "WLHImagSurface_W3_p": 0.22471135329665232,
    "WLHImagSurface_r0_p": 1.0455391244067949,
    "WLHImagSurface_r1_p": 0.4456159652623673,
    "WLHImagSurface_r2_p": 0.00401872746734407,
    "WLHImagSurface_a0_p": 0.8681327233975318,
    "WLHImagSurface_W0_n": 2.1547748596538483,
    "WLHImagSurface_W1_n": 0.07658534358647473,
    "WLHImagSurface_W2_n": 3.089422717926881,
    "WLHImagSurface_W3_n": 0.24296629555575766,
    "WLHImagSurface_r0_n": 1.2874784900910212,
    "WLHImagSurface_r1_n": 1.7869922262407207,
    "WLHImagSurface_r2_n": 0.0019495808002233887,
    "WLHImagSurface_a0_n": 0.8793460938641084,
    "WLHRealSpinOrbit_V0_p": 9.061232566975724,
    "WLHRealSpinOrbit_V1_p": 0.008078020532664976,
    "WLHRealSpinOrbit_r0_p": 1.2960010648799352,
    "WLHRealSpinOrbit_r1_p": 0.884452296493013,
    "WLHRealSpinOrbit_a0_p": 0.80874558962524,
    "WLHRealSpinOrbit_a1_p": 0.0003722795706660628,
    "WLHRealSpinOrbit_V0_n": 9.489703268463563,
    "WLHRealSpinOrbit_V1_n": 0.009185430103103971,
    "WLHRealSpinOrbit_r0_n": 1.3389625177909819,
    "WLHRealSpinOrbit_r1_n": 0.9970058115543388,
    "WLHRealSpinOrbit_a0_n": 0.8653745648272032,
    "WLHRealSpinOrbit_a1_n": 0.00029601126611268413
}