{
    "WLHReal_V0_p": 54.888481732756546,
    "WLHReal_V1_p": 0.3034085121148703,
    "WLHReal_V2_p": 2.0105348564566992e-05,
    "WLHReal_V3_p": 1.993157844648819e-06,
    "WLHReal_V4_p": 13.246031846473791,
    "WLHReal_V5_p": 0.1456570517099472,
    "WLHReal_V6_p": 0.0003170792475371944,
    "WLHReal_r0_p": 1.3028485363355236,
    "WLHReal_r1_p": 0.34638720787368116,
    "WLHReal_r2_p": 0.0006784817076290855,
    "WLHReal_r3_p": 4.545621652052611e-06,
    "WLHReal_a0_p": 0.7778809594170892,
    "WLHReal_a1_p": 0.00020394211171640607,
    "WLHReal_a2_p": 3.2410602792245156e-06,
    "WLHReal_a3_p": 0.06313920412992519,
    "WLHReal_a4_p": 0.5496455818689066,
    "WLHReal_V0_n": 49.71399443124501,
    "WLHReal_V1_n": 0.25375154970216046,
    "WLHReal_V2_n": -0.0012432604468131248,
    "WLHReal_V3_n": 6.002828449837375e-06,
    "WLHReal_V4_n": 20.12836346849476,
    "WLHReal_V5_n": 0.35471103326891945,
    "WLHReal_V6_n": 0.0018756391532574268,
    "WLHReal_r0_n": 1.3925394062326246,
    "WLHReal_r1_n": 0.40373270049974663,
    "WLHReal_r2_n": 0.0013494624084253641,
    "WLHReal_r3_n": 1.7054733943389858e-05,
    "WLHReal_a0_n": 0.7854902336756534,
    "WLHReal_a1_n": 0.0014411734199621736,
    "WLHReal_a2_n": 2.111784103540852e-05,
    "WLHReal_a3_n": 0.3120071442523864,
    "WLHReal_a4_n": 1.0240806297002103,
    "WLHImagVolume_W0_p": 4.306270388610089,
    "WLHImagVolume_W1_p": 0.24833624209818808,
    "WLHImagVolume_W2_p": 0.0003964019887380153,
    "WLHImagVolume_W3_p": 12.082094422500543,
    "WLHImagVolume_W4_p": 0.08220973611799721,
    "WLHImagVolume_r0_p": 0.5954493492812107,
    "WLHImagVolume_r1_p": 47.58618281136443,
    "WLHImagVolume_r2_p": 0.6549686220193325,
    "WLHImagVolume_r3_p": 56.37199101414344,
    "WLHImagVolume_r4_p": 0.611012005921555,
    "WLHImagVolume_r5_p": 1.4486656564035383e-06,
    "WLHImagVolume_a0_p": 0.5588747430012836,
    "WLHImagVolume_a1_p": 0.27131036960403765,
    "WLHImagVolume_a2_p": 14.014190718636176,
    "WLHImagVolume_a3_p": 0.42262775862211244,
    "WLHImagVolume_a4_p": 0.0024524970530975417,
    "WLHImagVolume_W0_n": 3.7712210605881573,
    "WLHImagVolume_W1_n": 0.3019133997068903,
    "WLHImagVolume_W2_n": 0.0007354044620448189,
    "WLHImagVolume_W3_n": 9.817228949498721,
    "WLHImagVolume_W4_n": 0.00562123297286855,
    "WLHImagVolume_r0_n": 0.5790230772907999,
    "WLHImagVolume_r1_n": 87.63036918915505,
    "WLHImagVolume_r2_n": 0.7982689644588872,
    "WLHImagVolume_r3_n": 106.53432486941475,
    "WLHImagVolume_r4_n": 0.9791871159206074,
    "WLHImagVolume_r5_n": 5.973819320061268e-06,
    "WLHImagVolume_a0_n": 0.33131028321087974,
    "WLHImagVolume_a1_n": 0.5355038712087539,
    "WLHImagVolume_a2_n": 3.4691954459559655,
    "WLHImagVolume_a3_n": 0.06481486391254307,
    "WLHImagVolume_a4_n": 0.0007934705818539742,
    "WLHImagSurface_W0_p": 1.0178508600754155,
    "WLHImagSurface_W1_p": 0.04885705333472519,
    "WLHImagSurface_W2_p": 1.3488807886612182,
    "WLHImagSurface_W3_p": 0.1805273707634917,
    "WLHImagSurface_r0_p": 0.9748854630025321,
    "WLHImagSurface_r1_p": 0.6080886988667051,
    "WLHImagSurface_r2_p": 0.004962051147081045,
    "WLHImagSurface_a0_p": 0.7312537205769118,
    "WLHImagSurface_W0_n": 1.587225895255824,
    "WLHImagSurface_W1_n": 0.06220811713668544,
    "WLHImagSurface_W2_n": 2.885579794023653,
    "WLHImagSurface_W3_n": 0.2332266637173713,
    "WLHImagSurface_r0_n": 1.310923488586446,
    "WLHImagSurface_r1_n": 1.7165614501461623,
    "WLHImagSurface_r2_n": 0.0014276309999950942,
    "WLHImagSurface_a0_n": 0.8949591763206808,
    "WLHRealSpinOrbit_V0_p": 9.66320076848253,
    "WLHRealSpinOrbit_V1_p": 0.008406188041847675,
    "WLHRealSpinOrbit_r0_p": 1.2637726175703041,
    "WLHRealSpinOrbit_r1_p": 0.8453551812157953,
    "WLHRealSpinOrbit_a0_p": 0.7915863959495475,
    "WLHRealSpinOrbit_a1_p": 0.0003558122696566869,
    "WLHRealSpinOrbit_V0_n": 9.03391837382371,
    "WLHRealSpinOrbit_V1_n": 0.008825164537937179,
    "WLHRealSpinOrbit_r0_n": 1.371854902339595,
    "WLHRealSpinOrbit_r1_n": 1.0053500264850208,
    "WLHRealSpinOrbit_a0_n": 0.8734871620501966,
    "WLHRealSpinOrbit_a1_n": 0.00035994080534546127
}