{
    "ECS_p": 0.318952,
    "ECS_n": 0.471664,
    "APower_p": 0.7458,
    "APower_n": 0.392339
}