{
    "CH89RealCentral": {
        "V_0": 57.7572,
        "V_t": 16.0606,
        "V_e": -0.38655,
        "r_o": 1.19668,
        "r_o_0": -0.225204,
        "a_0": 0.743038
    },
    "CH89Coulomb": {
        "r_c": 1.07441,
        "r_c_0": 0.178256
    },
    "CH89SpinOrbit": {
        "V_so": 5.3351,
        "r_so": 1.3867,
        "r_so_0": -1.35565,
        "a_so": 0.615217
    },
    "CH89ImagCentral": {
        "W_v0": 10.1819,
        "W_ve0": 3.32469,
        "W_vew": 32.4181,
        "W_s0": 9.30896,
        "W_st": 43.545,
        "W_se0": -10.5342,
        "W_sew": 68.6401,
        "r_w": 1.25112,
        "r_w0": -0.206687,
        "a_w": 0.68352
    }
}