{
    "WLHReal_V0_p": 54.67712189832124,
    "WLHReal_V1_p": 0.28311568419200644,
    "WLHReal_V2_p": 0.0005334495196483214,
    "WLHReal_V3_p": -6.913306323121539e-07,
    "WLHReal_V4_p": 15.834249062621401,
    "WLHReal_V5_p": 0.1120906835965904,
    "WLHReal_V6_p": 7.939348507164358e-05,
    "WLHReal_r0_p": 1.2151484124179845,
    "WLHReal_r1_p": 0.20044461580370465,
    "WLHReal_r2_p": 0.0006089246349406218,
    "WLHReal_r3_p": 3.6036439494185645e-06,
    "WLHReal_a0_p": 0.7364460290324788,
    "WLHReal_a1_p": 8.482155986414279e-05,
    "WLHReal_a2_p": 1.8630045924673465e-06,
    "WLHReal_a3_p": 0.07477661631457908,
    "WLHReal_a4_p": 0.5275774892234458,
    "WLHReal_V0_n": 57.55953329615773,
    "WLHReal_V1_n": 0.3329763546542954,
    "WLHReal_V2_n": 0.0007739019267131017,
    "WLHReal_V3_n": -7.848486291164524e-07,
    "WLHReal_V4_n": 21.973709480840657,
    "WLHReal_V5_n": 0.216417928024795,
    "WLHReal_V6_n": 0.0002691649887645233,
    "WLHReal_r0_n": 1.186231410953714,
    "WLHReal_r1_n": 0.21277932922769774,
    "WLHReal_r2_n": 0.00045453233628010403,
    "WLHReal_r3_n": 8.244692390585175e-07,
    "WLHReal_a0_n": 0.6975809817288094,
    "WLHReal_a1_n": 0.00015671480697912227,
    "WLHReal_a2_n": -1.288886810132164e-06,
    "WLHReal_a3_n": 0.24125612899766588,
    "WLHReal_a4_n": 0.7397706385132359,
    "WLHImagVolume_W0_p": 2.5584333787540636,
    "WLHImagVolume_W1_p": 0.1565552112363173,
    "WLHImagVolume_W2_p": 1.9827500961293104e-05,
    "WLHImagVolume_W3_p": 11.212752272248917,
    "WLHImagVolume_W4_p": 0.04738957041975997,
    "WLHImagVolume_r0_p": 0.7356941738943875,
    "WLHImagVolume_r1_p": 33.23456827892157,
    "WLHImagVolume_r2_p": 0.4445422131485772,
    "WLHImagVolume_r3_p": 48.72581948810173,
    "WLHImagVolume_r4_p": 0.7938578947904208,
    "WLHImagVolume_r5_p": 2.1685236883096062e-06,
    "WLHImagVolume_a0_p": 0.5047253885274475,
    "WLHImagVolume_a1_p": 0.2582771674736213,
    "WLHImagVolume_a2_p": 12.604663393161681,
    "WLHImagVolume_a3_p": 0.37290221825711795,
    "WLHImagVolume_a4_p": 0.0016135235582083536,
    "WLHImagVolume_W0_n": 2.4353690520233813,
    "WLHImagVolume_W1_n": 0.23125230358955706,
    "WLHImagVolume_W2_n": 0.0003054937219828249,
    "WLHImagVolume_W3_n": 8.7071604093092,
    "WLHImagVolume_W4_n": 0.06408605995048164,
    "WLHImagVolume_r0_n": 0.5736807833157103,
    "WLHImagVolume_r1_n": 63.07095116175272,
    "WLHImagVolume_r2_n": 0.6145628150907243,
    "WLHImagVolume_r3_n": 62.60731277445232,
    "WLHImagVolume_r4_n": 0.8967724466668067,
    "WLHImagVolume_r5_n": 1.1843788221752423e-06,
    "WLHImagVolume_a0_n": 0.15402001834331724,
    "WLHImagVolume_a1_n": 0.6230080009532307,
    "WLHImagVolume_a2_n": 9.021353687376608,
    "WLHImagVolume_a3_n": 0.01527805249414304,
    "WLHImagVolume_a4_n": 0.00027814448884022196,
    "WLHImagSurface_W0_p": 1.0281603737024638,
    "WLHImagSurface_W1_p": 0.02949601699486941,
    "WLHImagSurface_W2_p": 0.9253269492146212,
    "WLHImagSurface_W3_p": 0.08344674950810807,
    "WLHImagSurface_r0_p": 1.040672746899462,
    "WLHImagSurface_r1_p": 0.652975380204741,
    "WLHImagSurface_r2_p": 0.008363286766048614,
    "WLHImagSurface_a0_p": 0.7590503744034398,
    "WLHImagSurface_W0_n": 1.9192246747429946,
    "WLHImagSurface_W1_n": 0.02164655165554765,
    "WLHImagSurface_W2_n": 1.9826987418529771,
    "WLHImagSurface_W3_n": 0.05366314089699656,
    "WLHImagSurface_r0_n": 1.2484842248293675,
    "WLHImagSurface_r1_n": 1.2612262077324152,
    "WLHImagSurface_r2_n": 0.005024297975859319,
    "WLHImagSurface_a0_n": 0.7980260723359877,
    "WLHRealSpinOrbit_V0_p": 10.39291079901414,
    "WLHRealSpinOrbit_V1_p": 0.008526855898467751,
    "WLHRealSpinOrbit_r0_p": 1.2023339324558118,
    "WLHRealSpinOrbit_r1_p": 0.7527902970001356,
    "WLHRealSpinOrbit_a0_p": 0.749578491524139,
    "WLHRealSpinOrbit_a1_p": 0.00036214584248305855,
    "WLHRealSpinOrbit_V0_n": 10.445774623893866,
    "WLHRealSpinOrbit_V1_n": 0.00843393270038768,
    "WLHRealSpinOrbit_r0_n": 1.172134229267485,
    "WLHRealSpinOrbit_r1_n": 0.7337524822711153,
    "WLHRealSpinOrbit_a0_n": 0.7337300681937204,
    "WLHRealSpinOrbit_a1_n": 0.0003188619831606982
}