{
    "WLHReal_V0_p": 53.750766869847055,
    "WLHReal_V1_p": 0.3239893177999004,
    "WLHReal_V2_p": -0.0005052640389021023,
    "WLHReal_V3_p": 4.135035329829312e-06,
    "WLHReal_V4_p": 10.808956528391768,
    "WLHReal_V5_p": 0.13551060585498426,
    "WLHReal_V6_p": 0.00046533264674534646,
    "WLHReal_r0_p": 1.3406969346565407,
    "WLHReal_r1_p": 0.2958648197734442,
    "WLHReal_r2_p": 0.001114786442022853,
    "WLHReal_r3_p": 1.1155973900251948e-05,
    "WLHReal_a0_p": 0.8082379208531965,
    "WLHReal_a1_p": 0.00012187967603649396,
    "WLHReal_a2_p": 8.980687406882677e-06,
    "WLHReal_a3_p": 0.038907210316322556,
    "WLHReal_a4_p": 0.6390678386153964,
    "WLHReal_V0_n": 50.97885090592617,
    "WLHReal_V1_n": 0.26123951338075324,
    "WLHReal_V2_n": -0.0005208137942161277,
    "WLHReal_V3_n": 3.9075736777357224e-06,
    "WLHReal_V4_n": 21.039920485372384,
    "WLHReal_V5_n": 0.29998325632916684,
    "WLHReal_V6_n": 0.0012349465521116698,
    "WLHReal_r0_n": 1.3323124661760293,
    "WLHReal_r1_n": 0.35620442127454127,
    "WLHReal_r2_n": 0.0009567075582753439,
    "WLHReal_r3_n": 9.809465775028678e-06,
    "WLHReal_a0_n": 0.749776260943061,
    "WLHReal_a1_n": 0.0009467439736229713,
    "WLHReal_a2_n": 1.2127250360338148e-05,
    "WLHReal_a3_n": 0.2759970102602688,
    "WLHReal_a4_n": 0.8665426337903249,
    "WLHImagVolume_W0_p": 5.6559311578196,
    "WLHImagVolume_W1_p": 0.2861318753651656,
    "WLHImagVolume_W2_p": 0.0005762354673857639,
    "WLHImagVolume_W3_p": 12.826944076717206,
    "WLHImagVolume_W4_p": 0.09636939478114719,
    "WLHImagVolume_r0_p": 0.633086346084996,
    "WLHImagVolume_r1_p": 55.167678424797025,
    "WLHImagVolume_r2_p": 0.6746736834174689,
    "WLHImagVolume_r3_p": 68.71796776477372,
    "WLHImagVolume_r4_p": 0.60564066470551,
    "WLHImagVolume_r5_p": 1.1485155504761631e-06,
    "WLHImagVolume_a0_p": 0.5974980722944812,
    "WLHImagVolume_a1_p": 0.2750166136911037,
    "WLHImagVolume_a2_p": 15.300508617090143,
    "WLHImagVolume_a3_p": 0.44970587963084224,
    "WLHImagVolume_a4_p": 0.0029664564317319494,
    "WLHImagVolume_W0_n": 2.7252273241636,
    "WLHImagVolume_W1_n": 0.23947481759426414,
    "WLHImagVolume_W2_n": 0.0004725415119562559,
    "WLHImagVolume_W3_n": 8.213835337630087,
    "WLHImagVolume_W4_n": 0.007911062677911921,
    "WLHImagVolume_r0_n": 0.5573724902059186,
    "WLHImagVolume_r1_n": 83.39707210296744,
    "WLHImagVolume_r2_n": 0.7606138160966546,
    "WLHImagVolume_r3_n": 90.92156403926818,
    "WLHImagVolume_r4_n": 0.9358422279592501,
    "WLHImagVolume_r5_n": 4.5073024443850485e-06,
    "WLHImagVolume_a0_n": 0.2600222159228434,
    "WLHImagVolume_a1_n": 0.5818049945094363,
    "WLHImagVolume_a2_n": 6.948047895576142,
    "WLHImagVolume_a3_n": 0.0791926684126742,
    "WLHImagVolume_a4_n": 0.0008363102693684216,
    "WLHImagSurface_W0_p": 0.6741160304071491,
    "WLHImagSurface_W1_p": 0.020893671718149227,
    "WLHImagSurface_W2_p": -0.00116741205408033,
    "WLHImagSurface_W3_p": 0.07065392858294811,
    "WLHImagSurface_r0_p": 0.8919815894247187,
    "WLHImagSurface_r1_p": 0.2914886486948134,
    "WLHImagSurface_r2_p": 0.0008877973800903217,
    "WLHImagSurface_a0_p": 0.7984475923101594,
    "WLHImagSurface_W0_n": 1.4218399834906963,
    "WLHImagSurface_W1_n": 0.038737221064713556,
    "WLHImagSurface_W2_n": 2.333476178373566,
    "WLHImagSurface_W3_n": 0.1549431936859552,
    "WLHImagSurface_r0_n": 1.2984532912551052,
    "WLHImagSurface_r1_n": 1.4983331507774698,
    "WLHImagSurface_r2_n": 0.0025575982088127886,
    "WLHImagSurface_a0_n": 0.8651778808788201,
    "WLHRealSpinOrbit_V0_p": 9.340766977418763,
    "WLHRealSpinOrbit_V1_p": 0.008685914893792576,
    "WLHRealSpinOrbit_r0_p": 1.311503599836279,
    "WLHRealSpinOrbit_r1_p": 0.9403933687353097,
    "WLHRealSpinOrbit_a0_p": 0.8356725758395553,
    "WLHRealSpinOrbit_a1_p": 0.000319947518556774,
    "WLHRealSpinOrbit_V0_n": 9.377498172639838,
    "WLHRealSpinOrbit_V1_n": 0.008512881973949782,
    "WLHRealSpinOrbit_r0_n": 1.309164450915846,
    "WLHRealSpinOrbit_r1_n": 0.9037796574441982,
    "WLHRealSpinOrbit_a0_n": 0.8230311238258299,
    "WLHRealSpinOrbit_a1_n": 0.0003726368036284726
}