{
    "ECS_p": 0.264738,
    "ECS_n": 0.577446,
    "APower_p": 0.732556,
    "APower_n": 0.285887
}