{
    "CH89RealCentral": {
        "V_0": 56.3304,
        "V_t": 14.385,
        "V_e": -0.359312,
        "r_o": 1.15841,
        "r_o_0": -0.046123,
        "a_0": 0.782154
    },
    "CH89Coulomb": {
        "r_c": 1.19851,
        "r_c_0": 0.21694
    },
    "CH89SpinOrbit": {
        "V_so": 5.83979,
        "r_so": 1.30526,
        "r_so_0": -1.08617,
        "a_so": 0.600724
    },
    "CH89ImagCentral": {
        "W_v0": 6.63566,
        "W_ve0": 15.3813,
        "W_vew": 32.9169,
        "W_s0": 12.596,
        "W_st": 26.1959,
        "W_se0": 5.58332,
        "W_sew": 44.4486,
        "r_w": 1.39108,
        "r_w0": -0.578759,
        "a_w": 0.65435
    }
}