{
    "WLHReal_V0_p": 50.37991641977549,
    "WLHReal_V1_p": 0.2927236645887223,
    "WLHReal_V2_p": -0.0005657179690717164,
    "WLHReal_V3_p": 3.922942085421924e-06,
    "WLHReal_V4_p": 11.429499596534292,
    "WLHReal_V5_p": 0.12916877783967923,
    "WLHReal_V6_p": 0.0004534257081601123,
    "WLHReal_r0_p": 1.3594918785135715,
    "WLHReal_r1_p": 0.30103911656940646,
    "WLHReal_r2_p": 0.0008818544384536882,
    "WLHReal_r3_p": 9.083919551612516e-06,
    "WLHReal_a0_p": 0.7957134510602947,
    "WLHReal_a1_p": -1.2724007444800902e-05,
    "WLHReal_a2_p": 8.441975008856658e-06,
    "WLHReal_a3_p": -0.00572262635236595,
    "WLHReal_a4_p": 0.5204448567845091,
    "WLHReal_V0_n": 49.324150715265624,
    "WLHReal_V1_n": 0.24587964950561642,
    "WLHReal_V2_n": -0.0008773265504849526,
    "WLHReal_V3_n": 4.274868634513862e-06,
    "WLHReal_V4_n": 21.227722878431834,
    "WLHReal_V5_n": 0.31584587017001897,
    "WLHReal_V6_n": 0.0015801233248705806,
    "WLHReal_r0_n": 1.3377390821969042,
    "WLHReal_r1_n": 0.2889122530153604,
    "WLHReal_r2_n": 0.001255944577576169,
    "WLHReal_r3_n": 1.5715088197397866e-05,
    "WLHReal_a0_n": 0.7666121150401284,
    "WLHReal_a1_n": 0.0013357908845376672,
    "WLHReal_a2_n": 1.9127217664006002e-05,
    "WLHReal_a3_n": 0.3672512132690757,
    "WLHReal_a4_n": 1.0729478660264793,
    "WLHImagVolume_W0_p": 4.878025398086209,
    "WLHImagVolume_W1_p": 0.19881019075783724,
    "WLHImagVolume_W2_p": 0.00035919283830677755,
    "WLHImagVolume_W3_p": 9.258503616211684,
    "WLHImagVolume_W4_p": 0.07659597610144749,
    "WLHImagVolume_r0_p": 0.6503257360322694,
    "WLHImagVolume_r1_p": 53.46666398052399,
    "WLHImagVolume_r2_p": 0.6786719377444957,
    "WLHImagVolume_r3_p": 65.36121718489261,
    "WLHImagVolume_r4_p": 0.5355618814321665,
    "WLHImagVolume_r5_p": 8.147591131823125e-07,
    "WLHImagVolume_a0_p": 0.5760182145787767,
    "WLHImagVolume_a1_p": 0.2924493879559631,
    "WLHImagVolume_a2_p": 16.983478379417605,
    "WLHImagVolume_a3_p": 0.4120190049211289,
    "WLHImagVolume_a4_p": 0.0024742622147980405,
    "WLHImagVolume_W0_n": 3.1445672699140643,
    "WLHImagVolume_W1_n": 0.21844731858895067,
    "WLHImagVolume_W2_n": 0.00038338163143943684,
    "WLHImagVolume_W3_n": 8.811167210559667,
    "WLHImagVolume_W4_n": -0.01655190622174699,
    "WLHImagVolume_r0_n": 0.6270229042818392,
    "WLHImagVolume_r1_n": 79.56475812124707,
    "WLHImagVolume_r2_n": 0.7005561170177081,
    "WLHImagVolume_r3_n": 93.64614836901775,
    "WLHImagVolume_r4_n": 0.988358676226486,
    "WLHImagVolume_r5_n": 5.459999429997288e-06,
    "WLHImagVolume_a0_n": 0.2861622398923354,
    "WLHImagVolume_a1_n": 0.5475503678610105,
    "WLHImagVolume_a2_n": 5.93409807687056,
    "WLHImagVolume_a3_n": 0.07081127935244214,
    "WLHImagVolume_a4_n": 0.0006291986282450709,
    "WLHImagSurface_W0_p": 0.8739931468597437,
    "WLHImagSurface_W1_p": 0.0393532941417529,
    "WLHImagSurface_W2_p": 0.7623382646888242,
    "WLHImagSurface_W3_p": 0.13687047573748057,
    "WLHImagSurface_r0_p": 0.9169849182973205,
    "WLHImagSurface_r1_p": 0.13185001655626327,
    "WLHImagSurface_r2_p": 0.0012006634484521836,
    "WLHImagSurface_a0_p": 0.8279418684146819,
    "WLHImagSurface_W0_n": 1.1784373006388495,
    "WLHImagSurface_W1_n": 0.03737252657100627,
    "WLHImagSurface_W2_n": 1.5484452803331612,
    "WLHImagSurface_W3_n": 0.1465828161249016,
    "WLHImagSurface_r0_n": 1.29048177752894,
    "WLHImagSurface_r1_n": 1.5008860445657675,
    "WLHImagSurface_r2_n": 0.0018115601161512135,
    "WLHImagSurface_a0_n": 0.8817034925188258,
    "WLHRealSpinOrbit_V0_p": 8.957337197219607,
    "WLHRealSpinOrbit_V1_p": 0.008380628094429994,
    "WLHRealSpinOrbit_r0_p": 1.3343116636540153,
    "WLHRealSpinOrbit_r1_p": 0.9477191099637138,
    "WLHRealSpinOrbit_a0_p": 0.84144202622374,
    "WLHRealSpinOrbit_a1_p": 0.00036440033406908063,
    "WLHRealSpinOrbit_V0_n": 9.483852883504737,
    "WLHRealSpinOrbit_V1_n": 0.008882146687217962,
    "WLHRealSpinOrbit_r0_n": 1.3303389863274244,
    "WLHRealSpinOrbit_r1_n": 0.9457440323271136,
    "WLHRealSpinOrbit_a0_n": 0.8457172611252151,
    "WLHRealSpinOrbit_a1_n": 0.0003599761608808071
}