{
    "CH89RealCentral": {
        "V_0": 53.0989,
        "V_t": 8.71527,
        "V_e": -0.378402,
        "r_o": 1.21925,
        "r_o_0": -0.0718862,
        "a_0": 0.66498
    },
    "CH89Coulomb": {
        "r_c": 1.28437,
        "r_c_0": 0.222289
    },
    "CH89SpinOrbit": {
        "V_so": 1.3675,
        "r_so": 1.24129,
        "r_so_0": -0.982758,
        "a_so": 0.656117
    },
    "CH89ImagCentral": {
        "W_v0": 11.4831,
        "W_ve0": 64.5332,
        "W_vew": 34.9055,
        "W_s0": 13.1739,
        "W_st": 29.9131,
        "W_se0": 42.9977,
        "W_sew": 50.8879,
        "r_w": 1.34599,
        "r_w0": -1.06713,
        "a_w": 0.72765
    }
}