{
    "WLHReal_V0_p": 51.280982822311884,
    "WLHReal_V1_p": 0.3130412274127219,
    "WLHReal_V2_p": -0.0009672844663810957,
    "WLHReal_V3_p": 5.2150807398330586e-06,
    "WLHReal_V4_p": 9.628239222564817,
    "WLHReal_V5_p": 0.13420984005165174,
    "WLHReal_V6_p": 0.0006066440965939277,
    "WLHReal_r0_p": 1.3862606485799702,
    "WLHReal_r1_p": 0.2947795797476432,
    "WLHReal_r2_p": 0.001230674451289881,
    "WLHReal_r3_p": 1.4102521715677998e-05,
    "WLHReal_a0_p": 0.8252148851582589,
    "WLHReal_a1_p": 3.971024672708494e-05,
    "WLHReal_a2_p": 1.2645085838548997e-05,
    "WLHReal_a3_p": -0.008893174882802037,
    "WLHReal_a4_p": 0.6139486951261018,
    "WLHReal_V0_n": 55.56442215275743,
    "WLHReal_V1_n": 0.30048781586631046,
    "WLHReal_V2_n": 0.0006058247395333157,
    "WLHReal_V3_n": -5.062410506984642e-07,
    "WLHReal_V4_n": 21.831731224336306,
    "WLHReal_V5_n": 0.22877581324125823,
    "WLHReal_V6_n": 0.00027939075498131414,
    "WLHReal_r0_n": 1.240521794773179,
    "WLHReal_r1_n": 0.3313908170807841,
    "WLHReal_r2_n": 0.00033004889208320927,
    "WLHReal_r3_n": -1.3112323097032072e-06,
    "WLHReal_a0_n": 0.6989255589765438,
    "WLHReal_a1_n": 7.241738340765802e-05,
    "WLHReal_a2_n": -3.5262911424537834e-06,
    "WLHReal_a3_n": 0.17333882874521744,
    "WLHReal_a4_n": 0.5746047523198388,
    "WLHImagVolume_W0_p": 6.341066090143907,
    "WLHImagVolume_W1_p": 0.27261589325899666,
    "WLHImagVolume_W2_p": 0.0005596802509639203,
    "WLHImagVolume_W3_p": 11.121776571358229,
    "WLHImagVolume_W4_p": 0.10062268288204584,
    "WLHImagVolume_r0_p": 0.686810418876989,
    "WLHImagVolume_r1_p": 53.342086097040124,
    "WLHImagVolume_r2_p": 0.6735529454608775,
    "WLHImagVolume_r3_p": 68.59737335240247,
    "WLHImagVolume_r4_p": 0.5777874287204333,
    "WLHImagVolume_r5_p": 9.752863215951398e-07,
    "WLHImagVolume_a0_p": 0.6275425965031044,
    "WLHImagVolume_a1_p": 0.2734294891648164,
    "WLHImagVolume_a2_p": 15.819057842095116,
    "WLHImagVolume_a3_p": 0.46607267405827546,
    "WLHImagVolume_a4_p": 0.0033266238607884972,
    "WLHImagVolume_W0_n": 1.7890344001824672,
    "WLHImagVolume_W1_n": 0.22262567554450177,
    "WLHImagVolume_W2_n": 0.00031614146366718845,
    "WLHImagVolume_W3_n": 7.240805922326434,
    "WLHImagVolume_W4_n": 0.049241175344053874,
    "WLHImagVolume_r0_n": 0.514114888474766,
    "WLHImagVolume_r1_n": 72.36371381306022,
    "WLHImagVolume_r2_n": 0.7150413645493057,
    "WLHImagVolume_r3_n": 67.82348422003292,
    "WLHImagVolume_r4_n": 0.8878451788903097,
    "WLHImagVolume_r5_n": 1.7261512445076303e-06,
    "WLHImagVolume_a0_n": 0.16801703244825905,
    "WLHImagVolume_a1_n": 0.6441651800409416,
    "WLHImagVolume_a2_n": 10.303294042800303,
    "WLHImagVolume_a3_n": 0.07013645551483375,
    "WLHImagVolume_a4_n": 0.0008750904194261313,
    "WLHImagSurface_W0_p": 0.519430382631134,
    "WLHImagSurface_W1_p": 0.012494329175726644,
    "WLHImagSurface_W2_p": -0.32628279023118356,
    "WLHImagSurface_W3_p": 0.04109084607600576,
    "WLHImagSurface_r0_p": 0.8068208536057787,
    "WLHImagSurface_r1_p": -0.024128634783294134,
    "WLHImagSurface_r2_p": -0.0019845443190764298,
    "WLHImagSurface_a0_p": 0.804968727411302,
    "WLHImagSurface_W0_n": 1.6640827966947696,
    "WLHImagSurface_W1_n": 0.019178226678659614,
    "WLHImagSurface_W2_n": 2.4100395114207083,
    "WLHImagSurface_W3_n": 0.07656326721182617,
    "WLHImagSurface_r0_n": 1.2722429447681562,
    "WLHImagSurface_r1_n": 1.2792794055092018,
    "WLHImagSurface_r2_n": 0.0046185014930335356,
    "WLHImagSurface_a0_n": 0.8114071450252102,
    "WLHRealSpinOrbit_V0_p": 8.926376868850523,
    "WLHRealSpinOrbit_V1_p": 0.008761446121031274,
    "WLHRealSpinOrbit_r0_p": 1.3624654994018714,
    "WLHRealSpinOrbit_r1_p": 1.0144852450318653,
    "WLHRealSpinOrbit_a0_p": 0.8725772182558293,
    "WLHRealSpinOrbit_a1_p": 0.0003241825603818376,
    "WLHRealSpinOrbit_V0_n": 9.94918243460837,
    "WLHRealSpinOrbit_V1_n": 0.00809681867366259,
    "WLHRealSpinOrbit_r0_n": 1.2074603231018894,
    "WLHRealSpinOrbit_r1_n": 0.7530600065299407,
    "WLHRealSpinOrbit_a0_n": 0.7455692874503369,
    "WLHRealSpinOrbit_a1_n": 0.0003684053898151026
}