{
    "CH89RealCentral": {
        "V_0": 55.4715,
        "V_t": 13.7495,
        "V_e": -0.356499,
        "r_o": 1.22163,
        "r_o_0": -0.237878,
        "a_0": 0.729767
    },
    "CH89Coulomb": {
        "r_c": 1.16977,
        "r_c_0": 0.110434
    },
    "CH89SpinOrbit": {
        "V_so": 5.61093,
        "r_so": 1.29435,
        "r_so_0": -0.921385,
        "a_so": 0.595489
    },
    "CH89ImagCentral": {
        "W_v0": 4.8007,
        "W_ve0": 8.59652,
        "W_vew": 17.4519,
        "W_s0": 14.7436,
        "W_st": 30.9701,
        "W_se0": -15.3073,
        "W_sew": 66.2072,
        "r_w": 1.2726,
        "r_w0": -0.337337,
        "a_w": 0.694827
    }
}