{
    "CH89RealCentral": {
        "V_0": 53.4119,
        "V_t": 9.95212,
        "V_e": -0.387249,
        "r_o": 1.22413,
        "r_o_0": -0.13022,
        "a_0": 0.725154
    },
    "CH89Coulomb": {
        "r_c": 1.04772,
        "r_c_0": 0.0795757
    },
    "CH89SpinOrbit": {
        "V_so": 6.20093,
        "r_so": 1.44742,
        "r_so_0": -1.90436,
        "a_so": 0.583447
    },
    "CH89ImagCentral": {
        "W_v0": 9.76121,
        "W_ve0": 35.1833,
        "W_vew": 36.2587,
        "W_s0": 14.5842,
        "W_st": 29.9819,
        "W_se0": 14.8963,
        "W_sew": 39.6933,
        "r_w": 1.31818,
        "r_w0": -0.440768,
        "a_w": 0.619584
    }
}