{
    "WLHReal_V0_p": 53.49633731276842,
    "WLHReal_V1_p": 0.3064873290112448,
    "WLHReal_V2_p": -0.000239410326891388,
    "WLHReal_V3_p": 2.834670832423982e-06,
    "WLHReal_V4_p": 12.315366204927974,
    "WLHReal_V5_p": 0.1295800201563486,
    "WLHReal_V6_p": 0.0003647052365563746,
    "WLHReal_r0_p": 1.3106849913322391,
    "WLHReal_r1_p": 0.27563393191572927,
    "WLHReal_r2_p": 0.0009288726243870031,
    "WLHReal_r3_p": 8.714829616140174e-06,
    "WLHReal_a0_p": 0.7869753916767288,
    "WLHReal_a1_p": 9.82117675681927e-05,
    "WLHReal_a2_p": 7.29292341947804e-06,
    "WLHReal_a3_p": 0.04062163189508499,
    "WLHReal_a4_p": 0.585944227736351,
    "WLHReal_V0_n": 54.61257544856362,
    "WLHReal_V1_n": 0.32359906256293414,
    "WLHReal_V2_n": -0.0005072004644108711,
    "WLHReal_V3_n": 4.047049402857799e-06,
    "WLHReal_V4_n": 19.882298203746547,
    "WLHReal_V5_n": 0.31606252330510726,
    "WLHReal_V6_n": 0.0013700692713711896,
    "WLHReal_r0_n": 1.315533697306198,
    "WLHReal_r1_n": 0.3439794386890454,
    "WLHReal_r2_n": 0.0010931247554446296,
    "WLHReal_r3_n": 1.1344057211919616e-05,
    "WLHReal_a0_n": 0.7599718363653062,
    "WLHReal_a1_n": 0.0010209644699545042,
    "WLHReal_a2_n": 1.3558655790148071e-05,
    "WLHReal_a3_n": 0.27021129776945235,
    "WLHReal_a4_n": 0.95070085587507,
    "WLHImagVolume_W0_p": 4.709446173828916,
    "WLHImagVolume_W1_p": 0.2379752400977373,
    "WLHImagVolume_W2_p": 0.0003859690285994814,
    "WLHImagVolume_W3_p": 11.772729671900263,
    "WLHImagVolume_W4_p": 0.08062509855426245,
    "WLHImagVolume_r0_p": 0.6667570301088613,
    "WLHImagVolume_r1_p": 47.89422721012625,
    "WLHImagVolume_r2_p": 0.6095531189176678,
    "WLHImagVolume_r3_p": 61.59254743473745,
    "WLHImagVolume_r4_p": 0.6483030870415984,
    "WLHImagVolume_r5_p": 1.6971196281664516e-06,
    "WLHImagVolume_a0_p": 0.5710052751552026,
    "WLHImagVolume_a1_p": 0.27101209344148575,
    "WLHImagVolume_a2_p": 14.620900198789807,
    "WLHImagVolume_a3_p": 0.4255392749557917,
    "WLHImagVolume_a4_p": 0.002560515559190275,
    "WLHImagVolume_W0_n": 4.024706503414378,
    "WLHImagVolume_W1_n": 0.34494885709277545,
    "WLHImagVolume_W2_n": 0.0008908055492852212,
    "WLHImagVolume_W3_n": 10.835555049225228,
    "WLHImagVolume_W4_n": 0.06165417335981112,
    "WLHImagVolume_r0_n": 0.5404897098155453,
    "WLHImagVolume_r1_n": 85.35062524975537,
    "WLHImagVolume_r2_n": 0.7720617128609586,
    "WLHImagVolume_r3_n": 98.52066751427651,
    "WLHImagVolume_r4_n": 0.8839984219201495,
    "WLHImagVolume_r5_n": 3.1185940771353716e-06,
    "WLHImagVolume_a0_n": 0.2715662751352881,
    "WLHImagVolume_a1_n": 0.5595525794312389,
    "WLHImagVolume_a2_n": 3.10558258293119,
    "WLHImagVolume_a3_n": 0.001629579032230169,
    "WLHImagVolume_a4_n": 0.0002257045105533326,
    "WLHImagSurface_W0_p": 0.7994094022436734,
    "WLHImagSurface_W1_p": 0.026382287866248806,
    "WLHImagSurface_W2_p": 0.4074758039631432,
    "WLHImagSurface_W3_p": 0.08656583167014933,
    "WLHImagSurface_r0_p": 0.9302205881535374,
    "WLHImagSurface_r1_p": 0.36427153426184544,
    "WLHImagSurface_r2_p": 0.002957248514945871,
    "WLHImagSurface_a0_p": 0.7832419429522302,
    "WLHImagSurface_W0_n": 2.348400298788661,
    "WLHImagSurface_W1_n": 0.0707026799367177,
    "WLHImagSurface_W2_n": 3.615539464897801,
    "WLHImagSurface_W3_n": 0.22469263379873525,
    "WLHImagSurface_r0_n": 1.2987681602228611,
    "WLHImagSurface_r1_n": 1.713554952240359,
    "WLHImagSurface_r2_n": 0.0030601418117939885,
    "WLHImagSurface_a0_n": 0.8540733111290817,
    "WLHRealSpinOrbit_V0_p": 9.571473062673839,
    "WLHRealSpinOrbit_V1_p": 0.00860116917450987,
    "WLHRealSpinOrbit_r0_p": 1.2860124554818684,
    "WLHRealSpinOrbit_r1_p": 0.8906809948713043,
    "WLHRealSpinOrbit_a0_p": 0.8134422087850698,
    "WLHRealSpinOrbit_a1_p": 0.0003394407421014387,
    "WLHRealSpinOrbit_V0_n": 9.452173462617864,
    "WLHRealSpinOrbit_V1_n": 0.00868113697141635,
    "WLHRealSpinOrbit_r0_n": 1.2970178712162166,
    "WLHRealSpinOrbit_r1_n": 0.9233754655909405,
    "WLHRealSpinOrbit_a0_n": 0.8263265225657052,
    "WLHRealSpinOrbit_a1_n": 0.0003115041135937324
}