{
    "WLHReal_V0_p": 50.60141168051909,
    "WLHReal_V1_p": 0.29029726821259,
    "WLHReal_V2_p": -0.00015192086089434902,
    "WLHReal_V3_p": 2.34594292669098e-06,
    "WLHReal_V4_p": 12.797910300158726,
    "WLHReal_V5_p": 0.1130057839133962,
    "WLHReal_V6_p": 0.00027975624653332797,
    "WLHReal_r0_p": 1.3110753532719857,
    "WLHReal_r1_p": 0.24389611558725088,
    "WLHReal_r2_p": 0.0007750006644040687,
    "WLHReal_r3_p": 7.261158792055413e-06,
    "WLHReal_a0_p": 0.7702564443144689,
    "WLHReal_a1_p": -7.114715693956142e-05,
    "WLHReal_a2_p": 6.933808930542608e-06,
    "WLHReal_a3_p": 0.015340118815466614,
    "WLHReal_a4_p": 0.5102585562391337,
    "WLHReal_V0_n": 49.132095069883874,
    "WLHReal_V1_n": 0.2535782251885602,
    "WLHReal_V2_n": -0.0006578199698407937,
    "WLHReal_V3_n": 3.874512398489426e-06,
    "WLHReal_V4_n": 20.907979347185993,
    "WLHReal_V5_n": 0.30384977105585614,
    "WLHReal_V6_n": 0.0013423329529532882,
    "WLHReal_r0_n": 1.3475377890384315,
    "WLHReal_r1_n": 0.34039906044347146,
    "WLHReal_r2_n": 0.0010575962867720406,
    "WLHReal_r3_n": 1.1301332885736877e-05,
    "WLHReal_a0_n": 0.754830975720143,
    "WLHReal_a1_n": 0.0011452415779107405,
    "WLHReal_a2_n": 1.5004049799500038e-05,
    "WLHReal_a3_n": 0.306361109942908,
    "WLHReal_a4_n": 0.9288946791025451,
    "WLHImagVolume_W0_p": 3.7091857354218463,
    "WLHImagVolume_W1_p": 0.15208829275554353,
    "WLHImagVolume_W2_p": 0.00022636671512622894,
    "WLHImagVolume_W3_p": 9.139797541857817,
    "WLHImagVolume_W4_p": 0.05599875457147408,
    "WLHImagVolume_r0_p": 0.6488521837533167,
    "WLHImagVolume_r1_p": 54.63772576556377,
    "WLHImagVolume_r2_p": 0.6385429581657813,
    "WLHImagVolume_r3_p": 67.32509343700823,
    "WLHImagVolume_r4_p": 0.5675618413453871,
    "WLHImagVolume_r5_p": 1.132806933669702e-06,
    "WLHImagVolume_a0_p": 0.5289665644267788,
    "WLHImagVolume_a1_p": 0.30461032530752247,
    "WLHImagVolume_a2_p": 17.73044543580324,
    "WLHImagVolume_a3_p": 0.3667179944455704,
    "WLHImagVolume_a4_p": 0.0017279863233041876,
    "WLHImagVolume_W0_n": 2.5552655229772268,
    "WLHImagVolume_W1_n": 0.21112496888691545,
    "WLHImagVolume_W2_n": 0.00046235238337823386,
    "WLHImagVolume_W3_n": 7.591096952212325,
    "WLHImagVolume_W4_n": -0.010415580051486784,
    "WLHImagVolume_r0_n": 0.5356425017222424,
    "WLHImagVolume_r1_n": 94.60619326017387,
    "WLHImagVolume_r2_n": 0.7975158215759329,
    "WLHImagVolume_r3_n": 98.24026243272925,
    "WLHImagVolume_r4_n": 0.8776122471705081,
    "WLHImagVolume_r5_n": 4.568658882288707e-06,
    "WLHImagVolume_a0_n": 0.2569941137130495,
    "WLHImagVolume_a1_n": 0.5832815082842695,
    "WLHImagVolume_a2_n": 7.165954231288957,
    "WLHImagVolume_a3_n": 0.08864998379914649,
    "WLHImagVolume_a4_n": 0.0007095640155131626,
    "WLHImagSurface_W0_p": 1.036823097161878,
    "WLHImagSurface_W1_p": 0.04366873763226535,
    "WLHImagSurface_W2_p": 0.91505313567157,
    "WLHImagSurface_W3_p": 0.13990705146818228,
    "WLHImagSurface_r0_p": 1.0167993514281295,
    "WLHImagSurface_r1_p": 0.2770017343315988,
    "WLHImagSurface_r2_p": 0.003890271041029644,
    "WLHImagSurface_a0_p": 0.8794541358471333,
    "WLHImagSurface_W0_n": 1.3183129097617259,
    "WLHImagSurface_W1_n": 0.03997145973371834,
    "WLHImagSurface_W2_n": 2.2402870645528266,
    "WLHImagSurface_W3_n": 0.16410974362359654,
    "WLHImagSurface_r0_n": 1.3184195650534736,
    "WLHImagSurface_r1_n": 1.5193323002674914,
    "WLHImagSurface_r2_n": 0.002223874247351764,
    "WLHImagSurface_a0_n": 0.8758051156199959,
    "WLHRealSpinOrbit_V0_p": 9.248316057920695,
    "WLHRealSpinOrbit_V1_p": 0.008249447840240147,
    "WLHRealSpinOrbit_r0_p": 1.29336762601915,
    "WLHRealSpinOrbit_r1_p": 0.8825307431085736,
    "WLHRealSpinOrbit_a0_p": 0.8098585907630499,
    "WLHRealSpinOrbit_a1_p": 0.0003728569078403652,
    "WLHRealSpinOrbit_V0_n": 9.138264416360405,
    "WLHRealSpinOrbit_V1_n": 0.008427339716336898,
    "WLHRealSpinOrbit_r0_n": 1.3274910256529766,
    "WLHRealSpinOrbit_r1_n": 0.9260449726694062,
    "WLHRealSpinOrbit_a0_n": 0.8340150829479656,
    "WLHRealSpinOrbit_a1_n": 0.0003829192983168221
}