{
    "CH89RealCentral": {
        "V_0": 56.7737,
        "V_t": 13.8713,
        "V_e": -0.369213,
        "r_o": 1.19782,
        "r_o_0": -0.28272,
        "a_0": 0.751495
    },
    "CH89Coulomb": {
        "r_c": 1.18615,
        "r_c_0": 0.108048
    },
    "CH89SpinOrbit": {
        "V_so": 6.52893,
        "r_so": 1.09232,
        "r_so_0": -0.14396,
        "a_so": 0.649507
    },
    "CH89ImagCentral": {
        "W_v0": 8.26529,
        "W_ve0": 22.1479,
        "W_vew": 12.9131,
        "W_s0": 7.52164,
        "W_st": 29.9156,
        "W_se0": 27.368,
        "W_sew": 27.3066,
        "r_w": 1.33151,
        "r_w0": -0.307964,
        "a_w": 0.791495
    }
}