{
    "CH89RealCentral": {
        "V_0": 54.8727,
        "V_t": 18.66,
        "V_e": -0.318263,
        "r_o": 1.15687,
        "r_o_0": -0.00692757,
        "a_0": 0.728441
    },
    "CH89Coulomb": {
        "r_c": 1.3068,
        "r_c_0": 0.191105
    },
    "CH89SpinOrbit": {
        "V_so": 5.37151,
        "r_so": 1.33595,
        "r_so_0": -1.13464,
        "a_so": 0.661032
    },
    "CH89ImagCentral": {
        "W_v0": 15.4173,
        "W_ve0": 62.3985,
        "W_vew": 23.8379,
        "W_s0": 18.2666,
        "W_st": 37.9668,
        "W_se0": -18.8009,
        "W_sew": 53.2111,
        "r_w": 1.23307,
        "r_w0": 0.00521165,
        "a_w": 0.689277
    }
}