{
    "WLHReal_V0_p": 54.50106995674901,
    "WLHReal_V1_p": 0.3023084229632139,
    "WLHReal_V2_p": -0.00020560116869825892,
    "WLHReal_V3_p": 2.6932586456617444e-06,
    "WLHReal_V4_p": 12.584221698415737,
    "WLHReal_V5_p": 0.15168276465382463,
    "WLHReal_V6_p": 0.0004057361879635167,
    "WLHReal_r0_p": 1.3269100930531104,
    "WLHReal_r1_p": 0.3665939626597979,
    "WLHReal_r2_p": 0.0007396658617342315,
    "WLHReal_r3_p": 6.233818983594657e-06,
    "WLHReal_a0_p": 0.7900269390370972,
    "WLHReal_a1_p": 0.0002179897364669516,
    "WLHReal_a2_p": 4.445861694718953e-06,
    "WLHReal_a3_p": 0.048207469813326465,
    "WLHReal_a4_p": 0.5507159596987421,
    "WLHReal_V0_n": 54.01907734688903,
    "WLHReal_V1_n": 0.2751416709813992,
    "WLHReal_V2_n": 0.0005550615982511625,
    "WLHReal_V3_n": -5.512450348843591e-07,
    "WLHReal_V4_n": 22.744745466743634,
    "WLHReal_V5_n": 0.21808549994417137,
    "WLHReal_V6_n": 0.0003307897119606706,
    "WLHReal_r0_n": 1.2187121373333887,
    "WLHReal_r1_n": 0.23981288323337618,
    "WLHReal_r2_n": 0.00044070045736545744,
    "WLHReal_r3_n": 1.1027191041246658e-06,
    "WLHReal_a0_n": 0.6987271673003169,
    "WLHReal_a1_n": 0.00022391125750694484,
    "WLHReal_a2_n": -3.971363703726441e-07,
    "WLHReal_a3_n": 0.2546551859776003,
    "WLHReal_a4_n": 0.7058298450845178,
    "WLHImagVolume_W0_p": 4.862174187972028,
    "WLHImagVolume_W1_p": 0.2649507317808398,
    "WLHImagVolume_W2_p": 0.0004398605563642616,
    "WLHImagVolume_W3_p": 11.908692597423066,
    "WLHImagVolume_W4_p": 0.0909468403822552,
    "WLHImagVolume_r0_p": 0.6096002708510646,
    "WLHImagVolume_r1_p": 46.02493049222675,
    "WLHImagVolume_r2_p": 0.6632162683910837,
    "WLHImagVolume_r3_p": 54.965749825294225,
    "WLHImagVolume_r4_p": 0.6021400701529066,
    "WLHImagVolume_r5_p": 1.6581151719819925e-06,
    "WLHImagVolume_a0_p": 0.5824092566625731,
    "WLHImagVolume_a1_p": 0.2644175260183688,
    "WLHImagVolume_a2_p": 13.62369875300705,
    "WLHImagVolume_a3_p": 0.44406527794884937,
    "WLHImagVolume_a4_p": 0.0028142801453093814,
    "WLHImagVolume_W0_n": 1.5845767160805082,
    "WLHImagVolume_W1_n": 0.15684445375520062,
    "WLHImagVolume_W2_n": 9.735714022520011e-06,
    "WLHImagVolume_W3_n": 6.854670900034984,
    "WLHImagVolume_W4_n": 0.016234292271511214,
    "WLHImagVolume_r0_n": 0.5956222152398982,
    "WLHImagVolume_r1_n": 62.0784889167368,
    "WLHImagVolume_r2_n": 0.6145586385565666,
    "WLHImagVolume_r3_n": 60.08210725170905,
    "WLHImagVolume_r4_n": 0.9588053591181359,
    "WLHImagVolume_r5_n": 2.08629569171611e-06,
    "WLHImagVolume_a0_n": 0.1649910635067844,
    "WLHImagVolume_a1_n": 0.6294155803449805,
    "WLHImagVolume_a2_n": 11.431796528907027,
    "WLHImagVolume_a3_n": 0.08040691356735977,
    "WLHImagVolume_a4_n": 0.0008235190317241918,
    "WLHImagSurface_W0_p": 0.9213925491986532,
    "WLHImagSurface_W1_p": 0.0447768024669546,
    "WLHImagSurface_W2_p": 1.2159037547451044,
    "WLHImagSurface_W3_p": 0.1706034884776056,
    "WLHImagSurface_r0_p": 0.9199714340320072,
    "WLHImagSurface_r1_p": 0.5048356724798048,
    "WLHImagSurface_r2_p": 0.0035090265796184567,
    "WLHImagSurface_a0_p": 0.7079785976732635,
    "WLHImagSurface_W0_n": 1.143214488609034,
    "WLHImagSurface_W1_n": -8.61067918679001e-05,
    "WLHImagSurface_W2_n": 1.0099213898678467,
    "WLHImagSurface_W3_n": 0.014169091677945528,
    "WLHImagSurface_r0_n": 1.2510716811990656,
    "WLHImagSurface_r1_n": 1.1323114644956485,
    "WLHImagSurface_r2_n": 0.0042570964502178415,
    "WLHImagSurface_a0_n": 0.8162817363553245,
    "WLHRealSpinOrbit_V0_p": 9.5144745396779,
    "WLHRealSpinOrbit_V1_p": 0.008485424434641217,
    "WLHRealSpinOrbit_r0_p": 1.2861497963839204,
    "WLHRealSpinOrbit_r1_p": 0.8804961493874056,
    "WLHRealSpinOrbit_a0_p": 0.8088761846330462,
    "WLHRealSpinOrbit_a1_p": 0.0003521595067359744,
    "WLHRealSpinOrbit_V0_n": 10.285304330374183,
    "WLHRealSpinOrbit_V1_n": 0.008376202871196928,
    "WLHRealSpinOrbit_r0_n": 1.2008308739838283,
    "WLHRealSpinOrbit_r1_n": 0.7451552050091325,
    "WLHRealSpinOrbit_a0_n": 0.7451724154045754,
    "WLHRealSpinOrbit_a1_n": 0.00036943724566053317
}