{
    "ECS_p": 0.399587,
    "ECS_n": 0.424802,
    "APower_p": 0.506895,
    "APower_n": 0.461499
}