{
    "CH89RealCentral": {
        "V_0": 56.3341,
        "V_t": 15.9986,
        "V_e": -0.355287,
        "r_o": 1.19688,
        "r_o_0": -0.156944,
        "a_0": 0.713325
    },
    "CH89Coulomb": {
        "r_c": 1.24716,
        "r_c_0": -0.0577085
    },
    "CH89SpinOrbit": {
        "V_so": 5.20779,
        "r_so": 1.44388,
        "r_so_0": -1.81189,
        "a_so": 0.566804
    },
    "CH89ImagCentral": {
        "W_v0": 7.16028,
        "W_ve0": 35.2527,
        "W_vew": 24.5575,
        "W_s0": 12.3915,
        "W_st": 26.1051,
        "W_se0": 27.2609,
        "W_sew": 39.6566,
        "r_w": 1.21597,
        "r_w0": -0.125501,
        "a_w": 0.659327
    }
}