{
    "ECS_p": 0.300846,
    "ECS_n": 0.442254,
    "APower_p": 0.635641,
    "APower_n": 0.352414
}