{
    "ECS_p": 0.234147,
    "ECS_n": 0.252219,
    "APower_p": 0.662721,
    "APower_n": 0.376949
}