{
    "CH89RealCentral": {
        "V_0": 56.7944,
        "V_t": 11.1565,
        "V_e": -0.359568,
        "r_o": 1.18268,
        "r_o_0": -0.232973,
        "a_0": 0.759159
    },
    "CH89Coulomb": {
        "r_c": 1.38042,
        "r_c_0": 0.111113
    },
    "CH89SpinOrbit": {
        "V_so": 6.35564,
        "r_so": 1.22598,
        "r_so_0": -0.820399,
        "a_so": 0.69926
    },
    "CH89ImagCentral": {
        "W_v0": 8.06009,
        "W_ve0": 30.6323,
        "W_vew": 28.6954,
        "W_s0": 15.1612,
        "W_st": 46.5609,
        "W_se0": -6.91425,
        "W_sew": 35.1564,
        "r_w": 1.41668,
        "r_w0": -0.450154,
        "a_w": 0.691816
    }
}