{
    "WLHReal_V0_p": 51.07839539452492,
    "WLHReal_V1_p": 0.27444816178409676,
    "WLHReal_V2_p": 4.66949804444487e-05,
    "WLHReal_V3_p": 1.1602241713022906e-06,
    "WLHReal_V4_p": 14.265142085481731,
    "WLHReal_V5_p": 0.10532229299729846,
    "WLHReal_V6_p": 0.00020698789483315555,
    "WLHReal_r0_p": 1.2714115299730195,
    "WLHReal_r1_p": 0.19534626669934402,
    "WLHReal_r2_p": 0.0007167017165886147,
    "WLHReal_r3_p": 6.552895854002218e-06,
    "WLHReal_a0_p": 0.7531911749674401,
    "WLHReal_a1_p": -6.649619819796391e-05,
    "WLHReal_a2_p": 5.708891352783901e-06,
    "WLHReal_a3_p": 0.01912223911514435,
    "WLHReal_a4_p": 0.4915940216691004,
    "WLHReal_V0_n": 48.51022438891011,
    "WLHReal_V1_n": 0.2839764821450721,
    "WLHReal_V2_n": -0.0006718807965530563,
    "WLHReal_V3_n": 4.273948784615841e-06,
    "WLHReal_V4_n": 19.98126374155848,
    "WLHReal_V5_n": 0.306888165230542,
    "WLHReal_V6_n": 0.0014038624937772358,
    "WLHReal_r0_n": 1.35708827032569,
    "WLHReal_r1_n": 0.32277319895208734,
    "WLHReal_r2_n": 0.001159274493824462,
    "WLHReal_r3_n": 1.308953001240895e-05,
    "WLHReal_a0_n": 0.7589872081195843,
    "WLHReal_a1_n": 0.0013549924203675148,
    "WLHReal_a2_n": 1.745237080033411e-05,
    "WLHReal_a3_n": 0.32015014019619403,
    "WLHReal_a4_n": 0.9959849559070988,
    "WLHImagVolume_W0_p": 3.093584084124668,
    "WLHImagVolume_W1_p": 0.12325021683341814,
    "WLHImagVolume_W2_p": 2.4912325396476672e-05,
    "WLHImagVolume_W3_p": 8.846758808866099,
    "WLHImagVolume_W4_p": 0.04583411139622125,
    "WLHImagVolume_r0_p": 0.7485065711973822,
    "WLHImagVolume_r1_p": 39.8919592391055,
    "WLHImagVolume_r2_p": 0.5004352989561162,
    "WLHImagVolume_r3_p": 55.972121337702696,
    "WLHImagVolume_r4_p": 0.6964141751952657,
    "WLHImagVolume_r5_p": 1.2481635936673956e-06,
    "WLHImagVolume_a0_p": 0.5206701344442571,
    "WLHImagVolume_a1_p": 0.27900814398769985,
    "WLHImagVolume_a2_p": 15.246760902683517,
    "WLHImagVolume_a3_p": 0.36634328509653274,
    "WLHImagVolume_a4_p": 0.001665700490447444,
    "WLHImagVolume_W0_n": 2.678621247929366,
    "WLHImagVolume_W1_n": 0.21841261024619485,
    "WLHImagVolume_W2_n": 0.0006987085510230489,
    "WLHImagVolume_W3_n": 7.452333402324821,
    "WLHImagVolume_W4_n": -0.0037769585330722603,
    "WLHImagVolume_r0_n": 0.4483758277320671,
    "WLHImagVolume_r1_n": 119.5421752207756,
    "WLHImagVolume_r2_n": 0.899538221506528,
    "WLHImagVolume_r3_n": 114.31792092077978,
    "WLHImagVolume_r4_n": 0.6991312778413578,
    "WLHImagVolume_r5_n": 3.620516133587651e-06,
    "WLHImagVolume_a0_n": 0.23650220041460154,
    "WLHImagVolume_a1_n": 0.5939230001525063,
    "WLHImagVolume_a2_n": 6.183544498268348,
    "WLHImagVolume_a3_n": 0.06585494109166634,
    "WLHImagVolume_a4_n": 0.00017301214682960555,
    "WLHImagSurface_W0_p": 0.9706170553143593,
    "WLHImagSurface_W1_p": 0.03011149026425448,
    "WLHImagSurface_W2_p": 0.741981988196664,
    "WLHImagSurface_W3_p": 0.08375104755337379,
    "WLHImagSurface_r0_p": 0.9983281801662027,
    "WLHImagSurface_r1_p": 0.29973483787539035,
    "WLHImagSurface_r2_p": 0.005330392664024788,
    "WLHImagSurface_a0_p": 0.8280722227671868,
    "WLHImagSurface_W0_n": 1.7574473539608375,
    "WLHImagSurface_W1_n": 0.05929426502673238,
    "WLHImagSurface_W2_n": 3.094245107751815,
    "WLHImagSurface_W3_n": 0.21778261741756455,
    "WLHImagSurface_r0_n": 1.3606739298282926,
    "WLHImagSurface_r1_n": 1.6614364120188967,
    "WLHImagSurface_r2_n": 0.002337659287496221,
    "WLHImagSurface_a0_n": 0.8791658636467689,
    "WLHRealSpinOrbit_V0_p": 9.719106373792657,
    "WLHRealSpinOrbit_V1_p": 0.008426748941647348,
    "WLHRealSpinOrbit_r0_p": 1.2640974529196993,
    "WLHRealSpinOrbit_r1_p": 0.8384612997056455,
    "WLHRealSpinOrbit_a0_p": 0.791072883454089,
    "WLHRealSpinOrbit_a1_p": 0.0003748029299266492,
    "WLHRealSpinOrbit_V0_n": 8.703493526424513,
    "WLHRealSpinOrbit_V1_n": 0.008155136549866698,
    "WLHRealSpinOrbit_r0_n": 1.3390826474372168,
    "WLHRealSpinOrbit_r1_n": 0.9506144779695588,
    "WLHRealSpinOrbit_a0_n": 0.8413264314573711,
    "WLHRealSpinOrbit_a1_n": 0.0003727278434557832
}