{
    "CH89RealCentral": {
        "V_0": 54.2933,
        "V_t": 5.21747,
        "V_e": -0.363633,
        "r_o": 1.17753,
        "r_o_0": 0.0119828,
        "a_0": 0.699566
    },
    "CH89Coulomb": {
        "r_c": 1.39463,
        "r_c_0": 0.197298
    },
    "CH89SpinOrbit": {
        "V_so": 5.38515,
        "r_so": 1.26688,
        "r_so_0": -1.06271,
        "a_so": 0.580974
    },
    "CH89ImagCentral": {
        "W_v0": 9.21417,
        "W_ve0": 23.6629,
        "W_vew": 16.9633,
        "W_s0": 13.9294,
        "W_st": 51.8397,
        "W_se0": -1.37409,
        "W_sew": 34.2579,
        "r_w": 1.54526,
        "r_w0": -1.35886,
        "a_w": 0.657353
    }
}