{
    "WLHReal_V0_p": 56.361595154694164,
    "WLHReal_V1_p": 0.335744994469841,
    "WLHReal_V2_p": 0.0002693533278471477,
    "WLHReal_V3_p": 1.1913186791643562e-06,
    "WLHReal_V4_p": 12.594695659602799,
    "WLHReal_V5_p": 0.1488892160194743,
    "WLHReal_V6_p": 0.0002350109270895424,
    "WLHReal_r0_p": 1.3001210171350293,
    "WLHReal_r1_p": 0.38155105741306206,
    "WLHReal_r2_p": 0.0006627246969735817,
    "WLHReal_r3_p": 2.7899684798240674e-06,
    "WLHReal_a0_p": 0.7787817768750624,
    "WLHReal_a1_p": 0.000234880896370533,
    "WLHReal_a2_p": 1.780040860810776e-06,
    "WLHReal_a3_p": 0.1058633278276589,
    "WLHReal_a4_p": 0.6034309524445451,
    "WLHReal_V0_n": 57.92828845108555,
    "WLHReal_V1_n": 0.3040696729789004,
    "WLHReal_V2_n": 0.0011146124102797144,
    "WLHReal_V3_n": -2.008205166837866e-06,
    "WLHReal_V4_n": 22.45235464474545,
    "WLHReal_V5_n": 0.19811642759798676,
    "WLHReal_V6_n": -0.0001947465319579911,
    "WLHReal_r0_n": 1.205240977208762,
    "WLHReal_r1_n": 0.3601227337900621,
    "WLHReal_r2_n": -4.2516176453285615e-05,
    "WLHReal_r3_n": -7.183717274528667e-06,
    "WLHReal_a0_n": 0.6738236465410076,
    "WLHReal_a1_n": -0.0004641288407360015,
    "WLHReal_a2_n": -1.181867441191541e-05,
    "WLHReal_a3_n": 0.09663963889287966,
    "WLHReal_a4_n": 0.36408181477495327,
    "WLHImagVolume_W0_p": 4.199678905033551,
    "WLHImagVolume_W1_p": 0.2834835515752501,
    "WLHImagVolume_W2_p": 0.0006466589505669553,
    "WLHImagVolume_W3_p": 14.00781748330615,
    "WLHImagVolume_W4_p": 0.08504855721267508,
    "WLHImagVolume_r0_p": 0.41907303604253976,
    "WLHImagVolume_r1_p": 70.38406870076571,
    "WLHImagVolume_r2_p": 0.8262013343025878,
    "WLHImagVolume_r3_p": 74.07067199970392,
    "WLHImagVolume_r4_p": 0.4758189434409922,
    "WLHImagVolume_r5_p": 1.2714660070172052e-06,
    "WLHImagVolume_a0_p": 0.52838482625795,
    "WLHImagVolume_a1_p": 0.3126661228262301,
    "WLHImagVolume_a2_p": 17.368677696586097,
    "WLHImagVolume_a3_p": 0.3927900339192265,
    "WLHImagVolume_a4_p": 0.001966012813019181,
    "WLHImagVolume_W0_n": 1.241791635018941,
    "WLHImagVolume_W1_n": 0.22105405551355634,
    "WLHImagVolume_W2_n": 0.0001879000727393605,
    "WLHImagVolume_W3_n": 6.708965672810906,
    "WLHImagVolume_W4_n": 0.06849504855469536,
    "WLHImagVolume_r0_n": 0.512391781610357,
    "WLHImagVolume_r1_n": 58.84129208708867,
    "WLHImagVolume_r2_n": 0.6780664589722639,
    "WLHImagVolume_r3_n": 51.81448104510153,
    "WLHImagVolume_r4_n": 0.9348774285001675,
    "WLHImagVolume_r5_n": 6.369649008412741e-07,
    "WLHImagVolume_a0_n": 0.13757588572980783,
    "WLHImagVolume_a1_n": 0.6734481990426078,
    "WLHImagVolume_a2_n": 12.299382279609866,
    "WLHImagVolume_a3_n": 0.08264893463313314,
    "WLHImagVolume_a4_n": 0.001233245960531717,
    "WLHImagSurface_W0_p": 1.2685596690121275,
    "WLHImagSurface_W1_p": 0.0727111628900192,
    "WLHImagSurface_W2_p": 1.7614893809163057,
    "WLHImagSurface_W3_p": 0.26914802180561337,
    "WLHImagSurface_r0_p": 1.1064957740143058,
    "WLHImagSurface_r1_p": 0.8761959669671215,
    "WLHImagSurface_r2_p": 0.006186886252731808,
    "WLHImagSurface_a0_p": 0.8248627140926955,
    "WLHImagSurface_W0_n": 1.622429119749409,
    "WLHImagSurface_W1_n": 0.004090743669322099,
    "WLHImagSurface_W2_n": 2.3435807635714037,
    "WLHImagSurface_W3_n": 0.029313009647876725,
    "WLHImagSurface_r0_n": 1.2476351140701722,
    "WLHImagSurface_r1_n": 1.139757947959758,
    "WLHImagSurface_r2_n": 0.005516911987479586,
    "WLHImagSurface_a0_n": 0.7862255477747352,
    "WLHRealSpinOrbit_V0_p": 9.479296799732001,
    "WLHRealSpinOrbit_V1_p": 0.008081129515600482,
    "WLHRealSpinOrbit_r0_p": 1.2468432273005663,
    "WLHRealSpinOrbit_r1_p": 0.8235522214556935,
    "WLHRealSpinOrbit_a0_p": 0.7764611276643097,
    "WLHRealSpinOrbit_a1_p": 0.00034820801964522747,
    "WLHRealSpinOrbit_V0_n": 10.285834303909295,
    "WLHRealSpinOrbit_V1_n": 0.007935998854361281,
    "WLHRealSpinOrbit_r0_n": 1.1614619573282967,
    "WLHRealSpinOrbit_r1_n": 0.6764308960158879,
    "WLHRealSpinOrbit_a0_n": 0.7083042899394998,
    "WLHRealSpinOrbit_a1_n": 0.0003785641723664411
}