{
    "WLHReal_V0_p": 53.991191206606125,
    "WLHReal_V1_p": 0.29290448867097457,
    "WLHReal_V2_p": 0.0006026465755886011,
    "WLHReal_V3_p": -4.414063700089787e-07,
    "WLHReal_V4_p": 15.30807530538964,
    "WLHReal_V5_p": 0.11562825384059024,
    "WLHReal_V6_p": 4.9399771991942695e-05,
    "WLHReal_r0_p": 1.2355224677159518,
    "WLHReal_r1_p": 0.24774147323494983,
    "WLHReal_r2_p": 0.0004919888801448083,
    "WLHReal_r3_p": 1.5232485089570383e-06,
    "WLHReal_a0_p": 0.7366617108516268,
    "WLHReal_a1_p": 5.215931747180092e-05,
    "WLHReal_a2_p": 9.093818907565007e-07,
    "WLHReal_a3_p": 0.08008984026011133,
    "WLHReal_a4_p": 0.508293991723356,
    "WLHReal_V0_n": 51.4700180402794,
    "WLHReal_V1_n": 0.25879077213224055,
    "WLHReal_V2_n": -0.0010518074720175874,
    "WLHReal_V3_n": 5.223607276750066e-06,
    "WLHReal_V4_n": 20.680042410208692,
    "WLHReal_V5_n": 0.34153915566419135,
    "WLHReal_V6_n": 0.0017507379541695923,
    "WLHReal_r0_n": 1.3551129613160668,
    "WLHReal_r1_n": 0.3597156150158045,
    "WLHReal_r2_n": 0.0012935218877485864,
    "WLHReal_r3_n": 1.6113327440269204e-05,
    "WLHReal_a0_n": 0.7781837675038857,
    "WLHReal_a1_n": 0.0012872660550076413,
    "WLHReal_a2_n": 1.8708851495806588e-05,
    "WLHReal_a3_n": 0.32313203032206367,
    "WLHReal_a4_n": 1.034272759076122,
    "WLHImagVolume_W0_p": 2.336072722351589,
    "WLHImagVolume_W1_p": 0.14934156527986597,
    "WLHImagVolume_W2_p": 0.00013915871901086616,
    "WLHImagVolume_W3_p": 10.857946064902803,
    "WLHImagVolume_W4_p": 0.044123781943583386,
    "WLHImagVolume_r0_p": 0.6003544443927239,
    "WLHImagVolume_r1_p": 50.61839408761674,
    "WLHImagVolume_r2_p": 0.597600514507326,
    "WLHImagVolume_r3_p": 60.753462071543616,
    "WLHImagVolume_r4_p": 0.6360938313651403,
    "WLHImagVolume_r5_p": 1.7908360991961276e-06,
    "WLHImagVolume_a0_p": 0.4798460687291185,
    "WLHImagVolume_a1_p": 0.29854605809068857,
    "WLHImagVolume_a2_p": 16.07032309761969,
    "WLHImagVolume_a3_p": 0.3393368057218872,
    "WLHImagVolume_a4_p": 0.0011338760690424619,
    "WLHImagVolume_W0_n": 3.9409742667421974,
    "WLHImagVolume_W1_n": 0.3045766908986607,
    "WLHImagVolume_W2_n": 0.0006148321063279476,
    "WLHImagVolume_W3_n": 10.512272445461633,
    "WLHImagVolume_W4_n": 0.014913354981662541,
    "WLHImagVolume_r0_n": 0.6423523220153052,
    "WLHImagVolume_r1_n": 70.31404330121205,
    "WLHImagVolume_r2_n": 0.7013058851163919,
    "WLHImagVolume_r3_n": 94.35415632836259,
    "WLHImagVolume_r4_n": 1.0646696552030388,
    "WLHImagVolume_r5_n": 6.033156638532438e-06,
    "WLHImagVolume_a0_n": 0.32687092678263935,
    "WLHImagVolume_a1_n": 0.5266700606978589,
    "WLHImagVolume_a2_n": 3.5970963470917727,
    "WLHImagVolume_a3_n": 0.04900763025144085,
    "WLHImagVolume_a4_n": 0.0007883564195329087,
    "WLHImagSurface_W0_p": 1.3046974653666152,
    "WLHImagSurface_W1_p": 0.05838594225069292,
    "WLHImagSurface_W2_p": 1.6580987507565161,
    "WLHImagSurface_W3_p": 0.19296415140094603,
    "WLHImagSurface_r0_p": 1.1371097035679067,
    "WLHImagSurface_r1_p": 0.750857332557868,
    "WLHImagSurface_r2_p": 0.008879462367285935,
    "WLHImagSurface_a0_p": 0.8377569804206295,
    "WLHImagSurface_W0_n": 1.5386283133790273,
    "WLHImagSurface_W1_n": 0.05300146417894683,
    "WLHImagSurface_W2_n": 2.342470769408089,
    "WLHImagSurface_W3_n": 0.19196661555202507,
    "WLHImagSurface_r0_n": 1.27734110777525,
    "WLHImagSurface_r1_n": 1.6252950049449064,
    "WLHImagSurface_r2_n": 0.001768813883682851,
    "WLHImagSurface_a0_n": 0.8818239292568537,
    "WLHRealSpinOrbit_V0_p": 9.95873657067825,
    "WLHRealSpinOrbit_V1_p": 0.008124354436360162,
    "WLHRealSpinOrbit_r0_p": 1.211177947147108,
    "WLHRealSpinOrbit_r1_p": 0.7549752058709156,
    "WLHRealSpinOrbit_a0_p": 0.7481329015260992,
    "WLHRealSpinOrbit_a1_p": 0.0003785957573121087,
    "WLHRealSpinOrbit_V0_n": 9.518773078692135,
    "WLHRealSpinOrbit_V1_n": 0.009066865605159841,
    "WLHRealSpinOrbit_r0_n": 1.3405712955990476,
    "WLHRealSpinOrbit_r1_n": 0.9707375262795453,
    "WLHRealSpinOrbit_a0_n": 0.8572563895821356,
    "WLHRealSpinOrbit_a1_n": 0.00034089239448142824
}