{
    "WLHReal_V0_p": 54.01382651397299,
    "WLHReal_V1_p": 0.3079712163250918,
    "WLHReal_V2_p": -1.119282095735468e-05,
    "WLHReal_V3_p": 2.0453215690830778e-06,
    "WLHReal_V4_p": 12.852006712868274,
    "WLHReal_V5_p": 0.13559111091773846,
    "WLHReal_V6_p": 0.0002983966538021911,
    "WLHReal_r0_p": 1.3042932384944967,
    "WLHReal_r1_p": 0.3150576919265189,
    "WLHReal_r2_p": 0.0007485780126247318,
    "WLHReal_r3_p": 5.65040795385829e-06,
    "WLHReal_a0_p": 0.777843439787442,
    "WLHReal_a1_p": 0.00012931327450777918,
    "WLHReal_a2_p": 4.6863531327279015e-06,
    "WLHReal_a3_p": 0.05769202589538952,
    "WLHReal_a4_p": 0.5606206443109132,
    "WLHReal_V0_n": 54.44545240048679,
    "WLHReal_V1_n": 0.3075780232180655,
    "WLHReal_V2_n": -0.0002119759615843938,
    "WLHReal_V3_n": 2.728373416064876e-06,
    "WLHReal_V4_n": 20.740002751694185,
    "WLHReal_V5_n": 0.2886507921096207,
    "WLHReal_V6_n": 0.0010758656333931845,
    "WLHReal_r0_n": 1.2886872389276205,
    "WLHReal_r1_n": 0.31748723045338445,
    "WLHReal_r2_n": 0.0009033029610116229,
    "WLHReal_r3_n": 8.587430416685003e-06,
    "WLHReal_a0_n": 0.7426228594132678,
    "WLHReal_a1_n": 0.0007848745011571691,
    "WLHReal_a2_n": 9.913793098118126e-06,
    "WLHReal_a3_n": 0.26425710481901116,
    "WLHReal_a4_n": 0.8760424231412954,
    "WLHImagVolume_W0_p": 4.22144768199958,
    "WLHImagVolume_W1_p": 0.23234380317634326,
    "WLHImagVolume_W2_p": 0.0004060080652558758,
    "WLHImagVolume_W3_p": 11.806982779834804,
    "WLHImagVolume_W4_p": 0.07653328399250509,
    "WLHImagVolume_r0_p": 0.5865695708308613,
    "WLHImagVolume_r1_p": 53.74508572635958,
    "WLHImagVolume_r2_p": 0.674911667412615,
    "WLHImagVolume_r3_p": 63.42395926749588,
    "WLHImagVolume_r4_p": 0.584242925804502,
    "WLHImagVolume_r5_p": 1.058445250422206e-06,
    "WLHImagVolume_a0_p": 0.5480179286638243,
    "WLHImagVolume_a1_p": 0.28671603434238757,
    "WLHImagVolume_a2_p": 15.604942520092735,
    "WLHImagVolume_a3_p": 0.40461800055115615,
    "WLHImagVolume_a4_p": 0.002209953293967476,
    "WLHImagVolume_W0_n": 3.3238173541424683,
    "WLHImagVolume_W1_n": 0.2915179176407683,
    "WLHImagVolume_W2_n": 0.000629131406025702,
    "WLHImagVolume_W3_n": 9.70578249180068,
    "WLHImagVolume_W4_n": 0.048178023115944484,
    "WLHImagVolume_r0_n": 0.560555538184662,
    "WLHImagVolume_r1_n": 77.4434412619868,
    "WLHImagVolume_r2_n": 0.723077009229678,
    "WLHImagVolume_r3_n": 86.85539144488695,
    "WLHImagVolume_r4_n": 0.9158736960249382,
    "WLHImagVolume_r5_n": 3.1108477222946913e-06,
    "WLHImagVolume_a0_n": 0.2432357644807817,
    "WLHImagVolume_a1_n": 0.5787176820734079,
    "WLHImagVolume_a2_n": 5.517919150615119,
    "WLHImagVolume_a3_n": 0.025966740834505734,
    "WLHImagVolume_a4_n": 0.0004345640583080637,
    "WLHImagSurface_W0_p": 1.0276734336696016,
    "WLHImagSurface_W1_p": 0.047664739756675116,
    "WLHImagSurface_W2_p": 1.135268299984912,
    "WLHImagSurface_W3_p": 0.16902480981708928,
    "WLHImagSurface_r0_p": 1.0028685413881198,
    "WLHImagSurface_r1_p": 0.5446481031360935,
    "WLHImagSurface_r2_p": 0.00461794163009221,
    "WLHImagSurface_a0_p": 0.7935134817599674,
    "WLHImagSurface_W0_n": 1.9786105798835845,
    "WLHImagSurface_W1_n": 0.049625677533272954,
    "WLHImagSurface_W2_n": 2.836664482866915,
    "WLHImagSurface_W3_n": 0.16271188751600768,
    "WLHImagSurface_r0_n": 1.2831754220899716,
    "WLHImagSurface_r1_n": 1.5421667492685442,
    "WLHImagSurface_r2_n": 0.0033792532683421354,
    "WLHImagSurface_a0_n": 0.8435457364184049,
    "WLHRealSpinOrbit_V0_p": 9.53004600889903,
    "WLHRealSpinOrbit_V1_p": 0.008348833323046591,
    "WLHRealSpinOrbit_r0_p": 1.2701405162266506,
    "WLHRealSpinOrbit_r1_p": 0.8568001022142185,
    "WLHRealSpinOrbit_a0_p": 0.7962326981576547,
    "WLHRealSpinOrbit_a1_p": 0.0003543454591723137,
    "WLHRealSpinOrbit_V0_n": 9.704686269086354,
    "WLHRealSpinOrbit_V1_n": 0.008608375859302606,
    "WLHRealSpinOrbit_r0_n": 1.2699793562251778,
    "WLHRealSpinOrbit_r1_n": 0.8723543641477605,
    "WLHRealSpinOrbit_a0_n": 0.8033916937464396,
    "WLHRealSpinOrbit_a1_n": 0.00032928009421332604
}