{
    "CH89RealCentral": {
        "V_0": 55.5748,
        "V_t": 14.3594,
        "V_e": -0.368578,
        "r_o": 1.16638,
        "r_o_0": -0.0854599,
        "a_0": 0.754509
    },
    "CH89Coulomb": {
        "r_c": 1.37843,
        "r_c_0": 0.134101
    },
    "CH89SpinOrbit": {
        "V_so": 5.6715,
        "r_so": 1.37665,
        "r_so_0": -1.43108,
        "a_so": 0.604381
    },
    "CH89ImagCentral": {
        "W_v0": 13.4025,
        "W_ve0": 61.4355,
        "W_vew": 44.9519,
        "W_s0": 12.7451,
        "W_st": 46.6375,
        "W_se0": -3.5007,
        "W_sew": 32.9359,
        "r_w": 1.42738,
        "r_w0": -0.59698,
        "a_w": 0.655378
    }
}