{
    "WLHReal_V0_p": 54.892452248696166,
    "WLHReal_V1_p": 0.2881042422609639,
    "WLHReal_V2_p": -0.00023509884840920594,
    "WLHReal_V3_p": 1.924501854632421e-06,
    "WLHReal_V4_p": 13.34557474137199,
    "WLHReal_V5_p": 0.1483693666592335,
    "WLHReal_V6_p": 0.0004206414313231544,
    "WLHReal_r0_p": 1.306308404057445,
    "WLHReal_r1_p": 0.3257296232845707,
    "WLHReal_r2_p": 0.0007926603372515964,
    "WLHReal_r3_p": 7.017222607953812e-06,
    "WLHReal_a0_p": 0.7860517074884394,
    "WLHReal_a1_p": 0.00024127812070278085,
    "WLHReal_a2_p": 5.3459466825474125e-06,
    "WLHReal_a3_p": 0.04045185060346277,
    "WLHReal_a4_p": 0.5497317238160221,
    "WLHReal_V0_n": 51.89717003671108,
    "WLHReal_V1_n": 0.30948703082885726,
    "WLHReal_V2_n": 1.3340896050079165e-05,
    "WLHReal_V3_n": 2.515670226616345e-06,
    "WLHReal_V4_n": 20.492390799317125,
    "WLHReal_V5_n": 0.26551786769011404,
    "WLHReal_V6_n": 0.0008298160532513295,
    "WLHReal_r0_n": 1.2980794454621756,
    "WLHReal_r1_n": 0.3121635884987279,
    "WLHReal_r2_n": 0.000773682007500584,
    "WLHReal_r3_n": 5.962189099653789e-06,
    "WLHReal_a0_n": 0.7286872905105902,
    "WLHReal_a1_n": 0.0007882373103592384,
    "WLHReal_a2_n": 6.986069332831694e-06,
    "WLHReal_a3_n": 0.2526660895252213,
    "WLHReal_a4_n": 0.8129170734543908,
    "WLHImagVolume_W0_p": 4.883330723731403,
    "WLHImagVolume_W1_p": 0.2595858094152857,
    "WLHImagVolume_W2_p": 0.0002889562971099166,
    "WLHImagVolume_W3_p": 11.816137252213377,
    "WLHImagVolume_W4_p": 0.09081147827055182,
    "WLHImagVolume_r0_p": 0.7375033523500032,
    "WLHImagVolume_r1_p": 28.68956259681317,
    "WLHImagVolume_r2_p": 0.5160118989463216,
    "WLHImagVolume_r3_p": 42.19737208288035,
    "WLHImagVolume_r4_p": 0.7457866198981089,
    "WLHImagVolume_r5_p": 2.1376568182885974e-06,
    "WLHImagVolume_a0_p": 0.6006932953342153,
    "WLHImagVolume_a1_p": 0.22760724266717824,
    "WLHImagVolume_a2_p": 10.398375328977515,
    "WLHImagVolume_a3_p": 0.46984321073502044,
    "WLHImagVolume_a4_p": 0.0031768446769832735,
    "WLHImagVolume_W0_n": 2.253528961577183,
    "WLHImagVolume_W1_n": 0.22130856757120906,
    "WLHImagVolume_W2_n": 0.000613025357151281,
    "WLHImagVolume_W3_n": 7.22956129390496,
    "WLHImagVolume_W4_n": 0.02717811870503516,
    "WLHImagVolume_r0_n": 0.43696798847874746,
    "WLHImagVolume_r1_n": 108.0303246777314,
    "WLHImagVolume_r2_n": 0.853954551361358,
    "WLHImagVolume_r3_n": 98.06437096659802,
    "WLHImagVolume_r4_n": 0.7002749773054576,
    "WLHImagVolume_r5_n": 1.7696550073598468e-06,
    "WLHImagVolume_a0_n": 0.186876296026988,
    "WLHImagVolume_a1_n": 0.626847758683938,
    "WLHImagVolume_a2_n": 7.914741813129112,
    "WLHImagVolume_a3_n": 0.05539386659402027,
    "WLHImagVolume_a4_n": 0.0002362925638118558,
    "WLHImagSurface_W0_p": 0.7059739494460474,
    "WLHImagSurface_W1_p": 0.02134937346250736,
    "WLHImagSurface_W2_p": 0.7024601400172609,
    "WLHImagSurface_W3_p": 0.08164765264389695,
    "WLHImagSurface_r0_p": 0.8374878446164488,
    "WLHImagSurface_r1_p": 0.42003931060272015,
    "WLHImagSurface_r2_p": 0.003376763401884364,
    "WLHImagSurface_a0_p": 0.6310115772278162,
    "WLHImagSurface_W0_n": 1.9367976795614876,
    "WLHImagSurface_W1_n": 0.04777505696042269,
    "WLHImagSurface_W2_n": 3.1493261844979004,
    "WLHImagSurface_W3_n": 0.16911309055557883,
    "WLHImagSurface_r0_n": 1.3363471923807373,
    "WLHImagSurface_r1_n": 1.5289941564894847,
    "WLHImagSurface_r2_n": 0.003627939237840956,
    "WLHImagSurface_a0_n": 0.8445112731506861,
    "WLHRealSpinOrbit_V0_p": 9.91463597661669,
    "WLHRealSpinOrbit_V1_p": 0.008815502093178584,
    "WLHRealSpinOrbit_r0_p": 1.2762227601156086,
    "WLHRealSpinOrbit_r1_p": 0.871527387988504,
    "WLHRealSpinOrbit_a0_p": 0.807302320368276,
    "WLHRealSpinOrbit_a1_p": 0.0003441121594784471,
    "WLHRealSpinOrbit_V0_n": 9.142970391594291,
    "WLHRealSpinOrbit_V1_n": 0.00797749971722679,
    "WLHRealSpinOrbit_r0_n": 1.2738805767220829,
    "WLHRealSpinOrbit_r1_n": 0.8570349558577905,
    "WLHRealSpinOrbit_a0_n": 0.7934426390934669,
    "WLHRealSpinOrbit_a1_n": 0.0003646048067759971
}