{
    "WLHReal_V0_p": 50.465166937442895,
    "WLHReal_V1_p": 0.2670647632997737,
    "WLHReal_V2_p": -0.0001925051816318589,
    "WLHReal_V3_p": 2.473971385706369e-06,
    "WLHReal_V4_p": 13.725174987082212,
    "WLHReal_V5_p": 0.11947280097134541,
    "WLHReal_V6_p": 0.0003152621842131156,
    "WLHReal_r0_p": 1.3077511553703351,
    "WLHReal_r1_p": 0.25521610387253957,
    "WLHReal_r2_p": 0.0006679251946998875,
    "WLHReal_r3_p": 6.544708994420502e-06,
    "WLHReal_a0_p": 0.7655270546063879,
    "WLHReal_a1_p": -2.9090004708207546e-05,
    "WLHReal_a2_p": 6.438760781219569e-06,
    "WLHReal_a3_p": -0.001139150483029698,
    "WLHReal_a4_p": 0.4591598249773735,
    "WLHReal_V0_n": 51.51374963320931,
    "WLHReal_V1_n": 0.2985342933652223,
    "WLHReal_V2_n": -0.0005892475985272846,
    "WLHReal_V3_n": 4.272071450313877e-06,
    "WLHReal_V4_n": 20.03146358848288,
    "WLHReal_V5_n": 0.3112286035518048,
    "WLHReal_V6_n": 0.001371961932204349,
    "WLHReal_r0_n": 1.3381509638948723,
    "WLHReal_r1_n": 0.34276067852545405,
    "WLHReal_r2_n": 0.0011017179426299308,
    "WLHReal_r3_n": 1.1581004971954997e-05,
    "WLHReal_a0_n": 0.7586204360465487,
    "WLHReal_a1_n": 0.0011526192256125377,
    "WLHReal_a2_n": 1.4715384624969654e-05,
    "WLHReal_a3_n": 0.28845343504060117,
    "WLHReal_a4_n": 0.952567704858697,
    "WLHImagVolume_W0_p": 3.6190090554558845,
    "WLHImagVolume_W1_p": 0.13715370572204177,
    "WLHImagVolume_W2_p": 6.337613301806306e-05,
    "WLHImagVolume_W3_p": 8.116768780731258,
    "WLHImagVolume_W4_p": 0.05591767296135228,
    "WLHImagVolume_r0_p": 0.738300590554289,
    "WLHImagVolume_r1_p": 38.035162906294616,
    "WLHImagVolume_r2_p": 0.5378891680597568,
    "WLHImagVolume_r3_p": 51.93773639585677,
    "WLHImagVolume_r4_p": 0.6502477120301303,
    "WLHImagVolume_r5_p": 1.2527578837427178e-06,
    "WLHImagVolume_a0_p": 0.5459206927584563,
    "WLHImagVolume_a1_p": 0.27373983561514054,
    "WLHImagVolume_a2_p": 14.878267305471628,
    "WLHImagVolume_a3_p": 0.3890124253508296,
    "WLHImagVolume_a4_p": 0.002052728131326489,
    "WLHImagVolume_W0_n": 3.280439384161709,
    "WLHImagVolume_W1_n": 0.2795695006653511,
    "WLHImagVolume_W2_n": 0.0007676873565785217,
    "WLHImagVolume_W3_n": 9.037512229355926,
    "WLHImagVolume_W4_n": 0.027332946876920505,
    "WLHImagVolume_r0_n": 0.49917419756811465,
    "WLHImagVolume_r1_n": 100.39425719396556,
    "WLHImagVolume_r2_n": 0.8314510193796137,
    "WLHImagVolume_r3_n": 104.86209045505132,
    "WLHImagVolume_r4_n": 0.8090958845465194,
    "WLHImagVolume_r5_n": 3.82350626820036e-06,
    "WLHImagVolume_a0_n": 0.25613766745434624,
    "WLHImagVolume_a1_n": 0.5777306847335042,
    "WLHImagVolume_a2_n": 4.882516367867964,
    "WLHImagVolume_a3_n": 0.040044417675818275,
    "WLHImagVolume_a4_n": 0.00029747475889636057,
    "WLHImagSurface_W0_p": 0.9581733440272926,
    "WLHImagSurface_W1_p": 0.037093059326236605,
    "WLHImagSurface_W2_p": 1.065789391521064,
    "WLHImagSurface_W3_p": 0.12110577702363827,
    "WLHImagSurface_r0_p": 0.9434462606304397,
    "WLHImagSurface_r1_p": 0.2203882588964362,
    "WLHImagSurface_r2_p": 0.0040410087790862265,
    "WLHImagSurface_a0_p": 0.7824988704959632,
    "WLHImagSurface_W0_n": 1.9879035863616634,
    "WLHImagSurface_W1_n": 0.0624900935618322,
    "WLHImagSurface_W2_n": 3.2883133118013985,
    "WLHImagSurface_W3_n": 0.21611097861086428,
    "WLHImagSurface_r0_n": 1.3267167492441294,
    "WLHImagSurface_r1_n": 1.670852950165195,
    "WLHImagSurface_r2_n": 0.0026758467597403778,
    "WLHImagSurface_a0_n": 0.866732819739487,
    "WLHRealSpinOrbit_V0_p": 9.453169711132599,
    "WLHRealSpinOrbit_V1_p": 0.008400845167060602,
    "WLHRealSpinOrbit_r0_p": 1.2925434916492993,
    "WLHRealSpinOrbit_r1_p": 0.8739838438424369,
    "WLHRealSpinOrbit_a0_p": 0.8089508688616864,
    "WLHRealSpinOrbit_a1_p": 0.0003838484842396908,
    "WLHRealSpinOrbit_V0_n": 9.09455275091406,
    "WLHRealSpinOrbit_V1_n": 0.008418972393841444,
    "WLHRealSpinOrbit_r0_n": 1.318326858195902,
    "WLHRealSpinOrbit_r1_n": 0.9342626581371638,
    "WLHRealSpinOrbit_a0_n": 0.8331323588105038,
    "WLHRealSpinOrbit_a1_n": 0.00034663225395269545
}