{
    "CH89RealCentral": {
        "V_0": 57.6215,
        "V_t": 17.818,
        "V_e": -0.335069,
        "r_o": 1.13899,
        "r_o_0": -0.100581,
        "a_0": 0.754532
    },
    "CH89Coulomb": {
        "r_c": 1.31856,
        "r_c_0": 0.0715445
    },
    "CH89SpinOrbit": {
        "V_so": 5.27055,
        "r_so": 1.13693,
        "r_so_0": -0.513419,
        "a_so": 0.526058
    },
    "CH89ImagCentral": {
        "W_v0": 9.34882,
        "W_ve0": 29.3168,
        "W_vew": 13.1716,
        "W_s0": 11.7582,
        "W_st": 15.9915,
        "W_se0": 16.0637,
        "W_sew": 28.109,
        "r_w": 1.39673,
        "r_w0": -0.584226,
        "a_w": 0.749926
    }
}