{
    "CH89RealCentral": {
        "V_0": 53.4196,
        "V_t": 18.4901,
        "V_e": -0.323536,
        "r_o": 1.19357,
        "r_o_0": -0.0506423,
        "a_0": 0.730551
    },
    "CH89Coulomb": {
        "r_c": 1.31473,
        "r_c_0": 0.282038
    },
    "CH89SpinOrbit": {
        "V_so": 3.79884,
        "r_so": 1.26687,
        "r_so_0": -1.10886,
        "a_so": 0.560402
    },
    "CH89ImagCentral": {
        "W_v0": 7.61979,
        "W_ve0": 66.8936,
        "W_vew": 23.4406,
        "W_s0": 21.133,
        "W_st": 14.2298,
        "W_se0": -2.0795,
        "W_sew": 64.9669,
        "r_w": 1.32071,
        "r_w0": -0.717131,
        "a_w": 0.669237
    }
}