{
    "WLHReal_V0_p": 51.65526286597099,
    "WLHReal_V1_p": 0.3340695747287321,
    "WLHReal_V2_p": -0.0004447195343321045,
    "WLHReal_V3_p": 4.698807246902795e-06,
    "WLHReal_V4_p": 10.016631837585894,
    "WLHReal_V5_p": 0.1292759331220923,
    "WLHReal_V6_p": 0.00040489378615344456,
    "WLHReal_r0_p": 1.3667554139271973,
    "WLHReal_r1_p": 0.3225669410967533,
    "WLHReal_r2_p": 0.0009955504226863842,
    "WLHReal_r3_p": 9.429713512601478e-06,
    "WLHReal_a0_p": 0.8053344577811961,
    "WLHReal_a1_p": -5.630103456089045e-06,
    "WLHReal_a2_p": 8.695175179116734e-06,
    "WLHReal_a3_p": 0.033961575234032676,
    "WLHReal_a4_p": 0.6060743294514243,
    "WLHReal_V0_n": 49.414419684188246,
    "WLHReal_V1_n": 0.2929310945160334,
    "WLHReal_V2_n": -0.0008416469638155359,
    "WLHReal_V3_n": 5.55742912908714e-06,
    "WLHReal_V4_n": 19.770261794369176,
    "WLHReal_V5_n": 0.3224045672085593,
    "WLHReal_V6_n": 0.0016014188283443274,
    "WLHReal_r0_n": 1.3567398163988247,
    "WLHReal_r1_n": 0.3110043268979933,
    "WLHReal_r2_n": 0.0013046559180821841,
    "WLHReal_r3_n": 1.5373865021012407e-05,
    "WLHReal_a0_n": 0.7701095834076717,
    "WLHReal_a1_n": 0.001483031326182028,
    "WLHReal_a2_n": 1.9672549256083423e-05,
    "WLHReal_a3_n": 0.3425598555926316,
    "WLHReal_a4_n": 1.0804590878364713,
    "WLHImagVolume_W0_p": 5.147241869838941,
    "WLHImagVolume_W1_p": 0.24768340423503368,
    "WLHImagVolume_W2_p": 0.0006827200808931428,
    "WLHImagVolume_W3_p": 11.585292313381162,
    "WLHImagVolume_W4_p": 0.08357922976108836,
    "WLHImagVolume_r0_p": 0.47049756563858586,
    "WLHImagVolume_r1_p": 80.48441950661977,
    "WLHImagVolume_r2_p": 0.8691685623806777,
    "WLHImagVolume_r3_p": 88.31917232469561,
    "WLHImagVolume_r4_p": 0.3885919898871992,
    "WLHImagVolume_r5_p": 6.367240439546269e-07,
    "WLHImagVolume_a0_p": 0.5536862107073589,
    "WLHImagVolume_a1_p": 0.33854982124082095,
    "WLHImagVolume_a2_p": 21.013237697646776,
    "WLHImagVolume_a3_p": 0.38703639136901846,
    "WLHImagVolume_a4_p": 0.0020874149638200937,
    "WLHImagVolume_W0_n": 3.346205264721065,
    "WLHImagVolume_W1_n": 0.256137349172987,
    "WLHImagVolume_W2_n": 0.0007898654870755603,
    "WLHImagVolume_W3_n": 8.784491968667732,
    "WLHImagVolume_W4_n": 0.007001914288525476,
    "WLHImagVolume_r0_n": 0.48809793627034226,
    "WLHImagVolume_r1_n": 112.63243404116595,
    "WLHImagVolume_r2_n": 0.8630881489199741,
    "WLHImagVolume_r3_n": 115.03063183462,
    "WLHImagVolume_r4_n": 0.7501121672823999,
    "WLHImagVolume_r5_n": 4.076051956828537e-06,
    "WLHImagVolume_a0_n": 0.2617214069890714,
    "WLHImagVolume_a1_n": 0.5683775232235732,
    "WLHImagVolume_a2_n": 4.4003897557464065,
    "WLHImagVolume_a3_n": 0.04039723238830007,
    "WLHImagVolume_a4_n": 4.5220192143780816e-05,
    "WLHImagSurface_W0_p": 1.0445293530429882,
    "WLHImagSurface_W1_p": 0.05675934838393076,
    "WLHImagSurface_W2_p": 0.8015146127822461,
    "WLHImagSurface_W3_p": 0.19944522572839912,
    "WLHImagSurface_r0_p": 1.036675906800579,
    "WLHImagSurface_r1_p": 0.3309103965059319,
    "WLHImagSurface_r2_p": 0.001358278219420697,
    "WLHImagSurface_a0_p": 0.9506233546176653,
    "WLHImagSurface_W0_n": 1.92214104462937,
    "WLHImagSurface_W1_n": 0.06772015080692019,
    "WLHImagSurface_W2_n": 3.1705440181243594,
    "WLHImagSurface_W3_n": 0.23460800454608882,
    "WLHImagSurface_r0_n": 1.3481043174934124,
    "WLHImagSurface_r1_n": 1.7248604725412844,
    "WLHImagSurface_r2_n": 0.002157818364683814,
    "WLHImagSurface_a0_n": 0.8820426807992614,
    "WLHRealSpinOrbit_V0_p": 8.669493526390749,
    "WLHRealSpinOrbit_V1_p": 0.008111967490465478,
    "WLHRealSpinOrbit_r0_p": 1.3293208429039831,
    "WLHRealSpinOrbit_r1_p": 0.9512499773596091,
    "WLHRealSpinOrbit_a0_p": 0.8376084399444403,
    "WLHRealSpinOrbit_a1_p": 0.0003456572329815136,
    "WLHRealSpinOrbit_V0_n": 8.842470072570816,
    "WLHRealSpinOrbit_V1_n": 0.008427876152444525,
    "WLHRealSpinOrbit_r0_n": 1.3442979672296484,
    "WLHRealSpinOrbit_r1_n": 0.9736519489947745,
    "WLHRealSpinOrbit_a0_n": 0.852322886024334,
    "WLHRealSpinOrbit_a1_n": 0.0003483771710544262
}