{
    "WLHReal_V0_p": 49.88776585639757,
    "WLHReal_V1_p": 0.310775378026115,
    "WLHReal_V2_p": -0.0009387254811735655,
    "WLHReal_V3_p": 5.357528580422723e-06,
    "WLHReal_V4_p": 9.598120512267514,
    "WLHReal_V5_p": 0.12284556880234712,
    "WLHReal_V6_p": 0.000561763130802025,
    "WLHReal_r0_p": 1.3857012234569634,
    "WLHReal_r1_p": 0.26616195656932595,
    "WLHReal_r2_p": 0.0012154646453047004,
    "WLHReal_r3_p": 1.425725745221202e-05,
    "WLHReal_a0_p": 0.8189916210827343,
    "WLHReal_a1_p": -5.8161678899622054e-05,
    "WLHReal_a2_p": 1.2747841723922343e-05,
    "WLHReal_a3_p": -0.01874218294458673,
    "WLHReal_a4_p": 0.5959135539599437,
    "WLHReal_V0_n": 49.21094932148391,
    "WLHReal_V1_n": 0.2539162525956331,
    "WLHReal_V2_n": -0.00106653219842471,
    "WLHReal_V3_n": 4.922111625347479e-06,
    "WLHReal_V4_n": 20.73062329624688,
    "WLHReal_V5_n": 0.332228516861785,
    "WLHReal_V6_n": 0.0017657651442636538,
    "WLHReal_r0_n": 1.3546452158551232,
    "WLHReal_r1_n": 0.30121630447107645,
    "WLHReal_r2_n": 0.001380688885195722,
    "WLHReal_r3_n": 1.75802018672966e-05,
    "WLHReal_a0_n": 0.7773651233722284,
    "WLHReal_a1_n": 0.0014977486705070133,
    "WLHReal_a2_n": 2.196871277290361e-05,
    "WLHReal_a3_n": 0.37541947401977105,
    "WLHReal_a4_n": 1.1257497506058656,
    "WLHImagVolume_W0_p": 5.930906845871252,
    "WLHImagVolume_W1_p": 0.2350165499788635,
    "WLHImagVolume_W2_p": 0.0005137527463669486,
    "WLHImagVolume_W3_p": 10.141689711613544,
    "WLHImagVolume_W4_p": 0.0888968877288253,
    "WLHImagVolume_r0_p": 0.6727850176830006,
    "WLHImagVolume_r1_p": 59.38355614805898,
    "WLHImagVolume_r2_p": 0.6959541402470731,
    "WLHImagVolume_r3_p": 74.72792246891426,
    "WLHImagVolume_r4_p": 0.5351383315164757,
    "WLHImagVolume_r5_p": 6.043367710188468e-07,
    "WLHImagVolume_a0_p": 0.6058826089748933,
    "WLHImagVolume_a1_p": 0.29399660930851895,
    "WLHImagVolume_a2_p": 17.793199427879415,
    "WLHImagVolume_a3_p": 0.43506133409085873,
    "WLHImagVolume_a4_p": 0.0028900980554361364,
    "WLHImagVolume_W0_n": 3.537990571069364,
    "WLHImagVolume_W1_n": 0.24587282583043418,
    "WLHImagVolume_W2_n": 0.0005296006341762737,
    "WLHImagVolume_W3_n": 9.4113698022075,
    "WLHImagVolume_W4_n": -0.011112853587403163,
    "WLHImagVolume_r0_n": 0.6151576540537577,
    "WLHImagVolume_r1_n": 85.0111848662241,
    "WLHImagVolume_r2_n": 0.7305812832992384,
    "WLHImagVolume_r3_n": 101.03418185337655,
    "WLHImagVolume_r4_n": 0.966148090391541,
    "WLHImagVolume_r5_n": 5.405416209835047e-06,
    "WLHImagVolume_a0_n": 0.30269325017641124,
    "WLHImagVolume_a1_n": 0.5359758321552339,
    "WLHImagVolume_a2_n": 4.555497301344062,
    "WLHImagVolume_a3_n": 0.057669498193191795,
    "WLHImagVolume_a4_n": 0.0004946583650970748,
    "WLHImagSurface_W0_p": 0.6118943567307658,
    "WLHImagSurface_W1_p": 0.01805990548772386,
    "WLHImagSurface_W2_p": -0.2654472919187585,
    "WLHImagSurface_W3_p": 0.05394280612918424,
    "WLHImagSurface_r0_p": 0.8558711123247467,
    "WLHImagSurface_r1_p": -0.07826929331721255,
    "WLHImagSurface_r2_p": -0.0017660516465749666,
    "WLHImagSurface_a0_p": 0.8738611007205264,
    "WLHImagSurface_W0_n": 1.373963994860603,
    "WLHImagSurface_W1_n": 0.04947379745663107,
    "WLHImagSurface_W2_n": 1.9667020854661896,
    "WLHImagSurface_W3_n": 0.18261464883387646,
    "WLHImagSurface_r0_n": 1.3010286013207535,
    "WLHImagSurface_r1_n": 1.6006603583277357,
    "WLHImagSurface_r2_n": 0.0015812389705118243,
    "WLHImagSurface_a0_n": 0.8890789867912996,
    "WLHRealSpinOrbit_V0_p": 8.752793730177748,
    "WLHRealSpinOrbit_V1_p": 0.00860550950979057,
    "WLHRealSpinOrbit_r0_p": 1.366845716600018,
    "WLHRealSpinOrbit_r1_p": 1.0157769770638694,
    "WLHRealSpinOrbit_a0_p": 0.8727446883891622,
    "WLHRealSpinOrbit_a1_p": 0.0003344964794135068,
    "WLHRealSpinOrbit_V0_n": 9.319909176406881,
    "WLHRealSpinOrbit_V1_n": 0.00892410449270079,
    "WLHRealSpinOrbit_r0_n": 1.34797428446826,
    "WLHRealSpinOrbit_r1_n": 0.9778814968948044,
    "WLHRealSpinOrbit_a0_n": 0.8603468343547535,
    "WLHRealSpinOrbit_a1_n": 0.0003507549010463639
}