{
    "ECS_p": 0.314803,
    "ECS_n": 0.336627,
    "APower_p": 0.764811,
    "APower_n": 0.503804
}