{
    "ECS_p": 0.521012,
    "ECS_n": 0.51206,
    "APower_p": 1.02423,
    "APower_n": 0.582024
}