{
    "CH89RealCentral": {
        "V_0": 55.1587,
        "V_t": 17.8531,
        "V_e": -0.37943,
        "r_o": 1.13901,
        "r_o_0": 0.0668485,
        "a_0": 0.767505
    },
    "CH89Coulomb": {
        "r_c": 1.37783,
        "r_c_0": 0.164749
    },
    "CH89SpinOrbit": {
        "V_so": 5.81839,
        "r_so": 1.17763,
        "r_so_0": -0.348881,
        "a_so": 0.583577
    },
    "CH89ImagCentral": {
        "W_v0": 4.87375,
        "W_ve0": 42.9051,
        "W_vew": 36.4104,
        "W_s0": 10.3275,
        "W_st": 18.5759,
        "W_se0": 53.6074,
        "W_sew": 67.2131,
        "r_w": 1.32667,
        "r_w0": -0.540701,
        "a_w": 0.704858
    }
}