{
    "WLHReal_V0_p": 53.90143067509682,
    "WLHReal_V1_p": 0.2661959550238281,
    "WLHReal_V2_p": 0.0002642973123625265,
    "WLHReal_V3_p": 3.023592501305693e-08,
    "WLHReal_V4_p": 15.81953593461863,
    "WLHReal_V5_p": 0.11188107720684078,
    "WLHReal_V6_p": 0.00017505450473571818,
    "WLHReal_r0_p": 1.2248372615221967,
    "WLHReal_r1_p": 0.17870661143329078,
    "WLHReal_r2_p": 0.0006982280527839714,
    "WLHReal_r3_p": 5.827847906715472e-06,
    "WLHReal_a0_p": 0.7433650201031756,
    "WLHReal_a1_p": 8.015899819696935e-05,
    "WLHReal_a2_p": 4.026456506432841e-06,
    "WLHReal_a3_p": 0.045002925737571184,
    "WLHReal_a4_p": 0.5126492437315618,
    "WLHReal_V0_n": 49.72449344640371,
    "WLHReal_V1_n": 0.2568596360246225,
    "WLHReal_V2_n": -0.0006433506099699578,
    "WLHReal_V3_n": 3.726181178130195e-06,
    "WLHReal_V4_n": 21.22424646149813,
    "WLHReal_V5_n": 0.3001227468562538,
    "WLHReal_V6_n": 0.0013798410983343382,
    "WLHReal_r0_n": 1.3237074459154783,
    "WLHReal_r1_n": 0.2820008950806015,
    "WLHReal_r2_n": 0.0011363094726281053,
    "WLHReal_r3_n": 1.3133924565090316e-05,
    "WLHReal_a0_n": 0.7559505258409661,
    "WLHReal_a1_n": 0.0012023993532907801,
    "WLHReal_a2_n": 1.602509439869497e-05,
    "WLHReal_a3_n": 0.34837055260658223,
    "WLHReal_a4_n": 1.018621959781839,
    "WLHImagVolume_W0_p": 2.998685329462128,
    "WLHImagVolume_W1_p": 0.1515988218293145,
    "WLHImagVolume_W2_p": -9.667494032048477e-05,
    "WLHImagVolume_W3_p": 10.353642957539723,
    "WLHImagVolume_W4_p": 0.05170287780744788,
    "WLHImagVolume_r0_p": 0.8604570180044533,
    "WLHImagVolume_r1_p": 17.997257149652768,
    "WLHImagVolume_r2_p": 0.3316433179061427,
    "WLHImagVolume_r3_p": 37.54595685215026,
    "WLHImagVolume_r4_p": 0.8914415342314286,
    "WLHImagVolume_r5_p": 2.5007849349423128e-06,
    "WLHImagVolume_a0_p": 0.5382695529527988,
    "WLHImagVolume_a1_p": 0.22605829847765807,
    "WLHImagVolume_a2_p": 10.079231053935889,
    "WLHImagVolume_a3_p": 0.4065875653690912,
    "WLHImagVolume_a4_p": 0.00215640634794707,
    "WLHImagVolume_W0_n": 2.839339111687642,
    "WLHImagVolume_W1_n": 0.20657758684942434,
    "WLHImagVolume_W2_n": 0.0003817721672633726,
    "WLHImagVolume_W3_n": 8.270567205545978,
    "WLHImagVolume_W4_n": -0.011167212230502748,
    "WLHImagVolume_r0_n": 0.5912680926798608,
    "WLHImagVolume_r1_n": 84.84083174783186,
    "WLHImagVolume_r2_n": 0.7231088826853589,
    "WLHImagVolume_r3_n": 92.96431128708069,
    "WLHImagVolume_r4_n": 0.9281746522256764,
    "WLHImagVolume_r5_n": 4.449166026789404e-06,
    "WLHImagVolume_a0_n": 0.2592217313594251,
    "WLHImagVolume_a1_n": 0.5669056633428692,
    "WLHImagVolume_a2_n": 6.759999233856337,
    "WLHImagVolume_a3_n": 0.07065543748634634,
    "WLHImagVolume_a4_n": 0.0005459687264914951,
    "WLHImagSurface_W0_p": 0.7780706003088775,
    "WLHImagSurface_W1_p": 0.007705965490256175,
    "WLHImagSurface_W2_p": 0.4118683013955036,
    "WLHImagSurface_W3_p": 0.004020778583424339,
    "WLHImagSurface_r0_p": 0.9249962995233149,
    "WLHImagSurface_r1_p": 0.43635652465141306,
    "WLHImagSurface_r2_p": 0.006749296211204504,
    "WLHImagSurface_a0_p": 0.6890901714633391,
    "WLHImagSurface_W0_n": 1.2692796876292454,
    "WLHImagSurface_W1_n": 0.035903212115215556,
    "WLHImagSurface_W2_n": 1.711253677773788,
    "WLHImagSurface_W3_n": 0.13983202728598393,
    "WLHImagSurface_r0_n": 1.2982715205528792,
    "WLHImagSurface_r1_n": 1.4765965221087824,
    "WLHImagSurface_r2_n": 0.0022331837481547098,
    "WLHImagSurface_a0_n": 0.8725121439437924,
    "WLHRealSpinOrbit_V0_p": 10.49710511955578,
    "WLHRealSpinOrbit_V1_p": 0.008830942840715788,
    "WLHRealSpinOrbit_r0_p": 1.2213288591299893,
    "WLHRealSpinOrbit_r1_p": 0.7843838408869391,
    "WLHRealSpinOrbit_a0_p": 0.7676508119198291,
    "WLHRealSpinOrbit_a1_p": 0.00035781464454115734,
    "WLHRealSpinOrbit_V0_n": 9.455631950741601,
    "WLHRealSpinOrbit_V1_n": 0.008685028284389306,
    "WLHRealSpinOrbit_r0_n": 1.3139188808240085,
    "WLHRealSpinOrbit_r1_n": 0.9192744148153583,
    "WLHRealSpinOrbit_a0_n": 0.8311879116459436,
    "WLHRealSpinOrbit_a1_n": 0.00036331288975243836
}