{
    "WLHReal_V0_p": 59.78916821017816,
    "WLHReal_V1_p": 0.3250979563927421,
    "WLHReal_V2_p": 0.0007749468172290044,
    "WLHReal_V3_p": -1.0653463757582554e-06,
    "WLHReal_V4_p": 15.136920327207765,
    "WLHReal_V5_p": 0.15336839855400597,
    "WLHReal_V6_p": 0.0001040926376912866,
    "WLHReal_r0_p": 1.2274431168843136,
    "WLHReal_r1_p": 0.36199090252509786,
    "WLHReal_r2_p": 0.0005066966662188837,
    "WLHReal_r3_p": -5.33313307798003e-07,
    "WLHReal_a0_p": 0.753611583757683,
    "WLHReal_a1_p": 0.00039115635629650687,
    "WLHReal_a2_p": -2.6918759212205477e-06,
    "WLHReal_a3_p": 0.14962356122230797,
    "WLHReal_a4_p": 0.6070389850918984,
    "WLHReal_V0_n": 51.14740945616077,
    "WLHReal_V1_n": 0.2587763953288511,
    "WLHReal_V2_n": 0.00039328250208728126,
    "WLHReal_V3_n": -2.4924908044896286e-07,
    "WLHReal_V4_n": 22.96304025283902,
    "WLHReal_V5_n": 0.21580027506913746,
    "WLHReal_V6_n": 0.00047349955905765754,
    "WLHReal_r0_n": 1.2230072972217803,
    "WLHReal_r1_n": 0.16791377249843464,
    "WLHReal_r2_n": 0.0006203865491647823,
    "WLHReal_r3_n": 5.217905231675903e-06,
    "WLHReal_a0_n": 0.704068811331728,
    "WLHReal_a1_n": 0.0005464197037381865,
    "WLHReal_a2_n": 5.279446221038584e-06,
    "WLHReal_a3_n": 0.3338111223644966,
    "WLHReal_a4_n": 0.8542512861172809,
    "WLHImagVolume_W0_p": 3.408514842061887,
    "WLHImagVolume_W1_p": 0.29328929398998915,
    "WLHImagVolume_W2_p": 0.0004638343802498545,
    "WLHImagVolume_W3_p": 15.570473720821784,
    "WLHImagVolume_W4_p": 0.08170085787569657,
    "WLHImagVolume_r0_p": 0.5070733224317411,
    "WLHImagVolume_r1_p": 48.69382022316766,
    "WLHImagVolume_r2_p": 0.652170365077083,
    "WLHImagVolume_r3_p": 54.56793193468331,
    "WLHImagVolume_r4_p": 0.6751117849478252,
    "WLHImagVolume_r5_p": 2.185186365001409e-06,
    "WLHImagVolume_a0_p": 0.5196312368850984,
    "WLHImagVolume_a1_p": 0.26505736727538226,
    "WLHImagVolume_a2_p": 12.2951636730393,
    "WLHImagVolume_a3_p": 0.4108808301632923,
    "WLHImagVolume_a4_p": 0.0020698958553977496,
    "WLHImagVolume_W0_n": 1.301727513683194,
    "WLHImagVolume_W1_n": 0.09099939996486883,
    "WLHImagVolume_W2_n": -0.00013315628975465261,
    "WLHImagVolume_W3_n": 5.945361521242464,
    "WLHImagVolume_W4_n": -0.019971111859801386,
    "WLHImagVolume_r0_n": 0.6024660786263456,
    "WLHImagVolume_r1_n": 72.44767082711131,
    "WLHImagVolume_r2_n": 0.6145415483518527,
    "WLHImagVolume_r3_n": 66.0443916098374,
    "WLHImagVolume_r4_n": 0.9046642671863093,
    "WLHImagVolume_r5_n": 2.3175961857773053e-06,
    "WLHImagVolume_a0_n": 0.1552594827821775,
    "WLHImagVolume_a1_n": 0.6253127451426012,
    "WLHImagVolume_a2_n": 12.15994370653116,
    "WLHImagVolume_a3_n": 0.09188116551725803,
    "WLHImagVolume_a4_n": 0.0005652091794643787,
    "WLHImagSurface_W0_p": 1.2268565177538202,
    "WLHImagSurface_W1_p": 0.059893770069601594,
    "WLHImagSurface_W2_p": 1.8263227650560292,
    "WLHImagSurface_W3_p": 0.22250813933038174,
    "WLHImagSurface_r0_p": 1.0951259454775553,
    "WLHImagSurface_r1_p": 1.166516941160608,
    "WLHImagSurface_r2_p": 0.009586819056054683,
    "WLHImagSurface_a0_p": 0.6909888567663326,
    "WLHImagSurface_W0_n": 0.8229119100863709,
    "WLHImagSurface_W1_n": -0.0063952764250045785,
    "WLHImagSurface_W2_n": 0.2768904043597753,
    "WLHImagSurface_W3_n": -0.0026440839796237625,
    "WLHImagSurface_r0_n": 1.2674566583189384,
    "WLHImagSurface_r1_n": 1.0945327119504022,
    "WLHImagSurface_r2_n": 0.0037478399749044404,
    "WLHImagSurface_a0_n": 0.83016613371231,
    "WLHRealSpinOrbit_V0_p": 10.434156381826826,
    "WLHRealSpinOrbit_V1_p": 0.008359236814458295,
    "WLHRealSpinOrbit_r0_p": 1.176613254882454,
    "WLHRealSpinOrbit_r1_p": 0.7224058302864929,
    "WLHRealSpinOrbit_a0_p": 0.7303070495279669,
    "WLHRealSpinOrbit_a1_p": 0.00034152380105674567,
    "WLHRealSpinOrbit_V0_n": 10.151741451050347,
    "WLHRealSpinOrbit_V1_n": 0.008389725005694546,
    "WLHRealSpinOrbit_r0_n": 1.2172209148469118,
    "WLHRealSpinOrbit_r1_n": 0.7667385416977018,
    "WLHRealSpinOrbit_a0_n": 0.7568869251995823,
    "WLHRealSpinOrbit_a1_n": 0.00037879676939559946
}