{
    "WLHReal_V0_p": 54.902456084749524,
    "WLHReal_V1_p": 0.3018463438779802,
    "WLHReal_V2_p": -0.0006772979837136237,
    "WLHReal_V3_p": 3.507468488577429e-06,
    "WLHReal_V4_p": 11.665745763229232,
    "WLHReal_V5_p": 0.14351438539848332,
    "WLHReal_V6_p": 0.0005645373546415448,
    "WLHReal_r0_p": 1.3270704202470907,
    "WLHReal_r1_p": 0.2782453519493727,
    "WLHReal_r2_p": 0.0011892113087798202,
    "WLHReal_r3_p": 1.293413677411813e-05,
    "WLHReal_a0_p": 0.8120970607969977,
    "WLHReal_a1_p": 0.00023047285945498674,
    "WLHReal_a2_p": 9.501435024027613e-06,
    "WLHReal_a3_p": 0.024556242625727497,
    "WLHReal_a4_p": 0.6366871473482308,
    "WLHReal_V0_n": 46.917337389441784,
    "WLHReal_V1_n": 0.24906592371193706,
    "WLHReal_V2_n": -0.001146715018726748,
    "WLHReal_V3_n": 5.5046136138149795e-06,
    "WLHReal_V4_n": 20.429331196613486,
    "WLHReal_V5_n": 0.33210705484783065,
    "WLHReal_V6_n": 0.001807760994582471,
    "WLHReal_r0_n": 1.3757785272076308,
    "WLHReal_r1_n": 0.29796348942348927,
    "WLHReal_r2_n": 0.0014327540781981728,
    "WLHReal_r3_n": 1.8518624992192434e-05,
    "WLHReal_a0_n": 0.7791017219431026,
    "WLHReal_a1_n": 0.0016740962209112567,
    "WLHReal_a2_n": 2.369884226180175e-05,
    "WLHReal_a3_n": 0.3914310141931419,
    "WLHReal_a4_n": 1.1529428385232965,
    "WLHImagVolume_W0_p": 6.189959322864404,
    "WLHImagVolume_W1_p": 0.30816591138343724,
    "WLHImagVolume_W2_p": 0.0004034739668246814,
    "WLHImagVolume_W3_p": 13.001060496031567,
    "WLHImagVolume_W4_p": 0.10798387344705043,
    "WLHImagVolume_r0_p": 0.8253865724449108,
    "WLHImagVolume_r1_p": 25.408103898675876,
    "WLHImagVolume_r2_p": 0.4616314858457288,
    "WLHImagVolume_r3_p": 44.75393007875831,
    "WLHImagVolume_r4_p": 0.8225601932053777,
    "WLHImagVolume_r5_p": 2.703414938361717e-06,
    "WLHImagVolume_a0_p": 0.6491435775479355,
    "WLHImagVolume_a1_p": 0.20623814678077487,
    "WLHImagVolume_a2_p": 9.225791927059957,
    "WLHImagVolume_a3_p": 0.5167847778315353,
    "WLHImagVolume_a4_p": 0.003941853616765385,
    "WLHImagVolume_W0_n": 3.124880105824794,
    "WLHImagVolume_W1_n": 0.20878257551518933,
    "WLHImagVolume_W2_n": 0.0005524732498551673,
    "WLHImagVolume_W3_n": 8.21903752871436,
    "WLHImagVolume_W4_n": -0.030636733406095965,
    "WLHImagVolume_r0_n": 0.5532070409228996,
    "WLHImagVolume_r1_n": 104.80482194531518,
    "WLHImagVolume_r2_n": 0.812465811685279,
    "WLHImagVolume_r3_n": 111.97660885431935,
    "WLHImagVolume_r4_n": 0.8486561321396728,
    "WLHImagVolume_r5_n": 5.228125772625946e-06,
    "WLHImagVolume_a0_n": 0.2869787143063525,
    "WLHImagVolume_a1_n": 0.5511260850605267,
    "WLHImagVolume_a2_n": 5.236123872879582,
    "WLHImagVolume_a3_n": 0.07405864052230016,
    "WLHImagVolume_a4_n": 0.0003419771107021867,
    "WLHImagSurface_W0_p": 0.28969270188672847,
    "WLHImagSurface_W1_p": -0.014409990405429854,
    "WLHImagSurface_W2_p": -0.6785180335206447,
    "WLHImagSurface_W3_p": -0.053732315358559546,
    "WLHImagSurface_r0_p": 0.7159545709112196,
    "WLHImagSurface_r1_p": 0.160993572352229,
    "WLHImagSurface_r2_p": -6.811045600655687e-05,
    "WLHImagSurface_a0_p": 0.6250623430307309,
    "WLHImagSurface_W0_n": 1.3178139212724629,
    "WLHImagSurface_W1_n": 0.05249147502690846,
    "WLHImagSurface_W2_n": 2.1254906139389322,
    "WLHImagSurface_W3_n": 0.20115474222817373,
    "WLHImagSurface_r0_n": 1.3364803484038112,
    "WLHImagSurface_r1_n": 1.6361998173493215,
    "WLHImagSurface_r2_n": 0.0013438673934242605,
    "WLHImagSurface_a0_n": 0.8995413194938916,
    "WLHRealSpinOrbit_V0_p": 9.914586445128794,
    "WLHRealSpinOrbit_V1_p": 0.009259869938238303,
    "WLHRealSpinOrbit_r0_p": 1.307282696611494,
    "WLHRealSpinOrbit_r1_p": 0.9434015920725842,
    "WLHRealSpinOrbit_a0_p": 0.8417171107307295,
    "WLHRealSpinOrbit_a1_p": 0.00030489495051787816,
    "WLHRealSpinOrbit_V0_n": 8.898364621146651,
    "WLHRealSpinOrbit_V1_n": 0.008649022998439174,
    "WLHRealSpinOrbit_r0_n": 1.3686222045694394,
    "WLHRealSpinOrbit_r1_n": 0.9976341798469168,
    "WLHRealSpinOrbit_a0_n": 0.8691591427087905,
    "WLHRealSpinOrbit_a1_n": 0.0003697042803750519
}