{
    "WLHReal_V0_p": 55.42581592707881,
    "WLHReal_V1_p": 0.30206545708341065,
    "WLHReal_V2_p": 0.0005175626638572737,
    "WLHReal_V3_p": -4.4480260380908987e-07,
    "WLHReal_V4_p": 14.8745581706426,
    "WLHReal_V5_p": 0.12696750085607408,
    "WLHReal_V6_p": 0.00011163687687524201,
    "WLHReal_r0_p": 1.2429682538484494,
    "WLHReal_r1_p": 0.27726312796130664,
    "WLHReal_r2_p": 0.0005668680029562375,
    "WLHReal_r3_p": 2.0050464593648047e-06,
    "WLHReal_a0_p": 0.7482137685337622,
    "WLHReal_a1_p": 0.00014680512515203635,
    "WLHReal_a2_p": 6.154512605549566e-07,
    "WLHReal_a3_p": 0.0912842683836798,
    "WLHReal_a4_p": 0.5453858072353077,
    "WLHReal_V0_n": 52.77907981728693,
    "WLHReal_V1_n": 0.2619607238828702,
    "WLHReal_V2_n": -0.00021859847628148828,
    "WLHReal_V3_n": 1.604836678573911e-06,
    "WLHReal_V4_n": 22.014184068782434,
    "WLHReal_V5_n": 0.27504827581721397,
    "WLHReal_V6_n": 0.0010206029301627819,
    "WLHReal_r0_n": 1.2759855936582236,
    "WLHReal_r1_n": 0.27638543807283916,
    "WLHReal_r2_n": 0.0008701527746559033,
    "WLHReal_r3_n": 8.783277986189984e-06,
    "WLHReal_a0_n": 0.736690461485719,
    "WLHReal_a1_n": 0.0007453173553021409,
    "WLHReal_a2_n": 9.628819360812568e-06,
    "WLHReal_a3_n": 0.3044501044686548,
    "WLHReal_a4_n": 0.8909298186491614,
    "WLHImagVolume_W0_p": 2.967645594478981,
    "WLHImagVolume_W1_p": 0.19888162777651797,
    "WLHImagVolume_W2_p": 0.00024646337753146186,
    "WLHImagVolume_W3_p": 12.193158591620582,
    "WLHImagVolume_W4_p": 0.05914315289861751,
    "WLHImagVolume_r0_p": 0.597160862935685,
    "WLHImagVolume_r1_p": 48.329421789194505,
    "WLHImagVolume_r2_p": 0.6011161954684847,
    "WLHImagVolume_r3_p": 58.309615079644054,
    "WLHImagVolume_r4_p": 0.6598236766556582,
    "WLHImagVolume_r5_p": 2.024454477221467e-06,
    "WLHImagVolume_a0_p": 0.5051177470814041,
    "WLHImagVolume_a1_p": 0.28291165025739856,
    "WLHImagVolume_a2_p": 14.632622640535295,
    "WLHImagVolume_a3_p": 0.37255051540719447,
    "WLHImagVolume_a4_p": 0.0016152509893852139,
    "WLHImagVolume_W0_n": 2.735051113046447,
    "WLHImagVolume_W1_n": 0.21813587296714515,
    "WLHImagVolume_W2_n": 0.00022456971212989003,
    "WLHImagVolume_W3_n": 8.709601209166687,
    "WLHImagVolume_W4_n": 0.010773214158674918,
    "WLHImagVolume_r0_n": 0.6471461397024633,
    "WLHImagVolume_r1_n": 60.520067235218306,
    "WLHImagVolume_r2_n": 0.6197513971143545,
    "WLHImagVolume_r3_n": 73.04953958637489,
    "WLHImagVolume_r4_n": 1.0450071553346534,
    "WLHImagVolume_r5_n": 4.633590140223738e-06,
    "WLHImagVolume_a0_n": 0.24472249917111663,
    "WLHImagVolume_a1_n": 0.5740588068807322,
    "WLHImagVolume_a2_n": 7.820741553732217,
    "WLHImagVolume_a3_n": 0.06521274980525836,
    "WLHImagVolume_a4_n": 0.0008185789922548834,
    "WLHImagSurface_W0_p": 1.1906852038817992,
    "WLHImagSurface_W1_p": 0.0519510203627567,
    "WLHImagSurface_W2_p": 1.4664777334034351,
    "WLHImagSurface_W3_p": 0.1768025415404625,
    "WLHImagSurface_r0_p": 1.0887052092143945,
    "WLHImagSurface_r1_p": 0.7914104615246359,
    "WLHImagSurface_r2_p": 0.008156892670511985,
    "WLHImagSurface_a0_p": 0.7862939914729878,
    "WLHImagSurface_W0_n": 1.218283155295388,
    "WLHImagSurface_W1_n": 0.020432649555115295,
    "WLHImagSurface_W2_n": 1.2942476486636998,
    "WLHImagSurface_W3_n": 0.082105193828131,
    "WLHImagSurface_r0_n": 1.253181227134398,
    "WLHImagSurface_r1_n": 1.329313705604453,
    "WLHImagSurface_r2_n": 0.0030089892623504813,
    "WLHImagSurface_a0_n": 0.8473986866845533,
    "WLHRealSpinOrbit_V0_p": 10.054971922007478,
    "WLHRealSpinOrbit_V1_p": 0.008283606417050934,
    "WLHRealSpinOrbit_r0_p": 1.2127647308342477,
    "WLHRealSpinOrbit_r1_p": 0.7663601154276929,
    "WLHRealSpinOrbit_a0_p": 0.7532804908915959,
    "WLHRealSpinOrbit_a1_p": 0.000362395589324439,
    "WLHRealSpinOrbit_V0_n": 10.06132017576399,
    "WLHRealSpinOrbit_V1_n": 0.008818083477069336,
    "WLHRealSpinOrbit_r0_n": 1.263387222873922,
    "WLHRealSpinOrbit_r1_n": 0.8488914962696346,
    "WLHRealSpinOrbit_a0_n": 0.7977134669395926,
    "WLHRealSpinOrbit_a1_n": 0.000352940278327787
}