{
    "CH89RealCentral": {
        "V_0": 55.5618,
        "V_t": 22.694,
        "V_e": -0.353067,
        "r_o": 1.20526,
        "r_o_0": -0.202601,
        "a_0": 0.717066
    },
    "CH89Coulomb": {
        "r_c": 1.20734,
        "r_c_0": 0.225319
    },
    "CH89SpinOrbit": {
        "V_so": 6.0004,
        "r_so": 1.25984,
        "r_so_0": -0.646941,
        "a_so": 0.571131
    },
    "CH89ImagCentral": {
        "W_v0": 11.8736,
        "W_ve0": 25.4832,
        "W_vew": 40.3561,
        "W_s0": 10.3621,
        "W_st": 10.8105,
        "W_se0": 11.2205,
        "W_sew": 62.9043,
        "r_w": 1.19084,
        "r_w0": 0.00675902,
        "a_w": 0.718741
    }
}