{
    "WLHReal_V0_p": 51.91064972245454,
    "WLHReal_V1_p": 0.30370004081696916,
    "WLHReal_V2_p": -0.0002151995388564453,
    "WLHReal_V3_p": 2.9630969064975896e-06,
    "WLHReal_V4_p": 12.014694813713286,
    "WLHReal_V5_p": 0.1380148871819956,
    "WLHReal_V6_p": 0.0003553377533064951,
    "WLHReal_r0_p": 1.3446950696690094,
    "WLHReal_r1_p": 0.3520083612868645,
    "WLHReal_r2_p": 0.0006890538390336094,
    "WLHReal_r3_p": 5.714515995368085e-06,
    "WLHReal_a0_p": 0.7853546532300276,
    "WLHReal_a1_p": 5.719356596277754e-05,
    "WLHReal_a2_p": 5.383382217310164e-06,
    "WLHReal_a3_p": 0.030482348507315505,
    "WLHReal_a4_p": 0.5162389934130027,
    "WLHReal_V0_n": 49.33348932884752,
    "WLHReal_V1_n": 0.23147651586651954,
    "WLHReal_V2_n": -0.0007169602464242189,
    "WLHReal_V3_n": 3.5270276741925853e-06,
    "WLHReal_V4_n": 21.80207310185803,
    "WLHReal_V5_n": 0.3014279614241979,
    "WLHReal_V6_n": 0.0014033742715018644,
    "WLHReal_r0_n": 1.325452986714255,
    "WLHReal_r1_n": 0.2895823814727262,
    "WLHReal_r2_n": 0.0011190878819283931,
    "WLHReal_r3_n": 1.3764068808639776e-05,
    "WLHReal_a0_n": 0.7563207288853987,
    "WLHReal_a1_n": 0.001152996484146989,
    "WLHReal_a2_n": 1.606449833999016e-05,
    "WLHReal_a3_n": 0.35261719873030495,
    "WLHReal_a4_n": 1.0022571543580674,
    "WLHImagVolume_W0_p": 4.345123053972559,
    "WLHImagVolume_W1_p": 0.2108709822790996,
    "WLHImagVolume_W2_p": 0.00044693544161804327,
    "WLHImagVolume_W3_p": 10.212557917914767,
    "WLHImagVolume_W4_p": 0.07480993060955474,
    "WLHImagVolume_r0_p": 0.5279978586430765,
    "WLHImagVolume_r1_p": 63.250360405637466,
    "WLHImagVolume_r2_p": 0.7746606115019704,
    "WLHImagVolume_r3_p": 69.86759279490981,
    "WLHImagVolume_r4_p": 0.45788922476857763,
    "WLHImagVolume_r5_p": 1.1851469271972254e-06,
    "WLHImagVolume_a0_p": 0.5461294084121102,
    "WLHImagVolume_a1_p": 0.31288961220175965,
    "WLHImagVolume_a2_p": 18.19034709353817,
    "WLHImagVolume_a3_p": 0.3884991243628551,
    "WLHImagVolume_a4_p": 0.002051534658907385,
    "WLHImagVolume_W0_n": 2.711642606302406,
    "WLHImagVolume_W1_n": 0.19123370720615124,
    "WLHImagVolume_W2_n": 0.00021679226199197097,
    "WLHImagVolume_W3_n": 8.153920382281186,
    "WLHImagVolume_W4_n": -0.023891539878773873,
    "WLHImagVolume_r0_n": 0.6451800182877316,
    "WLHImagVolume_r1_n": 71.91647817118596,
    "WLHImagVolume_r2_n": 0.6671375790964992,
    "WLHImagVolume_r3_n": 85.095424247966,
    "WLHImagVolume_r4_n": 1.0326338354523636,
    "WLHImagVolume_r5_n": 5.5395189506282126e-06,
    "WLHImagVolume_a0_n": 0.2749963591123463,
    "WLHImagVolume_a1_n": 0.5584025718086691,
    "WLHImagVolume_a2_n": 7.4449075736655805,
    "WLHImagVolume_a3_n": 0.0906614632502169,
    "WLHImagVolume_a4_n": 0.0008764463440894801,
    "WLHImagSurface_W0_p": 1.1568434836013637,
    "WLHImagSurface_W1_p": 0.06532973122348681,
    "WLHImagSurface_W2_p": 1.5930928242695328,
    "WLHImagSurface_W3_p": 0.23780712915109123,
    "WLHImagSurface_r0_p": 1.0211944994571143,
    "WLHImagSurface_r1_p": 0.43009984034272364,
    "WLHImagSurface_r2_p": 0.0035283563152815225,
    "WLHImagSurface_a0_p": 0.8440564911962883,
    "WLHImagSurface_W0_n": 0.9149678248065128,
    "WLHImagSurface_W1_n": 0.023345102147509535,
    "WLHImagSurface_W2_n": 1.077463335399811,
    "WLHImagSurface_W3_n": 0.10788180289633598,
    "WLHImagSurface_r0_n": 1.2769736267407263,
    "WLHImagSurface_r1_n": 1.390909320770738,
    "WLHImagSurface_r2_n": 0.0019709410726099635,
    "WLHImagSurface_a0_n": 0.8756640737555549,
    "WLHRealSpinOrbit_V0_p": 8.985224093477907,
    "WLHRealSpinOrbit_V1_p": 0.008085476267263905,
    "WLHRealSpinOrbit_r0_p": 1.3054332325124667,
    "WLHRealSpinOrbit_r1_p": 0.8970469909106658,
    "WLHRealSpinOrbit_a0_p": 0.8150324000269709,
    "WLHRealSpinOrbit_a1_p": 0.00037425728336292255,
    "WLHRealSpinOrbit_V0_n": 9.65282782912414,
    "WLHRealSpinOrbit_V1_n": 0.008853270797488202,
    "WLHRealSpinOrbit_r0_n": 1.3155883966576263,
    "WLHRealSpinOrbit_r1_n": 0.91459004738103,
    "WLHRealSpinOrbit_a0_n": 0.8323407679581477,
    "WLHRealSpinOrbit_a1_n": 0.0003743629039730903
}