{
    "WLHReal_V0_p": 54.74734001919115,
    "WLHReal_V1_p": 0.3228418564598767,
    "WLHReal_V2_p": -0.00012659792314435053,
    "WLHReal_V3_p": 2.8146252094255303e-06,
    "WLHReal_V4_p": 11.835697453574237,
    "WLHReal_V5_p": 0.15146251499354238,
    "WLHReal_V6_p": 0.00037003147827154487,
    "WLHReal_r0_p": 1.335022195809129,
    "WLHReal_r1_p": 0.3856227623288817,
    "WLHReal_r2_p": 0.0007551404005634812,
    "WLHReal_r3_p": 5.130249660283187e-06,
    "WLHReal_a0_p": 0.7934254932206265,
    "WLHReal_a1_p": 0.00020255504932096722,
    "WLHReal_a2_p": 4.408065416651173e-06,
    "WLHReal_a3_p": 0.06637642918271816,
    "WLHReal_a4_p": 0.581167287453475,
    "WLHReal_V0_n": 50.10741587087273,
    "WLHReal_V1_n": 0.23922002084054267,
    "WLHReal_V2_n": -0.00034468345874027296,
    "WLHReal_V3_n": 1.968216787821096e-06,
    "WLHReal_V4_n": 22.445008012944033,
    "WLHReal_V5_n": 0.270118488448368,
    "WLHReal_V6_n": 0.0011157099528190497,
    "WLHReal_r0_n": 1.2775806082649137,
    "WLHReal_r1_n": 0.21297473808750605,
    "WLHReal_r2_n": 0.0009992059416717959,
    "WLHReal_r3_n": 1.1681888415800035e-05,
    "WLHReal_a0_n": 0.7393728827622897,
    "WLHReal_a1_n": 0.0009874035619264587,
    "WLHReal_a2_n": 1.3379421718920458e-05,
    "WLHReal_a3_n": 0.37367811520715954,
    "WLHReal_a4_n": 1.0067670470930838,
    "WLHImagVolume_W0_p": 4.867953760180706,
    "WLHImagVolume_W1_p": 0.28038152580554393,
    "WLHImagVolume_W2_p": 0.0006082022194098336,
    "WLHImagVolume_W3_p": 12.739321514728426,
    "WLHImagVolume_W4_p": 0.0917948636946929,
    "WLHImagVolume_r0_p": 0.49266056995416946,
    "WLHImagVolume_r1_p": 63.160743286652874,
    "WLHImagVolume_r2_p": 0.7899322022074071,
    "WLHImagVolume_r3_p": 68.88082508761123,
    "WLHImagVolume_r4_p": 0.49124447009232286,
    "WLHImagVolume_r5_p": 1.3113434104059575e-06,
    "WLHImagVolume_a0_p": 0.5633060970725253,
    "WLHImagVolume_a1_p": 0.29760892428537705,
    "WLHImagVolume_a2_p": 16.52264406490739,
    "WLHImagVolume_a3_p": 0.4205971753798354,
    "WLHImagVolume_a4_p": 0.0024654416295100618,
    "WLHImagVolume_W0_n": 2.3610305175853923,
    "WLHImagVolume_W1_n": 0.14976647902610968,
    "WLHImagVolume_W2_n": 2.8205613714512537e-05,
    "WLHImagVolume_W3_n": 7.72183565079941,
    "WLHImagVolume_W4_n": -0.02598975173225845,
    "WLHImagVolume_r0_n": 0.6674221697620709,
    "WLHImagVolume_r1_n": 65.81174322464241,
    "WLHImagVolume_r2_n": 0.6019901702431052,
    "WLHImagVolume_r3_n": 75.11217244295729,
    "WLHImagVolume_r4_n": 1.0253323937183265,
    "WLHImagVolume_r5_n": 4.594281369412522e-06,
    "WLHImagVolume_a0_n": 0.23649611927168487,
    "WLHImagVolume_a1_n": 0.5710957770379249,
    "WLHImagVolume_a2_n": 8.93635938999515,
    "WLHImagVolume_a3_n": 0.08370253316374636,
    "WLHImagVolume_a4_n": 0.0007011222354796825,
    "WLHImagSurface_W0_p": 1.0818768057612553,
    "WLHImagSurface_W1_p": 0.06083746667280738,
    "WLHImagSurface_W2_p": 1.4403336204580541,
    "WLHImagSurface_W3_p": 0.22908359932105768,
    "WLHImagSurface_r0_p": 1.0043461440928123,
    "WLHImagSurface_r1_p": 0.6154413033412112,
    "WLHImagSurface_r2_p": 0.0037710554450100507,
    "WLHImagSurface_a0_p": 0.7900680645370607,
    "WLHImagSurface_W0_n": 0.8043574787608171,
    "WLHImagSurface_W1_n": 0.009316450514615007,
    "WLHImagSurface_W2_n": 0.4095637368385834,
    "WLHImagSurface_W3_n": 0.052500568473900416,
    "WLHImagSurface_r0_n": 1.261075825728236,
    "WLHImagSurface_r1_n": 1.2551723251367402,
    "WLHImagSurface_r2_n": 0.002532369452850189,
    "WLHImagSurface_a0_n": 0.8592617513082933,
    "WLHRealSpinOrbit_V0_p": 9.257598945213813,
    "WLHRealSpinOrbit_V1_p": 0.008242166352031136,
    "WLHRealSpinOrbit_r0_p": 1.2862919585803545,
    "WLHRealSpinOrbit_r1_p": 0.8819819338895539,
    "WLHRealSpinOrbit_a0_p": 0.8064441318101574,
    "WLHRealSpinOrbit_a1_p": 0.00034986240106286824,
    "WLHRealSpinOrbit_V0_n": 10.0139676652657,
    "WLHRealSpinOrbit_V1_n": 0.008855732110021131,
    "WLHRealSpinOrbit_r0_n": 1.275368074859825,
    "WLHRealSpinOrbit_r1_n": 0.8608165571218184,
    "WLHRealSpinOrbit_a0_n": 0.8056492046018877,
    "WLHRealSpinOrbit_a1_n": 0.00036677075475322524
}