{
    "WLHReal_V0_p": 54.341950879523445,
    "WLHReal_V1_p": 0.3107639286225693,
    "WLHReal_V2_p": -0.000668506635591242,
    "WLHReal_V3_p": 3.963229053376173e-06,
    "WLHReal_V4_p": 11.052736174390327,
    "WLHReal_V5_p": 0.14834083358161387,
    "WLHReal_V6_p": 0.0005592676707425465,
    "WLHReal_r0_p": 1.349510515669223,
    "WLHReal_r1_p": 0.32391972868879565,
    "WLHReal_r2_p": 0.0011083364406553776,
    "WLHReal_r3_p": 1.1610330928360228e-05,
    "WLHReal_a0_p": 0.8154634469505482,
    "WLHReal_a1_p": 0.0002115233070843662,
    "WLHReal_a2_p": 8.960029954964157e-06,
    "WLHReal_a3_p": 0.027036689081896048,
    "WLHReal_a4_p": 0.6236220463819203,
    "WLHReal_V0_n": 52.57648153423721,
    "WLHReal_V1_n": 0.31537119882363396,
    "WLHReal_V2_n": 0.00025311807616451955,
    "WLHReal_V3_n": 1.7899601805435643e-06,
    "WLHReal_V4_n": 20.656452469795695,
    "WLHReal_V5_n": 0.2497018107327932,
    "WLHReal_V6_n": 0.0006152930948589661,
    "WLHReal_r0_n": 1.2820800209129461,
    "WLHReal_r1_n": 0.3122707801474088,
    "WLHReal_r2_n": 0.0006279486109224274,
    "WLHReal_r3_n": 3.0432441589890815e-06,
    "WLHReal_a0_n": 0.717208018035625,
    "WLHReal_a1_n": 0.0006002407678156024,
    "WLHReal_a2_n": 4.34214008556407e-06,
    "WLHReal_a3_n": 0.22755526508272828,
    "WLHReal_a4_n": 0.7396466127275728,
    "WLHImagVolume_W0_p": 6.15313577988827,
    "WLHImagVolume_W1_p": 0.308717469131682,
    "WLHImagVolume_W2_p": 0.000521513054728058,
    "WLHImagVolume_W3_p": 12.766109345704635,
    "WLHImagVolume_W4_p": 0.10791273604742854,
    "WLHImagVolume_r0_p": 0.71262139140444,
    "WLHImagVolume_r1_p": 39.82801106404272,
    "WLHImagVolume_r2_p": 0.5938995615729279,
    "WLHImagVolume_r3_p": 54.65730968146746,
    "WLHImagVolume_r4_p": 0.6881741785389073,
    "WLHImagVolume_r5_p": 1.720169753037571e-06,
    "WLHImagVolume_a0_p": 0.6341859903972318,
    "WLHImagVolume_a1_p": 0.23823994041941707,
    "WLHImagVolume_a2_p": 12.016030209752383,
    "WLHImagVolume_a3_p": 0.4945338258712155,
    "WLHImagVolume_a4_p": 0.0036350411325945984,
    "WLHImagVolume_W0_n": 1.951677288623725,
    "WLHImagVolume_W1_n": 0.21206519434938476,
    "WLHImagVolume_W2_n": 0.0005738472540864172,
    "WLHImagVolume_W3_n": 6.788236371316918,
    "WLHImagVolume_W4_n": 0.03322503365856574,
    "WLHImagVolume_r0_n": 0.41893997768134905,
    "WLHImagVolume_r1_n": 107.7259355019918,
    "WLHImagVolume_r2_n": 0.8557095977375335,
    "WLHImagVolume_r3_n": 93.93929707168704,
    "WLHImagVolume_r4_n": 0.6792419266120002,
    "WLHImagVolume_r5_n": 1.7153994406208379e-06,
    "WLHImagVolume_a0_n": 0.16509666136232642,
    "WLHImagVolume_a1_n": 0.6437496232098446,
    "WLHImagVolume_a2_n": 8.86108625831443,
    "WLHImagVolume_a3_n": 0.05873549059519915,
    "WLHImagVolume_a4_n": 0.00027050238357055866,
    "WLHImagSurface_W0_p": 0.4978255560845826,
    "WLHImagSurface_W1_p": 0.008844941040097677,
    "WLHImagSurface_W2_p": -0.10005536664903736,
    "WLHImagSurface_W3_p": 0.035969346620623,
    "WLHImagSurface_r0_p": 0.7843501582623027,
    "WLHImagSurface_r1_p": 0.22670364347751157,
    "WLHImagSurface_r2_p": 3.4708571898843e-05,
    "WLHImagSurface_a0_p": 0.6847682641602634,
    "WLHImagSurface_W0_n": 1.9594902050697758,
    "WLHImagSurface_W1_n": 0.04297857425705489,
    "WLHImagSurface_W2_n": 3.1816152492415823,
    "WLHImagSurface_W3_n": 0.15300796395191563,
    "WLHImagSurface_r0_n": 1.3347396395350093,
    "WLHImagSurface_r1_n": 1.4799452669893953,
    "WLHImagSurface_r2_n": 0.004046424333470551,
    "WLHImagSurface_a0_n": 0.8340805555981105,
    "WLHRealSpinOrbit_V0_p": 9.522662866531315,
    "WLHRealSpinOrbit_V1_p": 0.008944034872851305,
    "WLHRealSpinOrbit_r0_p": 1.3192466117483779,
    "WLHRealSpinOrbit_r1_p": 0.9529717440586967,
    "WLHRealSpinOrbit_a0_p": 0.8442293777582449,
    "WLHRealSpinOrbit_a1_p": 0.0003168858631520942,
    "WLHRealSpinOrbit_V0_n": 9.20931942450286,
    "WLHRealSpinOrbit_V1_n": 0.007839050407455759,
    "WLHRealSpinOrbit_r0_n": 1.2545826371662576,
    "WLHRealSpinOrbit_r1_n": 0.8252423064556387,
    "WLHRealSpinOrbit_a0_n": 0.7771847927103812,
    "WLHRealSpinOrbit_a1_n": 0.0003688498590179805
}