{
    "WLHReal_V0_p": 53.82450602186476,
    "WLHReal_V1_p": 0.3003171390447383,
    "WLHReal_V2_p": 8.26470178900553e-06,
    "WLHReal_V3_p": 1.3114983336229744e-06,
    "WLHReal_V4_p": 13.409343354446554,
    "WLHReal_V5_p": 0.12037960928827272,
    "WLHReal_V6_p": 0.00026578475134617086,
    "WLHReal_r0_p": 1.276003654598633,
    "WLHReal_r1_p": 0.23536036530474447,
    "WLHReal_r2_p": 0.0008636245218679121,
    "WLHReal_r3_p": 7.535507689129217e-06,
    "WLHReal_a0_p": 0.7703385621628407,
    "WLHReal_a1_p": 7.842329704492619e-05,
    "WLHReal_a2_p": 5.966493515173882e-06,
    "WLHReal_a3_p": 0.051753855714163986,
    "WLHReal_a4_p": 0.5763834710539846,
    "WLHReal_V0_n": 54.95107767103943,
    "WLHReal_V1_n": 0.3022460516729099,
    "WLHReal_V2_n": -0.0002631966596632978,
    "WLHReal_V3_n": 2.8334319885131963e-06,
    "WLHReal_V4_n": 20.908502951013165,
    "WLHReal_V5_n": 0.293235878873576,
    "WLHReal_V6_n": 0.0011207011341131817,
    "WLHReal_r0_n": 1.286984586838968,
    "WLHReal_r1_n": 0.3227766200176754,
    "WLHReal_r2_n": 0.0009156693801885409,
    "WLHReal_r3_n": 8.881240814987302e-06,
    "WLHReal_a0_n": 0.7450301546258317,
    "WLHReal_a1_n": 0.0007600259493046628,
    "WLHReal_a2_n": 9.555231511935486e-06,
    "WLHReal_a3_n": 0.26427284886849045,
    "WLHReal_a4_n": 0.8782430482408665,
    "WLHImagVolume_W0_p": 4.007782000309488,
    "WLHImagVolume_W1_p": 0.20960552037522875,
    "WLHImagVolume_W2_p": 0.0002618972881496192,
    "WLHImagVolume_W3_p": 11.676274638545886,
    "WLHImagVolume_W4_p": 0.06870082571779329,
    "WLHImagVolume_r0_p": 0.7000026254614722,
    "WLHImagVolume_r1_p": 43.224880754788664,
    "WLHImagVolume_r2_p": 0.5446512327435926,
    "WLHImagVolume_r3_p": 58.41099192151755,
    "WLHImagVolume_r4_p": 0.7076087281543111,
    "WLHImagVolume_r5_p": 2.044525468260734e-06,
    "WLHImagVolume_a0_p": 0.5484617543480876,
    "WLHImagVolume_a1_p": 0.26687487478411015,
    "WLHImagVolume_a2_p": 14.029571845788595,
    "WLHImagVolume_a3_p": 0.4068724078405247,
    "WLHImagVolume_a4_p": 0.002230131165512667,
    "WLHImagVolume_W0_n": 3.50499987222722,
    "WLHImagVolume_W1_n": 0.30367763147658394,
    "WLHImagVolume_W2_n": 0.0006004986173240292,
    "WLHImagVolume_W3_n": 10.176356411711689,
    "WLHImagVolume_W4_n": 0.05069866914038754,
    "WLHImagVolume_r0_n": 0.5954214579444124,
    "WLHImagVolume_r1_n": 68.4230015220413,
    "WLHImagVolume_r2_n": 0.6859686869330712,
    "WLHImagVolume_r3_n": 82.73763937250052,
    "WLHImagVolume_r4_n": 0.9814983885452601,
    "WLHImagVolume_r5_n": 3.868206336736236e-06,
    "WLHImagVolume_a0_n": 0.2575139905975434,
    "WLHImagVolume_a1_n": 0.5680573126405887,
    "WLHImagVolume_a2_n": 5.199799460414508,
    "WLHImagVolume_a3_n": 0.02445542961978078,
    "WLHImagVolume_a4_n": 0.0005554534037379662,
    "WLHImagSurface_W0_p": 0.844462769452513,
    "WLHImagSurface_W1_p": 0.023446098255300998,
    "WLHImagSurface_W2_p": 0.4116245995693434,
    "WLHImagSurface_W3_p": 0.06832678169996706,
    "WLHImagSurface_r0_p": 0.9659099237191029,
    "WLHImagSurface_r1_p": 0.4387667783967489,
    "WLHImagSurface_r2_p": 0.004615526161361729,
    "WLHImagSurface_a0_p": 0.7857506198938631,
    "WLHImagSurface_W0_n": 1.9198573249208124,
    "WLHImagSurface_W1_n": 0.04737434505287437,
    "WLHImagSurface_W2_n": 2.6640666813549276,
    "WLHImagSurface_W3_n": 0.1548746144234942,
    "WLHImagSurface_r0_n": 1.2678021965949573,
    "WLHImagSurface_r1_n": 1.5265563004644587,
    "WLHImagSurface_r2_n": 0.003297202100423975,
    "WLHImagSurface_a0_n": 0.8434548240790696,
    "WLHRealSpinOrbit_V0_p": 9.866147183511227,
    "WLHRealSpinOrbit_V1_p": 0.008610485573666588,
    "WLHRealSpinOrbit_r0_p": 1.257884367246419,
    "WLHRealSpinOrbit_r1_p": 0.8470885996158415,
    "WLHRealSpinOrbit_a0_p": 0.7931920864315752,
    "WLHRealSpinOrbit_a1_p": 0.0003431174714806176,
    "WLHRealSpinOrbit_V0_n": 9.85999622425029,
    "WLHRealSpinOrbit_V1_n": 0.008762614151877303,
    "WLHRealSpinOrbit_r0_n": 1.2688265581987332,
    "WLHRealSpinOrbit_r1_n": 0.8731136129781873,
    "WLHRealSpinOrbit_a0_n": 0.8049416157374224,
    "WLHRealSpinOrbit_a1_n": 0.00032471962936896597
}