{
    "WLHReal_V0_p": 53.48061025091343,
    "WLHReal_V1_p": 0.27337185625862004,
    "WLHReal_V2_p": 2.688450072626687e-05,
    "WLHReal_V3_p": 5.165687056416903e-07,
    "WLHReal_V4_p": 14.793050315539299,
    "WLHReal_V5_p": 0.1115776569558024,
    "WLHReal_V6_p": 0.00025213825810685816,
    "WLHReal_r0_p": 1.2458805598309373,
    "WLHReal_r1_p": 0.17389001712532753,
    "WLHReal_r2_p": 0.0008524971963687221,
    "WLHReal_r3_p": 8.118052680437435e-06,
    "WLHReal_a0_p": 0.7574612181013226,
    "WLHReal_a1_p": 6.272113723301573e-05,
    "WLHReal_a2_p": 5.684927418656772e-06,
    "WLHReal_a3_p": 0.03370431551901437,
    "WLHReal_a4_p": 0.5422203153204422,
    "WLHReal_V0_n": 52.32001622592831,
    "WLHReal_V1_n": 0.28062267696573706,
    "WLHReal_V2_n": -0.0002899159604173295,
    "WLHReal_V3_n": 2.917775890014545e-06,
    "WLHReal_V4_n": 20.842125978488788,
    "WLHReal_V5_n": 0.2894876217138257,
    "WLHReal_V6_n": 0.001049472276641525,
    "WLHReal_r0_n": 1.3193606810324259,
    "WLHReal_r1_n": 0.3689703330017043,
    "WLHReal_r2_n": 0.0008271282298315914,
    "WLHReal_r3_n": 7.0605190731965765e-06,
    "WLHReal_a0_n": 0.7408023254041939,
    "WLHReal_a1_n": 0.0007681489513493433,
    "WLHReal_a2_n": 8.783528906294498e-06,
    "WLHReal_a3_n": 0.23930379181517625,
    "WLHReal_a4_n": 0.7918057861465129,
    "WLHImagVolume_W0_p": 3.6258079593641925,
    "WLHImagVolume_W1_p": 0.1715241323466691,
    "WLHImagVolume_W2_p": -1.3179168570945441e-05,
    "WLHImagVolume_W3_p": 10.598392801161378,
    "WLHImagVolume_W4_p": 0.059708307363801706,
    "WLHImagVolume_r0_p": 0.8692572338287646,
    "WLHImagVolume_r1_p": 20.637255045308464,
    "WLHImagVolume_r2_p": 0.3488154492209098,
    "WLHImagVolume_r3_p": 41.422407418759704,
    "WLHImagVolume_r4_p": 0.8800600291414906,
    "WLHImagVolume_r5_p": 2.492016749766203e-06,
    "WLHImagVolume_a0_p": 0.5581343848223678,
    "WLHImagVolume_a1_p": 0.22613841858930261,
    "WLHImagVolume_a2_p": 10.446025253897302,
    "WLHImagVolume_a3_p": 0.42224333554489785,
    "WLHImagVolume_a4_p": 0.00243749199428774,
    "WLHImagVolume_W0_n": 2.6615613440676755,
    "WLHImagVolume_W1_n": 0.25635058679370376,
    "WLHImagVolume_W2_n": 0.0005539889888796301,
    "WLHImagVolume_W3_n": 8.217701455842533,
    "WLHImagVolume_W4_n": 0.02646379844854735,
    "WLHImagVolume_r0_n": 0.5210580091452172,
    "WLHImagVolume_r1_n": 86.21704423165511,
    "WLHImagVolume_r2_n": 0.7850209347918659,
    "WLHImagVolume_r3_n": 90.15868630831133,
    "WLHImagVolume_r4_n": 0.8896295836341593,
    "WLHImagVolume_r5_n": 3.7016818070807983e-06,
    "WLHImagVolume_a0_n": 0.24108486597658965,
    "WLHImagVolume_a1_n": 0.5972934619356229,
    "WLHImagVolume_a2_n": 7.071111728106407,
    "WLHImagVolume_a3_n": 0.06909511633319594,
    "WLHImagVolume_a4_n": 0.0007695134557964621,
    "WLHImagSurface_W0_p": 0.6475738087250973,
    "WLHImagSurface_W1_p": -0.001179569377551759,
    "WLHImagSurface_W2_p": -0.024248265275965353,
    "WLHImagSurface_W3_p": -0.028558717852415233,
    "WLHImagSurface_r0_p": 0.8836322982973077,
    "WLHImagSurface_r1_p": 0.3126930827337361,
    "WLHImagSurface_r2_p": 0.004997347836909964,
    "WLHImagSurface_a0_p": 0.7034107967659804,
    "WLHImagSurface_W0_n": 1.6734760363790737,
    "WLHImagSurface_W1_n": 0.04268532412263543,
    "WLHImagSurface_W2_n": 2.8058950580804995,
    "WLHImagSurface_W3_n": 0.1622545095556629,
    "WLHImagSurface_r0_n": 1.302440632955768,
    "WLHImagSurface_r1_n": 1.5128901369052172,
    "WLHImagSurface_r2_n": 0.003075504816174483,
    "WLHImagSurface_a0_n": 0.8534295473590552,
    "WLHRealSpinOrbit_V0_p": 10.33232103277151,
    "WLHRealSpinOrbit_V1_p": 0.00893261291376284,
    "WLHRealSpinOrbit_r0_p": 1.243911711689775,
    "WLHRealSpinOrbit_r1_p": 0.8260551567885438,
    "WLHRealSpinOrbit_a0_p": 0.7871569689205755,
    "WLHRealSpinOrbit_a1_p": 0.000345413540467074,
    "WLHRealSpinOrbit_V0_n": 9.373282771660154,
    "WLHRealSpinOrbit_V1_n": 0.008349606629934688,
    "WLHRealSpinOrbit_r0_n": 1.2913847084382775,
    "WLHRealSpinOrbit_r1_n": 0.8795714530156298,
    "WLHRealSpinOrbit_a0_n": 0.8089046273642061,
    "WLHRealSpinOrbit_a1_n": 0.00036792834144656336
}