{
    "WLHReal_V0_p": 54.635103458327194,
    "WLHReal_V1_p": 0.29945675006649863,
    "WLHReal_V2_p": 0.00012530187633919983,
    "WLHReal_V3_p": 1.3877839187989875e-06,
    "WLHReal_V4_p": 13.780804010960907,
    "WLHReal_V5_p": 0.1331997135294647,
    "WLHReal_V6_p": 0.0002566323222845478,
    "WLHReal_r0_p": 1.2791550720998415,
    "WLHReal_r1_p": 0.29246130206938126,
    "WLHReal_r2_p": 0.0007076044190847241,
    "WLHReal_r3_p": 5.029758455337957e-06,
    "WLHReal_a0_p": 0.7679433423728466,
    "WLHReal_a1_p": 0.00015229739228282032,
    "WLHReal_a2_p": 3.9893400059719875e-06,
    "WLHReal_a3_p": 0.06383194029482919,
    "WLHReal_a4_p": 0.5528320040293885,
    "WLHReal_V0_n": 50.36628166601551,
    "WLHReal_V1_n": 0.2762519669508101,
    "WLHReal_V2_n": -0.0009800586530353283,
    "WLHReal_V3_n": 5.329338704240503e-06,
    "WLHReal_V4_n": 20.041298010068,
    "WLHReal_V5_n": 0.33632569132815526,
    "WLHReal_V6_n": 0.0016910934336815688,
    "WLHReal_r0_n": 1.3665041355403993,
    "WLHReal_r1_n": 0.36032951855230644,
    "WLHReal_r2_n": 0.001286743993878911,
    "WLHReal_r3_n": 1.5581842445796265e-05,
    "WLHReal_a0_n": 0.775489128292905,
    "WLHReal_a1_n": 0.0013783091364469576,
    "WLHReal_a2_n": 1.9127879260201948e-05,
    "WLHReal_a3_n": 0.31690987725741915,
    "WLHReal_a4_n": 1.0299841636350613,
    "WLHImagVolume_W0_p": 3.888228068175794,
    "WLHImagVolume_W1_p": 0.2220061221067902,
    "WLHImagVolume_W2_p": 0.0002964523905703172,
    "WLHImagVolume_W3_p": 11.86270621119295,
    "WLHImagVolume_W4_p": 0.0722401286104083,
    "WLHImagVolume_r0_p": 0.6433328969106185,
    "WLHImagVolume_r1_p": 44.277131303981264,
    "WLHImagVolume_r2_p": 0.5917135407329306,
    "WLHImagVolume_r3_p": 55.75981281402962,
    "WLHImagVolume_r4_p": 0.6664936700958649,
    "WLHImagVolume_r5_p": 1.675705585840708e-06,
    "WLHImagVolume_a0_p": 0.5449961197183497,
    "WLHImagVolume_a1_p": 0.2686865134833502,
    "WLHImagVolume_a2_p": 13.818930698298626,
    "WLHImagVolume_a3_p": 0.4084006539601944,
    "WLHImagVolume_a4_p": 0.0022231639986458746,
    "WLHImagVolume_W0_n": 3.6345269642918376,
    "WLHImagVolume_W1_n": 0.2897037383280558,
    "WLHImagVolume_W2_n": 0.0007567579877714297,
    "WLHImagVolume_W3_n": 9.582911225044551,
    "WLHImagVolume_W4_n": 0.01362739681496433,
    "WLHImagVolume_r0_n": 0.5466933179795735,
    "WLHImagVolume_r1_n": 94.6251993199491,
    "WLHImagVolume_r2_n": 0.8096541175211938,
    "WLHImagVolume_r3_n": 107.15875569832546,
    "WLHImagVolume_r4_n": 0.8934748984392143,
    "WLHImagVolume_r5_n": 4.786979184418305e-06,
    "WLHImagVolume_a0_n": 0.29764498141403933,
    "WLHImagVolume_a1_n": 0.550585727661017,
    "WLHImagVolume_a2_n": 3.862980941957346,
    "WLHImagVolume_a3_n": 0.04816946231650968,
    "WLHImagVolume_a4_n": 0.0004696178352937299,
    "WLHImagSurface_W0_p": 0.9854749734808119,
    "WLHImagSurface_W1_p": 0.039671432797220754,
    "WLHImagSurface_W2_p": 1.056350054943287,
    "WLHImagSurface_W3_p": 0.13727505790884947,
    "WLHImagSurface_r0_p": 0.9889844099372505,
    "WLHImagSurface_r1_p": 0.5840247153514554,
    "WLHImagSurface_r2_p": 0.005584024214676549,
    "WLHImagSurface_a0_p": 0.7517015557442827,
    "WLHImagSurface_W0_n": 1.7862640180981983,
    "WLHImagSurface_W1_n": 0.06377456314970356,
    "WLHImagSurface_W2_n": 3.0189245097960047,
    "WLHImagSurface_W3_n": 0.2274397754735002,
    "WLHImagSurface_r0_n": 1.3195420612651905,
    "WLHImagSurface_r1_n": 1.706046581680664,
    "WLHImagSurface_r2_n": 0.001935286806280598,
    "WLHImagSurface_a0_n": 0.8837290733677008,
    "WLHRealSpinOrbit_V0_p": 9.85067463288438,
    "WLHRealSpinOrbit_V1_p": 0.008470317521882851,
    "WLHRealSpinOrbit_r0_p": 1.2498197029228084,
    "WLHRealSpinOrbit_r1_p": 0.8269002650937785,
    "WLHRealSpinOrbit_a0_p": 0.783275164073652,
    "WLHRealSpinOrbit_a1_p": 0.000353741701563425,
    "WLHRealSpinOrbit_V0_n": 9.062432689331345,
    "WLHRealSpinOrbit_V1_n": 0.008677834406338203,
    "WLHRealSpinOrbit_r0_n": 1.3492250043945118,
    "WLHRealSpinOrbit_r1_n": 0.9789657513837587,
    "WLHRealSpinOrbit_a0_n": 0.8578053875662142,
    "WLHRealSpinOrbit_a1_n": 0.00034930842157899355
}