{
    "WLHReal_V0_p": 52.73805554310509,
    "WLHReal_V1_p": 0.32702171281662945,
    "WLHReal_V2_p": -0.0009643624513232511,
    "WLHReal_V3_p": 5.307183526678435e-06,
    "WLHReal_V4_p": 9.271400487222285,
    "WLHReal_V5_p": 0.1377316097863482,
    "WLHReal_V6_p": 0.0006212185498650585,
    "WLHReal_r0_p": 1.3807175901219872,
    "WLHReal_r1_p": 0.29513249504376193,
    "WLHReal_r2_p": 0.0013406636799706852,
    "WLHReal_r3_p": 1.4413774094444028e-05,
    "WLHReal_a0_p": 0.8321607494904141,
    "WLHReal_a1_p": 0.00010055449670483048,
    "WLHReal_a2_p": 1.2008755244313675e-05,
    "WLHReal_a3_p": 0.009479386564945964,
    "WLHReal_a4_p": 0.6669684541863959,
    "WLHReal_V0_n": 54.54007122218859,
    "WLHReal_V1_n": 0.3589422281806088,
    "WLHReal_V2_n": -0.0004029630284155876,
    "WLHReal_V3_n": 4.092764582695031e-06,
    "WLHReal_V4_n": 18.77407140225357,
    "WLHReal_V5_n": 0.3157057645452536,
    "WLHReal_V6_n": 0.0013009956566812457,
    "WLHReal_r0_n": 1.3310775564093102,
    "WLHReal_r1_n": 0.3726510602180624,
    "WLHReal_r2_n": 0.0010621263489293668,
    "WLHReal_r3_n": 9.970797878398341e-06,
    "WLHReal_a0_n": 0.7581582938468311,
    "WLHReal_a1_n": 0.001065530894842341,
    "WLHReal_a2_n": 1.2592154300303048e-05,
    "WLHReal_a3_n": 0.2352953971914369,
    "WLHReal_a4_n": 0.9119741835991895,
    "WLHImagVolume_W0_p": 6.747977949019482,
    "WLHImagVolume_W1_p": 0.31342073373996454,
    "WLHImagVolume_W2_p": 0.0006620614307863673,
    "WLHImagVolume_W3_p": 12.695370275425592,
    "WLHImagVolume_W4_p": 0.11039033694397349,
    "WLHImagVolume_r0_p": 0.6792212076098583,
    "WLHImagVolume_r1_p": 54.12409200876536,
    "WLHImagVolume_r2_p": 0.6743107762412005,
    "WLHImagVolume_r3_p": 70.08283316658132,
    "WLHImagVolume_r4_p": 0.6064702796058596,
    "WLHImagVolume_r5_p": 1.355019375232392e-06,
    "WLHImagVolume_a0_p": 0.6394693522185046,
    "WLHImagVolume_a1_p": 0.2653177849105149,
    "WLHImagVolume_a2_p": 15.061958393164732,
    "WLHImagVolume_a3_p": 0.4849173166744062,
    "WLHImagVolume_a4_p": 0.0035817271062759193,
    "WLHImagVolume_W0_n": 3.948347386123512,
    "WLHImagVolume_W1_n": 0.3657567608426798,
    "WLHImagVolume_W2_n": 0.0011934676665983687,
    "WLHImagVolume_W3_n": 10.362965642799166,
    "WLHImagVolume_W4_n": 0.07907339124668476,
    "WLHImagVolume_r0_n": 0.41273696140138116,
    "WLHImagVolume_r1_n": 113.84432947126857,
    "WLHImagVolume_r2_n": 0.9173742353899847,
    "WLHImagVolume_r3_n": 115.02459575122273,
    "WLHImagVolume_r4_n": 0.6772038713623659,
    "WLHImagVolume_r5_n": 2.3234236327764453e-06,
    "WLHImagVolume_a0_n": 0.2431892591723551,
    "WLHImagVolume_a1_n": 0.5864976624349793,
    "WLHImagVolume_a2_n": 2.508323605124297,
    "WLHImagVolume_a3_n": -0.0135047056634051,
    "WLHImagVolume_a4_n": -0.000169859687411154,
    "WLHImagSurface_W0_p": 0.4222677375836042,
    "WLHImagSurface_W1_p": 0.004084109973255583,
    "WLHImagSurface_W2_p": -0.6753040338179572,
    "WLHImagSurface_W3_p": 0.011491694351802056,
    "WLHImagSurface_r0_p": 0.7906382634159483,
    "WLHImagSurface_r1_p": 0.036846263209147634,
    "WLHImagSurface_r2_p": -0.0022793965744746895,
    "WLHImagSurface_a0_p": 0.7901370623083812,
    "WLHImagSurface_W0_n": 2.905100552497601,
    "WLHImagSurface_W1_n": 0.09232940689663527,
    "WLHImagSurface_W2_n": 4.948544230645476,
    "WLHImagSurface_W3_n": 0.2904704212251148,
    "WLHImagSurface_r0_n": 1.3488138389778903,
    "WLHImagSurface_r1_n": 1.872350845143763,
    "WLHImagSurface_r2_n": 0.003440628868737595,
    "WLHImagSurface_a0_n": 0.85232146469744,
    "WLHRealSpinOrbit_V0_p": 9.076791136823717,
    "WLHRealSpinOrbit_V1_p": 0.008902045144679103,
    "WLHRealSpinOrbit_r0_p": 1.3548287171948115,
    "WLHRealSpinOrbit_r1_p": 1.0151229304150071,
    "WLHRealSpinOrbit_a0_p": 0.8718937273839809,
    "WLHRealSpinOrbit_a1_p": 0.00030471844403228354,
    "WLHRealSpinOrbit_V0_n": 8.889791519954937,
    "WLHRealSpinOrbit_V1_n": 0.008208261040096594,
    "WLHRealSpinOrbit_r0_n": 1.3053185692926943,
    "WLHRealSpinOrbit_r1_n": 0.9355682020063494,
    "WLHRealSpinOrbit_a0_n": 0.8266686208496246,
    "WLHRealSpinOrbit_a1_n": 0.00031117163779110927
}