{
    "WLHReal_V0_p": 56.65529596494776,
    "WLHReal_V1_p": 0.3349190545664741,
    "WLHReal_V2_p": 7.247353201005117e-05,
    "WLHReal_V3_p": 1.7559619590703173e-06,
    "WLHReal_V4_p": 12.460937549450083,
    "WLHReal_V5_p": 0.13000100077621293,
    "WLHReal_V6_p": 0.0002744577726911039,
    "WLHReal_r0_p": 1.27285740615434,
    "WLHReal_r1_p": 0.26191643019002,
    "WLHReal_r2_p": 0.0010238119660220218,
    "WLHReal_r3_p": 8.436176011425312e-06,
    "WLHReal_a0_p": 0.7841483862858696,
    "WLHReal_a1_p": 0.00019561520880121777,
    "WLHReal_a2_p": 5.6065751178781395e-06,
    "WLHReal_a3_p": 0.09528338963695103,
    "WLHReal_a4_p": 0.6777284807035181,
    "WLHReal_V0_n": 52.466489172450906,
    "WLHReal_V1_n": 0.2668747446965321,
    "WLHReal_V2_n": -0.00027032963923399964,
    "WLHReal_V3_n": 1.8529657904166808e-06,
    "WLHReal_V4_n": 21.22520776037884,
    "WLHReal_V5_n": 0.2871658143192847,
    "WLHReal_V6_n": 0.0010042806106762888,
    "WLHReal_r0_n": 1.3171665838595095,
    "WLHReal_r1_n": 0.38199156961959585,
    "WLHReal_r2_n": 0.0007649813026978713,
    "WLHReal_r3_n": 6.21084528024301e-06,
    "WLHReal_a0_n": 0.7380016186904287,
    "WLHReal_a1_n": 0.0006640197379498277,
    "WLHReal_a2_n": 7.305893473366705e-06,
    "WLHReal_a3_n": 0.2282009873619933,
    "WLHReal_a4_n": 0.7491828438004307,
    "WLHImagVolume_W0_p": 4.712143148624959,
    "WLHImagVolume_W1_p": 0.29220592062862766,
    "WLHImagVolume_W2_p": 0.0005394501190655847,
    "WLHImagVolume_W3_p": 14.86445065378112,
    "WLHImagVolume_W4_p": 0.08739061493920684,
    "WLHImagVolume_r0_p": 0.6115781922185205,
    "WLHImagVolume_r1_p": 53.75720359060389,
    "WLHImagVolume_r2_p": 0.6251757730330435,
    "WLHImagVolume_r3_p": 67.51146494082394,
    "WLHImagVolume_r4_p": 0.6876648903076769,
    "WLHImagVolume_r5_p": 2.0307422936845855e-06,
    "WLHImagVolume_a0_p": 0.5593996261008852,
    "WLHImagVolume_a1_p": 0.27040387117080883,
    "WLHImagVolume_a2_p": 14.169872000963409,
    "WLHImagVolume_a3_p": 0.42862702499978883,
    "WLHImagVolume_a4_p": 0.0025044136001642443,
    "WLHImagVolume_W0_n": 2.5316507764193643,
    "WLHImagVolume_W1_n": 0.25056531841888485,
    "WLHImagVolume_W2_n": 0.0004529883004906267,
    "WLHImagVolume_W3_n": 8.112622770602874,
    "WLHImagVolume_W4_n": 0.022900292957510653,
    "WLHImagVolume_r0_n": 0.5500956746109512,
    "WLHImagVolume_r1_n": 77.04244787638332,
    "WLHImagVolume_r2_n": 0.7509026154212544,
    "WLHImagVolume_r3_n": 83.72411820665243,
    "WLHImagVolume_r4_n": 0.9565744197840939,
    "WLHImagVolume_r5_n": 3.974417721794209e-06,
    "WLHImagVolume_a0_n": 0.2473868288077804,
    "WLHImagVolume_a1_n": 0.5962649866832215,
    "WLHImagVolume_a2_n": 7.665893750961548,
    "WLHImagVolume_a3_n": 0.08219026277478127,
    "WLHImagVolume_a4_n": 0.0010187862773472606,
    "WLHImagSurface_W0_p": 0.7924930170476935,
    "WLHImagSurface_W1_p": 0.021368503530926064,
    "WLHImagSurface_W2_p": 0.08783416821261658,
    "WLHImagSurface_W3_p": 0.0653632762643499,
    "WLHImagSurface_r0_p": 0.9852628340879219,
    "WLHImagSurface_r1_p": 0.6339997703093927,
    "WLHImagSurface_r2_p": 0.0044148111321774125,
    "WLHImagSurface_a0_p": 0.7931419103769142,
    "WLHImagSurface_W0_n": 1.479343546224313,
    "WLHImagSurface_W1_n": 0.034165961139668105,
    "WLHImagSurface_W2_n": 2.482399530280824,
    "WLHImagSurface_W3_n": 0.14013330638138669,
    "WLHImagSurface_r0_n": 1.2872438693696127,
    "WLHImagSurface_r1_n": 1.451054613706109,
    "WLHImagSurface_r2_n": 0.0030440727072446687,
    "WLHImagSurface_a0_n": 0.8519820950470636,
    "WLHRealSpinOrbit_V0_p": 9.978365719660921,
    "WLHRealSpinOrbit_V1_p": 0.008693378443068797,
    "WLHRealSpinOrbit_r0_p": 1.2439354981656365,
    "WLHRealSpinOrbit_r1_p": 0.84566844243222,
    "WLHRealSpinOrbit_a0_p": 0.7891181574629077,
    "WLHRealSpinOrbit_a1_p": 0.00031008464251650145,
    "WLHRealSpinOrbit_V0_n": 9.5204161738549,
    "WLHRealSpinOrbit_V1_n": 0.008421262245011052,
    "WLHRealSpinOrbit_r0_n": 1.2870478770145422,
    "WLHRealSpinOrbit_r1_n": 0.867722522255266,
    "WLHRealSpinOrbit_a0_n": 0.8050703883730942,
    "WLHRealSpinOrbit_a1_n": 0.0003757990641564303
}