{
    "WLHReal_V0_p": 54.197068096627916,
    "WLHReal_V1_p": 0.33398279908114714,
    "WLHReal_V2_p": 0.00020751594529179823,
    "WLHReal_V3_p": 1.7829790888294346e-06,
    "WLHReal_V4_p": 12.290469920016593,
    "WLHReal_V5_p": 0.12425614196881192,
    "WLHReal_V6_p": 0.000189912033278705,
    "WLHReal_r0_p": 1.2937203642309978,
    "WLHReal_r1_p": 0.2944806170762464,
    "WLHReal_r2_p": 0.0007924247135182278,
    "WLHReal_r3_p": 5.436810004496238e-06,
    "WLHReal_a0_p": 0.7734024583086225,
    "WLHReal_a1_p": 6.26320389583067e-05,
    "WLHReal_a2_p": 4.756846285562296e-06,
    "WLHReal_a3_p": 0.08538654457108237,
    "WLHReal_a4_p": 0.6072489494930087,
    "WLHReal_V0_n": 50.71046526316752,
    "WLHReal_V1_n": 0.2857382022033067,
    "WLHReal_V2_n": -0.00023410009842874025,
    "WLHReal_V3_n": 3.2157116718827918e-06,
    "WLHReal_V4_n": 20.65213140799329,
    "WLHReal_V5_n": 0.2796694534343566,
    "WLHReal_V6_n": 0.001004927419567076,
    "WLHReal_r0_n": 1.3204733340022403,
    "WLHReal_r1_n": 0.33382012331643324,
    "WLHReal_r2_n": 0.0008558400071393769,
    "WLHReal_r3_n": 7.857685579223527e-06,
    "WLHReal_a0_n": 0.7376316161778689,
    "WLHReal_a1_n": 0.0008992272023405951,
    "WLHReal_a2_n": 9.800209032167475e-06,
    "WLHReal_a3_n": 0.26448010509608644,
    "WLHReal_a4_n": 0.8347519288950778,
    "WLHImagVolume_W0_p": 3.83891783529231,
    "WLHImagVolume_W1_p": 0.23115433036981411,
    "WLHImagVolume_W2_p": 0.0005584325489449455,
    "WLHImagVolume_W3_p": 12.833621700241292,
    "WLHImagVolume_W4_p": 0.06874236673116613,
    "WLHImagVolume_r0_p": 0.46069589960240653,
    "WLHImagVolume_r1_p": 75.31706315501191,
    "WLHImagVolume_r2_p": 0.7997825858295944,
    "WLHImagVolume_r3_p": 82.73829765108869,
    "WLHImagVolume_r4_p": 0.4756525931441884,
    "WLHImagVolume_r5_p": 6.600902436186141e-07,
    "WLHImagVolume_a0_p": 0.5075949216449188,
    "WLHImagVolume_a1_p": 0.331860813941392,
    "WLHImagVolume_a2_p": 19.56089911057256,
    "WLHImagVolume_a3_p": 0.35797280986213986,
    "WLHImagVolume_a4_p": 0.001497806206279981,
    "WLHImagVolume_W0_n": 2.275439414359235,
    "WLHImagVolume_W1_n": 0.2154108171369344,
    "WLHImagVolume_W2_n": 0.0005528319082877947,
    "WLHImagVolume_W3_n": 7.17878472013313,
    "WLHImagVolume_W4_n": 0.011939375128564593,
    "WLHImagVolume_r0_n": 0.4668211445756265,
    "WLHImagVolume_r1_n": 103.88637421514804,
    "WLHImagVolume_r2_n": 0.8424741755693663,
    "WLHImagVolume_r3_n": 98.2772000000483,
    "WLHImagVolume_r4_n": 0.7640505246658591,
    "WLHImagVolume_r5_n": 2.7211993673195426e-06,
    "WLHImagVolume_a0_n": 0.21257638284459623,
    "WLHImagVolume_a1_n": 0.6140063757744191,
    "WLHImagVolume_a2_n": 7.84810341430183,
    "WLHImagVolume_a3_n": 0.0735835971431716,
    "WLHImagVolume_a4_n": 0.00047422465567613137,
    "WLHImagSurface_W0_p": 1.2327309171378813,
    "WLHImagSurface_W1_p": 0.06272573159006979,
    "WLHImagSurface_W2_p": 1.207178042784784,
    "WLHImagSurface_W3_p": 0.2151453277240713,
    "WLHImagSurface_r0_p": 1.138132915010247,
    "WLHImagSurface_r1_p": 0.6891467794781646,
    "WLHImagSurface_r2_p": 0.00562048893668663,
    "WLHImagSurface_a0_p": 0.9287186548261294,
    "WLHImagSurface_W0_n": 1.6793460777090201,
    "WLHImagSurface_W1_n": 0.04410946057220855,
    "WLHImagSurface_W2_n": 2.8464257343929678,
    "WLHImagSurface_W3_n": 0.16782128788276707,
    "WLHImagSurface_r0_n": 1.3318038250089088,
    "WLHImagSurface_r1_n": 1.5222738738161843,
    "WLHImagSurface_r2_n": 0.003095559007667377,
    "WLHImagSurface_a0_n": 0.8566994021752001,
    "WLHRealSpinOrbit_V0_p": 9.339428416156236,
    "WLHRealSpinOrbit_V1_p": 0.008055393892185698,
    "WLHRealSpinOrbit_r0_p": 1.2566909859820874,
    "WLHRealSpinOrbit_r1_p": 0.8406220189953935,
    "WLHRealSpinOrbit_a0_p": 0.784433140126941,
    "WLHRealSpinOrbit_a1_p": 0.0003486464674872503,
    "WLHRealSpinOrbit_V0_n": 9.09900950783236,
    "WLHRealSpinOrbit_V1_n": 0.008102198482932135,
    "WLHRealSpinOrbit_r0_n": 1.29577693240213,
    "WLHRealSpinOrbit_r1_n": 0.8820587709776438,
    "WLHRealSpinOrbit_a0_n": 0.8084247004447594,
    "WLHRealSpinOrbit_a1_n": 0.0003763091198348189
}