{
    "WLHReal_V0_p": 51.00643261727971,
    "WLHReal_V1_p": 0.281314417558028,
    "WLHReal_V2_p": -0.00041430178810646816,
    "WLHReal_V3_p": 3.2665092609579842e-06,
    "WLHReal_V4_p": 12.54921546726326,
    "WLHReal_V5_p": 0.1258834974577117,
    "WLHReal_V6_p": 0.00040568411970979905,
    "WLHReal_r0_p": 1.3300181701451796,
    "WLHReal_r1_p": 0.272274731595211,
    "WLHReal_r2_p": 0.0008328596406277685,
    "WLHReal_r3_p": 8.73029485097891e-06,
    "WLHReal_a0_p": 0.7838027571471704,
    "WLHReal_a1_p": 1.0058544202154061e-05,
    "WLHReal_a2_p": 7.85435700753341e-06,
    "WLHReal_a3_p": -0.0005186462837209194,
    "WLHReal_a4_p": 0.5083801026435084,
    "WLHReal_V0_n": 53.17745338453173,
    "WLHReal_V1_n": 0.2840005885398287,
    "WLHReal_V2_n": -0.00021290248928212304,
    "WLHReal_V3_n": 1.854199234850585e-06,
    "WLHReal_V4_n": 21.45156725100753,
    "WLHReal_V5_n": 0.2786944404137457,
    "WLHReal_V6_n": 0.0010550808409758331,
    "WLHReal_r0_n": 1.277924890977319,
    "WLHReal_r1_n": 0.2731066322993758,
    "WLHReal_r2_n": 0.0009180429397242858,
    "WLHReal_r3_n": 9.0660584716551e-06,
    "WLHReal_a0_n": 0.7394342981399581,
    "WLHReal_a1_n": 0.0008208707699636169,
    "WLHReal_a2_n": 1.0696571221076684e-05,
    "WLHReal_a3_n": 0.30357493991452617,
    "WLHReal_a4_n": 0.9190462882587034,
    "WLHImagVolume_W0_p": 4.475571292493443,
    "WLHImagVolume_W1_p": 0.18397429978747,
    "WLHImagVolume_W2_p": 0.0002184458771552939,
    "WLHImagVolume_W3_p": 9.212956860954426,
    "WLHImagVolume_W4_p": 0.07103858303975652,
    "WLHImagVolume_r0_p": 0.7235338560253101,
    "WLHImagVolume_r1_p": 41.61700724153078,
    "WLHImagVolume_r2_p": 0.5748182401776676,
    "WLHImagVolume_r3_p": 55.82807150820742,
    "WLHImagVolume_r4_p": 0.6361651923478895,
    "WLHImagVolume_r5_p": 1.333962261906812e-06,
    "WLHImagVolume_a0_p": 0.5729334014281076,
    "WLHImagVolume_a1_p": 0.2702813882074951,
    "WLHImagVolume_a2_p": 14.813672357059733,
    "WLHImagVolume_a3_p": 0.4166113707955232,
    "WLHImagVolume_a4_p": 0.0024939701316271296,
    "WLHImagVolume_W0_n": 2.9732920150974316,
    "WLHImagVolume_W1_n": 0.23960583631611593,
    "WLHImagVolume_W2_n": 0.0003901710148640756,
    "WLHImagVolume_W3_n": 9.047707412636854,
    "WLHImagVolume_W4_n": 0.023071775229555343,
    "WLHImagVolume_r0_n": 0.6068875720772485,
    "WLHImagVolume_r1_n": 70.7345307569684,
    "WLHImagVolume_r2_n": 0.6653847672490891,
    "WLHImagVolume_r3_n": 80.5119366975564,
    "WLHImagVolume_r4_n": 0.9659258057747965,
    "WLHImagVolume_r5_n": 3.3127637375256097e-06,
    "WLHImagVolume_a0_n": 0.23828600068859965,
    "WLHImagVolume_a1_n": 0.5761034640040504,
    "WLHImagVolume_a2_n": 6.856512246902956,
    "WLHImagVolume_a3_n": 0.04491197246751309,
    "WLHImagVolume_a4_n": 0.0005326290740446261,
    "WLHImagSurface_W0_p": 0.8179794636043736,
    "WLHImagSurface_W1_p": 0.02924322107685217,
    "WLHImagSurface_W2_p": 0.6575664663509952,
    "WLHImagSurface_W3_p": 0.09665690573816209,
    "WLHImagSurface_r0_p": 0.8971139888341119,
    "WLHImagSurface_r1_p": 0.16605786026167538,
    "WLHImagSurface_r2_p": 0.0022994196582635435,
    "WLHImagSurface_a0_p": 0.7771987025119926,
    "WLHImagSurface_W0_n": 1.5473731022256014,
    "WLHImagSurface_W1_n": 0.03327534185739216,
    "WLHImagSurface_W2_n": 1.8800689521013088,
    "WLHImagSurface_W3_n": 0.11543676052905638,
    "WLHImagSurface_r0_n": 1.2702344453735097,
    "WLHImagSurface_r1_n": 1.4208065408325374,
    "WLHImagSurface_r2_n": 0.003156024453098395,
    "WLHImagSurface_a0_n": 0.8464973235167468,
    "WLHRealSpinOrbit_V0_p": 9.335967764257502,
    "WLHRealSpinOrbit_V1_p": 0.008530005244135665,
    "WLHRealSpinOrbit_r0_p": 1.3112055349830882,
    "WLHRealSpinOrbit_r1_p": 0.9133821752141164,
    "WLHRealSpinOrbit_a0_p": 0.8267730382598177,
    "WLHRealSpinOrbit_a1_p": 0.00036431095630494215,
    "WLHRealSpinOrbit_V0_n": 9.891895106727281,
    "WLHRealSpinOrbit_V1_n": 0.008720749449512049,
    "WLHRealSpinOrbit_r0_n": 1.2658291443595957,
    "WLHRealSpinOrbit_r1_n": 0.8605495177602982,
    "WLHRealSpinOrbit_a0_n": 0.8005232742113965,
    "WLHRealSpinOrbit_a1_n": 0.0003402565437657776
}