{
    "ECS_p": 0.393663,
    "ECS_n": 0.390221,
    "APower_p": 0.669467,
    "APower_n": 0.706424
}