{
    "CH89RealCentral": {
        "V_0": 53.5175,
        "V_t": 22.8571,
        "V_e": -0.32586,
        "r_o": 1.20112,
        "r_o_0": -0.0922311,
        "a_0": 0.739143
    },
    "CH89Coulomb": {
        "r_c": 1.21372,
        "r_c_0": 0.107556
    },
    "CH89SpinOrbit": {
        "V_so": 5.20901,
        "r_so": 1.21178,
        "r_so_0": -0.376607,
        "a_so": 0.58985
    },
    "CH89ImagCentral": {
        "W_v0": 9.36974,
        "W_ve0": 37.4391,
        "W_vew": 28.0105,
        "W_s0": 8.61685,
        "W_st": 13.9646,
        "W_se0": 47.3539,
        "W_sew": 39.1216,
        "r_w": 1.26222,
        "r_w0": -0.326999,
        "a_w": 0.705262
    }
}