{
    "WLHReal_V0_p": 53.93143993262187,
    "WLHReal_V1_p": 0.3013217012044263,
    "WLHReal_V2_p": -0.0005236577214312082,
    "WLHReal_V3_p": 3.1495613578553e-06,
    "WLHReal_V4_p": 11.85782982404903,
    "WLHReal_V5_p": 0.140505123367028,
    "WLHReal_V6_p": 0.0004931298305745072,
    "WLHReal_r0_p": 1.3298141094339837,
    "WLHReal_r1_p": 0.2951440956703179,
    "WLHReal_r2_p": 0.0010346499827006386,
    "WLHReal_r3_p": 1.0655497550693475e-05,
    "WLHReal_a0_p": 0.8025377108632012,
    "WLHReal_a1_p": 0.0001710582727173417,
    "WLHReal_a2_p": 8.091109589689297e-06,
    "WLHReal_a3_p": 0.02591311905601279,
    "WLHReal_a4_p": 0.5981956593052132,
    "WLHReal_V0_n": 51.095025949095266,
    "WLHReal_V1_n": 0.29069997557757526,
    "WLHReal_V2_n": -0.00021417220544094496,
    "WLHReal_V3_n": 3.1202278572956034e-06,
    "WLHReal_V4_n": 20.187526030583918,
    "WLHReal_V5_n": 0.28578008850627323,
    "WLHReal_V6_n": 0.0009461334292923068,
    "WLHReal_r0_n": 1.3431475986712902,
    "WLHReal_r1_n": 0.41199543829014895,
    "WLHReal_r2_n": 0.0007409783111447662,
    "WLHReal_r3_n": 5.002701355528054e-06,
    "WLHReal_a0_n": 0.7361760966851597,
    "WLHReal_a1_n": 0.0007657335268249144,
    "WLHReal_a2_n": 6.988091258908741e-06,
    "WLHReal_a3_n": 0.2008648434554262,
    "WLHReal_a4_n": 0.7116143427936402,
    "WLHImagVolume_W0_p": 5.566688496514619,
    "WLHImagVolume_W1_p": 0.274383215045886,
    "WLHImagVolume_W2_p": 0.00040078215124249463,
    "WLHImagVolume_W3_p": 12.076395519886272,
    "WLHImagVolume_W4_p": 0.09650476906809444,
    "WLHImagVolume_r0_p": 0.7410011526575615,
    "WLHImagVolume_r1_p": 36.35166633462741,
    "WLHImagVolume_r2_p": 0.548935668144855,
    "WLHImagVolume_r3_p": 52.0919863181285,
    "WLHImagVolume_r4_p": 0.7177284120267011,
    "WLHImagVolume_r5_p": 1.6731267548437922e-06,
    "WLHImagVolume_a0_p": 0.6160013300560461,
    "WLHImagVolume_a1_p": 0.23829273940472742,
    "WLHImagVolume_a2_p": 11.918304890594396,
    "WLHImagVolume_a3_p": 0.4758410870230868,
    "WLHImagVolume_a4_p": 0.0033363396930051687,
    "WLHImagVolume_W0_n": 2.159967628528105,
    "WLHImagVolume_W1_n": 0.24517267871061554,
    "WLHImagVolume_W2_n": 0.0007025586584716366,
    "WLHImagVolume_W3_n": 6.922147887015301,
    "WLHImagVolume_W4_n": 0.02579712177025151,
    "WLHImagVolume_r0_n": 0.4078332381424095,
    "WLHImagVolume_r1_n": 111.18791305742486,
    "WLHImagVolume_r2_n": 0.9190622971252206,
    "WLHImagVolume_r3_n": 102.71472302095843,
    "WLHImagVolume_r4_n": 0.7245075679175625,
    "WLHImagVolume_r5_n": 2.6575149757097524e-06,
    "WLHImagVolume_a0_n": 0.2145617003829978,
    "WLHImagVolume_a1_n": 0.6296750574605927,
    "WLHImagVolume_a2_n": 7.77391115510965,
    "WLHImagVolume_a3_n": 0.08357869816925775,
    "WLHImagVolume_a4_n": 0.0006696284849123895,
    "WLHImagSurface_W0_p": 0.5530998823557162,
    "WLHImagSurface_W1_p": 0.009116749751956345,
    "WLHImagSurface_W2_p": -0.003369541389925179,
    "WLHImagSurface_W3_p": 0.03128779744130847,
    "WLHImagSurface_r0_p": 0.8103916262120846,
    "WLHImagSurface_r1_p": 0.23947586159236536,
    "WLHImagSurface_r2_p": 0.0011193009310132241,
    "WLHImagSurface_a0_p": 0.6930723523145366,
    "WLHImagSurface_W0_n": 1.8762203826682458,
    "WLHImagSurface_W1_n": 0.05226721798196922,
    "WLHImagSurface_W2_n": 3.6675100694436527,
    "WLHImagSurface_W3_n": 0.2023776393802247,
    "WLHImagSurface_r0_n": 1.3480152329367812,
    "WLHImagSurface_r1_n": 1.5922461303284257,
    "WLHImagSurface_r2_n": 0.003239934697642934,
    "WLHImagSurface_a0_n": 0.8559882701281454,
    "WLHRealSpinOrbit_V0_p": 9.65168764474438,
    "WLHRealSpinOrbit_V1_p": 0.008906026699472757,
    "WLHRealSpinOrbit_r0_p": 1.3051942658354103,
    "WLHRealSpinOrbit_r1_p": 0.9268084215387619,
    "WLHRealSpinOrbit_a0_p": 0.8325246937195718,
    "WLHRealSpinOrbit_a1_p": 0.0003263047800201607,
    "WLHRealSpinOrbit_V0_n": 8.813658431359688,
    "WLHRealSpinOrbit_V1_n": 0.007852431935948638,
    "WLHRealSpinOrbit_r0_n": 1.3051571884944768,
    "WLHRealSpinOrbit_r1_n": 0.8856950278710395,
    "WLHRealSpinOrbit_a0_n": 0.8090091914868587,
    "WLHRealSpinOrbit_a1_n": 0.0003899544829171416
}