{
    "CH89RealCentral": {
        "V_0": 55.887,
        "V_t": 11.1872,
        "V_e": -0.336529,
        "r_o": 1.20558,
        "r_o_0": -0.223658,
        "a_0": 0.723044
    },
    "CH89Coulomb": {
        "r_c": 1.1288,
        "r_c_0": 0.352899
    },
    "CH89SpinOrbit": {
        "V_so": 6.81518,
        "r_so": 1.29628,
        "r_so_0": -1.02375,
        "a_so": 0.720913
    },
    "CH89ImagCentral": {
        "W_v0": 18.0339,
        "W_ve0": 85.119,
        "W_vew": 41.3689,
        "W_s0": 9.40313,
        "W_st": 25.7422,
        "W_se0": 28.4605,
        "W_sew": 55.0451,
        "r_w": 1.32559,
        "r_w0": -0.476433,
        "a_w": 0.74627
    }
}