{
    "CH89RealCentral": {
        "V_0": 58.432,
        "V_t": 12.382,
        "V_e": -0.364678,
        "r_o": 1.18657,
        "r_o_0": -0.280761,
        "a_0": 0.779893
    },
    "CH89Coulomb": {
        "r_c": 1.1551,
        "r_c_0": 0.146192
    },
    "CH89SpinOrbit": {
        "V_so": 5.62386,
        "r_so": 1.28864,
        "r_so_0": -0.99972,
        "a_so": 0.571844
    },
    "CH89ImagCentral": {
        "W_v0": 15.2597,
        "W_ve0": 58.4517,
        "W_vew": 15.5285,
        "W_s0": 29.4094,
        "W_st": 54.7315,
        "W_se0": -53.1952,
        "W_sew": 54.4238,
        "r_w": 1.37463,
        "r_w0": -0.547705,
        "a_w": 0.732528
    }
}