{
    "ECS_p": 0.311874,
    "ECS_n": 0.455263,
    "APower_p": 0.901405,
    "APower_n": 0.347449
}