{
    "ECS_p": 0.422082,
    "ECS_n": 0.32373,
    "APower_p": 0.715588,
    "APower_n": 0.429834
}