{
    "CH89RealCentral": {
        "V_0": 58.2438,
        "V_t": 20.8125,
        "V_e": -0.340945,
        "r_o": 1.16162,
        "r_o_0": -0.207001,
        "a_0": 0.793948
    },
    "CH89Coulomb": {
        "r_c": 1.24633,
        "r_c_0": 0.110725
    },
    "CH89SpinOrbit": {
        "V_so": 5.65548,
        "r_so": 1.38613,
        "r_so_0": -1.63895,
        "a_so": 0.665195
    },
    "CH89ImagCentral": {
        "W_v0": 3.08368,
        "W_ve0": 20.8716,
        "W_vew": 11.5061,
        "W_s0": 15.5399,
        "W_st": 27.0008,
        "W_se0": 1.85938,
        "W_sew": 48.7549,
        "r_w": 1.21929,
        "r_w0": -0.063648,
        "a_w": 0.774656
    }
}