{
    "CH89RealCentral": {
        "V_0": 57.0112,
        "V_t": 12.7681,
        "V_e": -0.384289,
        "r_o": 1.25909,
        "r_o_0": -0.437268,
        "a_0": 0.726563
    },
    "CH89Coulomb": {
        "r_c": 1.23321,
        "r_c_0": -0.00973676
    },
    "CH89SpinOrbit": {
        "V_so": 6.18654,
        "r_so": 1.36653,
        "r_so_0": -1.29283,
        "a_so": 0.612499
    },
    "CH89ImagCentral": {
        "W_v0": 9.73747,
        "W_ve0": 13.7679,
        "W_vew": 23.4222,
        "W_s0": 15.867,
        "W_st": 22.1473,
        "W_se0": -30.9072,
        "W_sew": 54.5919,
        "r_w": 1.19309,
        "r_w0": 0.215561,
        "a_w": 0.618862
    }
}