{
    "WLHReal_V0_p": 51.358192043318766,
    "WLHReal_V1_p": 0.30120059253657827,
    "WLHReal_V2_p": -0.000889961809809958,
    "WLHReal_V3_p": 5.0403986938709806e-06,
    "WLHReal_V4_p": 10.33198000250811,
    "WLHReal_V5_p": 0.14094705122536605,
    "WLHReal_V6_p": 0.0005973938974437533,
    "WLHReal_r0_p": 1.3838735347492503,
    "WLHReal_r1_p": 0.32286992298631906,
    "WLHReal_r2_p": 0.0010824595812420827,
    "WLHReal_r3_p": 1.2550345545290217e-05,
    "WLHReal_a0_p": 0.8188240103464246,
    "WLHReal_a1_p": 7.4530555592061e-05,
    "WLHReal_a2_p": 1.0751335315579616e-05,
    "WLHReal_a3_p": -0.010803869219392602,
    "WLHReal_a4_p": 0.5720379153457704,
    "WLHReal_V0_n": 52.15202073922268,
    "WLHReal_V1_n": 0.288263322270145,
    "WLHReal_V2_n": -2.9444859205661884e-05,
    "WLHReal_V3_n": 2.1108592817182733e-06,
    "WLHReal_V4_n": 21.375868662373435,
    "WLHReal_V5_n": 0.26226993407119986,
    "WLHReal_V6_n": 0.0008766630283310779,
    "WLHReal_r0_n": 1.2755481900165495,
    "WLHReal_r1_n": 0.2630026044312247,
    "WLHReal_r2_n": 0.0008241744996269202,
    "WLHReal_r3_n": 7.305833208765946e-06,
    "WLHReal_a0_n": 0.7294553840971304,
    "WLHReal_a1_n": 0.0007829159208005444,
    "WLHReal_a2_n": 8.796123813910911e-06,
    "WLHReal_a3_n": 0.295923859654871,
    "WLHReal_a4_n": 0.8794082402742434,
    "WLHImagVolume_W0_p": 6.070286362091051,
    "WLHImagVolume_W1_p": 0.2613226807418336,
    "WLHImagVolume_W2_p": 0.0004867072383628238,
    "WLHImagVolume_W3_p": 10.515281954017894,
    "WLHImagVolume_W4_p": 0.09869849240742484,
    "WLHImagVolume_r0_p": 0.6918400215401104,
    "WLHImagVolume_r1_p": 47.84782299922831,
    "WLHImagVolume_r2_p": 0.6577063115442568,
    "WLHImagVolume_r3_p": 61.59561370406469,
    "WLHImagVolume_r4_p": 0.5834658773996522,
    "WLHImagVolume_r5_p": 8.764342476140618e-07,
    "WLHImagVolume_a0_p": 0.6256218742167263,
    "WLHImagVolume_a1_p": 0.26591661736836836,
    "WLHImagVolume_a2_p": 14.90576668478235,
    "WLHImagVolume_a3_p": 0.46730042856990583,
    "WLHImagVolume_a4_p": 0.0033271429598032854,
    "WLHImagVolume_W0_n": 2.390990391871568,
    "WLHImagVolume_W1_n": 0.20175951961246333,
    "WLHImagVolume_W2_n": 0.0003710116426349674,
    "WLHImagVolume_W3_n": 7.760999736965063,
    "WLHImagVolume_W4_n": 0.01456847366985959,
    "WLHImagVolume_r0_n": 0.5431389655140325,
    "WLHImagVolume_r1_n": 85.72116977224472,
    "WLHImagVolume_r2_n": 0.726425728672668,
    "WLHImagVolume_r3_n": 84.91508753302689,
    "WLHImagVolume_r4_n": 0.8513042503478736,
    "WLHImagVolume_r5_n": 2.9962177016768445e-06,
    "WLHImagVolume_a0_n": 0.20334917435723943,
    "WLHImagVolume_a1_n": 0.603488050814677,
    "WLHImagVolume_a2_n": 8.237785780712006,
    "WLHImagVolume_a3_n": 0.05751808585603475,
    "WLHImagVolume_a4_n": 0.0004034195495997568,
    "WLHImagSurface_W0_p": 0.595305702190343,
    "WLHImagSurface_W1_p": 0.020375069320739996,
    "WLHImagSurface_W2_p": 0.13627740541974498,
    "WLHImagSurface_W3_p": 0.0753614268403636,
    "WLHImagSurface_r0_p": 0.8035133757792469,
    "WLHImagSurface_r1_p": 0.027841564638096727,
    "WLHImagSurface_r2_p": -0.0011648919891238353,
    "WLHImagSurface_a0_p": 0.7602677401563991,
    "WLHImagSurface_W0_n": 1.545075304567514,
    "WLHImagSurface_W1_n": 0.03125857239823088,
    "WLHImagSurface_W2_n": 2.0177125990766864,
    "WLHImagSurface_W3_n": 0.1132552879723914,
    "WLHImagSurface_r0_n": 1.2955604119005888,
    "WLHImagSurface_r1_n": 1.4006875694787568,
    "WLHImagSurface_r2_n": 0.003407064328977511,
    "WLHImagSurface_a0_n": 0.8436899912515787,
    "WLHRealSpinOrbit_V0_p": 8.98472450174534,
    "WLHRealSpinOrbit_V1_p": 0.008705096334525493,
    "WLHRealSpinOrbit_r0_p": 1.356368502750602,
    "WLHRealSpinOrbit_r1_p": 0.9958554892642868,
    "WLHRealSpinOrbit_a0_p": 0.8648465523135225,
    "WLHRealSpinOrbit_a1_p": 0.00033899074312743557,
    "WLHRealSpinOrbit_V0_n": 9.651335399851934,
    "WLHRealSpinOrbit_V1_n": 0.008386294663901495,
    "WLHRealSpinOrbit_r0_n": 1.2610336970511031,
    "WLHRealSpinOrbit_r1_n": 0.8438630791423842,
    "WLHRealSpinOrbit_a0_n": 0.790801919918771,
    "WLHRealSpinOrbit_a1_n": 0.00035625055928878343
}