{
    "ECS_p": 0.401869,
    "ECS_n": 0.320033,
    "APower_p": 0.788585,
    "APower_n": 0.191618
}