{
    "CH89RealCentral": {
        "V_0": 55.6287,
        "V_t": 9.34667,
        "V_e": -0.404459,
        "r_o": 1.18476,
        "r_o_0": 0.000543319,
        "a_0": 0.74846
    },
    "CH89Coulomb": {
        "r_c": 1.25958,
        "r_c_0": 0.302625
    },
    "CH89SpinOrbit": {
        "V_so": 5.47047,
        "r_so": 1.22458,
        "r_so_0": -0.817846,
        "a_so": 0.629912
    },
    "CH89ImagCentral": {
        "W_v0": 14.7769,
        "W_ve0": 54.4878,
        "W_vew": 43.778,
        "W_s0": 9.05626,
        "W_st": 35.7269,
        "W_se0": 37.8674,
        "W_sew": 27.4856,
        "r_w": 1.24982,
        "r_w0": -0.0611782,
        "a_w": 0.558469
    }
}