{
    "WLHReal_V0_p": 52.18652832290974,
    "WLHReal_V1_p": 0.2686362903200336,
    "WLHReal_V2_p": -0.001241358612395673,
    "WLHReal_V3_p": 5.1425962050434725e-06,
    "WLHReal_V4_p": 11.32733393433055,
    "WLHReal_V5_p": 0.13711000469819157,
    "WLHReal_V6_p": 0.0007404752983006218,
    "WLHReal_r0_p": 1.3555794103063918,
    "WLHReal_r1_p": 0.22736791814704735,
    "WLHReal_r2_p": 0.0013587802903878559,
    "WLHReal_r3_p": 1.731896750839249e-05,
    "WLHReal_a0_p": 0.8249363669941,
    "WLHReal_a1_p": 0.00014930576733538986,
    "WLHReal_a2_p": 1.3995966733715633e-05,
    "WLHReal_a3_p": -0.044076363020348466,
    "WLHReal_a4_p": 0.5935016291333208,
    "WLHReal_V0_n": 55.58236062826783,
    "WLHReal_V1_n": 0.28251893420350094,
    "WLHReal_V2_n": 0.0007549560531429258,
    "WLHReal_V3_n": -1.4479386795043412e-06,
    "WLHReal_V4_n": 23.00008088207322,
    "WLHReal_V5_n": 0.20719637255990925,
    "WLHReal_V6_n": 0.00017203148078760483,
    "WLHReal_r0_n": 1.1960819286340727,
    "WLHReal_r1_n": 0.23531735681835608,
    "WLHReal_r2_n": 0.0003290417179367967,
    "WLHReal_r3_n": -3.833238536785253e-07,
    "WLHReal_a0_n": 0.6903962672107794,
    "WLHReal_a1_n": 2.6412914225746502e-05,
    "WLHReal_a2_n": -2.478698214632933e-06,
    "WLHReal_a3_n": 0.2346774220165243,
    "WLHReal_a4_n": 0.6542024549107947,
    "WLHImagVolume_W0_p": 6.895987318174331,
    "WLHImagVolume_W1_p": 0.2759415414614083,
    "WLHImagVolume_W2_p": 0.00017577685099296538,
    "WLHImagVolume_W3_p": 10.544848229221225,
    "WLHImagVolume_W4_p": 0.11021352204490642,
    "WLHImagVolume_r0_p": 1.0435258859310772,
    "WLHImagVolume_r1_p": 2.1492051012845934,
    "WLHImagVolume_r2_p": 0.281963634275413,
    "WLHImagVolume_r3_p": 28.798252011430225,
    "WLHImagVolume_r4_p": 0.9574036018526384,
    "WLHImagVolume_r5_p": 2.3306557699997665e-06,
    "WLHImagVolume_a0_p": 0.7025896888697499,
    "WLHImagVolume_a1_p": 0.1619259401445412,
    "WLHImagVolume_a2_p": 6.10663653754575,
    "WLHImagVolume_a3_p": 0.561924582697915,
    "WLHImagVolume_a4_p": 0.0047278874428663895,
    "WLHImagVolume_W0_n": 1.6033807653936512,
    "WLHImagVolume_W1_n": 0.1676009413020632,
    "WLHImagVolume_W2_n": -2.8017512053405184e-05,
    "WLHImagVolume_W3_n": 7.171914654330281,
    "WLHImagVolume_W4_n": 0.029495000071224232,
    "WLHImagVolume_r0_n": 0.6151482797835346,
    "WLHImagVolume_r1_n": 52.43308656541137,
    "WLHImagVolume_r2_n": 0.5734032930286252,
    "WLHImagVolume_r3_n": 52.154927578670424,
    "WLHImagVolume_r4_n": 0.9990964134554678,
    "WLHImagVolume_r5_n": 1.8609732018312959e-06,
    "WLHImagVolume_a0_n": 0.15724035741445339,
    "WLHImagVolume_a1_n": 0.6325091496312943,
    "WLHImagVolume_a2_n": 11.688232217850004,
    "WLHImagVolume_a3_n": 0.07269669868516973,
    "WLHImagVolume_a4_n": 0.0008864331707407371,
    "WLHImagSurface_W0_p": -0.12345384393482273,
    "WLHImagSurface_W1_p": -0.05026358123603304,
    "WLHImagSurface_W2_p": -1.5844820483352222,
    "WLHImagSurface_W3_p": -0.1878121544314673,
    "WLHImagSurface_r0_p": 0.5229061870450933,
    "WLHImagSurface_r1_p": -0.31775037270887435,
    "WLHImagSurface_r2_p": -0.003436641256175278,
    "WLHImagSurface_a0_p": 0.5431817636855981,
    "WLHImagSurface_W0_n": 1.1920438958254764,
    "WLHImagSurface_W1_n": -0.0045797814427784925,
    "WLHImagSurface_W2_n": 0.9308888684784975,
    "WLHImagSurface_W3_n": -0.006151403589443855,
    "WLHImagSurface_r0_n": 1.2327579569093847,
    "WLHImagSurface_r1_n": 1.08253907343803,
    "WLHImagSurface_r2_n": 0.004653943491127438,
    "WLHImagSurface_a0_n": 0.8041618541826451,
    "WLHRealSpinOrbit_V0_p": 9.887570411006493,
    "WLHRealSpinOrbit_V1_p": 0.00970956523689018,
    "WLHRealSpinOrbit_r0_p": 1.355422567164199,
    "WLHRealSpinOrbit_r1_p": 1.017062804912487,
    "WLHRealSpinOrbit_a0_p": 0.8821585709451218,
    "WLHRealSpinOrbit_a1_p": 0.0003051194821630584,
    "WLHRealSpinOrbit_V0_n": 10.54425573280448,
    "WLHRealSpinOrbit_V1_n": 0.008428024549670374,
    "WLHRealSpinOrbit_r0_n": 1.1772386272622486,
    "WLHRealSpinOrbit_r1_n": 0.7145573403015585,
    "WLHRealSpinOrbit_a0_n": 0.7300397426170755,
    "WLHRealSpinOrbit_a1_n": 0.00036101232037068047
}