{
    "WLHReal_V0_p": 53.81023365208006,
    "WLHReal_V1_p": 0.27798724944529385,
    "WLHReal_V2_p": 0.00040575684713105623,
    "WLHReal_V3_p": -1.2796055219769488e-07,
    "WLHReal_V4_p": 15.340119133355834,
    "WLHReal_V5_p": 0.13028262305756025,
    "WLHReal_V6_p": 0.00015141287006088452,
    "WLHReal_r0_p": 1.2588445436379996,
    "WLHReal_r1_p": 0.2973597526141733,
    "WLHReal_r2_p": 0.000423967551539224,
    "WLHReal_r3_p": 1.610610473365391e-06,
    "WLHReal_a0_p": 0.7447158977740422,
    "WLHReal_a1_p": 0.00011683957540986315,
    "WLHReal_a2_p": 7.538893148543518e-07,
    "WLHReal_a3_p": 0.0604742035425814,
    "WLHReal_a4_p": 0.4691419007847689,
    "WLHReal_V0_n": 59.479467422429444,
    "WLHReal_V1_n": 0.32629630162025786,
    "WLHReal_V2_n": 0.0008128232139511464,
    "WLHReal_V3_n": -7.285337688184837e-07,
    "WLHReal_V4_n": 21.758309720109683,
    "WLHReal_V5_n": 0.22838955011312176,
    "WLHReal_V6_n": 0.00014874147866238217,
    "WLHReal_r0_n": 1.214819378793359,
    "WLHReal_r1_n": 0.3631335559045578,
    "WLHReal_r2_n": 0.00019623696273837472,
    "WLHReal_r3_n": -3.934040149264262e-06,
    "WLHReal_a0_n": 0.6939020398317093,
    "WLHReal_a1_n": -0.00024094598256489252,
    "WLHReal_a2_n": -7.085733808141795e-06,
    "WLHReal_a3_n": 0.11758840877024188,
    "WLHReal_a4_n": 0.48413366811586395,
    "WLHImagVolume_W0_p": 2.7674248057000796,
    "WLHImagVolume_W1_p": 0.16085821595868496,
    "WLHImagVolume_W2_p": 0.0001019434604171822,
    "WLHImagVolume_W3_p": 10.132745225077333,
    "WLHImagVolume_W4_p": 0.05374128333317198,
    "WLHImagVolume_r0_p": 0.6410796635265795,
    "WLHImagVolume_r1_p": 40.24214170867868,
    "WLHImagVolume_r2_p": 0.5689832420276513,
    "WLHImagVolume_r3_p": 49.65695050007689,
    "WLHImagVolume_r4_p": 0.6553829187413877,
    "WLHImagVolume_r5_p": 1.528631235816693e-06,
    "WLHImagVolume_a0_p": 0.5105352331895794,
    "WLHImagVolume_a1_p": 0.27564568781443166,
    "WLHImagVolume_a2_p": 14.041702980930092,
    "WLHImagVolume_a3_p": 0.3727167662118836,
    "WLHImagVolume_a4_p": 0.0016577224527988452,
    "WLHImagVolume_W0_n": 2.3953625134121954,
    "WLHImagVolume_W1_n": 0.29819104112917044,
    "WLHImagVolume_W2_n": 0.00043964974524227297,
    "WLHImagVolume_W3_n": 8.926068081398,
    "WLHImagVolume_W4_n": 0.09270541100226787,
    "WLHImagVolume_r0_n": 0.5467365750303763,
    "WLHImagVolume_r1_n": 53.756631075595855,
    "WLHImagVolume_r2_n": 0.6587789181816226,
    "WLHImagVolume_r3_n": 57.59090081932011,
    "WLHImagVolume_r4_n": 0.9794083595355121,
    "WLHImagVolume_r5_n": 1.6381980968872155e-06,
    "WLHImagVolume_a0_n": 0.1794126522150451,
    "WLHImagVolume_a1_n": 0.6355460597328862,
    "WLHImagVolume_a2_n": 8.966473567971082,
    "WLHImagVolume_a3_n": 0.03778899493955078,
    "WLHImagVolume_a4_n": 0.0009811288003146366,
    "WLHImagSurface_W0_p": 1.227811599851091,
    "WLHImagSurface_W1_p": 0.05770949379674095,
    "WLHImagSurface_W2_p": 1.8898410426032421,
    "WLHImagSurface_W3_p": 0.202228112325458,
    "WLHImagSurface_r0_p": 1.052390005353834,
    "WLHImagSurface_r1_p": 0.6750940680466002,
    "WLHImagSurface_r2_p": 0.007944799449647395,
    "WLHImagSurface_a0_p": 0.7474875465733515,
    "WLHImagSurface_W0_n": 2.0502791950451607,
    "WLHImagSurface_W1_n": 0.02508377748895725,
    "WLHImagSurface_W2_n": 2.902383909347555,
    "WLHImagSurface_W3_n": 0.08040909431921349,
    "WLHImagSurface_r0_n": 1.2388854869780583,
    "WLHImagSurface_r1_n": 1.3007561980907631,
    "WLHImagSurface_r2_n": 0.005252187512840163,
    "WLHImagSurface_a0_n": 0.7920889555184034,
    "WLHRealSpinOrbit_V0_p": 9.91426905375704,
    "WLHRealSpinOrbit_V1_p": 0.008223717983725514,
    "WLHRealSpinOrbit_r0_p": 1.2297092306510224,
    "WLHRealSpinOrbit_r1_p": 0.7764535638815185,
    "WLHRealSpinOrbit_a0_p": 0.7605828068777658,
    "WLHRealSpinOrbit_a1_p": 0.00038653064228599354,
    "WLHRealSpinOrbit_V0_n": 10.349838619202474,
    "WLHRealSpinOrbit_V1_n": 0.008282892096170492,
    "WLHRealSpinOrbit_r0_n": 1.1766951091172881,
    "WLHRealSpinOrbit_r1_n": 0.7234909217497839,
    "WLHRealSpinOrbit_a0_n": 0.7296554361430644,
    "WLHRealSpinOrbit_a1_n": 0.0003394306735435471
}