{
    "WLHReal_V0_p": 54.64604508786071,
    "WLHReal_V1_p": 0.322330454140437,
    "WLHReal_V2_p": 0.0004730835002718258,
    "WLHReal_V3_p": 3.5068110072960065e-07,
    "WLHReal_V4_p": 13.967638005110711,
    "WLHReal_V5_p": 0.0950194923935204,
    "WLHReal_V6_p": 5.195298580153699e-05,
    "WLHReal_r0_p": 1.2200536832536906,
    "WLHReal_r1_p": 0.14505064751745414,
    "WLHReal_r2_p": 0.0009248579616418486,
    "WLHReal_r3_p": 6.681821936070829e-06,
    "WLHReal_a0_p": 0.7492137069799238,
    "WLHReal_a1_p": -1.1819625905776538e-05,
    "WLHReal_a2_p": 4.724741398769271e-06,
    "WLHReal_a3_p": 0.0934829870600094,
    "WLHReal_a4_p": 0.6366715498152303,
    "WLHReal_V0_n": 52.40354683904246,
    "WLHReal_V1_n": 0.2775032006123386,
    "WLHReal_V2_n": 0.0002907842127676981,
    "WLHReal_V3_n": 1.6007538963635885e-07,
    "WLHReal_V4_n": 22.032574308281674,
    "WLHReal_V5_n": 0.23675402443714633,
    "WLHReal_V6_n": 0.000552976283972224,
    "WLHReal_r0_n": 1.2543072535275819,
    "WLHReal_r1_n": 0.2637834545190552,
    "WLHReal_r2_n": 0.0005892368621758515,
    "WLHReal_r3_n": 3.7101879291561474e-06,
    "WLHReal_a0_n": 0.7112697997705022,
    "WLHReal_a1_n": 0.00048584176492050566,
    "WLHReal_a2_n": 3.666561977776998e-06,
    "WLHReal_a3_n": 0.2650007877923198,
    "WLHReal_a4_n": 0.7594452877385669,
    "WLHImagVolume_W0_p": 2.987020170526426,
    "WLHImagVolume_W1_p": 0.18423233407176925,
    "WLHImagVolume_W2_p": 0.00027455186472534053,
    "WLHImagVolume_W3_p": 13.03188221460442,
    "WLHImagVolume_W4_p": 0.04913473797836028,
    "WLHImagVolume_r0_p": 0.6435617925411871,
    "WLHImagVolume_r1_p": 57.255180084000514,
    "WLHImagVolume_r2_p": 0.5620621937496015,
    "WLHImagVolume_r3_p": 73.86936645159534,
    "WLHImagVolume_r4_p": 0.7072379251142984,
    "WLHImagVolume_r5_p": 1.5435379199129915e-06,
    "WLHImagVolume_a0_p": 0.4891258372701272,
    "WLHImagVolume_a1_p": 0.2996474389554388,
    "WLHImagVolume_a2_p": 16.74087648824855,
    "WLHImagVolume_a3_p": 0.347326052583446,
    "WLHImagVolume_a4_p": 0.001264801941628051,
    "WLHImagVolume_W0_n": 1.702665868259759,
    "WLHImagVolume_W1_n": 0.16435204124446834,
    "WLHImagVolume_W2_n": 0.00017936719416455758,
    "WLHImagVolume_W3_n": 6.66923338085131,
    "WLHImagVolume_W4_n": 0.009521402475179436,
    "WLHImagVolume_r0_n": 0.5419856051935003,
    "WLHImagVolume_r1_n": 79.92911827589217,
    "WLHImagVolume_r2_n": 0.7030213367935485,
    "WLHImagVolume_r3_n": 74.61123661931089,
    "WLHImagVolume_r4_n": 0.8685429712319482,
    "WLHImagVolume_r5_n": 2.2606948149038886e-06,
    "WLHImagVolume_a0_n": 0.1752724184495322,
    "WLHImagVolume_a1_n": 0.6278509277163947,
    "WLHImagVolume_a2_n": 10.483984611260823,
    "WLHImagVolume_a3_n": 0.08146750796061245,
    "WLHImagVolume_a4_n": 0.0006595883301068566,
    "WLHImagSurface_W0_p": 0.9990147548771056,
    "WLHImagSurface_W1_p": 0.024365936837730855,
    "WLHImagSurface_W2_p": 0.10601123453011996,
    "WLHImagSurface_W3_p": 0.050939426379392624,
    "WLHImagSurface_r0_p": 1.119971015895232,
    "WLHImagSurface_r1_p": 0.6323515103815411,
    "WLHImagSurface_r2_p": 0.007111864458315757,
    "WLHImagSurface_a0_p": 0.9208910992690247,
    "WLHImagSurface_W0_n": 1.2924729404511184,
    "WLHImagSurface_W1_n": 0.01420310192238515,
    "WLHImagSurface_W2_n": 1.5892915718930052,
    "WLHImagSurface_W3_n": 0.06529432764188967,
    "WLHImagSurface_r0_n": 1.28464659370079,
    "WLHImagSurface_r1_n": 1.2601875412623507,
    "WLHImagSurface_r2_n": 0.003835797376165032,
    "WLHImagSurface_a0_n": 0.8313993531286624,
    "WLHRealSpinOrbit_V0_p": 10.117721910875797,
    "WLHRealSpinOrbit_V1_p": 0.008457873423451922,
    "WLHRealSpinOrbit_r0_p": 1.2108404577647278,
    "WLHRealSpinOrbit_r1_p": 0.786142710672068,
    "WLHRealSpinOrbit_a0_p": 0.7607597768855364,
    "WLHRealSpinOrbit_a1_p": 0.00033150250613246175,
    "WLHRealSpinOrbit_V0_n": 9.82219827646679,
    "WLHRealSpinOrbit_V1_n": 0.008230810152783829,
    "WLHRealSpinOrbit_r0_n": 1.234896605185648,
    "WLHRealSpinOrbit_r1_n": 0.7924194392506246,
    "WLHRealSpinOrbit_a0_n": 0.766913012192262,
    "WLHRealSpinOrbit_a1_n": 0.0003760503652658728
}