{
    "WLHReal_V0_p": 51.34825735089185,
    "WLHReal_V1_p": 0.28770630859342944,
    "WLHReal_V2_p": -0.0003560326209452652,
    "WLHReal_V3_p": 3.0364093669343834e-06,
    "WLHReal_V4_p": 12.490763401199649,
    "WLHReal_V5_p": 0.12353435116826944,
    "WLHReal_V6_p": 0.00038112778343445976,
    "WLHReal_r0_p": 1.3235329285007038,
    "WLHReal_r1_p": 0.2635113981088085,
    "WLHReal_r2_p": 0.0008595546338909059,
    "WLHReal_r3_p": 8.639062762555925e-06,
    "WLHReal_a0_p": 0.7828546664442917,
    "WLHReal_a1_p": 8.733742499180831e-06,
    "WLHReal_a2_p": 7.5742611506340825e-06,
    "WLHReal_a3_p": 0.008515557182152508,
    "WLHReal_a4_p": 0.5262545559001245,
    "WLHReal_V0_n": 48.69036718083635,
    "WLHReal_V1_n": 0.2876409218508569,
    "WLHReal_V2_n": -0.0004410868468054401,
    "WLHReal_V3_n": 3.4027969710906393e-06,
    "WLHReal_V4_n": 20.512714402485493,
    "WLHReal_V5_n": 0.2843960704305881,
    "WLHReal_V6_n": 0.0012388656057377577,
    "WLHReal_r0_n": 1.3201303758618235,
    "WLHReal_r1_n": 0.246075297345485,
    "WLHReal_r2_n": 0.001125553531063017,
    "WLHReal_r3_n": 1.2169157346677606e-05,
    "WLHReal_a0_n": 0.7485858134207912,
    "WLHReal_a1_n": 0.0013091316094118676,
    "WLHReal_a2_n": 1.6513937429200657e-05,
    "WLHReal_a3_n": 0.3565820284112878,
    "WLHReal_a4_n": 1.0432579947354408,
    "WLHImagVolume_W0_p": 4.428252290433236,
    "WLHImagVolume_W1_p": 0.1889043999154836,
    "WLHImagVolume_W2_p": 0.00024986347890231257,
    "WLHImagVolume_W3_p": 9.68433955890738,
    "WLHImagVolume_W4_p": 0.07047763960947565,
    "WLHImagVolume_r0_p": 0.7067341575010939,
    "WLHImagVolume_r1_p": 44.70699512735735,
    "WLHImagVolume_r2_p": 0.5870187083754199,
    "WLHImagVolume_r3_p": 58.94628878702058,
    "WLHImagVolume_r4_p": 0.631866395447787,
    "WLHImagVolume_r5_p": 1.5057253502707175e-06,
    "WLHImagVolume_a0_p": 0.5666851385570859,
    "WLHImagVolume_a1_p": 0.27534344647088216,
    "WLHImagVolume_a2_p": 15.233143129558547,
    "WLHImagVolume_a3_p": 0.41106732049761685,
    "WLHImagVolume_a4_p": 0.002398326441626149,
    "WLHImagVolume_W0_n": 2.4557730780069194,
    "WLHImagVolume_W1_n": 0.17850962635954698,
    "WLHImagVolume_W2_n": 0.0005327157943640138,
    "WLHImagVolume_W3_n": 7.153752140807626,
    "WLHImagVolume_W4_n": -0.01119231309952316,
    "WLHImagVolume_r0_n": 0.4756103952247832,
    "WLHImagVolume_r1_n": 115.25444301978008,
    "WLHImagVolume_r2_n": 0.8402878791886303,
    "WLHImagVolume_r3_n": 107.53000877403508,
    "WLHImagVolume_r4_n": 0.6941597786125755,
    "WLHImagVolume_r5_n": 2.608203341782784e-06,
    "WLHImagVolume_a0_n": 0.20890339331532007,
    "WLHImagVolume_a1_n": 0.5985181862094144,
    "WLHImagVolume_a2_n": 7.221153270788545,
    "WLHImagVolume_a3_n": 0.05885746353020285,
    "WLHImagVolume_a4_n": -2.9008792500486423e-05,
    "WLHImagSurface_W0_p": 0.8319963242911601,
    "WLHImagSurface_W1_p": 0.029222929868067182,
    "WLHImagSurface_W2_p": 0.5822930487910818,
    "WLHImagSurface_W3_p": 0.09438253500655092,
    "WLHImagSurface_r0_p": 0.9184910159478284,
    "WLHImagSurface_r1_p": 0.20574894988407055,
    "WLHImagSurface_r2_p": 0.0025469543399410984,
    "WLHImagSurface_a0_p": 0.7968001225043374,
    "WLHImagSurface_W0_n": 1.6242800526078325,
    "WLHImagSurface_W1_n": 0.04804409892050734,
    "WLHImagSurface_W2_n": 2.415424129343062,
    "WLHImagSurface_W3_n": 0.1726684029242022,
    "WLHImagSurface_r0_n": 1.3486545172670528,
    "WLHImagSurface_r1_n": 1.5551400345461215,
    "WLHImagSurface_r2_n": 0.002640704833640373,
    "WLHImagSurface_a0_n": 0.8695719943135036,
    "WLHRealSpinOrbit_V0_p": 9.36724768573642,
    "WLHRealSpinOrbit_V1_p": 0.008516623033000468,
    "WLHRealSpinOrbit_r0_p": 1.3047837298758398,
    "WLHRealSpinOrbit_r1_p": 0.9069157205455044,
    "WLHRealSpinOrbit_a0_p": 0.8228985017673336,
    "WLHRealSpinOrbit_a1_p": 0.0003602115730561499,
    "WLHRealSpinOrbit_V0_n": 8.991237499023581,
    "WLHRealSpinOrbit_V1_n": 0.008211455389850549,
    "WLHRealSpinOrbit_r0_n": 1.3115386453812454,
    "WLHRealSpinOrbit_r1_n": 0.9162788506569607,
    "WLHRealSpinOrbit_a0_n": 0.824506162856977,
    "WLHRealSpinOrbit_a1_n": 0.0003640754728171464
}