{
    "WLHReal_V0_p": 57.37256203941979,
    "WLHReal_V1_p": 0.3189453065580461,
    "WLHReal_V2_p": 0.00014086654596874812,
    "WLHReal_V3_p": 9.245630921031764e-07,
    "WLHReal_V4_p": 13.55713542399018,
    "WLHReal_V5_p": 0.13242531095251503,
    "WLHReal_V6_p": 0.0002696812073487376,
    "WLHReal_r0_p": 1.2512752545786643,
    "WLHReal_r1_p": 0.24972204015246074,
    "WLHReal_r2_p": 0.0009686612559425576,
    "WLHReal_r3_p": 7.82908445488426e-06,
    "WLHReal_a0_p": 0.7762767487824815,
    "WLHReal_a1_p": 0.00024943470961738426,
    "WLHReal_a2_p": 4.297550078927274e-06,
    "WLHReal_a3_p": 0.09431687444753956,
    "WLHReal_a4_p": 0.6574982344019242,
    "WLHReal_V0_n": 59.455955330439835,
    "WLHReal_V1_n": 0.3258731617355842,
    "WLHReal_V2_n": -7.090318409229171e-05,
    "WLHReal_V3_n": 1.5460738245349405e-06,
    "WLHReal_V4_n": 20.93341712696681,
    "WLHReal_V5_n": 0.29580013080953166,
    "WLHReal_V6_n": 0.0010026912772918687,
    "WLHReal_r0_n": 1.2595817146358748,
    "WLHReal_r1_n": 0.3644739915301257,
    "WLHReal_r2_n": 0.0007719548009562061,
    "WLHReal_r3_n": 6.006947344227485e-06,
    "WLHReal_a0_n": 0.7409187054503991,
    "WLHReal_a1_n": 0.0003974167156065735,
    "WLHReal_a2_n": 4.896511697950156e-06,
    "WLHReal_a3_n": 0.20111185675722615,
    "WLHReal_a4_n": 0.7746178449075463,
    "WLHImagVolume_W0_p": 4.536579790564693,
    "WLHImagVolume_W1_p": 0.2864160415365858,
    "WLHImagVolume_W2_p": 0.0003901155662902573,
    "WLHImagVolume_W3_p": 14.71658653817271,
    "WLHImagVolume_W4_p": 0.08673832476481338,
    "WLHImagVolume_r0_p": 0.7056657091376103,
    "WLHImagVolume_r1_p": 37.35448909880272,
    "WLHImagVolume_r2_p": 0.5042120784845163,
    "WLHImagVolume_r3_p": 53.48765849310449,
    "WLHImagVolume_r4_p": 0.8050112386610089,
    "WLHImagVolume_r5_p": 2.394553758219534e-06,
    "WLHImagVolume_a0_p": 0.5706343218022641,
    "WLHImagVolume_a1_p": 0.23702447667550208,
    "WLHImagVolume_a2_p": 11.01654548859244,
    "WLHImagVolume_a3_p": 0.44949907657550897,
    "WLHImagVolume_a4_p": 0.0027748489595038504,
    "WLHImagVolume_W0_n": 4.2478906748035525,
    "WLHImagVolume_W1_n": 0.3926953861403277,
    "WLHImagVolume_W2_n": 0.0007155080547470153,
    "WLHImagVolume_W3_n": 12.239466654243188,
    "WLHImagVolume_W4_n": 0.09898252011963293,
    "WLHImagVolume_r0_n": 0.6503127296266249,
    "WLHImagVolume_r1_n": 42.90406823479996,
    "WLHImagVolume_r2_n": 0.6051105008801289,
    "WLHImagVolume_r3_n": 69.15854757537451,
    "WLHImagVolume_r4_n": 1.1212133817388628,
    "WLHImagVolume_r5_n": 4.07812490069658e-06,
    "WLHImagVolume_a0_n": 0.2788708764888021,
    "WLHImagVolume_a1_n": 0.5530674511691454,
    "WLHImagVolume_a2_n": 3.6138261627441746,
    "WLHImagVolume_a3_n": -0.009619705064946166,
    "WLHImagVolume_a4_n": 0.0007666277947798692,
    "WLHImagSurface_W0_p": 0.6827312677451214,
    "WLHImagSurface_W1_p": 0.00870380453784466,
    "WLHImagSurface_W2_p": -0.005725765940959748,
    "WLHImagSurface_W3_p": 0.02018224995848536,
    "WLHImagSurface_r0_p": 0.9265549705152731,
    "WLHImagSurface_r1_p": 0.6380497259581732,
    "WLHImagSurface_r2_p": 0.005066301441681458,
    "WLHImagSurface_a0_p": 0.7037309600568376,
    "WLHImagSurface_W0_n": 2.293092509730712,
    "WLHImagSurface_W1_n": 0.05217680332847559,
    "WLHImagSurface_W2_n": 3.103839780955215,
    "WLHImagSurface_W3_n": 0.15456110455088368,
    "WLHImagSurface_r0_n": 1.222771272885915,
    "WLHImagSurface_r1_n": 1.5396313525638958,
    "WLHImagSurface_r2_n": 0.003926173709287902,
    "WLHImagSurface_a0_n": 0.8227158309207242,
    "WLHRealSpinOrbit_V0_p": 10.36978287041353,
    "WLHRealSpinOrbit_V1_p": 0.008914164793989455,
    "WLHRealSpinOrbit_r0_p": 1.2272595726762514,
    "WLHRealSpinOrbit_r1_p": 0.8204230914859533,
    "WLHRealSpinOrbit_a0_p": 0.7796261154273163,
    "WLHRealSpinOrbit_a1_p": 0.0003105078759698839,
    "WLHRealSpinOrbit_V0_n": 10.376231943666028,
    "WLHRealSpinOrbit_V1_n": 0.009047121061820707,
    "WLHRealSpinOrbit_r0_n": 1.2355820187753352,
    "WLHRealSpinOrbit_r1_n": 0.841578408479183,
    "WLHRealSpinOrbit_a0_n": 0.7887521228313464,
    "WLHRealSpinOrbit_a1_n": 0.0002913520201333147
}