{
    "CH89RealCentral": {
        "V_0": 56.8132,
        "V_t": 16.4661,
        "V_e": -0.377429,
        "r_o": 1.19387,
        "r_o_0": -0.212687,
        "a_0": 0.730137
    },
    "CH89Coulomb": {
        "r_c": 1.25393,
        "r_c_0": 0.219527
    },
    "CH89SpinOrbit": {
        "V_so": 5.62024,
        "r_so": 1.35737,
        "r_so_0": -1.4145,
        "a_so": 0.644594
    },
    "CH89ImagCentral": {
        "W_v0": 8.51336,
        "W_ve0": 23.1589,
        "W_vew": 12.3869,
        "W_s0": 16.2306,
        "W_st": 37.2463,
        "W_se0": -18.136,
        "W_sew": 51.3773,
        "r_w": 1.31076,
        "r_w0": -0.64631,
        "a_w": 0.800398
    }
}