{
    "ECS_p": 0.290981,
    "ECS_n": 0.302108,
    "APower_p": 0.778134,
    "APower_n": 0.639634
}