{
    "WLHReal_V0_p": 58.6787106534859,
    "WLHReal_V1_p": 0.31252522240971103,
    "WLHReal_V2_p": 0.0008329897041812127,
    "WLHReal_V3_p": -1.0927528299223742e-06,
    "WLHReal_V4_p": 15.680826912517475,
    "WLHReal_V5_p": 0.14800955650205735,
    "WLHReal_V6_p": 6.716950077074893e-05,
    "WLHReal_r0_p": 1.2233967182873857,
    "WLHReal_r1_p": 0.3509948194494162,
    "WLHReal_r2_p": 0.0004045571105950037,
    "WLHReal_r3_p": -1.2003209818062838e-06,
    "WLHReal_a0_p": 0.7439462163251869,
    "WLHReal_a1_p": 0.00033469676136729614,
    "WLHReal_a2_p": -2.985788925132225e-06,
    "WLHReal_a3_p": 0.13752325579383445,
    "WLHReal_a4_p": 0.5625060880082728,
    "WLHReal_V0_n": 54.93674909904986,
    "WLHReal_V1_n": 0.2699659255940546,
    "WLHReal_V2_n": 0.00036192075208333783,
    "WLHReal_V3_n": -1.3617511048391986e-07,
    "WLHReal_V4_n": 22.881636398211725,
    "WLHReal_V5_n": 0.23394527985769198,
    "WLHReal_V6_n": 0.0005239470493913524,
    "WLHReal_r0_n": 1.2183246817250752,
    "WLHReal_r1_n": 0.2379591526527733,
    "WLHReal_r2_n": 0.0005565280707233236,
    "WLHReal_r3_n": 3.441709459776477e-06,
    "WLHReal_a0_n": 0.709220372751391,
    "WLHReal_a1_n": 0.00028950255947714026,
    "WLHReal_a2_n": 2.3162430715666845e-06,
    "WLHReal_a3_n": 0.2727995557036746,
    "WLHReal_a4_n": 0.76634819236038,
    "WLHImagVolume_W0_p": 2.906976334336596,
    "WLHImagVolume_W1_p": 0.25317657393584997,
    "WLHImagVolume_W2_p": 0.00035162072505019027,
    "WLHImagVolume_W3_p": 14.278917056746911,
    "WLHImagVolume_W4_p": 0.07077905792016442,
    "WLHImagVolume_r0_p": 0.5208808327196766,
    "WLHImagVolume_r1_p": 47.11329837551599,
    "WLHImagVolume_r2_p": 0.6363522875888716,
    "WLHImagVolume_r3_p": 52.80678629246476,
    "WLHImagVolume_r4_p": 0.665786623703488,
    "WLHImagVolume_r5_p": 1.950455587683139e-06,
    "WLHImagVolume_a0_p": 0.5041835987875141,
    "WLHImagVolume_a1_p": 0.2710190180375429,
    "WLHImagVolume_a2_p": 12.804611750215699,
    "WLHImagVolume_a3_p": 0.39064132219018605,
    "WLHImagVolume_a4_p": 0.0017768399777748061,
    "WLHImagVolume_W0_n": 2.1855886939734264,
    "WLHImagVolume_W1_n": 0.1898571754458689,
    "WLHImagVolume_W2_n": 7.5618467116189e-06,
    "WLHImagVolume_W3_n": 8.173182287678216,
    "WLHImagVolume_W4_n": 0.02222279272391421,
    "WLHImagVolume_r0_n": 0.6677334184717086,
    "WLHImagVolume_r1_n": 46.30923975752695,
    "WLHImagVolume_r2_n": 0.5431590349251474,
    "WLHImagVolume_r3_n": 55.279140411524445,
    "WLHImagVolume_r4_n": 1.0779727466491085,
    "WLHImagVolume_r5_n": 2.7914294639682886e-06,
    "WLHImagVolume_a0_n": 0.19986833859671094,
    "WLHImagVolume_a1_n": 0.599494607668378,
    "WLHImagVolume_a2_n": 10.04848610313005,
    "WLHImagVolume_a3_n": 0.06640590233404942,
    "WLHImagVolume_a4_n": 0.0009198196321283253,
    "WLHImagSurface_W0_p": 1.3164834375121393,
    "WLHImagSurface_W1_p": 0.06591712376862467,
    "WLHImagSurface_W2_p": 2.102127956362018,
    "WLHImagSurface_W3_p": 0.24157136209748042,
    "WLHImagSurface_r0_p": 1.1178120794402593,
    "WLHImagSurface_r1_p": 1.1345180938549946,
    "WLHImagSurface_r2_p": 0.010224188134530843,
    "WLHImagSurface_a0_p": 0.7053137699470688,
    "WLHImagSurface_W0_n": 1.1149079190016806,
    "WLHImagSurface_W1_n": 0.0008714879737639,
    "WLHImagSurface_W2_n": 0.7502639627906278,
    "WLHImagSurface_W3_n": 0.011809971266078856,
    "WLHImagSurface_r0_n": 1.223888583243832,
    "WLHImagSurface_r1_n": 1.143634021111073,
    "WLHImagSurface_r2_n": 0.003971204167484135,
    "WLHImagSurface_a0_n": 0.8195903882241447,
    "WLHRealSpinOrbit_V0_p": 10.3820873590711,
    "WLHRealSpinOrbit_V1_p": 0.008246610335782459,
    "WLHRealSpinOrbit_r0_p": 1.1759753382253364,
    "WLHRealSpinOrbit_r1_p": 0.7114565520696937,
    "WLHRealSpinOrbit_a0_p": 0.7259823660294081,
    "WLHRealSpinOrbit_a1_p": 0.000358081127305004,
    "WLHRealSpinOrbit_V0_n": 10.561041520040485,
    "WLHRealSpinOrbit_V1_n": 0.008747717003631318,
    "WLHRealSpinOrbit_r0_n": 1.2049541959226653,
    "WLHRealSpinOrbit_r1_n": 0.7623344912582781,
    "WLHRealSpinOrbit_a0_n": 0.7553137573844076,
    "WLHRealSpinOrbit_a1_n": 0.0003524047472806135
}