{
    "WLHReal_V0_p": 50.925783952986414,
    "WLHReal_V1_p": 0.2885360460955649,
    "WLHReal_V2_p": -8.481193569945565e-05,
    "WLHReal_V3_p": 2.260034670193944e-06,
    "WLHReal_V4_p": 13.163875829758078,
    "WLHReal_V5_p": 0.10999543446690735,
    "WLHReal_V6_p": 0.0002546386625251828,
    "WLHReal_r0_p": 1.2972781238701259,
    "WLHReal_r1_p": 0.22524842133842063,
    "WLHReal_r2_p": 0.0007817519841353757,
    "WLHReal_r3_p": 7.730314539656449e-06,
    "WLHReal_a0_p": 0.7657973858193929,
    "WLHReal_a1_p": -6.752995649024094e-05,
    "WLHReal_a2_p": 6.695497470003757e-06,
    "WLHReal_a3_p": 0.01981929549019569,
    "WLHReal_a4_p": 0.5150439699837452,
    "WLHReal_V0_n": 51.16421245918097,
    "WLHReal_V1_n": 0.2704401011169528,
    "WLHReal_V2_n": -0.0009302608892939171,
    "WLHReal_V3_n": 4.424499972292332e-06,
    "WLHReal_V4_n": 20.363784187722157,
    "WLHReal_V5_n": 0.3338678799642203,
    "WLHReal_V6_n": 0.0016402981859337318,
    "WLHReal_r0_n": 1.3573395736679084,
    "WLHReal_r1_n": 0.36634644268245603,
    "WLHReal_r2_n": 0.0012302018251496133,
    "WLHReal_r3_n": 1.4374782196113627e-05,
    "WLHReal_a0_n": 0.7727085446422831,
    "WLHReal_a1_n": 0.0012594249261243377,
    "WLHReal_a2_n": 1.7610707888913532e-05,
    "WLHReal_a3_n": 0.30607858597144527,
    "WLHReal_a4_n": 0.9969390858454179,
    "WLHImagVolume_W0_p": 3.561415015393992,
    "WLHImagVolume_W1_p": 0.14816125591584656,
    "WLHImagVolume_W2_p": 0.0001829160878236735,
    "WLHImagVolume_W3_p": 9.306905117205337,
    "WLHImagVolume_W4_p": 0.053667778638544064,
    "WLHImagVolume_r0_p": 0.6756858853953325,
    "WLHImagVolume_r1_p": 51.086546444415376,
    "WLHImagVolume_r2_p": 0.5991280616521697,
    "WLHImagVolume_r3_p": 64.99539286963196,
    "WLHImagVolume_r4_p": 0.6086789785671367,
    "WLHImagVolume_r5_p": 1.58340862997895e-06,
    "WLHImagVolume_a0_p": 0.5263326041993446,
    "WLHImagVolume_a1_p": 0.297477577671469,
    "WLHImagVolume_a2_p": 17.040567472785874,
    "WLHImagVolume_a3_p": 0.3670130459413771,
    "WLHImagVolume_a4_p": 0.0017118224252135451,
    "WLHImagVolume_W0_n": 3.6692089436827984,
    "WLHImagVolume_W1_n": 0.296163951422716,
    "WLHImagVolume_W2_n": 0.0006879921432082879,
    "WLHImagVolume_W3_n": 9.85740771022288,
    "WLHImagVolume_W4_n": 0.017525577869435524,
    "WLHImagVolume_r0_n": 0.5813611724328241,
    "WLHImagVolume_r1_n": 83.50446226853306,
    "WLHImagVolume_r2_n": 0.764715927701862,
    "WLHImagVolume_r3_n": 99.9894856000881,
    "WLHImagVolume_r4_n": 0.9646785913620113,
    "WLHImagVolume_r5_n": 4.980720191704039e-06,
    "WLHImagVolume_a0_n": 0.30425192605174656,
    "WLHImagVolume_a1_n": 0.5462341112036739,
    "WLHImagVolume_a2_n": 4.051218380941064,
    "WLHImagVolume_a3_n": 0.050413099463767645,
    "WLHImagVolume_a4_n": 0.0006484457274521623,
    "WLHImagSurface_W0_p": 1.005655788937241,
    "WLHImagSurface_W1_p": 0.03822026808543353,
    "WLHImagSurface_W2_p": 0.786440412580345,
    "WLHImagSurface_W3_p": 0.1172406506985729,
    "WLHImagSurface_r0_p": 1.0139631055785538,
    "WLHImagSurface_r1_p": 0.29272455452198254,
    "WLHImagSurface_r2_p": 0.004301484213238615,
    "WLHImagSurface_a0_p": 0.8690994366927763,
    "WLHImagSurface_W0_n": 1.6931076596425327,
    "WLHImagSurface_W1_n": 0.057678676659572346,
    "WLHImagSurface_W2_n": 2.775131912577048,
    "WLHImagSurface_W3_n": 0.20782760661289273,
    "WLHImagSurface_r0_n": 1.3001451452944126,
    "WLHImagSurface_r1_n": 1.6565070569376141,
    "WLHImagSurface_r2_n": 0.002012701541364798,
    "WLHImagSurface_a0_n": 0.879142876820498,
    "WLHRealSpinOrbit_V0_p": 9.408336995699687,
    "WLHRealSpinOrbit_V1_p": 0.00831745468553347,
    "WLHRealSpinOrbit_r0_p": 1.2828985398919637,
    "WLHRealSpinOrbit_r1_p": 0.8690147941100853,
    "WLHRealSpinOrbit_a0_p": 0.8037968076434711,
    "WLHRealSpinOrbit_a1_p": 0.0003697004599045962,
    "WLHRealSpinOrbit_V0_n": 9.28035276375073,
    "WLHRealSpinOrbit_V1_n": 0.00879584644893862,
    "WLHRealSpinOrbit_r0_n": 1.3391646641161077,
    "WLHRealSpinOrbit_r1_n": 0.964378475655791,
    "WLHRealSpinOrbit_a0_n": 0.851979365324098,
    "WLHRealSpinOrbit_a1_n": 0.0003471855069877561
}