{
    "ECS_p": 0.42243,
    "ECS_n": 0.406257,
    "APower_p": 0.847406,
    "APower_n": 0.639486
}