{
    "WLHReal_V0_p": 50.348056883760584,
    "WLHReal_V1_p": 0.255337790908599,
    "WLHReal_V2_p": -0.0006092727440441001,
    "WLHReal_V3_p": 3.439109567150403e-06,
    "WLHReal_V4_p": 13.100604184423863,
    "WLHReal_V5_p": 0.13275927657250677,
    "WLHReal_V6_p": 0.0004928679809965116,
    "WLHReal_r0_p": 1.3395026414294637,
    "WLHReal_r1_p": 0.28191376517702205,
    "WLHReal_r2_p": 0.0007824302662825003,
    "WLHReal_r3_p": 9.478913949798732e-06,
    "WLHReal_a0_p": 0.7855841626845479,
    "WLHReal_a1_p": 3.9767600783283095e-05,
    "WLHReal_a2_p": 8.325642333243285e-06,
    "WLHReal_a3_p": -0.030406486527132376,
    "WLHReal_a4_p": 0.45662961365910837,
    "WLHReal_V0_n": 55.92021448555261,
    "WLHReal_V1_n": 0.27926481399881803,
    "WLHReal_V2_n": 0.00023094799721762674,
    "WLHReal_V3_n": 6.486676868243533e-07,
    "WLHReal_V4_n": 21.658226977486482,
    "WLHReal_V5_n": 0.2624952972429498,
    "WLHReal_V6_n": 0.0005505493058906143,
    "WLHReal_r0_n": 1.2821797613071688,
    "WLHReal_r1_n": 0.4308873053959058,
    "WLHReal_r2_n": 0.00038642321860417827,
    "WLHReal_r3_n": -4.495123798522293e-07,
    "WLHReal_a0_n": 0.7149807203386495,
    "WLHReal_a1_n": 7.806829053925578e-05,
    "WLHReal_a2_n": -2.0683037604326596e-06,
    "WLHReal_a3_n": 0.13332777869354262,
    "WLHReal_a4_n": 0.5192759792829587,
    "WLHImagVolume_W0_p": 4.686087058666608,
    "WLHImagVolume_W1_p": 0.1714371981578135,
    "WLHImagVolume_W2_p": 5.4821555887298035e-05,
    "WLHImagVolume_W3_p": 7.8755060959671805,
    "WLHImagVolume_W4_p": 0.07422783420248451,
    "WLHImagVolume_r0_p": 0.8397441717514047,
    "WLHImagVolume_r1_p": 22.917867430609064,
    "WLHImagVolume_r2_p": 0.4619595721897167,
    "WLHImagVolume_r3_p": 39.31926195415097,
    "WLHImagVolume_r4_p": 0.7261103866413601,
    "WLHImagVolume_r5_p": 1.8259658481258466e-06,
    "WLHImagVolume_a0_p": 0.6037934354323338,
    "WLHImagVolume_a1_p": 0.2340505958518809,
    "WLHImagVolume_a2_p": 11.692471430329112,
    "WLHImagVolume_a3_p": 0.45025352749381375,
    "WLHImagVolume_a4_p": 0.0030197172393299377,
    "WLHImagVolume_W0_n": 2.2725472713342216,
    "WLHImagVolume_W1_n": 0.28129776443423465,
    "WLHImagVolume_W2_n": 0.0004105135998803082,
    "WLHImagVolume_W3_n": 8.237001239521474,
    "WLHImagVolume_W4_n": 0.05672989132629332,
    "WLHImagVolume_r0_n": 0.5525120417807244,
    "WLHImagVolume_r1_n": 59.7485859561737,
    "WLHImagVolume_r2_n": 0.7104232274809912,
    "WLHImagVolume_r3_n": 67.10210183763024,
    "WLHImagVolume_r4_n": 1.0261542237743706,
    "WLHImagVolume_r5_n": 3.440002454753598e-06,
    "WLHImagVolume_a0_n": 0.2269945613829699,
    "WLHImagVolume_a1_n": 0.6198988884180513,
    "WLHImagVolume_a2_n": 8.854851872165387,
    "WLHImagVolume_a3_n": 0.0831691569067726,
    "WLHImagVolume_a4_n": 0.0014010872658360156,
    "WLHImagSurface_W0_p": 0.6554966455066428,
    "WLHImagSurface_W1_p": 0.016839381761446174,
    "WLHImagSurface_W2_p": 0.6169377045624939,
    "WLHImagSurface_W3_p": 0.05724779904596491,
    "WLHImagSurface_r0_p": 0.7850233699744278,
    "WLHImagSurface_r1_p": 0.010278241049068493,
    "WLHImagSurface_r2_p": 0.0014472805078583392,
    "WLHImagSurface_a0_p": 0.6710916803718161,
    "WLHImagSurface_W0_n": 1.606577829699572,
    "WLHImagSurface_W1_n": 0.024668627613787523,
    "WLHImagSurface_W2_n": 2.722644476893149,
    "WLHImagSurface_W3_n": 0.10679576542062824,
    "WLHImagSurface_r0_n": 1.2565189244057284,
    "WLHImagSurface_r1_n": 1.3512419000919167,
    "WLHImagSurface_r2_n": 0.00403995723195787,
    "WLHImagSurface_a0_n": 0.8238952041681649,
    "WLHRealSpinOrbit_V0_p": 9.462306480244859,
    "WLHRealSpinOrbit_V1_p": 0.008756157479730523,
    "WLHRealSpinOrbit_r0_p": 1.3252004322475188,
    "WLHRealSpinOrbit_r1_p": 0.9285363349119681,
    "WLHRealSpinOrbit_a0_p": 0.8377821787593872,
    "WLHRealSpinOrbit_a1_p": 0.00037367039094964006,
    "WLHRealSpinOrbit_V0_n": 9.90662815685307,
    "WLHRealSpinOrbit_V1_n": 0.008318845649497524,
    "WLHRealSpinOrbit_r0_n": 1.2390409282706414,
    "WLHRealSpinOrbit_r1_n": 0.7934070826457844,
    "WLHRealSpinOrbit_a0_n": 0.768288262668754,
    "WLHRealSpinOrbit_a1_n": 0.0003761221994575452
}