{
    "WLHReal_V0_p": 49.35557324091217,
    "WLHReal_V1_p": 0.2765276764068792,
    "WLHReal_V2_p": -0.00028767369360290505,
    "WLHReal_V3_p": 2.5106179530945284e-06,
    "WLHReal_V4_p": 12.899940358414707,
    "WLHReal_V5_p": 0.10749956407964811,
    "WLHReal_V6_p": 0.00031102511231856594,
    "WLHReal_r0_p": 1.315973355499335,
    "WLHReal_r1_p": 0.21850895057921,
    "WLHReal_r2_p": 0.0007966983893799152,
    "WLHReal_r3_p": 8.765524553152972e-06,
    "WLHReal_a0_p": 0.769812729465931,
    "WLHReal_a1_p": -0.0001238121801140806,
    "WLHReal_a2_p": 8.136781648694092e-06,
    "WLHReal_a3_p": -0.00882180439842501,
    "WLHReal_a4_p": 0.4839070883305506,
    "WLHReal_V0_n": 49.540553493759305,
    "WLHReal_V1_n": 0.22294829432642277,
    "WLHReal_V2_n": -0.0004014540619457136,
    "WLHReal_V3_n": 2.5829776734026577e-06,
    "WLHReal_V4_n": 22.567482845164186,
    "WLHReal_V5_n": 0.2737664689565348,
    "WLHReal_V6_n": 0.0011122286162548749,
    "WLHReal_r0_n": 1.293663969689023,
    "WLHReal_r1_n": 0.2539094640104612,
    "WLHReal_r2_n": 0.000943972048610189,
    "WLHReal_r3_n": 1.0725282098157432e-05,
    "WLHReal_a0_n": 0.7392600844954272,
    "WLHReal_a1_n": 0.0009272035049149377,
    "WLHReal_a2_n": 1.2859063685531453e-05,
    "WLHReal_a3_n": 0.3502553923062355,
    "WLHReal_a4_n": 0.9434784366527031,
    "WLHImagVolume_W0_p": 3.699440440143415,
    "WLHImagVolume_W1_p": 0.12574461446489543,
    "WLHImagVolume_W2_p": 0.00011513641669954185,
    "WLHImagVolume_W3_p": 7.956998624100891,
    "WLHImagVolume_W4_p": 0.051640407172065486,
    "WLHImagVolume_r0_p": 0.7195192642574674,
    "WLHImagVolume_r1_p": 47.62822133733113,
    "WLHImagVolume_r2_p": 0.5777877667951365,
    "WLHImagVolume_r3_p": 62.65032653252262,
    "WLHImagVolume_r4_p": 0.6057349093673647,
    "WLHImagVolume_r5_p": 8.698404894734244e-07,
    "WLHImagVolume_a0_p": 0.5370308786124,
    "WLHImagVolume_a1_p": 0.2948990603694178,
    "WLHImagVolume_a2_p": 17.116085570267277,
    "WLHImagVolume_a3_p": 0.37018483209782793,
    "WLHImagVolume_a4_p": 0.0018161878994503574,
    "WLHImagVolume_W0_n": 2.1313350418392654,
    "WLHImagVolume_W1_n": 0.14520112386294376,
    "WLHImagVolume_W2_n": -1.1654789871148896e-05,
    "WLHImagVolume_W3_n": 7.271159504756286,
    "WLHImagVolume_W4_n": -0.032404504786628624,
    "WLHImagVolume_r0_n": 0.6643700174273833,
    "WLHImagVolume_r1_n": 64.37052921922431,
    "WLHImagVolume_r2_n": 0.6158763508528364,
    "WLHImagVolume_r3_n": 73.98161356576219,
    "WLHImagVolume_r4_n": 1.054777697494539,
    "WLHImagVolume_r5_n": 5.105322452523826e-06,
    "WLHImagVolume_a0_n": 0.24497904882660465,
    "WLHImagVolume_a1_n": 0.575723409851085,
    "WLHImagVolume_a2_n": 9.522848561277286,
    "WLHImagVolume_a3_n": 0.10564880744684324,
    "WLHImagVolume_a4_n": 0.000988614837809723,
    "WLHImagSurface_W0_p": 0.9466541776522464,
    "WLHImagSurface_W1_p": 0.03454445642769255,
    "WLHImagSurface_W2_p": 0.706836914645564,
    "WLHImagSurface_W3_p": 0.10329894155473839,
    "WLHImagSurface_r0_p": 0.9724926943533234,
    "WLHImagSurface_r1_p": 0.12175903224876067,
    "WLHImagSurface_r2_p": 0.0031661403542248483,
    "WLHImagSurface_a0_p": 0.8674399416464091,
    "WLHImagSurface_W0_n": 0.6387160209986065,
    "WLHImagSurface_W1_n": 0.005011059701602837,
    "WLHImagSurface_W2_n": 0.3853106270445599,
    "WLHImagSurface_W3_n": 0.050211266542221494,
    "WLHImagSurface_r0_n": 1.2612299404789076,
    "WLHImagSurface_r1_n": 1.2354906565023023,
    "WLHImagSurface_r2_n": 0.0023692982534738727,
    "WLHImagSurface_a0_n": 0.8632476863920937,
    "WLHRealSpinOrbit_V0_p": 9.228497312604436,
    "WLHRealSpinOrbit_V1_p": 0.008341096164811317,
    "WLHRealSpinOrbit_r0_p": 1.3062717416890481,
    "WLHRealSpinOrbit_r1_p": 0.8992765975097049,
    "WLHRealSpinOrbit_a0_p": 0.8196511280063794,
    "WLHRealSpinOrbit_a1_p": 0.00037839934039004955,
    "WLHRealSpinOrbit_V0_n": 9.93044485317019,
    "WLHRealSpinOrbit_V1_n": 0.008799331531783907,
    "WLHRealSpinOrbit_r0_n": 1.2850996916082098,
    "WLHRealSpinOrbit_r1_n": 0.8632269544822562,
    "WLHRealSpinOrbit_a0_n": 0.8084805404120474,
    "WLHRealSpinOrbit_a1_n": 0.00038485695727448347
}