{
    "WLHReal_V0_p": 49.1501876755765,
    "WLHReal_V1_p": 0.27414401069185185,
    "WLHReal_V2_p": -0.0007123124637496471,
    "WLHReal_V3_p": 4.3096316856419475e-06,
    "WLHReal_V4_p": 11.822984376091188,
    "WLHReal_V5_p": 0.11704089552163698,
    "WLHReal_V6_p": 0.00047945461068388956,
    "WLHReal_r0_p": 1.3503316292701992,
    "WLHReal_r1_p": 0.23591946226220917,
    "WLHReal_r2_p": 0.0009721349416167864,
    "WLHReal_r3_p": 1.1523067413353982e-05,
    "WLHReal_a0_p": 0.7925738509822726,
    "WLHReal_a1_p": -8.022284522561684e-05,
    "WLHReal_a2_p": 1.0531117596824756e-05,
    "WLHReal_a3_p": -0.033775096700816756,
    "WLHReal_a4_p": 0.5036283355928735,
    "WLHReal_V0_n": 54.8717220287442,
    "WLHReal_V1_n": 0.2876756000655475,
    "WLHReal_V2_n": -0.00012113718349750991,
    "WLHReal_V3_n": 1.98218531024822e-06,
    "WLHReal_V4_n": 21.1591613009176,
    "WLHReal_V5_n": 0.2844680060789707,
    "WLHReal_V6_n": 0.0009230372899447652,
    "WLHReal_r0_n": 1.2951325620489327,
    "WLHReal_r1_n": 0.38105375670885144,
    "WLHReal_r2_n": 0.0007087590482839699,
    "WLHReal_r3_n": 5.69196809903271e-06,
    "WLHReal_a0_n": 0.734690973981942,
    "WLHReal_a1_n": 0.000508283819352615,
    "WLHReal_a2_n": 5.184229148942874e-06,
    "WLHReal_a3_n": 0.20721834642499204,
    "WLHReal_a4_n": 0.7238904483353619,
    "WLHImagVolume_W0_p": 4.8357793420500315,
    "WLHImagVolume_W1_p": 0.16479631359546276,
    "WLHImagVolume_W2_p": 0.00017127316623224295,
    "WLHImagVolume_W3_p": 8.069685565077984,
    "WLHImagVolume_W4_p": 0.06984169806183677,
    "WLHImagVolume_r0_p": 0.7901641084932454,
    "WLHImagVolume_r1_p": 39.24818629260917,
    "WLHImagVolume_r2_p": 0.5397754120365789,
    "WLHImagVolume_r3_p": 56.61682521089053,
    "WLHImagVolume_r4_p": 0.649714818450244,
    "WLHImagVolume_r5_p": 8.39240727396703e-07,
    "WLHImagVolume_a0_p": 0.5891332137874,
    "WLHImagVolume_a1_p": 0.26780533594109485,
    "WLHImagVolume_a2_p": 15.145834538312098,
    "WLHImagVolume_a3_p": 0.4225997529994537,
    "WLHImagVolume_a4_p": 0.002660460545259293,
    "WLHImagVolume_W0_n": 2.942844614622945,
    "WLHImagVolume_W1_n": 0.2925934519774707,
    "WLHImagVolume_W2_n": 0.0005304362950887101,
    "WLHImagVolume_W3_n": 9.201493566290653,
    "WLHImagVolume_W4_n": 0.049287236921842115,
    "WLHImagVolume_r0_n": 0.5700023948010722,
    "WLHImagVolume_r1_n": 67.13328573753917,
    "WLHImagVolume_r2_n": 0.7122990474858018,
    "WLHImagVolume_r3_n": 78.17819570620871,
    "WLHImagVolume_r4_n": 0.9953968815405992,
    "WLHImagVolume_r5_n": 3.6032072578975958e-06,
    "WLHImagVolume_a0_n": 0.24906499464268575,
    "WLHImagVolume_a1_n": 0.5901636685451455,
    "WLHImagVolume_a2_n": 6.752825610515188,
    "WLHImagVolume_a3_n": 0.05562007646054665,
    "WLHImagVolume_a4_n": 0.0009602922549250962,
    "WLHImagSurface_W0_p": 0.6602646000613881,
    "WLHImagSurface_W1_p": 0.015446030838298742,
    "WLHImagSurface_W2_p": 0.13339470846701473,
    "WLHImagSurface_W3_p": 0.04075915506312286,
    "WLHImagSurface_r0_p": 0.839854818284561,
    "WLHImagSurface_r1_p": -0.08673643222060434,
    "WLHImagSurface_r2_p": 0.0003393892072895417,
    "WLHImagSurface_a0_p": 0.7991428131259248,
    "WLHImagSurface_W0_n": 1.7527429901580225,
    "WLHImagSurface_W1_n": 0.038611753866335155,
    "WLHImagSurface_W2_n": 2.740751825132539,
    "WLHImagSurface_W3_n": 0.14125521977484282,
    "WLHImagSurface_r0_n": 1.2682502290483733,
    "WLHImagSurface_r1_n": 1.4658886944476754,
    "WLHImagSurface_r2_n": 0.0034757975806165363,
    "WLHImagSurface_a0_n": 0.8392217908284743,
    "WLHRealSpinOrbit_V0_p": 9.14053424382897,
    "WLHRealSpinOrbit_V1_p": 0.008648217922680031,
    "WLHRealSpinOrbit_r0_p": 1.3415690291893245,
    "WLHRealSpinOrbit_r1_p": 0.9613917358825024,
    "WLHRealSpinOrbit_a0_p": 0.8508490027833381,
    "WLHRealSpinOrbit_a1_p": 0.00036247790368843283,
    "WLHRealSpinOrbit_V0_n": 9.78596636515221,
    "WLHRealSpinOrbit_V1_n": 0.008545584825670714,
    "WLHRealSpinOrbit_r0_n": 1.2649380741103866,
    "WLHRealSpinOrbit_r1_n": 0.8486368682802556,
    "WLHRealSpinOrbit_a0_n": 0.7942815619546506,
    "WLHRealSpinOrbit_a1_n": 0.0003520220680751065
}