{
    "WLHReal_V0_p": 49.42661005382411,
    "WLHReal_V1_p": 0.28670333982858515,
    "WLHReal_V2_p": -0.0006300177036388792,
    "WLHReal_V3_p": 4.54746993986606e-06,
    "WLHReal_V4_p": 11.33879880138843,
    "WLHReal_V5_p": 0.1285167097135464,
    "WLHReal_V6_p": 0.00046792179252113915,
    "WLHReal_r0_p": 1.3707407331398247,
    "WLHReal_r1_p": 0.30722836115882546,
    "WLHReal_r2_p": 0.0008441617326235801,
    "WLHReal_r3_p": 9.315469298151558e-06,
    "WLHReal_a0_p": 0.7958351448023421,
    "WLHReal_a1_p": -4.7590358550985665e-05,
    "WLHReal_a2_p": 9.233172010994581e-06,
    "WLHReal_a3_p": -0.019120136837990492,
    "WLHReal_a4_p": 0.49447121586342363,
    "WLHReal_V0_n": 58.346837629580754,
    "WLHReal_V1_n": 0.3392831986617603,
    "WLHReal_V2_n": -0.0002869876634152546,
    "WLHReal_V3_n": 2.6922643076751397e-06,
    "WLHReal_V4_n": 20.236825929550225,
    "WLHReal_V5_n": 0.3104828864790543,
    "WLHReal_V6_n": 0.0012268763496324205,
    "WLHReal_r0_n": 1.2783411427042617,
    "WLHReal_r1_n": 0.34720603050483534,
    "WLHReal_r2_n": 0.0009698034215782766,
    "WLHReal_r3_n": 9.236168337474518e-06,
    "WLHReal_a0_n": 0.7533430244794155,
    "WLHReal_a1_n": 0.0007066792865117959,
    "WLHReal_a2_n": 1.0151195633758654e-05,
    "WLHReal_a3_n": 0.23650788068161804,
    "WLHReal_a4_n": 0.888840893175987,
    "WLHImagVolume_W0_p": 4.81572422136126,
    "WLHImagVolume_W1_p": 0.18167953129203543,
    "WLHImagVolume_W2_p": 0.00033134986828311125,
    "WLHImagVolume_W3_p": 8.388963248402689,
    "WLHImagVolume_W4_p": 0.07358747507194043,
    "WLHImagVolume_r0_p": 0.6475315027794383,
    "WLHImagVolume_r1_p": 54.45467226012216,
    "WLHImagVolume_r2_p": 0.6935567321872537,
    "WLHImagVolume_r3_p": 65.74584372725458,
    "WLHImagVolume_r4_p": 0.5051489752763634,
    "WLHImagVolume_r5_p": 8.260607449907176e-07,
    "WLHImagVolume_a0_p": 0.574186147331731,
    "WLHImagVolume_a1_p": 0.29874571768304087,
    "WLHImagVolume_a2_p": 17.636915935559276,
    "WLHImagVolume_a3_p": 0.40491905880830553,
    "WLHImagVolume_a4_p": 0.0023969758851486818,
    "WLHImagVolume_W0_n": 4.564959320082799,
    "WLHImagVolume_W1_n": 0.40074422099001406,
    "WLHImagVolume_W2_n": 0.0008860561215299407,
    "WLHImagVolume_W3_n": 12.479286861895673,
    "WLHImagVolume_W4_n": 0.0959591477760754,
    "WLHImagVolume_r0_n": 0.6121743344566104,
    "WLHImagVolume_r1_n": 59.22070906975948,
    "WLHImagVolume_r2_n": 0.6658149160221944,
    "WLHImagVolume_r3_n": 82.89721025793249,
    "WLHImagVolume_r4_n": 1.0241955975626047,
    "WLHImagVolume_r5_n": 3.5345281102316706e-06,
    "WLHImagVolume_a0_n": 0.2833504037180921,
    "WLHImagVolume_a1_n": 0.5451428038083039,
    "WLHImagVolume_a2_n": 2.248671223673546,
    "WLHImagVolume_a3_n": -0.026553790019960402,
    "WLHImagVolume_a4_n": 0.00038046440677413646,
    "WLHImagSurface_W0_p": 0.9144972677030315,
    "WLHImagSurface_W1_p": 0.044260110073513825,
    "WLHImagSurface_W2_p": 0.9277342123188375,
    "WLHImagSurface_W3_p": 0.15531299636393306,
    "WLHImagSurface_r0_p": 0.9185836900068908,
    "WLHImagSurface_r1_p": 0.07352556564245916,
    "WLHImagSurface_r2_p": 0.0009317521904418104,
    "WLHImagSurface_a0_p": 0.8398741662652647,
    "WLHImagSurface_W0_n": 2.530200185109679,
    "WLHImagSurface_W1_n": 0.06779866013417765,
    "WLHImagSurface_W2_n": 3.555445021672464,
    "WLHImagSurface_W3_n": 0.19991211084376054,
    "WLHImagSurface_r0_n": 1.251142665651455,
    "WLHImagSurface_r1_n": 1.6660117588553642,
    "WLHImagSurface_r2_n": 0.0036225729665141848,
    "WLHImagSurface_a0_n": 0.8341695560189941,
    "WLHRealSpinOrbit_V0_p": 8.797414639857923,
    "WLHRealSpinOrbit_V1_p": 0.008300984228325101,
    "WLHRealSpinOrbit_r0_p": 1.3457181464536143,
    "WLHRealSpinOrbit_r1_p": 0.9587504009801788,
    "WLHRealSpinOrbit_a0_p": 0.8470841487896823,
    "WLHRealSpinOrbit_a1_p": 0.0003744481537555075,
    "WLHRealSpinOrbit_V0_n": 10.048634536441023,
    "WLHRealSpinOrbit_V1_n": 0.008997051493001703,
    "WLHRealSpinOrbit_r0_n": 1.2593768941386272,
    "WLHRealSpinOrbit_r1_n": 0.8843468006070015,
    "WLHRealSpinOrbit_a0_n": 0.8073727337586752,
    "WLHRealSpinOrbit_a1_n": 0.0002816980981118464
}