{
    "ECS_p": 0.343587,
    "ECS_n": 0.501212,
    "APower_p": 0.644409,
    "APower_n": 0.636911
}