{
    "CH89RealCentral": {
        "V_0": 55.0449,
        "V_t": 16.0821,
        "V_e": -0.336084,
        "r_o": 1.17421,
        "r_o_0": -0.11303,
        "a_0": 0.763748
    },
    "CH89Coulomb": {
        "r_c": 1.39861,
        "r_c_0": 0.0552306
    },
    "CH89SpinOrbit": {
        "V_so": 5.08657,
        "r_so": 1.32647,
        "r_so_0": -0.903295,
        "a_so": 0.52799
    },
    "CH89ImagCentral": {
        "W_v0": 5.16572,
        "W_ve0": 39.2614,
        "W_vew": 3.56429,
        "W_s0": 12.5407,
        "W_st": 20.0275,
        "W_se0": 33.8487,
        "W_sew": 32.8416,
        "r_w": 1.31872,
        "r_w0": -0.560968,
        "a_w": 0.735014
    }
}