{
    "ECS_p": 0.303202,
    "ECS_n": 0.360315,
    "APower_p": 0.881905,
    "APower_n": 0.515018
}