{
    "ECS_p": 0.274049,
    "ECS_n": 0.364011,
    "APower_p": 1.16294,
    "APower_n": 0.632241
}