{
    "WLHReal_V0_p": 52.309392865819866,
    "WLHReal_V1_p": 0.29470980423905063,
    "WLHReal_V2_p": -0.0002847294291382904,
    "WLHReal_V3_p": 2.770634697627239e-06,
    "WLHReal_V4_p": 12.485580043787012,
    "WLHReal_V5_p": 0.129726272997828,
    "WLHReal_V6_p": 0.0003737579039576212,
    "WLHReal_r0_p": 1.3215506214583719,
    "WLHReal_r1_p": 0.28708366032993105,
    "WLHReal_r2_p": 0.0008366450987588142,
    "WLHReal_r3_p": 7.76906739536765e-06,
    "WLHReal_a0_p": 0.7840629967143832,
    "WLHReal_a1_p": 6.046375572496271e-05,
    "WLHReal_a2_p": 6.979763414861717e-06,
    "WLHReal_a3_p": 0.023351965521392532,
    "WLHReal_a4_p": 0.540255241526431,
    "WLHReal_V0_n": 50.32066156539023,
    "WLHReal_V1_n": 0.2642844735957202,
    "WLHReal_V2_n": -0.0006927148219234917,
    "WLHReal_V3_n": 4.649690376318146e-06,
    "WLHReal_V4_n": 20.725457060395275,
    "WLHReal_V5_n": 0.31137205202343754,
    "WLHReal_V6_n": 0.0014031888942368028,
    "WLHReal_r0_n": 1.3444847532319244,
    "WLHReal_r1_n": 0.3469664805172717,
    "WLHReal_r2_n": 0.0010910325575405589,
    "WLHReal_r3_n": 1.217526970239667e-05,
    "WLHReal_a0_n": 0.7588926458300296,
    "WLHReal_a1_n": 0.0011380047298027004,
    "WLHReal_a2_n": 1.5294199323966562e-05,
    "WLHReal_a3_n": 0.3008615257212244,
    "WLHReal_a4_n": 0.9417709091105612,
    "WLHImagVolume_W0_p": 4.5027381447312,
    "WLHImagVolume_W1_p": 0.2103527846539541,
    "WLHImagVolume_W2_p": 0.00031609596506811945,
    "WLHImagVolume_W3_p": 10.469998911691542,
    "WLHImagVolume_W4_p": 0.07526986728726541,
    "WLHImagVolume_r0_p": 0.6699305601419853,
    "WLHImagVolume_r1_p": 46.97093481520195,
    "WLHImagVolume_r2_p": 0.6163719759809284,
    "WLHImagVolume_r3_p": 59.7032822182798,
    "WLHImagVolume_r4_p": 0.6180515628405939,
    "WLHImagVolume_r5_p": 1.429772268215473e-06,
    "WLHImagVolume_a0_p": 0.56677982409464,
    "WLHImagVolume_a1_p": 0.2760668803595253,
    "WLHImagVolume_a2_p": 15.111130926390631,
    "WLHImagVolume_a3_p": 0.4157562180749169,
    "WLHImagVolume_a4_p": 0.0024425083024539316,
    "WLHImagVolume_W0_n": 2.9714631772051003,
    "WLHImagVolume_W1_n": 0.2457346206234441,
    "WLHImagVolume_W2_n": 0.0005487825295901324,
    "WLHImagVolume_W3_n": 8.4987038923876,
    "WLHImagVolume_W4_n": 0.004403930780190059,
    "WLHImagVolume_r0_n": 0.551902334808842,
    "WLHImagVolume_r1_n": 89.35825590225501,
    "WLHImagVolume_r2_n": 0.7800343236387988,
    "WLHImagVolume_r3_n": 97.51245638878373,
    "WLHImagVolume_r4_n": 0.9086514245798822,
    "WLHImagVolume_r5_n": 4.504262580564731e-06,
    "WLHImagVolume_a0_n": 0.26998238235977395,
    "WLHImagVolume_a1_n": 0.5717325700038022,
    "WLHImagVolume_a2_n": 6.054359093022304,
    "WLHImagVolume_a3_n": 0.0707061560030855,
    "WLHImagVolume_a4_n": 0.0006678486961614144,
    "WLHImagSurface_W0_p": 0.8708478504530971,
    "WLHImagSurface_W1_p": 0.03410015619328862,
    "WLHImagSurface_W2_p": 0.7340179676262687,
    "WLHImagSurface_W3_p": 0.1162258959052579,
    "WLHImagSurface_r0_p": 0.9323179422316037,
    "WLHImagSurface_r1_p": 0.30590530223643314,
    "WLHImagSurface_r2_p": 0.0029497867040574953,
    "WLHImagSurface_a0_p": 0.7853944585407568,
    "WLHImagSurface_W0_n": 1.5015856478682177,
    "WLHImagSurface_W1_n": 0.04633436879839825,
    "WLHImagSurface_W2_n": 2.470752407252768,
    "WLHImagSurface_W3_n": 0.1772891057000679,
    "WLHImagSurface_r0_n": 1.3090856764986445,
    "WLHImagSurface_r1_n": 1.563239120991993,
    "WLHImagSurface_r2_n": 0.0022838165783827156,
    "WLHImagSurface_a0_n": 0.873353070266836,
    "WLHRealSpinOrbit_V0_p": 9.410537549751007,
    "WLHRealSpinOrbit_V1_p": 0.008490339946200054,
    "WLHRealSpinOrbit_r0_p": 1.2968505336115284,
    "WLHRealSpinOrbit_r1_p": 0.8965364468373203,
    "WLHRealSpinOrbit_a0_p": 0.8171402502342073,
    "WLHRealSpinOrbit_a1_p": 0.00035623015004356657,
    "WLHRealSpinOrbit_V0_n": 9.240499767080752,
    "WLHRealSpinOrbit_V1_n": 0.008556805949919115,
    "WLHRealSpinOrbit_r0_n": 1.3249552975948182,
    "WLHRealSpinOrbit_r1_n": 0.9318156582904654,
    "WLHRealSpinOrbit_a0_n": 0.83615157073153,
    "WLHRealSpinOrbit_a1_n": 0.0003668161171761107
}