{
    "ECS_p": 0.293118,
    "ECS_n": 0.375545,
    "APower_p": 0.549998,
    "APower_n": 0.671934
}