{
    "WLHReal_V0_p": 54.51537583930481,
    "WLHReal_V1_p": 0.3108309533538909,
    "WLHReal_V2_p": -2.5386624728333806e-05,
    "WLHReal_V3_p": 1.7660097530500844e-06,
    "WLHReal_V4_p": 12.97768603894892,
    "WLHReal_V5_p": 0.12106502875567152,
    "WLHReal_V6_p": 0.00028166470885036333,
    "WLHReal_r0_p": 1.2761604885804627,
    "WLHReal_r1_p": 0.2313151965720123,
    "WLHReal_r2_p": 0.0009601083707978543,
    "WLHReal_r3_p": 8.32370729683755e-06,
    "WLHReal_a0_p": 0.7765292989993168,
    "WLHReal_a1_p": 0.00010167395168515287,
    "WLHReal_a2_p": 6.631647181393781e-06,
    "WLHReal_a3_p": 0.06083643425113593,
    "WLHReal_a4_p": 0.6142489488410784,
    "WLHReal_V0_n": 49.71707162881482,
    "WLHReal_V1_n": 0.2760724379290983,
    "WLHReal_V2_n": -0.00017788818318877062,
    "WLHReal_V3_n": 2.7783559994764612e-06,
    "WLHReal_V4_n": 21.14756357841973,
    "WLHReal_V5_n": 0.26672991552367714,
    "WLHReal_V6_n": 0.0009642523705961249,
    "WLHReal_r0_n": 1.3026600433245357,
    "WLHReal_r1_n": 0.27076598316127526,
    "WLHReal_r2_n": 0.0008899482625252549,
    "WLHReal_r3_n": 8.890305730333702e-06,
    "WLHReal_a0_n": 0.7336346914609678,
    "WLHReal_a1_n": 0.0009686236756946943,
    "WLHReal_a2_n": 1.1281423174812597e-05,
    "WLHReal_a3_n": 0.3109170506946422,
    "WLHReal_a4_n": 0.9037278242132107,
    "WLHImagVolume_W0_p": 4.325268219875611,
    "WLHImagVolume_W1_p": 0.2348389061907474,
    "WLHImagVolume_W2_p": 0.00034100268806058857,
    "WLHImagVolume_W3_p": 12.628259220804214,
    "WLHImagVolume_W4_p": 0.07486230521125635,
    "WLHImagVolume_r0_p": 0.6918988917949016,
    "WLHImagVolume_r1_p": 45.42043333418767,
    "WLHImagVolume_r2_p": 0.5541826219280888,
    "WLHImagVolume_r3_p": 61.21342317624198,
    "WLHImagVolume_r4_p": 0.7158457298802361,
    "WLHImagVolume_r5_p": 1.6091194676309309e-06,
    "WLHImagVolume_a0_p": 0.5562536020957861,
    "WLHImagVolume_a1_p": 0.26520275068018107,
    "WLHImagVolume_a2_p": 13.938417179939947,
    "WLHImagVolume_a3_p": 0.4170579147158225,
    "WLHImagVolume_a4_p": 0.0023769300604059734,
    "WLHImagVolume_W0_n": 2.01088505046719,
    "WLHImagVolume_W1_n": 0.16719648793225,
    "WLHImagVolume_W2_n": 0.00037559855435092334,
    "WLHImagVolume_W3_n": 6.643544104081672,
    "WLHImagVolume_W4_n": -0.007502919950875337,
    "WLHImagVolume_r0_n": 0.49469735538480114,
    "WLHImagVolume_r1_n": 102.37723200809316,
    "WLHImagVolume_r2_n": 0.7992880887525244,
    "WLHImagVolume_r3_n": 94.8604712487944,
    "WLHImagVolume_r4_n": 0.7653404239922952,
    "WLHImagVolume_r5_n": 3.2372458686013392e-06,
    "WLHImagVolume_a0_n": 0.19739853118754516,
    "WLHImagVolume_a1_n": 0.6139286276179414,
    "WLHImagVolume_a2_n": 8.859540182622322,
    "WLHImagVolume_a3_n": 0.07911220032321245,
    "WLHImagVolume_a4_n": 0.0003579639588692134,
    "WLHImagSurface_W0_p": 0.7750953952430938,
    "WLHImagSurface_W1_p": 0.017579687589250857,
    "WLHImagSurface_W2_p": 0.12280378340459341,
    "WLHImagSurface_W3_p": 0.046582306765035844,
    "WLHImagSurface_r0_p": 0.9569097072212644,
    "WLHImagSurface_r1_p": 0.4522718663268471,
    "WLHImagSurface_r2_p": 0.004155666968064158,
    "WLHImagSurface_a0_p": 0.7899138485482401,
    "WLHImagSurface_W0_n": 1.4139660737206703,
    "WLHImagSurface_W1_n": 0.03285195706298322,
    "WLHImagSurface_W2_n": 2.0898676616518554,
    "WLHImagSurface_W3_n": 0.1302865079374818,
    "WLHImagSurface_r0_n": 1.3264794955514854,
    "WLHImagSurface_r1_n": 1.4313294258529428,
    "WLHImagSurface_r2_n": 0.0030307518476242025,
    "WLHImagSurface_a0_n": 0.8569177878353298,
    "WLHRealSpinOrbit_V0_p": 9.905686360878162,
    "WLHRealSpinOrbit_V1_p": 0.008692644108887468,
    "WLHRealSpinOrbit_r0_p": 1.2574279494984213,
    "WLHRealSpinOrbit_r1_p": 0.8549284172712511,
    "WLHRealSpinOrbit_a0_p": 0.7960897205007632,
    "WLHRealSpinOrbit_a1_p": 0.00032947481653891944,
    "WLHRealSpinOrbit_V0_n": 9.247679784057283,
    "WLHRealSpinOrbit_V1_n": 0.008166924602476143,
    "WLHRealSpinOrbit_r0_n": 1.2868739009733985,
    "WLHRealSpinOrbit_r1_n": 0.8692840759866343,
    "WLHRealSpinOrbit_a0_n": 0.8033483850869115,
    "WLHRealSpinOrbit_a1_n": 0.0003784577339621078
}