{
    "WLHReal_V0_p": 56.728031956176295,
    "WLHReal_V1_p": 0.31406888379497416,
    "WLHReal_V2_p": 0.00039854698813645347,
    "WLHReal_V3_p": 1.669861741390001e-07,
    "WLHReal_V4_p": 14.379901926450872,
    "WLHReal_V5_p": 0.12236570229663873,
    "WLHReal_V6_p": 0.0001545686297106781,
    "WLHReal_r0_p": 1.230196514034838,
    "WLHReal_r1_p": 0.22768530948789492,
    "WLHReal_r2_p": 0.0008315147350965201,
    "WLHReal_r3_p": 5.894644256793459e-06,
    "WLHReal_a0_p": 0.7585182648552112,
    "WLHReal_a1_p": 0.00018188584265240498,
    "WLHReal_a2_p": 3.2728104414627094e-06,
    "WLHReal_a3_p": 0.10028843506286886,
    "WLHReal_a4_p": 0.6246785935259769,
    "WLHReal_V0_n": 56.93581759077356,
    "WLHReal_V1_n": 0.30958251978341994,
    "WLHReal_V2_n": -8.361366933038638e-05,
    "WLHReal_V3_n": 2.2165150434508764e-06,
    "WLHReal_V4_n": 20.715372112164285,
    "WLHReal_V5_n": 0.29240021593830706,
    "WLHReal_V6_n": 0.0009231153370794055,
    "WLHReal_r0_n": 1.293566459321855,
    "WLHReal_r1_n": 0.4158192250276408,
    "WLHReal_r2_n": 0.0006774901959853604,
    "WLHReal_r3_n": 4.310483190994244e-06,
    "WLHReal_a0_n": 0.7365517965651003,
    "WLHReal_a1_n": 0.00040577893256786134,
    "WLHReal_a2_n": 4.480374453790608e-06,
    "WLHReal_a3_n": 0.1700263867314573,
    "WLHReal_a4_n": 0.6812576882775481,
    "WLHImagVolume_W0_p": 3.627942845054794,
    "WLHImagVolume_W1_p": 0.24027776775478593,
    "WLHImagVolume_W2_p": 0.0002985574242465762,
    "WLHImagVolume_W3_p": 13.904016399766203,
    "WLHImagVolume_W4_p": 0.06980754414997403,
    "WLHImagVolume_r0_p": 0.6749732637819879,
    "WLHImagVolume_r1_p": 41.94501703471284,
    "WLHImagVolume_r2_p": 0.5176925672264674,
    "WLHImagVolume_r3_p": 56.94116244854693,
    "WLHImagVolume_r4_p": 0.773340515807675,
    "WLHImagVolume_r5_p": 2.139709971123079e-06,
    "WLHImagVolume_a0_p": 0.5320421096253922,
    "WLHImagVolume_a1_p": 0.2573333291778427,
    "WLHImagVolume_a2_p": 12.613106508298625,
    "WLHImagVolume_a3_p": 0.406936070340836,
    "WLHImagVolume_a4_p": 0.0021147772186913224,
    "WLHImagVolume_W0_n": 3.4221789502690574,
    "WLHImagVolume_W1_n": 0.351015558994991,
    "WLHImagVolume_W2_n": 0.0007139807302710508,
    "WLHImagVolume_W3_n": 10.287232276100955,
    "WLHImagVolume_W4_n": 0.07841138892356829,
    "WLHImagVolume_r0_n": 0.5607411574720824,
    "WLHImagVolume_r1_n": 63.776801668600896,
    "WLHImagVolume_r2_n": 0.7212958951919383,
    "WLHImagVolume_r3_n": 78.47720795056621,
    "WLHImagVolume_r4_n": 1.0061228487710911,
    "WLHImagVolume_r5_n": 4.263506428129965e-06,
    "WLHImagVolume_a0_n": 0.259701761915442,
    "WLHImagVolume_a1_n": 0.5851526453899963,
    "WLHImagVolume_a2_n": 5.33896990033841,
    "WLHImagVolume_a3_n": 0.03191748928799378,
    "WLHImagVolume_a4_n": 0.0009337273123144133,
    "WLHImagSurface_W0_p": 0.8861079164790728,
    "WLHImagSurface_W1_p": 0.02179101156751666,
    "WLHImagSurface_W2_p": 0.4084776190713338,
    "WLHImagSurface_W3_p": 0.06104667592919603,
    "WLHImagSurface_r0_p": 1.0152585178104445,
    "WLHImagSurface_r1_p": 0.7215879486112728,
    "WLHImagSurface_r2_p": 0.006891895508008378,
    "WLHImagSurface_a0_p": 0.7592010143868254,
    "WLHImagSurface_W0_n": 2.1322395152635183,
    "WLHImagSurface_W1_n": 0.05063577420781107,
    "WLHImagSurface_W2_n": 3.4377075973384197,
    "WLHImagSurface_W3_n": 0.17110986632795253,
    "WLHImagSurface_r0_n": 1.2628361562794035,
    "WLHImagSurface_r1_n": 1.5487025358024653,
    "WLHImagSurface_r2_n": 0.003766905729910399,
    "WLHImagSurface_a0_n": 0.8320456961857245,
    "WLHRealSpinOrbit_V0_p": 10.371732336819766,
    "WLHRealSpinOrbit_V1_p": 0.008680175665337922,
    "WLHRealSpinOrbit_r0_p": 1.208612021776067,
    "WLHRealSpinOrbit_r1_p": 0.7824878351883573,
    "WLHRealSpinOrbit_a0_p": 0.76105170010308,
    "WLHRealSpinOrbit_a1_p": 0.0003275488634243512,
    "WLHRealSpinOrbit_V0_n": 9.827810222273223,
    "WLHRealSpinOrbit_V1_n": 0.00858097610901812,
    "WLHRealSpinOrbit_r0_n": 1.2586584350641372,
    "WLHRealSpinOrbit_r1_n": 0.8493712224574089,
    "WLHRealSpinOrbit_a0_n": 0.7926047868242181,
    "WLHRealSpinOrbit_a1_n": 0.00033359446224341855
}