{
    "WLHReal_V0_p": 51.68868417916244,
    "WLHReal_V1_p": 0.283637463622107,
    "WLHReal_V2_p": 0.00016058530519628682,
    "WLHReal_V3_p": 1.4018482680835598e-06,
    "WLHReal_V4_p": 14.121316153458285,
    "WLHReal_V5_p": 0.11545986795875876,
    "WLHReal_V6_p": 0.0001868374233248562,
    "WLHReal_r0_p": 1.2808638166527975,
    "WLHReal_r1_p": 0.2520635609366371,
    "WLHReal_r2_p": 0.0005992161095429013,
    "WLHReal_r3_p": 4.386845842148132e-06,
    "WLHReal_a0_p": 0.75364602708316,
    "WLHReal_a1_p": -2.1544482752231686e-05,
    "WLHReal_a2_p": 4.370769528264301e-06,
    "WLHReal_a3_p": 0.03555587713393178,
    "WLHReal_a4_p": 0.4853205000986555,
    "WLHReal_V0_n": 54.08997501612657,
    "WLHReal_V1_n": 0.3533081228751626,
    "WLHReal_V2_n": -0.0002597923940343458,
    "WLHReal_V3_n": 4.322299030625483e-06,
    "WLHReal_V4_n": 18.822954598827966,
    "WLHReal_V5_n": 0.30548127231434996,
    "WLHReal_V6_n": 0.0011244578712014564,
    "WLHReal_r0_n": 1.3372093186285314,
    "WLHReal_r1_n": 0.4069663258623408,
    "WLHReal_r2_n": 0.0009079391819601809,
    "WLHReal_r3_n": 6.701508960719188e-06,
    "WLHReal_a0_n": 0.7488565216829227,
    "WLHReal_a1_n": 0.0009109314999969613,
    "WLHReal_a2_n": 9.646606122999612e-06,
    "WLHReal_a3_n": 0.1966352134866562,
    "WLHReal_a4_n": 0.804637130295521,
    "WLHImagVolume_W0_p": 3.01788563260957,
    "WLHImagVolume_W1_p": 0.13933709511684583,
    "WLHImagVolume_W2_p": 0.00013841893741215193,
    "WLHImagVolume_W3_p": 9.295068140303158,
    "WLHImagVolume_W4_p": 0.049007563264286666,
    "WLHImagVolume_r0_p": 0.6426498314796394,
    "WLHImagVolume_r1_p": 49.80691230737999,
    "WLHImagVolume_r2_p": 0.6066339157532414,
    "WLHImagVolume_r3_p": 61.19868647460276,
    "WLHImagVolume_r4_p": 0.6009085954176632,
    "WLHImagVolume_r5_p": 1.1511237462801947e-06,
    "WLHImagVolume_a0_p": 0.5086648467368541,
    "WLHImagVolume_a1_p": 0.2985082025198616,
    "WLHImagVolume_a2_p": 16.68416061659307,
    "WLHImagVolume_a3_p": 0.3551065509079545,
    "WLHImagVolume_a4_p": 0.001480694465429065,
    "WLHImagVolume_W0_n": 3.411289633371587,
    "WLHImagVolume_W1_n": 0.3476051949143985,
    "WLHImagVolume_W2_n": 0.001164877079454387,
    "WLHImagVolume_W3_n": 9.30899934189114,
    "WLHImagVolume_W4_n": 0.07599079637809188,
    "WLHImagVolume_r0_n": 0.36783639844548327,
    "WLHImagVolume_r1_n": 120.07842651274453,
    "WLHImagVolume_r2_n": 0.9639627502737192,
    "WLHImagVolume_r3_n": 115.02353763698468,
    "WLHImagVolume_r4_n": 0.6340933010410672,
    "WLHImagVolume_r5_n": 1.8721009914892256e-06,
    "WLHImagVolume_a0_n": 0.22530227879487016,
    "WLHImagVolume_a1_n": 0.6103961393258023,
    "WLHImagVolume_a2_n": 3.8552170862827695,
    "WLHImagVolume_a3_n": 0.008989079381495416,
    "WLHImagVolume_a4_n": 8.234878946560475e-06,
    "WLHImagSurface_W0_p": 1.1676263959297901,
    "WLHImagSurface_W1_p": 0.051859485305822337,
    "WLHImagSurface_W2_p": 1.385540796673502,
    "WLHImagSurface_W3_p": 0.17100522552088826,
    "WLHImagSurface_r0_p": 1.0586679627908684,
    "WLHImagSurface_r1_p": 0.4590642894974068,
    "WLHImagSurface_r2_p": 0.006126976250876277,
    "WLHImagSurface_a0_p": 0.8451836428160528,
    "WLHImagSurface_W0_n": 2.834883912504411,
    "WLHImagSurface_W1_n": 0.0878613825782692,
    "WLHImagSurface_W2_n": 5.126221291603771,
    "WLHImagSurface_W3_n": 0.28639957552445583,
    "WLHImagSurface_r0_n": 1.3611571816510333,
    "WLHImagSurface_r1_n": 1.8407792620701924,
    "WLHImagSurface_r2_n": 0.003638071408621878,
    "WLHImagSurface_a0_n": 0.8492305393097307,
    "WLHRealSpinOrbit_V0_p": 9.541866904201923,
    "WLHRealSpinOrbit_V1_p": 0.008180450880350328,
    "WLHRealSpinOrbit_r0_p": 1.26048523952014,
    "WLHRealSpinOrbit_r1_p": 0.8265258705198367,
    "WLHRealSpinOrbit_a0_p": 0.7835812463451032,
    "WLHRealSpinOrbit_a1_p": 0.0003826167331858138,
    "WLHRealSpinOrbit_V0_n": 8.720919144571637,
    "WLHRealSpinOrbit_V1_n": 0.007936275621116703,
    "WLHRealSpinOrbit_r0_n": 1.3029052285395506,
    "WLHRealSpinOrbit_r1_n": 0.9172749963706373,
    "WLHRealSpinOrbit_a0_n": 0.817675465809241,
    "WLHRealSpinOrbit_a1_n": 0.0003332867138381131
}