{
    "WLHReal_V0_p": 61.636334651731275,
    "WLHReal_V1_p": 0.3346548882819829,
    "WLHReal_V2_p": 0.0015422967731897523,
    "WLHReal_V3_p": -3.6934078178989425e-06,
    "WLHReal_V4_p": 17.195298484203086,
    "WLHReal_V5_p": 0.13608814841660324,
    "WLHReal_V6_p": -0.00018716593970279424,
    "WLHReal_r0_p": 1.1473269708432614,
    "WLHReal_r1_p": 0.3038963621942728,
    "WLHReal_r2_p": 0.0003203638630099451,
    "WLHReal_r3_p": -5.131675940831798e-06,
    "WLHReal_a0_p": 0.7156246918310591,
    "WLHReal_a1_p": 0.0003724417843933433,
    "WLHReal_a2_p": -6.642439312638885e-06,
    "WLHReal_a3_p": 0.20759277330237214,
    "WLHReal_a4_p": 0.619514554308781,
    "WLHReal_V0_n": 51.47457554658326,
    "WLHReal_V1_n": 0.2775505285575038,
    "WLHReal_V2_n": -5.3754557920119894e-05,
    "WLHReal_V3_n": 1.436092608138368e-06,
    "WLHReal_V4_n": 21.671404562848796,
    "WLHReal_V5_n": 0.25917684546641023,
    "WLHReal_V6_n": 0.0008898741825971312,
    "WLHReal_r0_n": 1.2719805132489852,
    "WLHReal_r1_n": 0.2405280685027536,
    "WLHReal_r2_n": 0.0008501896300296996,
    "WLHReal_r3_n": 8.249484156378444e-06,
    "WLHReal_a0_n": 0.7292416638952011,
    "WLHReal_a1_n": 0.000826567412674625,
    "WLHReal_a2_n": 9.790578884900931e-06,
    "WLHReal_a3_n": 0.3181147819744949,
    "WLHReal_a4_n": 0.9105907769485052,
    "WLHImagVolume_W0_p": 1.6835008274049987,
    "WLHImagVolume_W1_p": 0.253770639140691,
    "WLHImagVolume_W2_p": 0.0003700324176285236,
    "WLHImagVolume_W3_p": 16.71990116859368,
    "WLHImagVolume_W4_p": 0.05634895418941738,
    "WLHImagVolume_r0_p": 0.4412766693765776,
    "WLHImagVolume_r1_p": 55.66034868809023,
    "WLHImagVolume_r2_p": 0.6415376581258428,
    "WLHImagVolume_r3_p": 60.517937957721685,
    "WLHImagVolume_r4_p": 0.6989164778029239,
    "WLHImagVolume_r5_p": 2.578429349104183e-06,
    "WLHImagVolume_a0_p": 0.4435379994242679,
    "WLHImagVolume_a1_p": 0.28834075461413206,
    "WLHImagVolume_a2_p": 13.570238693086417,
    "WLHImagVolume_a3_p": 0.3440814208981615,
    "WLHImagVolume_a4_p": 0.0009230681982738938,
    "WLHImagVolume_W0_n": 2.2637947419623035,
    "WLHImagVolume_W1_n": 0.1783015759090807,
    "WLHImagVolume_W2_n": 0.0002684075867967378,
    "WLHImagVolume_W3_n": 7.500247973835009,
    "WLHImagVolume_W4_n": 0.0022986936304027275,
    "WLHImagVolume_r0_n": 0.5649407098124632,
    "WLHImagVolume_r1_n": 83.2188119200073,
    "WLHImagVolume_r2_n": 0.7010475879018515,
    "WLHImagVolume_r3_n": 82.75542081806911,
    "WLHImagVolume_r4_n": 0.8721815382930878,
    "WLHImagVolume_r5_n": 3.509801895234034e-06,
    "WLHImagVolume_a0_n": 0.2025625496590126,
    "WLHImagVolume_a1_n": 0.600648059062671,
    "WLHImagVolume_a2_n": 8.738567556573425,
    "WLHImagVolume_a3_n": 0.06512988582389193,
    "WLHImagVolume_a4_n": 0.0004262807209338944,
    "WLHImagSurface_W0_p": 1.5462007515134524,
    "WLHImagSurface_W1_p": 0.07410558450392274,
    "WLHImagSurface_W2_p": 2.2553914176879495,
    "WLHImagSurface_W3_p": 0.2594790576764011,
    "WLHImagSurface_r0_p": 1.2814304470248608,
    "WLHImagSurface_r1_p": 1.553281732280398,
    "WLHImagSurface_r2_p": 0.014433672427651994,
    "WLHImagSurface_a0_p": 0.7660706073754963,
    "WLHImagSurface_W0_n": 1.352164920299697,
    "WLHImagSurface_W1_n": 0.024558270812701646,
    "WLHImagSurface_W2_n": 1.5811074252531605,
    "WLHImagSurface_W3_n": 0.09383605050095489,
    "WLHImagSurface_r0_n": 1.290629251282798,
    "WLHImagSurface_r1_n": 1.3520509592609402,
    "WLHImagSurface_r2_n": 0.0032632706410725505,
    "WLHImagSurface_a0_n": 0.8461787552409767,
    "WLHRealSpinOrbit_V0_p": 10.9481966280634,
    "WLHRealSpinOrbit_V1_p": 0.00810244759870776,
    "WLHRealSpinOrbit_r0_p": 1.0993846204918438,
    "WLHRealSpinOrbit_r1_p": 0.604203036824382,
    "WLHRealSpinOrbit_a0_p": 0.6715782219482973,
    "WLHRealSpinOrbit_a1_p": 0.0003465511615435424,
    "WLHRealSpinOrbit_V0_n": 9.72441408356823,
    "WLHRealSpinOrbit_V1_n": 0.008449060561777693,
    "WLHRealSpinOrbit_r0_n": 1.261147924234421,
    "WLHRealSpinOrbit_r1_n": 0.8421244776310457,
    "WLHRealSpinOrbit_a0_n": 0.791253551017833,
    "WLHRealSpinOrbit_a1_n": 0.0003611939996619888
}