{
    "ECS_p": 0.326675,
    "ECS_n": 0.514048,
    "APower_p": 0.759064,
    "APower_n": 0.274843
}