{
    "WLHReal_V0_p": 51.95654797811403,
    "WLHReal_V1_p": 0.30615363534670886,
    "WLHReal_V2_p": -0.00028183810703312506,
    "WLHReal_V3_p": 3.135160373553357e-06,
    "WLHReal_V4_p": 11.863050674078117,
    "WLHReal_V5_p": 0.12821886521553946,
    "WLHReal_V6_p": 0.0003611347652892067,
    "WLHReal_r0_p": 1.3328308612168538,
    "WLHReal_r1_p": 0.2977010031782694,
    "WLHReal_r2_p": 0.0008497236913426718,
    "WLHReal_r3_p": 7.857664230755227e-06,
    "WLHReal_a0_p": 0.7872769699636164,
    "WLHReal_a1_p": 2.747589437108906e-05,
    "WLHReal_a2_p": 7.207222142001517e-06,
    "WLHReal_a3_p": 0.027918423030712153,
    "WLHReal_a4_p": 0.552275615131878,
    "WLHReal_V0_n": 54.89942934731783,
    "WLHReal_V1_n": 0.2679192018836761,
    "WLHReal_V2_n": 4.2793491317507466e-05,
    "WLHReal_V3_n": 4.375322018014417e-07,
    "WLHReal_V4_n": 23.080893795746555,
    "WLHReal_V5_n": 0.2512524678847979,
    "WLHReal_V6_n": 0.0008871830100031306,
    "WLHReal_r0_n": 1.2058707965305173,
    "WLHReal_r1_n": 0.1516404473539563,
    "WLHReal_r2_n": 0.0008836410835006994,
    "WLHReal_r3_n": 9.419994897124268e-06,
    "WLHReal_a0_n": 0.7273948449250508,
    "WLHReal_a1_n": 0.0006445159318202635,
    "WLHReal_a2_n": 1.01258028167222e-05,
    "WLHReal_a3_n": 0.3701866777665524,
    "WLHReal_a4_n": 1.0044265999776754,
    "WLHImagVolume_W0_p": 4.518869675840169,
    "WLHImagVolume_W1_p": 0.21289697601962465,
    "WLHImagVolume_W2_p": 0.0004173457090803547,
    "WLHImagVolume_W3_p": 10.629766756272893,
    "WLHImagVolume_W4_p": 0.07457919680027274,
    "WLHImagVolume_r0_p": 0.5954736354133744,
    "WLHImagVolume_r1_p": 58.929178981076795,
    "WLHImagVolume_r2_p": 0.7048908402687201,
    "WLHImagVolume_r3_p": 69.59713870476159,
    "WLHImagVolume_r4_p": 0.5329016362209346,
    "WLHImagVolume_r5_p": 9.820644103060819e-07,
    "WLHImagVolume_a0_p": 0.5544199202164957,
    "WLHImagVolume_a1_p": 0.3009817967470811,
    "WLHImagVolume_a2_p": 17.381824002075323,
    "WLHImagVolume_a3_p": 0.3974798918139839,
    "WLHImagVolume_a4_p": 0.0021892387562574642,
    "WLHImagVolume_W0_n": 3.0559489657340944,
    "WLHImagVolume_W1_n": 0.1982827688493755,
    "WLHImagVolume_W2_n": -4.4152256214711116e-05,
    "WLHImagVolume_W3_n": 9.842468672414812,
    "WLHImagVolume_W4_n": 0.013578564311503429,
    "WLHImagVolume_r0_n": 0.7736139800761157,
    "WLHImagVolume_r1_n": 32.74684155303961,
    "WLHImagVolume_r2_n": 0.4328929447724711,
    "WLHImagVolume_r3_n": 53.72383397875011,
    "WLHImagVolume_r4_n": 1.1789388081166283,
    "WLHImagVolume_r5_n": 3.920997108391898e-06,
    "WLHImagVolume_a0_n": 0.234013810908011,
    "WLHImagVolume_a1_n": 0.5511922137155376,
    "WLHImagVolume_a2_n": 8.028118683070382,
    "WLHImagVolume_a3_n": 0.033576171537129496,
    "WLHImagVolume_a4_n": 0.0006126188642186564,
    "WLHImagSurface_W0_p": 0.9786336143239013,
    "WLHImagSurface_W1_p": 0.04530307140234334,
    "WLHImagSurface_W2_p": 0.8848239155125289,
    "WLHImagSurface_W3_p": 0.15645805734388724,
    "WLHImagSurface_r0_p": 0.9856037752569952,
    "WLHImagSurface_r1_p": 0.33564302268374907,
    "WLHImagSurface_r2_p": 0.0028382832825145075,
    "WLHImagSurface_a0_p": 0.8492190459235649,
    "WLHImagSurface_W0_n": 1.03269754679536,
    "WLHImagSurface_W1_n": 0.0025190276778542936,
    "WLHImagSurface_W2_n": -0.03877086249650574,
    "WLHImagSurface_W3_n": 0.0009407771528564535,
    "WLHImagSurface_r0_n": 1.1971171804514849,
    "WLHImagSurface_r1_n": 1.1561295197798407,
    "WLHImagSurface_r2_n": 0.0034004754094690824,
    "WLHImagSurface_a0_n": 0.8294059951836813,
    "WLHRealSpinOrbit_V0_p": 9.159579393973985,
    "WLHRealSpinOrbit_V1_p": 0.008307103900242656,
    "WLHRealSpinOrbit_r0_p": 1.3038627521592205,
    "WLHRealSpinOrbit_r1_p": 0.906203403571755,
    "WLHRealSpinOrbit_a0_p": 0.8198264054917084,
    "WLHRealSpinOrbit_a1_p": 0.0003571706299657989,
    "WLHRealSpinOrbit_V0_n": 10.928751480580564,
    "WLHRealSpinOrbit_V1_n": 0.009321021469548857,
    "WLHRealSpinOrbit_r0_n": 1.2123537078564661,
    "WLHRealSpinOrbit_r1_n": 0.7981834411206002,
    "WLHRealSpinOrbit_a0_n": 0.7743922647269227,
    "WLHRealSpinOrbit_a1_n": 0.00031594235977269345
}