{
    "WLHReal_V0_p": 52.83819829866058,
    "WLHReal_V1_p": 0.2762172666133211,
    "WLHReal_V2_p": -0.00037965561628561164,
    "WLHReal_V3_p": 2.930405431904527e-06,
    "WLHReal_V4_p": 13.144360819633732,
    "WLHReal_V5_p": 0.14197147850111083,
    "WLHReal_V6_p": 0.00044407014611992456,
    "WLHReal_r0_p": 1.3235297727475237,
    "WLHReal_r1_p": 0.31401190674537455,
    "WLHReal_r2_p": 0.0007705337394726283,
    "WLHReal_r3_p": 7.620391615422316e-06,
    "WLHReal_a0_p": 0.7857643216509382,
    "WLHReal_a1_p": 0.0001484063862589787,
    "WLHReal_a2_p": 6.450998664479214e-06,
    "WLHReal_a3_p": 0.011569745527429946,
    "WLHReal_a4_p": 0.5077759392901335,
    "WLHReal_V0_n": 51.333557709660894,
    "WLHReal_V1_n": 0.2790565052536661,
    "WLHReal_V2_n": -0.001420703527485368,
    "WLHReal_V3_n": 6.719174376833961e-06,
    "WLHReal_V4_n": 19.74817582531529,
    "WLHReal_V5_n": 0.37197497293377135,
    "WLHReal_V6_n": 0.002139362649374357,
    "WLHReal_r0_n": 1.378665678344007,
    "WLHReal_r1_n": 0.35283071529762366,
    "WLHReal_r2_n": 0.0015890835532167574,
    "WLHReal_r3_n": 2.033391667707013e-05,
    "WLHReal_a0_n": 0.8002621718809793,
    "WLHReal_a1_n": 0.00166448039892964,
    "WLHReal_a2_n": 2.579569680387351e-05,
    "WLHReal_a3_n": 0.36223868181198865,
    "WLHReal_a4_n": 1.1903767510362246,
    "WLHImagVolume_W0_p": 4.753439006926905,
    "WLHImagVolume_W1_p": 0.2205681652139971,
    "WLHImagVolume_W2_p": 0.00021093204948825095,
    "WLHImagVolume_W3_p": 10.092907918865588,
    "WLHImagVolume_W4_p": 0.08298268524549911,
    "WLHImagVolume_r0_p": 0.7567584637423549,
    "WLHImagVolume_r1_p": 29.496976294657628,
    "WLHImagVolume_r2_p": 0.5202062142248594,
    "WLHImagVolume_r3_p": 43.33551415060044,
    "WLHImagVolume_r4_p": 0.7095891521601231,
    "WLHImagVolume_r5_p": 1.7131606163643193e-06,
    "WLHImagVolume_a0_p": 0.5970714610949944,
    "WLHImagVolume_a1_p": 0.23787019776368598,
    "WLHImagVolume_a2_p": 11.600149307748747,
    "WLHImagVolume_a3_p": 0.4549582034790279,
    "WLHImagVolume_a4_p": 0.0030156529038118042,
    "WLHImagVolume_W0_n": 4.836258909404471,
    "WLHImagVolume_W1_n": 0.35433219800974347,
    "WLHImagVolume_W2_n": 0.000887390941760163,
    "WLHImagVolume_W3_n": 11.929730495265487,
    "WLHImagVolume_W4_n": 0.024666873914910754,
    "WLHImagVolume_r0_n": 0.6334365120592972,
    "WLHImagVolume_r1_n": 80.02150505066996,
    "WLHImagVolume_r2_n": 0.7391956232436281,
    "WLHImagVolume_r3_n": 108.56490139584004,
    "WLHImagVolume_r4_n": 1.019854079676494,
    "WLHImagVolume_r5_n": 6.229949395313263e-06,
    "WLHImagVolume_a0_n": 0.3570406373955707,
    "WLHImagVolume_a1_n": 0.498097769652388,
    "WLHImagVolume_a2_n": 0.6442144829802627,
    "WLHImagVolume_a3_n": 0.013057985734285411,
    "WLHImagVolume_a4_n": 0.00037802599374594197,
    "WLHImagSurface_W0_p": 0.7334953024215614,
    "WLHImagSurface_W1_p": 0.024396885234048548,
    "WLHImagSurface_W2_p": 0.7850699129286335,
    "WLHImagSurface_W3_p": 0.08980631789086063,
    "WLHImagSurface_r0_p": 0.8336288287411826,
    "WLHImagSurface_r1_p": 0.2634516961848638,
    "WLHImagSurface_r2_p": 0.002657295643318427,
    "WLHImagSurface_a0_p": 0.6639528547230704,
    "WLHImagSurface_W0_n": 1.9396277494925411,
    "WLHImagSurface_W1_n": 0.0768637055925574,
    "WLHImagSurface_W2_n": 2.9991035638444554,
    "WLHImagSurface_W3_n": 0.2571910494370195,
    "WLHImagSurface_r0_n": 1.2947027047952306,
    "WLHImagSurface_r1_n": 1.8163029547225582,
    "WLHImagSurface_r2_n": 0.0013212957258460015,
    "WLHImagSurface_a0_n": 0.8955892714171936,
    "WLHRealSpinOrbit_V0_p": 9.646913468890032,
    "WLHRealSpinOrbit_V1_p": 0.008718603332744138,
    "WLHRealSpinOrbit_r0_p": 1.298302972053582,
    "WLHRealSpinOrbit_r1_p": 0.8959025871813974,
    "WLHRealSpinOrbit_a0_p": 0.8198455872491117,
    "WLHRealSpinOrbit_a1_p": 0.0003595943794377399,
    "WLHRealSpinOrbit_V0_n": 9.282800079612851,
    "WLHRealSpinOrbit_V1_n": 0.00923005965440332,
    "WLHRealSpinOrbit_r0_n": 1.370792584711312,
    "WLHRealSpinOrbit_r1_n": 1.033934925057163,
    "WLHRealSpinOrbit_a0_n": 0.8857225208383268,
    "WLHRealSpinOrbit_a1_n": 0.00031279674532729425
}