{
    "ECS_p": 0.418013,
    "ECS_n": 0.32443,
    "APower_p": 0.754956,
    "APower_n": 0.682139
}