{
    "CH89RealCentral": {
        "V_0": 57.4299,
        "V_t": 17.5866,
        "V_e": -0.357614,
        "r_o": 1.1635,
        "r_o_0": -0.130479,
        "a_0": 0.748101
    },
    "CH89Coulomb": {
        "r_c": 1.26144,
        "r_c_0": 0.0715006
    },
    "CH89SpinOrbit": {
        "V_so": 4.94773,
        "r_so": 1.14429,
        "r_so_0": -0.568122,
        "a_so": 0.578585
    },
    "CH89ImagCentral": {
        "W_v0": 17.0263,
        "W_ve0": 64.7162,
        "W_vew": 38.6172,
        "W_s0": 11.702,
        "W_st": 40.1402,
        "W_se0": 11.5453,
        "W_sew": 25.3726,
        "r_w": 1.30917,
        "r_w0": -0.276281,
        "a_w": 0.690995
    }
}