{
    "WLHReal_V0_p": 57.67195353314999,
    "WLHReal_V1_p": 0.316366282975936,
    "WLHReal_V2_p": 0.0005400731141342858,
    "WLHReal_V3_p": -1.835542575394594e-07,
    "WLHReal_V4_p": 14.548752759892148,
    "WLHReal_V5_p": 0.14680420371615652,
    "WLHReal_V6_p": 0.0001573715511050492,
    "WLHReal_r0_p": 1.2514751899981373,
    "WLHReal_r1_p": 0.3464986320934513,
    "WLHReal_r2_p": 0.0005525314898845874,
    "WLHReal_r3_p": 1.0997831765395744e-06,
    "WLHReal_a0_p": 0.7589211481533525,
    "WLHReal_a1_p": 0.00029511161260793663,
    "WLHReal_a2_p": -6.213576510965468e-07,
    "WLHReal_a3_p": 0.11732334739665008,
    "WLHReal_a4_p": 0.5797649423391916,
    "WLHReal_V0_n": 53.596941529895616,
    "WLHReal_V1_n": 0.28166606222139723,
    "WLHReal_V2_n": 0.0002143211095690955,
    "WLHReal_V3_n": 1.2440410671317279e-06,
    "WLHReal_V4_n": 21.545181619726048,
    "WLHReal_V5_n": 0.2533627453382085,
    "WLHReal_V6_n": 0.0005862662489114689,
    "WLHReal_r0_n": 1.2804992251679725,
    "WLHReal_r1_n": 0.35986582136127687,
    "WLHReal_r2_n": 0.0005086555180384925,
    "WLHReal_r3_n": 1.9666714068061246e-06,
    "WLHReal_a0_n": 0.7152972631777543,
    "WLHReal_a1_n": 0.00034482695484836775,
    "WLHReal_a2_n": 7.790044644432131e-07,
    "WLHReal_a3_n": 0.19499311158841354,
    "WLHReal_a4_n": 0.639266476982097,
    "WLHImagVolume_W0_p": 3.5398870985268474,
    "WLHImagVolume_W1_p": 0.26395036335097427,
    "WLHImagVolume_W2_p": 0.0004185639037303237,
    "WLHImagVolume_W3_p": 14.033538032001942,
    "WLHImagVolume_W4_p": 0.07741644774782999,
    "WLHImagVolume_r0_p": 0.5336683333988576,
    "WLHImagVolume_r1_p": 50.00771847291298,
    "WLHImagVolume_r2_p": 0.657801584947535,
    "WLHImagVolume_r3_p": 56.90331722374619,
    "WLHImagVolume_r4_p": 0.6413244602314807,
    "WLHImagVolume_r5_p": 1.8402224553519678e-06,
    "WLHImagVolume_a0_p": 0.5247366349452323,
    "WLHImagVolume_a1_p": 0.2737241937920034,
    "WLHImagVolume_a2_p": 13.49293413547351,
    "WLHImagVolume_a3_p": 0.40375189882178264,
    "WLHImagVolume_a4_p": 0.002040260171504517,
    "WLHImagVolume_W0_n": 1.9379732367294493,
    "WLHImagVolume_W1_n": 0.22343884273585438,
    "WLHImagVolume_W2_n": 0.0003661009639298826,
    "WLHImagVolume_W3_n": 7.200664005494385,
    "WLHImagVolume_W4_n": 0.03198853197659752,
    "WLHImagVolume_r0_n": 0.513642977019866,
    "WLHImagVolume_r1_n": 78.70164408390089,
    "WLHImagVolume_r2_n": 0.7520644461193752,
    "WLHImagVolume_r3_n": 76.67847580896145,
    "WLHImagVolume_r4_n": 0.894500630173246,
    "WLHImagVolume_r5_n": 2.5711995038489392e-06,
    "WLHImagVolume_a0_n": 0.1985321130460064,
    "WLHImagVolume_a1_n": 0.6292169574302491,
    "WLHImagVolume_a2_n": 9.533345418015383,
    "WLHImagVolume_a3_n": 0.08413324782598648,
    "WLHImagVolume_a4_n": 0.000961610866348749,
    "WLHImagSurface_W0_p": 1.1913720458561563,
    "WLHImagSurface_W1_p": 0.05818535591292913,
    "WLHImagSurface_W2_p": 1.7004202254197214,
    "WLHImagSurface_W3_p": 0.21308445856159594,
    "WLHImagSurface_r0_p": 1.0721200601120717,
    "WLHImagSurface_r1_p": 0.9633622520353797,
    "WLHImagSurface_r2_p": 0.008180149579521512,
    "WLHImagSurface_a0_p": 0.7265204004530177,
    "WLHImagSurface_W0_n": 1.5331283700614509,
    "WLHImagSurface_W1_n": 0.02491288778835541,
    "WLHImagSurface_W2_n": 2.461910203792969,
    "WLHImagSurface_W3_n": 0.10607038760542913,
    "WLHImagSurface_r0_n": 1.2869017091775068,
    "WLHImagSurface_r1_n": 1.3525607336169165,
    "WLHImagSurface_r2_n": 0.003877148081243081,
    "WLHImagSurface_a0_n": 0.8314938283094179,
    "WLHRealSpinOrbit_V0_p": 10.12684035814342,
    "WLHRealSpinOrbit_V1_p": 0.008321005089985173,
    "WLHRealSpinOrbit_r0_p": 1.2064135797094755,
    "WLHRealSpinOrbit_r1_p": 0.762319437839956,
    "WLHRealSpinOrbit_a0_p": 0.750144642666745,
    "WLHRealSpinOrbit_a1_p": 0.0003503847876960053,
    "WLHRealSpinOrbit_V0_n": 9.654615749054825,
    "WLHRealSpinOrbit_V1_n": 0.008151755245540572,
    "WLHRealSpinOrbit_r0_n": 1.2471984858306742,
    "WLHRealSpinOrbit_r1_n": 0.8052462637336332,
    "WLHRealSpinOrbit_a0_n": 0.7726866161120084,
    "WLHRealSpinOrbit_a1_n": 0.000380501665062609
}