{
    "WLHReal_V0_p": 52.22149243946612,
    "WLHReal_V1_p": 0.27224872701022507,
    "WLHReal_V2_p": 9.603183771457086e-05,
    "WLHReal_V3_p": 1.3949511014927599e-06,
    "WLHReal_V4_p": 14.446657786766922,
    "WLHReal_V5_p": 0.13264774913964433,
    "WLHReal_V6_p": 0.00025220356259348525,
    "WLHReal_r0_p": 1.2948433095833651,
    "WLHReal_r1_p": 0.31328487134296856,
    "WLHReal_r2_p": 0.0004769081043032281,
    "WLHReal_r3_p": 3.1370305608540977e-06,
    "WLHReal_a0_p": 0.7575265800933051,
    "WLHReal_a1_p": 7.362980118349544e-05,
    "WLHReal_a2_p": 3.0445253406923108e-06,
    "WLHReal_a3_p": 0.03004527222119263,
    "WLHReal_a4_p": 0.4491876940588651,
    "WLHReal_V0_n": 51.5094616079933,
    "WLHReal_V1_n": 0.2769127172845029,
    "WLHReal_V2_n": -0.0008045902206351547,
    "WLHReal_V3_n": 4.90865913539282e-06,
    "WLHReal_V4_n": 19.790246487589467,
    "WLHReal_V5_n": 0.33443402761598223,
    "WLHReal_V6_n": 0.001461519047443003,
    "WLHReal_r0_n": 1.3854393604672992,
    "WLHReal_r1_n": 0.4748845781020548,
    "WLHReal_r2_n": 0.0010068948396666226,
    "WLHReal_r3_n": 1.0450270198994889e-05,
    "WLHReal_a0_n": 0.7652866648419391,
    "WLHReal_a1_n": 0.0010133567635306042,
    "WLHReal_a2_n": 1.2465142666828992e-05,
    "WLHReal_a3_n": 0.20894058246898595,
    "WLHReal_a4_n": 0.7933307422801597,
    "WLHImagVolume_W0_p": 3.2673195269254665,
    "WLHImagVolume_W1_p": 0.15676761378852605,
    "WLHImagVolume_W2_p": 0.00012000924261295427,
    "WLHImagVolume_W3_p": 9.032764830535019,
    "WLHImagVolume_W4_p": 0.05824233448160298,
    "WLHImagVolume_r0_p": 0.6536571677326928,
    "WLHImagVolume_r1_p": 41.10963825219448,
    "WLHImagVolume_r2_p": 0.5946229435908353,
    "WLHImagVolume_r3_p": 50.52151689099859,
    "WLHImagVolume_r4_p": 0.6120345771548751,
    "WLHImagVolume_r5_p": 1.1627733343245135e-06,
    "WLHImagVolume_a0_p": 0.5305259695455271,
    "WLHImagVolume_a1_p": 0.27845809310184044,
    "WLHImagVolume_a2_p": 14.688451872825699,
    "WLHImagVolume_a3_p": 0.383351151836245,
    "WLHImagVolume_a4_p": 0.0018957837253559553,
    "WLHImagVolume_W0_n": 3.2549652472211426,
    "WLHImagVolume_W1_n": 0.32334566727546604,
    "WLHImagVolume_W2_n": 0.0008661235844450322,
    "WLHImagVolume_W3_n": 9.009071382389225,
    "WLHImagVolume_W4_n": 0.034419691278360844,
    "WLHImagVolume_r0_n": 0.48194710574939015,
    "WLHImagVolume_r1_n": 96.57257474277017,
    "WLHImagVolume_r2_n": 0.8844407982093754,
    "WLHImagVolume_r3_n": 105.70028206213209,
    "WLHImagVolume_r4_n": 0.883376123734462,
    "WLHImagVolume_r5_n": 4.919638398476984e-06,
    "WLHImagVolume_a0_n": 0.29403602425216796,
    "WLHImagVolume_a1_n": 0.5790284088387471,
    "WLHImagVolume_a2_n": 4.637879545245237,
    "WLHImagVolume_a3_n": 0.07136891230547307,
    "WLHImagVolume_a4_n": 0.0009338554695203833,
    "WLHImagSurface_W0_p": 1.1623372532327068,
    "WLHImagSurface_W1_p": 0.057086068797731315,
    "WLHImagSurface_W2_p": 1.8239280940014038,
    "WLHImagSurface_W3_p": 0.20327533371857834,
    "WLHImagSurface_r0_p": 1.0030719590726827,
    "WLHImagSurface_r1_p": 0.4880430702067161,
    "WLHImagSurface_r2_p": 0.0060430849971319315,
    "WLHImagSurface_a0_p": 0.7526649389763436,
    "WLHImagSurface_W0_n": 1.932951102955812,
    "WLHImagSurface_W1_n": 0.06606448670157958,
    "WLHImagSurface_W2_n": 3.9067841579172784,
    "WLHImagSurface_W3_n": 0.24869099059006938,
    "WLHImagSurface_r0_n": 1.3275324326110245,
    "WLHImagSurface_r1_n": 1.728556242167648,
    "WLHImagSurface_r2_n": 0.002349517652371588,
    "WLHImagSurface_a0_n": 0.8754307524920526,
    "WLHRealSpinOrbit_V0_p": 9.572272514200414,
    "WLHRealSpinOrbit_V1_p": 0.008220709808483618,
    "WLHRealSpinOrbit_r0_p": 1.265956174967161,
    "WLHRealSpinOrbit_r1_p": 0.8274852886363455,
    "WLHRealSpinOrbit_a0_p": 0.785644125497615,
    "WLHRealSpinOrbit_a1_p": 0.0003917890657502465,
    "WLHRealSpinOrbit_V0_n": 8.844946426023048,
    "WLHRealSpinOrbit_V1_n": 0.00833584588839353,
    "WLHRealSpinOrbit_r0_n": 1.3470339381620433,
    "WLHRealSpinOrbit_r1_n": 0.9571686186576115,
    "WLHRealSpinOrbit_a0_n": 0.8465722559193398,
    "WLHRealSpinOrbit_a1_n": 0.00037313189026722064
}