{
    "ECS_p": 0.551741,
    "ECS_n": 0.585304,
    "APower_p": 0.502971,
    "APower_n": 0.408309
}