{
    "CH89RealCentral": {
        "V_0": 56.5321,
        "V_t": 19.3866,
        "V_e": -0.319896,
        "r_o": 1.14652,
        "r_o_0": -0.0146922,
        "a_0": 0.771597
    },
    "CH89Coulomb": {
        "r_c": 1.24589,
        "r_c_0": -0.105888
    },
    "CH89SpinOrbit": {
        "V_so": 5.5087,
        "r_so": 1.27955,
        "r_so_0": -0.899333,
        "a_so": 0.608551
    },
    "CH89ImagCentral": {
        "W_v0": 3.38221,
        "W_ve0": -1.17497,
        "W_vew": 48.6486,
        "W_s0": 13.44,
        "W_st": 27.0761,
        "W_se0": 37.5341,
        "W_sew": 68.7202,
        "r_w": 1.28427,
        "r_w0": -0.56074,
        "a_w": 0.707491
    }
}