{
    "WLHReal_V0_p": 58.50276969718517,
    "WLHReal_V1_p": 0.33632480948814114,
    "WLHReal_V2_p": 7.690380319796662e-05,
    "WLHReal_V3_p": 1.4804712148005751e-06,
    "WLHReal_V4_p": 12.59681114905071,
    "WLHReal_V5_p": 0.15200829924520445,
    "WLHReal_V6_p": 0.0003325605613917807,
    "WLHReal_r0_p": 1.281843600767519,
    "WLHReal_r1_p": 0.33735017219205843,
    "WLHReal_r2_p": 0.0009367891437936017,
    "WLHReal_r3_p": 6.829690149436159e-06,
    "WLHReal_a0_p": 0.7913842911730864,
    "WLHReal_a1_p": 0.0003476829679859374,
    "WLHReal_a2_p": 4.019876502411811e-06,
    "WLHReal_a3_p": 0.11017251149332931,
    "WLHReal_a4_p": 0.6778533599197032,
    "WLHReal_V0_n": 58.57364289992283,
    "WLHReal_V1_n": 0.3173837442542962,
    "WLHReal_V2_n": 0.0005554985354086121,
    "WLHReal_V3_n": -8.31619686588108e-08,
    "WLHReal_V4_n": 21.387858132124308,
    "WLHReal_V5_n": 0.24816215677328518,
    "WLHReal_V6_n": 0.0003413326938588564,
    "WLHReal_r0_n": 1.2480286186273586,
    "WLHReal_r1_n": 0.41002974657061014,
    "WLHReal_r2_n": 0.00028090678462695297,
    "WLHReal_r3_n": -2.549295303598378e-06,
    "WLHReal_a0_n": 0.7049635952573403,
    "WLHReal_a1_n": -0.00011160798621926826,
    "WLHReal_a2_n": -5.241421322683753e-06,
    "WLHReal_a3_n": 0.10888692717883597,
    "WLHReal_a4_n": 0.4865640434726232,
    "WLHImagVolume_W0_p": 5.154813116754328,
    "WLHImagVolume_W1_p": 0.34180825114623287,
    "WLHImagVolume_W2_p": 0.0006209696267370857,
    "WLHImagVolume_W3_p": 15.90619916028306,
    "WLHImagVolume_W4_p": 0.10347469782398011,
    "WLHImagVolume_r0_p": 0.5851898866245002,
    "WLHImagVolume_r1_p": 48.49633445113275,
    "WLHImagVolume_r2_p": 0.6420210528935388,
    "WLHImagVolume_r3_p": 59.40326884721672,
    "WLHImagVolume_r4_p": 0.6946426864317081,
    "WLHImagVolume_r5_p": 1.910155182306109e-06,
    "WLHImagVolume_a0_p": 0.5833056045132053,
    "WLHImagVolume_a1_p": 0.250580349358298,
    "WLHImagVolume_a2_p": 12.044583088850423,
    "WLHImagVolume_a3_p": 0.46467926077349275,
    "WLHImagVolume_a4_p": 0.0030048164805226148,
    "WLHImagVolume_W0_n": 2.5392999679692667,
    "WLHImagVolume_W1_n": 0.31595261769856475,
    "WLHImagVolume_W2_n": 0.000538071479898396,
    "WLHImagVolume_W3_n": 9.004379490296417,
    "WLHImagVolume_W4_n": 0.08905954347041353,
    "WLHImagVolume_r0_n": 0.5311109863034262,
    "WLHImagVolume_r1_n": 58.93344140304875,
    "WLHImagVolume_r2_n": 0.7039428362799673,
    "WLHImagVolume_r3_n": 64.5286793469896,
    "WLHImagVolume_r4_n": 0.9795232422278497,
    "WLHImagVolume_r5_n": 2.3356564029710974e-06,
    "WLHImagVolume_a0_n": 0.20317904798314015,
    "WLHImagVolume_a1_n": 0.6284582050783456,
    "WLHImagVolume_a2_n": 8.217174700354803,
    "WLHImagVolume_a3_n": 0.04697673323746023,
    "WLHImagVolume_a4_n": 0.0011040147476989704,
    "WLHImagSurface_W0_p": 0.7866655290324848,
    "WLHImagSurface_W1_p": 0.027298766820387843,
    "WLHImagSurface_W2_p": 0.48126704604766696,
    "WLHImagSurface_W3_p": 0.10269506040614966,
    "WLHImagSurface_r0_p": 0.9424481331098916,
    "WLHImagSurface_r1_p": 0.7697487391511867,
    "WLHImagSurface_r2_p": 0.004569787704005329,
    "WLHImagSurface_a0_p": 0.6963989273753068,
    "WLHImagSurface_W0_n": 2.062706398340115,
    "WLHImagSurface_W1_n": 0.03266562776749023,
    "WLHImagSurface_W2_n": 3.2505640930485344,
    "WLHImagSurface_W3_n": 0.11349721639192903,
    "WLHImagSurface_r0_n": 1.251445442127013,
    "WLHImagSurface_r1_n": 1.3797558347675287,
    "WLHImagSurface_r2_n": 0.004824809924419706,
    "WLHImagSurface_a0_n": 0.8044970586102475,
    "WLHRealSpinOrbit_V0_p": 10.093887375637792,
    "WLHRealSpinOrbit_V1_p": 0.008755959499396991,
    "WLHRealSpinOrbit_r0_p": 1.2392988784992052,
    "WLHRealSpinOrbit_r1_p": 0.838110235514328,
    "WLHRealSpinOrbit_a0_p": 0.785835967169928,
    "WLHRealSpinOrbit_a1_p": 0.0003072264592982083,
    "WLHRealSpinOrbit_V0_n": 10.087122417995973,
    "WLHRealSpinOrbit_V1_n": 0.008264790116247252,
    "WLHRealSpinOrbit_r0_n": 1.205312799071473,
    "WLHRealSpinOrbit_r1_n": 0.7598883151688758,
    "WLHRealSpinOrbit_a0_n": 0.7480274936727361,
    "WLHRealSpinOrbit_a1_n": 0.00034825757045509677
}