{
    "WLHReal_V0_p": 50.23320398836283,
    "WLHReal_V1_p": 0.30531799253405967,
    "WLHReal_V2_p": -0.001036747675734742,
    "WLHReal_V3_p": 5.786117385860376e-06,
    "WLHReal_V4_p": 9.551293058085733,
    "WLHReal_V5_p": 0.13630183362828646,
    "WLHReal_V6_p": 0.0006279032747041661,
    "WLHReal_r0_p": 1.402281839650216,
    "WLHReal_r1_p": 0.3150672468236944,
    "WLHReal_r2_p": 0.00115600661213134,
    "WLHReal_r3_p": 1.3236323693836e-05,
    "WLHReal_a0_p": 0.8255813648601595,
    "WLHReal_a1_p": 1.1204105922106111e-05,
    "WLHReal_a2_p": 1.2207333462498013e-05,
    "WLHReal_a3_p": -0.024010790037822985,
    "WLHReal_a4_p": 0.5769583861759736,
    "WLHReal_V0_n": 51.02711687704725,
    "WLHReal_V1_n": 0.2915893473675226,
    "WLHReal_V2_n": -0.0009933027420072947,
    "WLHReal_V3_n": 5.34831934853359e-06,
    "WLHReal_V4_n": 19.951887118314712,
    "WLHReal_V5_n": 0.33728130007311286,
    "WLHReal_V6_n": 0.0017692725292120645,
    "WLHReal_r0_n": 1.3493405867305903,
    "WLHReal_r1_n": 0.30862236657515124,
    "WLHReal_r2_n": 0.0014009223053113697,
    "WLHReal_r3_n": 1.7565559152201956e-05,
    "WLHReal_a0_n": 0.7794981064757464,
    "WLHReal_a1_n": 0.00149575899921053,
    "WLHReal_a2_n": 2.2176113310413738e-05,
    "WLHReal_a3_n": 0.35522273704027235,
    "WLHReal_a4_n": 1.132265852856395,
    "WLHImagVolume_W0_p": 6.271159014114575,
    "WLHImagVolume_W1_p": 0.25470314338715994,
    "WLHImagVolume_W2_p": 0.0005341642966522046,
    "WLHImagVolume_W3_p": 10.066212532045547,
    "WLHImagVolume_W4_p": 0.09807855278077635,
    "WLHImagVolume_r0_p": 0.6727250294541299,
    "WLHImagVolume_r1_p": 54.706737665010564,
    "WLHImagVolume_r2_p": 0.7020638338590006,
    "WLHImagVolume_r3_p": 68.47653412364977,
    "WLHImagVolume_r4_p": 0.5310898707164583,
    "WLHImagVolume_r5_p": 6.523446082862204e-07,
    "WLHImagVolume_a0_p": 0.625891976851392,
    "WLHImagVolume_a1_p": 0.2812685783893115,
    "WLHImagVolume_a2_p": 16.57103087018675,
    "WLHImagVolume_a3_p": 0.4587333500694677,
    "WLHImagVolume_a4_p": 0.003249930989370913,
    "WLHImagVolume_W0_n": 4.056659099693754,
    "WLHImagVolume_W1_n": 0.29988085583454305,
    "WLHImagVolume_W2_n": 0.0007926088964849055,
    "WLHImagVolume_W3_n": 10.418785880854752,
    "WLHImagVolume_W4_n": 0.01964730146646184,
    "WLHImagVolume_r0_n": 0.572025963589086,
    "WLHImagVolume_r1_n": 92.49689072033266,
    "WLHImagVolume_r2_n": 0.7735580606294955,
    "WLHImagVolume_r3_n": 107.66321554398547,
    "WLHImagVolume_r4_n": 0.8914957604739698,
    "WLHImagVolume_r5_n": 4.7232198143071494e-06,
    "WLHImagVolume_a0_n": 0.298330499472041,
    "WLHImagVolume_a1_n": 0.5358080958068554,
    "WLHImagVolume_a2_n": 2.8213514987663295,
    "WLHImagVolume_a3_n": 0.02022416851218732,
    "WLHImagVolume_a4_n": 0.0001534162339477517,
    "WLHImagSurface_W0_p": 0.5927120604921197,
    "WLHImagSurface_W1_p": 0.02163065316809324,
    "WLHImagSurface_W2_p": 0.001269425090847931,
    "WLHImagSurface_W3_p": 0.0773280365913605,
    "WLHImagSurface_r0_p": 0.8103602056449565,
    "WLHImagSurface_r1_p": -0.0735708013099104,
    "WLHImagSurface_r2_p": -0.002208325598378343,
    "WLHImagSurface_a0_p": 0.8117657852458433,
    "WLHImagSurface_W0_n": 1.9397859893132723,
    "WLHImagSurface_W1_n": 0.06862617490369144,
    "WLHImagSurface_W2_n": 2.917117009277857,
    "WLHImagSurface_W3_n": 0.22880008235802363,
    "WLHImagSurface_r0_n": 1.3128502862087805,
    "WLHImagSurface_r1_n": 1.7307257082846297,
    "WLHImagSurface_r2_n": 0.001980754262390025,
    "WLHImagSurface_a0_n": 0.8816594026167549,
    "WLHRealSpinOrbit_V0_p": 8.715365242980946,
    "WLHRealSpinOrbit_V1_p": 0.008637482356581783,
    "WLHRealSpinOrbit_r0_p": 1.3763394106731501,
    "WLHRealSpinOrbit_r1_p": 1.0261965660276415,
    "WLHRealSpinOrbit_a0_p": 0.8786073692460196,
    "WLHRealSpinOrbit_a1_p": 0.00033875201670709437,
    "WLHRealSpinOrbit_V0_n": 9.222529556333457,
    "WLHRealSpinOrbit_V1_n": 0.008855347971061238,
    "WLHRealSpinOrbit_r0_n": 1.3415023982780827,
    "WLHRealSpinOrbit_r1_n": 0.9841079969273381,
    "WLHRealSpinOrbit_a0_n": 0.8590785016269669,
    "WLHRealSpinOrbit_a1_n": 0.00032363644998158344
}