{
    "WLHReal_V0_p": 54.5365602009888,
    "WLHReal_V1_p": 0.30667564549642495,
    "WLHReal_V2_p": 0.0001334340761333085,
    "WLHReal_V3_p": 1.6423304046948915e-06,
    "WLHReal_V4_p": 13.358875421217911,
    "WLHReal_V5_p": 0.13856949148737557,
    "WLHReal_V6_p": 0.00025853134613416874,
    "WLHReal_r0_p": 1.294350584286952,
    "WLHReal_r1_p": 0.3295187054746135,
    "WLHReal_r2_p": 0.0006537297543295469,
    "WLHReal_r3_p": 4.023910141993216e-06,
    "WLHReal_a0_p": 0.7712643727648911,
    "WLHReal_a1_p": 0.0001571162661073259,
    "WLHReal_a2_p": 2.940029008755913e-06,
    "WLHReal_a3_p": 0.06836734423942661,
    "WLHReal_a4_p": 0.548217425092746,
    "WLHReal_V0_n": 54.35018606994725,
    "WLHReal_V1_n": 0.2937383174766986,
    "WLHReal_V2_n": -0.0007028471511254001,
    "WLHReal_V3_n": 4.237671607885437e-06,
    "WLHReal_V4_n": 20.459188176805135,
    "WLHReal_V5_n": 0.32690001886398,
    "WLHReal_V6_n": 0.0015017798757977075,
    "WLHReal_r0_n": 1.3235195530225985,
    "WLHReal_r1_n": 0.35949301653699994,
    "WLHReal_r2_n": 0.0011343668157449511,
    "WLHReal_r3_n": 1.285084161352241e-05,
    "WLHReal_a0_n": 0.7662999059005057,
    "WLHReal_a1_n": 0.0010204287163938265,
    "WLHReal_a2_n": 1.506175830165049e-05,
    "WLHReal_a3_n": 0.28010371912629517,
    "WLHReal_a4_n": 0.9573406702170726,
    "WLHImagVolume_W0_p": 3.9286645827180564,
    "WLHImagVolume_W1_p": 0.22972307258145228,
    "WLHImagVolume_W2_p": 0.00039063350318441925,
    "WLHImagVolume_W3_p": 11.920227324560352,
    "WLHImagVolume_W4_p": 0.07427202040361809,
    "WLHImagVolume_r0_p": 0.5645737257448493,
    "WLHImagVolume_r1_p": 53.58345101762199,
    "WLHImagVolume_r2_p": 0.682004990270443,
    "WLHImagVolume_r3_p": 61.83936423576067,
    "WLHImagVolume_r4_p": 0.579159617444375,
    "WLHImagVolume_r5_p": 1.4657693408286125e-06,
    "WLHImagVolume_a0_p": 0.5377394727833352,
    "WLHImagVolume_a1_p": 0.28789280377385124,
    "WLHImagVolume_a2_p": 15.4532849586243,
    "WLHImagVolume_a3_p": 0.39785920629524085,
    "WLHImagVolume_a4_p": 0.002076992088929128,
    "WLHImagVolume_W0_n": 4.136553336641566,
    "WLHImagVolume_W1_n": 0.3440065936392141,
    "WLHImagVolume_W2_n": 0.0007368946357775302,
    "WLHImagVolume_W3_n": 11.20240682266526,
    "WLHImagVolume_W4_n": 0.04975550570036649,
    "WLHImagVolume_r0_n": 0.619357879160997,
    "WLHImagVolume_r1_n": 67.35309442866033,
    "WLHImagVolume_r2_n": 0.6969766594615066,
    "WLHImagVolume_r3_n": 90.02072795207185,
    "WLHImagVolume_r4_n": 1.034619137951689,
    "WLHImagVolume_r5_n": 5.4140359892166975e-06,
    "WLHImagVolume_a0_n": 0.3049336622979909,
    "WLHImagVolume_a1_n": 0.5385448058198556,
    "WLHImagVolume_a2_n": 3.1726428709125614,
    "WLHImagVolume_a3_n": 0.018998440208334688,
    "WLHImagVolume_a4_n": 0.0006222652954234602,
    "WLHImagSurface_W0_p": 1.1180418221464916,
    "WLHImagSurface_W1_p": 0.055183669053130345,
    "WLHImagSurface_W2_p": 1.4528331829776469,
    "WLHImagSurface_W3_p": 0.19853290479150526,
    "WLHImagSurface_r0_p": 1.030453517702725,
    "WLHImagSurface_r1_p": 0.645659313417104,
    "WLHImagSurface_r2_p": 0.005656649619272383,
    "WLHImagSurface_a0_p": 0.7824772546271439,
    "WLHImagSurface_W0_n": 1.972814567182449,
    "WLHImagSurface_W1_n": 0.059492832672277327,
    "WLHImagSurface_W2_n": 2.9284071082097487,
    "WLHImagSurface_W3_n": 0.19704220743145764,
    "WLHImagSurface_r0_n": 1.2694346848060845,
    "WLHImagSurface_r1_n": 1.6440144865999775,
    "WLHImagSurface_r2_n": 0.0025997743749708022,
    "WLHImagSurface_a0_n": 0.8609784094601768,
    "WLHRealSpinOrbit_V0_p": 9.610588237240748,
    "WLHRealSpinOrbit_V1_p": 0.008273690407967818,
    "WLHRealSpinOrbit_r0_p": 1.2566494345690917,
    "WLHRealSpinOrbit_r1_p": 0.8324009799187966,
    "WLHRealSpinOrbit_a0_p": 0.7844657553435977,
    "WLHRealSpinOrbit_a1_p": 0.0003600251654156281,
    "WLHRealSpinOrbit_V0_n": 9.704885155762195,
    "WLHRealSpinOrbit_V1_n": 0.008986525753989267,
    "WLHRealSpinOrbit_r0_n": 1.3057809395262718,
    "WLHRealSpinOrbit_r1_n": 0.9318398568082914,
    "WLHRealSpinOrbit_a0_n": 0.8347658500168931,
    "WLHRealSpinOrbit_a1_n": 0.0003181975673264304
}