{
    "CH89RealCentral": {
        "V_0": 57.2199,
        "V_t": 12.585,
        "V_e": -0.326207,
        "r_o": 1.18055,
        "r_o_0": -0.217328,
        "a_0": 0.73258
    },
    "CH89Coulomb": {
        "r_c": 1.21424,
        "r_c_0": 0.137935
    },
    "CH89SpinOrbit": {
        "V_so": 6.01442,
        "r_so": 1.33291,
        "r_so_0": -1.28859,
        "a_so": 0.6655
    },
    "CH89ImagCentral": {
        "W_v0": 9.84558,
        "W_ve0": 35.1921,
        "W_vew": 22.2356,
        "W_s0": 12.2041,
        "W_st": 32.5322,
        "W_se0": 7.04326,
        "W_sew": 33.1541,
        "r_w": 1.35333,
        "r_w0": -0.293901,
        "a_w": 0.678768
    }
}