{
    "WLHReal_V0_p": 52.768178606932004,
    "WLHReal_V1_p": 0.28157357968069124,
    "WLHReal_V2_p": -0.0004906157533768461,
    "WLHReal_V3_p": 3.039632728449637e-06,
    "WLHReal_V4_p": 12.684612153843789,
    "WLHReal_V5_p": 0.13462120504206246,
    "WLHReal_V6_p": 0.00046726624110435093,
    "WLHReal_r0_p": 1.3213691514638928,
    "WLHReal_r1_p": 0.27388681138106896,
    "WLHReal_r2_p": 0.0009343483318898002,
    "WLHReal_r3_p": 9.859911234741602e-06,
    "WLHReal_a0_p": 0.7914497587709813,
    "WLHReal_a1_p": 0.00012074566946135462,
    "WLHReal_a2_p": 7.923538404075015e-06,
    "WLHReal_a3_p": 0.0077644535068986595,
    "WLHReal_a4_p": 0.5450313482595844,
    "WLHReal_V0_n": 58.99891869430563,
    "WLHReal_V1_n": 0.33189961538008,
    "WLHReal_V2_n": 0.0006759551304535871,
    "WLHReal_V3_n": -6.446313699969797e-07,
    "WLHReal_V4_n": 21.72800685869653,
    "WLHReal_V5_n": 0.23342535526346647,
    "WLHReal_V6_n": 0.00032647511199738685,
    "WLHReal_r0_n": 1.2056514441603887,
    "WLHReal_r1_n": 0.29616683753521345,
    "WLHReal_r2_n": 0.0003937997354075131,
    "WLHReal_r3_n": -9.32999529010707e-07,
    "WLHReal_a0_n": 0.7025449353445465,
    "WLHReal_a1_n": 1.2523859113488535e-05,
    "WLHReal_a2_n": -2.6988444497403416e-06,
    "WLHReal_a3_n": 0.1829613459005603,
    "WLHReal_a4_n": 0.6403803073274698,
    "WLHImagVolume_W0_p": 5.060725251873501,
    "WLHImagVolume_W1_p": 0.22883294198172288,
    "WLHImagVolume_W2_p": 0.00022555362556353194,
    "WLHImagVolume_W3_p": 10.53028452212629,
    "WLHImagVolume_W4_p": 0.0851451818945047,
    "WLHImagVolume_r0_p": 0.8005464924966718,
    "WLHImagVolume_r1_p": 28.317879694384743,
    "WLHImagVolume_r2_p": 0.48286398937479513,
    "WLHImagVolume_r3_p": 45.26577442337447,
    "WLHImagVolume_r4_p": 0.7535859931897101,
    "WLHImagVolume_r5_p": 2.0531932747100754e-06,
    "WLHImagVolume_a0_p": 0.6074443501530052,
    "WLHImagVolume_a1_p": 0.23154807046340764,
    "WLHImagVolume_a2_p": 11.321839614732239,
    "WLHImagVolume_a3_p": 0.4643092459035659,
    "WLHImagVolume_a4_p": 0.0031714569171892616,
    "WLHImagVolume_W0_n": 2.773449232236629,
    "WLHImagVolume_W1_n": 0.28982047712947084,
    "WLHImagVolume_W2_n": 0.0004321515212293776,
    "WLHImagVolume_W3_n": 9.533267297928283,
    "WLHImagVolume_W4_n": 0.08486336508820445,
    "WLHImagVolume_r0_n": 0.5801368154750339,
    "WLHImagVolume_r1_n": 54.20293255943908,
    "WLHImagVolume_r2_n": 0.6225338078982458,
    "WLHImagVolume_r3_n": 60.55966701710217,
    "WLHImagVolume_r4_n": 0.974433227292634,
    "WLHImagVolume_r5_n": 1.6914284711301395e-06,
    "WLHImagVolume_a0_n": 0.18469935510015079,
    "WLHImagVolume_a1_n": 0.6154968012230996,
    "WLHImagVolume_a2_n": 8.00407425300406,
    "WLHImagVolume_a3_n": 0.016352637606025566,
    "WLHImagVolume_a4_n": 0.0006319233414489683,
    "WLHImagSurface_W0_p": 0.5764613786386114,
    "WLHImagSurface_W1_p": 0.008249825413728065,
    "WLHImagSurface_W2_p": 0.15397743109811302,
    "WLHImagSurface_W3_p": 0.02471548344349006,
    "WLHImagSurface_r0_p": 0.8017543168203971,
    "WLHImagSurface_r1_p": 0.16639433856205635,
    "WLHImagSurface_r2_p": 0.0016668609625767033,
    "WLHImagSurface_a0_p": 0.6779300332199958,
    "WLHImagSurface_W0_n": 2.065246265074624,
    "WLHImagSurface_W1_n": 0.028257843739759248,
    "WLHImagSurface_W2_n": 2.5477296834935124,
    "WLHImagSurface_W3_n": 0.07960638123010376,
    "WLHImagSurface_r0_n": 1.2368977331540922,
    "WLHImagSurface_r1_n": 1.321341182190238,
    "WLHImagSurface_r2_n": 0.0050014410933483695,
    "WLHImagSurface_a0_n": 0.797652293683034,
    "WLHRealSpinOrbit_V0_p": 9.709651610318828,
    "WLHRealSpinOrbit_V1_p": 0.008893602059861377,
    "WLHRealSpinOrbit_r0_p": 1.303607799319648,
    "WLHRealSpinOrbit_r1_p": 0.9146734109675647,
    "WLHRealSpinOrbit_a0_p": 0.8287782322201758,
    "WLHRealSpinOrbit_a1_p": 0.00034333056780072797,
    "WLHRealSpinOrbit_V0_n": 10.445879756317957,
    "WLHRealSpinOrbit_V1_n": 0.008497572233307315,
    "WLHRealSpinOrbit_r0_n": 1.1805203985371517,
    "WLHRealSpinOrbit_r1_n": 0.7437391439764691,
    "WLHRealSpinOrbit_a0_n": 0.7392104545061073,
    "WLHRealSpinOrbit_a1_n": 0.00031912109520237345
}