{
    "WLHReal_V0_p": 51.56320480328338,
    "WLHReal_V1_p": 0.290187956833265,
    "WLHReal_V2_p": -0.0007062122853462477,
    "WLHReal_V3_p": 3.895251401891046e-06,
    "WLHReal_V4_p": 11.492161032944692,
    "WLHReal_V5_p": 0.1304733267061482,
    "WLHReal_V6_p": 0.0005201779342456944,
    "WLHReal_r0_p": 1.3480041748293148,
    "WLHReal_r1_p": 0.2690685870324812,
    "WLHReal_r2_p": 0.0010549911547916486,
    "WLHReal_r3_p": 1.1613874190975937e-05,
    "WLHReal_a0_p": 0.8033114822285488,
    "WLHReal_a1_p": 5.2893823346257366e-05,
    "WLHReal_a2_p": 1.0446486606481839e-05,
    "WLHReal_a3_p": -0.006938357113836703,
    "WLHReal_a4_p": 0.562130741794483,
    "WLHReal_V0_n": 55.913745958217476,
    "WLHReal_V1_n": 0.3240131193689816,
    "WLHReal_V2_n": -0.00036061553990881167,
    "WLHReal_V3_n": 3.2603385254542653e-06,
    "WLHReal_V4_n": 20.130218080671057,
    "WLHReal_V5_n": 0.30937002151342663,
    "WLHReal_V6_n": 0.0012339430686472501,
    "WLHReal_r0_n": 1.3032693856024133,
    "WLHReal_r1_n": 0.36265306594286284,
    "WLHReal_r2_n": 0.0009690520594011679,
    "WLHReal_r3_n": 9.403628736364336e-06,
    "WLHReal_a0_n": 0.7530506383767348,
    "WLHReal_a1_n": 0.0008116242597771881,
    "WLHReal_a2_n": 1.027860169548347e-05,
    "WLHReal_a3_n": 0.2387072175609995,
    "WLHReal_a4_n": 0.8729458742428232,
    "WLHImagVolume_W0_p": 5.473776662011229,
    "WLHImagVolume_W1_p": 0.23128775015230574,
    "WLHImagVolume_W2_p": 0.0003202324382327697,
    "WLHImagVolume_W3_p": 10.259367989150698,
    "WLHImagVolume_W4_p": 0.08756124559934986,
    "WLHImagVolume_r0_p": 0.77011773811627,
    "WLHImagVolume_r1_p": 37.842606845911405,
    "WLHImagVolume_r2_p": 0.5480145473684163,
    "WLHImagVolume_r3_p": 54.74225416728402,
    "WLHImagVolume_r4_p": 0.6843163191247561,
    "WLHImagVolume_r5_p": 1.7637609373968455e-06,
    "WLHImagVolume_a0_p": 0.612535477114782,
    "WLHImagVolume_a1_p": 0.25029995358148277,
    "WLHImagVolume_a2_p": 13.390541230948312,
    "WLHImagVolume_a3_p": 0.4589253851077294,
    "WLHImagVolume_a4_p": 0.0031572231273678288,
    "WLHImagVolume_W0_n": 3.988162717525532,
    "WLHImagVolume_W1_n": 0.3581090643243613,
    "WLHImagVolume_W2_n": 0.0008534190948656175,
    "WLHImagVolume_W3_n": 11.025898703191203,
    "WLHImagVolume_W4_n": 0.07287645989776592,
    "WLHImagVolume_r0_n": 0.5572410166501249,
    "WLHImagVolume_r1_n": 75.49592801420894,
    "WLHImagVolume_r2_n": 0.7415423163147457,
    "WLHImagVolume_r3_n": 90.92647329659131,
    "WLHImagVolume_r4_n": 0.9375299295557489,
    "WLHImagVolume_r5_n": 3.3524579379024415e-06,
    "WLHImagVolume_a0_n": 0.27068164994747923,
    "WLHImagVolume_a1_n": 0.5632670325490192,
    "WLHImagVolume_a2_n": 3.453391799628013,
    "WLHImagVolume_a3_n": 0.0029904159368452435,
    "WLHImagVolume_a4_n": 0.0004194594840346077,
    "WLHImagSurface_W0_p": 0.5513632717158874,
    "WLHImagSurface_W1_p": 0.008799805271202527,
    "WLHImagSurface_W2_p": -0.07884922385824489,
    "WLHImagSurface_W3_p": 0.024515497288880653,
    "WLHImagSurface_r0_p": 0.8037681787890364,
    "WLHImagSurface_r1_p": 0.04030087757582823,
    "WLHImagSurface_r2_p": 8.984491238515436e-05,
    "WLHImagSurface_a0_p": 0.7408638711122906,
    "WLHImagSurface_W0_n": 2.3437475567065866,
    "WLHImagSurface_W1_n": 0.0657598266438014,
    "WLHImagSurface_W2_n": 3.5880368970227687,
    "WLHImagSurface_W3_n": 0.20829572350072129,
    "WLHImagSurface_r0_n": 1.281600438897347,
    "WLHImagSurface_r1_n": 1.667922034013356,
    "WLHImagSurface_r2_n": 0.003347093886988784,
    "WLHImagSurface_a0_n": 0.8448263499179991,
    "WLHRealSpinOrbit_V0_p": 9.357260215625828,
    "WLHRealSpinOrbit_V1_p": 0.008830120148192669,
    "WLHRealSpinOrbit_r0_p": 1.331001949642854,
    "WLHRealSpinOrbit_r1_p": 0.9585959173918032,
    "WLHRealSpinOrbit_a0_p": 0.848562408368377,
    "WLHRealSpinOrbit_a1_p": 0.00033950840952376877,
    "WLHRealSpinOrbit_V0_n": 9.649993900125926,
    "WLHRealSpinOrbit_V1_n": 0.008711382566962491,
    "WLHRealSpinOrbit_r0_n": 1.280570915763185,
    "WLHRealSpinOrbit_r1_n": 0.8982193351244051,
    "WLHRealSpinOrbit_a0_n": 0.8145393179319583,
    "WLHRealSpinOrbit_a1_n": 0.00031114014832833785
}