{
    "WLHReal_V0_p": 52.50361399988163,
    "WLHReal_V1_p": 0.2774831869847336,
    "WLHReal_V2_p": -0.00020312096863663755,
    "WLHReal_V3_p": 2.396182592750833e-06,
    "WLHReal_V4_p": 13.447868894730288,
    "WLHReal_V5_p": 0.14005601690385805,
    "WLHReal_V6_p": 0.000373089341831301,
    "WLHReal_r0_p": 1.3190169402314842,
    "WLHReal_r1_p": 0.3264382564275114,
    "WLHReal_r2_p": 0.0006433611187360753,
    "WLHReal_r3_p": 5.807482517249755e-06,
    "WLHReal_a0_p": 0.7765461899753185,
    "WLHReal_a1_p": 0.00011796124732487489,
    "WLHReal_a2_p": 4.922459975176894e-06,
    "WLHReal_a3_p": 0.019467236739817612,
    "WLHReal_a4_p": 0.4840255315820685,
    "WLHReal_V0_n": 51.95773950263548,
    "WLHReal_V1_n": 0.28689426436926146,
    "WLHReal_V2_n": -0.001031972603324485,
    "WLHReal_V3_n": 5.749399646750669e-06,
    "WLHReal_V4_n": 20.06767980201654,
    "WLHReal_V5_n": 0.3437487081379763,
    "WLHReal_V6_n": 0.0017942577196169665,
    "WLHReal_r0_n": 1.350993785342179,
    "WLHReal_r1_n": 0.3366799066760077,
    "WLHReal_r2_n": 0.0013732893010637698,
    "WLHReal_r3_n": 1.6989537410794905e-05,
    "WLHReal_a0_n": 0.7813191859953944,
    "WLHReal_a1_n": 0.001404627560855581,
    "WLHReal_a2_n": 2.0663527390405685e-05,
    "WLHReal_a3_n": 0.33543266025635704,
    "WLHReal_a4_n": 1.0954235402317345,
    "WLHImagVolume_W0_p": 4.211927636449768,
    "WLHImagVolume_W1_p": 0.1985657841826917,
    "WLHImagVolume_W2_p": 0.0002126679283893735,
    "WLHImagVolume_W3_p": 9.682407765594146,
    "WLHImagVolume_W4_p": 0.07422416388125914,
    "WLHImagVolume_r0_p": 0.6884390814619432,
    "WLHImagVolume_r1_p": 37.61072897446055,
    "WLHImagVolume_r2_p": 0.5830994230552212,
    "WLHImagVolume_r3_p": 48.61730595111037,
    "WLHImagVolume_r4_p": 0.6384453340530917,
    "WLHImagVolume_r5_p": 1.3054911745931204e-06,
    "WLHImagVolume_a0_p": 0.5691232885662852,
    "WLHImagVolume_a1_p": 0.26103020238954544,
    "WLHImagVolume_a2_p": 13.451751257139955,
    "WLHImagVolume_a3_p": 0.42341260510901474,
    "WLHImagVolume_a4_p": 0.0025321461668232985,
    "WLHImagVolume_W0_n": 4.261681873340931,
    "WLHImagVolume_W1_n": 0.3250836851348293,
    "WLHImagVolume_W2_n": 0.0007933407152612866,
    "WLHImagVolume_W3_n": 10.991717141094592,
    "WLHImagVolume_W4_n": 0.02820769230575389,
    "WLHImagVolume_r0_n": 0.6028392731951331,
    "WLHImagVolume_r1_n": 81.82032437931088,
    "WLHImagVolume_r2_n": 0.7424044591162245,
    "WLHImagVolume_r3_n": 102.72120818731594,
    "WLHImagVolume_r4_n": 0.9697099330827673,
    "WLHImagVolume_r5_n": 5.799427183052512e-06,
    "WLHImagVolume_a0_n": 0.3165267791847152,
    "WLHImagVolume_a1_n": 0.5266876126526259,
    "WLHImagVolume_a2_n": 2.4147465707645797,
    "WLHImagVolume_a3_n": 0.020175808331395567,
    "WLHImagVolume_a4_n": 0.00036976859945521,
    "WLHImagSurface_W0_p": 0.9440000460081381,
    "WLHImagSurface_W1_p": 0.04244270863473202,
    "WLHImagSurface_W2_p": 1.3146008411843186,
    "WLHImagSurface_W3_p": 0.15494166628096995,
    "WLHImagSurface_r0_p": 0.913357278313276,
    "WLHImagSurface_r1_p": 0.36521703849103226,
    "WLHImagSurface_r2_p": 0.003915801354013037,
    "WLHImagSurface_a0_p": 0.7116052348746253,
    "WLHImagSurface_W0_n": 1.9241697955383683,
    "WLHImagSurface_W1_n": 0.06751264607804938,
    "WLHImagSurface_W2_n": 2.9139942846000597,
    "WLHImagSurface_W3_n": 0.2261095075913081,
    "WLHImagSurface_r0_n": 1.2954973779831347,
    "WLHImagSurface_r1_n": 1.7247266399556864,
    "WLHImagSurface_r2_n": 0.001956596830269308,
    "WLHImagSurface_a0_n": 0.880037077360917,
    "WLHRealSpinOrbit_V0_p": 9.518046053729048,
    "WLHRealSpinOrbit_V1_p": 0.008455196909769891,
    "WLHRealSpinOrbit_r0_p": 1.2895167979314848,
    "WLHRealSpinOrbit_r1_p": 0.8734632230833499,
    "WLHRealSpinOrbit_a0_p": 0.8079972114830422,
    "WLHRealSpinOrbit_a1_p": 0.0003738641983762458,
    "WLHRealSpinOrbit_V0_n": 9.372060909875703,
    "WLHRealSpinOrbit_V1_n": 0.008991752497694759,
    "WLHRealSpinOrbit_r0_n": 1.3400750888586146,
    "WLHRealSpinOrbit_r1_n": 0.9828246111115273,
    "WLHRealSpinOrbit_a0_n": 0.8596216808143258,
    "WLHRealSpinOrbit_a1_n": 0.00032128966863251285
}