{
    "WLHReal_V0_p": 56.916923973676774,
    "WLHReal_V1_p": 0.3029019644055514,
    "WLHReal_V2_p": -0.0002724252810314493,
    "WLHReal_V3_p": 2.0219310455163224e-06,
    "WLHReal_V4_p": 13.12655658363676,
    "WLHReal_V5_p": 0.14093281463649762,
    "WLHReal_V6_p": 0.0004351509489707446,
    "WLHReal_r0_p": 1.2769307444917368,
    "WLHReal_r1_p": 0.25535879819707963,
    "WLHReal_r2_p": 0.00109401091849866,
    "WLHReal_r3_p": 1.0700653133249952e-05,
    "WLHReal_a0_p": 0.7931587739897324,
    "WLHReal_a1_p": 0.0002923618328818514,
    "WLHReal_a2_p": 7.175908556836243e-06,
    "WLHReal_a3_p": 0.060086590578949384,
    "WLHReal_a4_p": 0.6496161580686387,
    "WLHReal_V0_n": 54.36304139072173,
    "WLHReal_V1_n": 0.31487795291187554,
    "WLHReal_V2_n": 8.37543042816402e-05,
    "WLHReal_V3_n": 1.5549440177188934e-06,
    "WLHReal_V4_n": 21.164554358836106,
    "WLHReal_V5_n": 0.26137567778397586,
    "WLHReal_V6_n": 0.0008479524815448343,
    "WLHReal_r0_n": 1.252844881309247,
    "WLHReal_r1_n": 0.24396838824274644,
    "WLHReal_r2_n": 0.000830721415869624,
    "WLHReal_r3_n": 7.50884258691631e-06,
    "WLHReal_a0_n": 0.7288858095153223,
    "WLHReal_a1_n": 0.0007181378121366766,
    "WLHReal_a2_n": 8.593271549970424e-06,
    "WLHReal_a3_n": 0.2922853950866163,
    "WLHReal_a4_n": 0.9009194876205303,
    "WLHImagVolume_W0_p": 5.472150853518083,
    "WLHImagVolume_W1_p": 0.30704609374670416,
    "WLHImagVolume_W2_p": 0.00032692225391898116,
    "WLHImagVolume_W3_p": 14.148336960090013,
    "WLHImagVolume_W4_p": 0.10111225681724342,
    "WLHImagVolume_r0_p": 0.836615661149063,
    "WLHImagVolume_r1_p": 19.652130342509984,
    "WLHImagVolume_r2_p": 0.3960878014562378,
    "WLHImagVolume_r3_p": 39.56399977446094,
    "WLHImagVolume_r4_p": 0.9057766476885887,
    "WLHImagVolume_r5_p": 2.4931438424293554e-06,
    "WLHImagVolume_a0_p": 0.6260570007461638,
    "WLHImagVolume_a1_p": 0.19432947953202062,
    "WLHImagVolume_a2_p": 7.6236567671107665,
    "WLHImagVolume_a3_p": 0.5072702977312896,
    "WLHImagVolume_a4_p": 0.0036918108373931884,
    "WLHImagVolume_W0_n": 2.914779874009955,
    "WLHImagVolume_W1_n": 0.24334005689514146,
    "WLHImagVolume_W2_n": 0.00048201239458808696,
    "WLHImagVolume_W3_n": 8.983889524506885,
    "WLHImagVolume_W4_n": 0.04021848023724897,
    "WLHImagVolume_r0_n": 0.5583974327665043,
    "WLHImagVolume_r1_n": 79.49678431277277,
    "WLHImagVolume_r2_n": 0.6940542144105218,
    "WLHImagVolume_r3_n": 82.42459631166733,
    "WLHImagVolume_r4_n": 0.8634219344309901,
    "WLHImagVolume_r5_n": 2.579172242371858e-06,
    "WLHImagVolume_a0_n": 0.20355788244298423,
    "WLHImagVolume_a1_n": 0.5940300644064833,
    "WLHImagVolume_a2_n": 6.938887840389554,
    "WLHImagVolume_a3_n": 0.022414585440025184,
    "WLHImagVolume_a4_n": 0.0001840311094115295,
    "WLHImagSurface_W0_p": 0.3523307796611195,
    "WLHImagSurface_W1_p": -0.016118390563103095,
    "WLHImagSurface_W2_p": -0.5788037666685073,
    "WLHImagSurface_W3_p": -0.06386856806852181,
    "WLHImagSurface_r0_p": 0.7628073435472652,
    "WLHImagSurface_r1_p": 0.38859590443929043,
    "WLHImagSurface_r2_p": 0.002518891000180104,
    "WLHImagSurface_a0_p": 0.5950567031028933,
    "WLHImagSurface_W0_n": 1.8878331688485237,
    "WLHImagSurface_W1_n": 0.039362541398332965,
    "WLHImagSurface_W2_n": 2.3202723325843846,
    "WLHImagSurface_W3_n": 0.1222672259010746,
    "WLHImagSurface_r0_n": 1.2821744045039896,
    "WLHImagSurface_r1_n": 1.44184200860312,
    "WLHImagSurface_r2_n": 0.0037948534160823556,
    "WLHImagSurface_a0_n": 0.8327594383795123,
    "WLHRealSpinOrbit_V0_p": 10.432059572745345,
    "WLHRealSpinOrbit_V1_p": 0.009307917904994956,
    "WLHRealSpinOrbit_r0_p": 1.2583758763574981,
    "WLHRealSpinOrbit_r1_p": 0.8726948922666531,
    "WLHRealSpinOrbit_a0_p": 0.8079211081696472,
    "WLHRealSpinOrbit_a1_p": 0.0003012007972438255,
    "WLHRealSpinOrbit_V0_n": 9.876528607589938,
    "WLHRealSpinOrbit_V1_n": 0.008523310389165586,
    "WLHRealSpinOrbit_r0_n": 1.2416059370120893,
    "WLHRealSpinOrbit_r1_n": 0.8333525318605808,
    "WLHRealSpinOrbit_a0_n": 0.7834369855177374,
    "WLHRealSpinOrbit_a1_n": 0.0003261942923028923
}