{
    "WLHReal_V0_p": 52.62636437412185,
    "WLHReal_V1_p": 0.26084684324340435,
    "WLHReal_V2_p": 0.00013119317809068382,
    "WLHReal_V3_p": 6.309513288245349e-07,
    "WLHReal_V4_p": 15.476403076496538,
    "WLHReal_V5_p": 0.10893828728585869,
    "WLHReal_V6_p": 0.00020663136201236142,
    "WLHReal_r0_p": 1.2405468651147384,
    "WLHReal_r1_p": 0.17509874652109403,
    "WLHReal_r2_p": 0.0007095275580624338,
    "WLHReal_r3_p": 6.926852916371689e-06,
    "WLHReal_a0_p": 0.7463794828878733,
    "WLHReal_a1_p": 2.5021283510868282e-05,
    "WLHReal_a2_p": 5.162490902187172e-06,
    "WLHReal_a3_p": 0.02599268712601035,
    "WLHReal_a4_p": 0.49278446654355956,
    "WLHReal_V0_n": 52.51763139028344,
    "WLHReal_V1_n": 0.2754527611621119,
    "WLHReal_V2_n": -0.00021556548178624786,
    "WLHReal_V3_n": 2.233545384122331e-06,
    "WLHReal_V4_n": 21.41239230657967,
    "WLHReal_V5_n": 0.2787336448407863,
    "WLHReal_V6_n": 0.0010128996517692916,
    "WLHReal_r0_n": 1.29242467695708,
    "WLHReal_r1_n": 0.3078218336040504,
    "WLHReal_r2_n": 0.000853241005203947,
    "WLHReal_r3_n": 8.34924257476043e-06,
    "WLHReal_a0_n": 0.7373937360513779,
    "WLHReal_a1_n": 0.0007713314997656554,
    "WLHReal_a2_n": 9.084192704119466e-06,
    "WLHReal_a3_n": 0.279340983092635,
    "WLHReal_a4_n": 0.8563889027918288,
    "WLHImagVolume_W0_p": 3.059687994103327,
    "WLHImagVolume_W1_p": 0.1338686668030346,
    "WLHImagVolume_W2_p": -0.0001194552497841927,
    "WLHImagVolume_W3_p": 9.393379360426872,
    "WLHImagVolume_W4_p": 0.049155718189558766,
    "WLHImagVolume_r0_p": 0.8686640309743867,
    "WLHImagVolume_r1_p": 19.354986072890195,
    "WLHImagVolume_r2_p": 0.34310129734761624,
    "WLHImagVolume_r3_p": 39.07862585088083,
    "WLHImagVolume_r4_p": 0.8626414376637818,
    "WLHImagVolume_r5_p": 2.2360284644159467e-06,
    "WLHImagVolume_a0_p": 0.5403418439202089,
    "WLHImagVolume_a1_p": 0.23273038174602395,
    "WLHImagVolume_a2_p": 10.90309505688247,
    "WLHImagVolume_a3_p": 0.4012058248437066,
    "WLHImagVolume_a4_p": 0.0021218462933682725,
    "WLHImagVolume_W0_n": 2.6736866733144837,
    "WLHImagVolume_W1_n": 0.23140230470970571,
    "WLHImagVolume_W2_n": 0.0003886193226099745,
    "WLHImagVolume_W3_n": 8.396638334427776,
    "WLHImagVolume_W4_n": 0.01822196100558108,
    "WLHImagVolume_r0_n": 0.5786108608971382,
    "WLHImagVolume_r1_n": 75.47760362223065,
    "WLHImagVolume_r2_n": 0.7040551193551616,
    "WLHImagVolume_r3_n": 82.26435953588285,
    "WLHImagVolume_r4_n": 0.9460336194083936,
    "WLHImagVolume_r5_n": 3.644119845862931e-06,
    "WLHImagVolume_a0_n": 0.23579482591103748,
    "WLHImagVolume_a1_n": 0.5877671770261222,
    "WLHImagVolume_a2_n": 7.512530017868763,
    "WLHImagVolume_a3_n": 0.06335726857666998,
    "WLHImagVolume_a4_n": 0.0006991406839210745,
    "WLHImagSurface_W0_p": 0.7762194263098514,
    "WLHImagSurface_W1_p": 0.008850770147076213,
    "WLHImagSurface_W2_p": 0.4105193674566448,
    "WLHImagSurface_W3_p": 0.00712848909518575,
    "WLHImagSurface_r0_p": 0.915451419649272,
    "WLHImagSurface_r1_p": 0.32479943211631085,
    "WLHImagSurface_r2_p": 0.005977104555129527,
    "WLHImagSurface_a0_p": 0.7105154214169017,
    "WLHImagSurface_W0_n": 1.474339576350149,
    "WLHImagSurface_W1_n": 0.031854816316991386,
    "WLHImagSurface_W2_n": 2.034549636303231,
    "WLHImagSurface_W3_n": 0.12064193311361023,
    "WLHImagSurface_r0_n": 1.2805774752732642,
    "WLHImagSurface_r1_n": 1.4192075962652095,
    "WLHImagSurface_r2_n": 0.003109325500643727,
    "WLHImagSurface_a0_n": 0.8490961569600703,
    "WLHRealSpinOrbit_V0_p": 10.292729407597202,
    "WLHRealSpinOrbit_V1_p": 0.008783485186666324,
    "WLHRealSpinOrbit_r0_p": 1.2393920186715977,
    "WLHRealSpinOrbit_r1_p": 0.8074303080913707,
    "WLHRealSpinOrbit_a0_p": 0.7790564445250614,
    "WLHRealSpinOrbit_a1_p": 0.0003650983491930501,
    "WLHRealSpinOrbit_V0_n": 9.716780456014266,
    "WLHRealSpinOrbit_V1_n": 0.008561373028390013,
    "WLHRealSpinOrbit_r0_n": 1.273924117039796,
    "WLHRealSpinOrbit_r1_n": 0.8610323322395764,
    "WLHRealSpinOrbit_a0_n": 0.8011950365087168,
    "WLHRealSpinOrbit_a1_n": 0.00035775374528310914
}