{
    "WLHReal_V0_p": 53.5737758389724,
    "WLHReal_V1_p": 0.27240716544956783,
    "WLHReal_V2_p": -0.00037773509005995345,
    "WLHReal_V3_p": 2.3582931424998615e-06,
    "WLHReal_V4_p": 13.482968685216951,
    "WLHReal_V5_p": 0.14481164384181477,
    "WLHReal_V6_p": 0.0004585656435100264,
    "WLHReal_r0_p": 1.3142806777998624,
    "WLHReal_r1_p": 0.30954123454271637,
    "WLHReal_r2_p": 0.0007886546325179635,
    "WLHReal_r3_p": 8.074281070029773e-06,
    "WLHReal_a0_p": 0.7856925480622277,
    "WLHReal_a1_p": 0.00019395291743150766,
    "WLHReal_a2_p": 6.4795543198135325e-06,
    "WLHReal_a3_p": 0.014420287564947468,
    "WLHReal_a4_p": 0.5146561162585642,
    "WLHReal_V0_n": 52.99352664476391,
    "WLHReal_V1_n": 0.27389965858824655,
    "WLHReal_V2_n": 0.0001830122304760076,
    "WLHReal_V3_n": 8.066516833185024e-07,
    "WLHReal_V4_n": 21.98581724334084,
    "WLHReal_V5_n": 0.2480572680737199,
    "WLHReal_V6_n": 0.0006407578791020004,
    "WLHReal_r0_n": 1.26318731289858,
    "WLHReal_r1_n": 0.2933012542938187,
    "WLHReal_r2_n": 0.0006084233472097171,
    "WLHReal_r3_n": 3.514458466292642e-06,
    "WLHReal_a0_n": 0.7166233182528197,
    "WLHReal_a1_n": 0.00046820249895427766,
    "WLHReal_a2_n": 3.691423912617903e-06,
    "WLHReal_a3_n": 0.25147108143008917,
    "WLHReal_a4_n": 0.744898074224451,
    "WLHImagVolume_W0_p": 4.870067242646677,
    "WLHImagVolume_W1_p": 0.23224404280214295,
    "WLHImagVolume_W2_p": 0.00017360483490496127,
    "WLHImagVolume_W3_p": 10.475374015535301,
    "WLHImagVolume_W4_p": 0.08678569617718321,
    "WLHImagVolume_r0_p": 0.8046334138769228,
    "WLHImagVolume_r1_p": 21.304379112938044,
    "WLHImagVolume_r2_p": 0.46009404039089574,
    "WLHImagVolume_r3_p": 36.65140094814274,
    "WLHImagVolume_r4_p": 0.7767375156460777,
    "WLHImagVolume_r5_p": 2.2701247236390216e-06,
    "WLHImagVolume_a0_p": 0.6096687231443905,
    "WLHImagVolume_a1_p": 0.21770800520721081,
    "WLHImagVolume_a2_p": 9.742604611508956,
    "WLHImagVolume_a3_p": 0.47410066687393976,
    "WLHImagVolume_a4_p": 0.003279296051211766,
    "WLHImagVolume_W0_n": 1.975604584058925,
    "WLHImagVolume_W1_n": 0.1921016842465646,
    "WLHImagVolume_W2_n": 0.0002199012890454892,
    "WLHImagVolume_W3_n": 7.2795384396737575,
    "WLHImagVolume_W4_n": 0.016622213985733894,
    "WLHImagVolume_r0_n": 0.5643081746313175,
    "WLHImagVolume_r1_n": 72.87686567210764,
    "WLHImagVolume_r2_n": 0.6878576311100614,
    "WLHImagVolume_r3_n": 72.97534892149267,
    "WLHImagVolume_r4_n": 0.9288911794529239,
    "WLHImagVolume_r5_n": 3.2135448289766733e-06,
    "WLHImagVolume_a0_n": 0.1968595382917639,
    "WLHImagVolume_a1_n": 0.6164874897977632,
    "WLHImagVolume_a2_n": 9.761895380529413,
    "WLHImagVolume_a3_n": 0.07969421967131572,
    "WLHImagVolume_a4_n": 0.0008185814175009346,
    "WLHImagSurface_W0_p": 0.6323590163739852,
    "WLHImagSurface_W1_p": 0.01455970515635174,
    "WLHImagSurface_W2_p": 0.5983230083798117,
    "WLHImagSurface_W3_p": 0.055229133568196864,
    "WLHImagSurface_r0_p": 0.7912522178854041,
    "WLHImagSurface_r1_p": 0.26682167396898077,
    "WLHImagSurface_r2_p": 0.0026705966716317683,
    "WLHImagSurface_a0_p": 0.6122692165446816,
    "WLHImagSurface_W0_n": 1.315517822994852,
    "WLHImagSurface_W1_n": 0.016626668075113742,
    "WLHImagSurface_W2_n": 1.6962051207714173,
    "WLHImagSurface_W3_n": 0.0741916793669775,
    "WLHImagSurface_r0_n": 1.2739884122380873,
    "WLHImagSurface_r1_n": 1.2850449160903248,
    "WLHImagSurface_r2_n": 0.0037029804049677475,
    "WLHImagSurface_a0_n": 0.8334219872778768,
    "WLHRealSpinOrbit_V0_p": 9.868659192327081,
    "WLHRealSpinOrbit_V1_p": 0.008885927594439434,
    "WLHRealSpinOrbit_r0_p": 1.2908778092305115,
    "WLHRealSpinOrbit_r1_p": 0.8887659418031774,
    "WLHRealSpinOrbit_a0_p": 0.81749048932101,
    "WLHRealSpinOrbit_a1_p": 0.00035304860651084937,
    "WLHRealSpinOrbit_V0_n": 9.881494751278282,
    "WLHRealSpinOrbit_V1_n": 0.00835647407065062,
    "WLHRealSpinOrbit_r0_n": 1.2412050569103918,
    "WLHRealSpinOrbit_r1_n": 0.8031643613227656,
    "WLHRealSpinOrbit_a0_n": 0.7730173033984266,
    "WLHRealSpinOrbit_a1_n": 0.00037194909381845984
}