{
    "ECS_p": 0.349048,
    "ECS_n": 0.476909,
    "APower_p": 0.720021,
    "APower_n": 0.333271
}