{
    "ECS_p": 0.304604,
    "ECS_n": 0.513756,
    "APower_p": 0.792859,
    "APower_n": 0.387649
}