{
    "WLHReal_V0_p": 55.686876731590004,
    "WLHReal_V1_p": 0.3039958631521562,
    "WLHReal_V2_p": -0.000387115298930136,
    "WLHReal_V3_p": 3.3794512832174245e-06,
    "WLHReal_V4_p": 12.258363836076994,
    "WLHReal_V5_p": 0.15994901764634642,
    "WLHReal_V6_p": 0.0004976706749498065,
    "WLHReal_r0_p": 1.3314896969336172,
    "WLHReal_r1_p": 0.37101549674969625,
    "WLHReal_r2_p": 0.0008777230780680109,
    "WLHReal_r3_p": 7.97437680997834e-06,
    "WLHReal_a0_p": 0.8028544476970573,
    "WLHReal_a1_p": 0.0003038302888393015,
    "WLHReal_a2_p": 5.631271782551451e-06,
    "WLHReal_a3_p": 0.047865312271106665,
    "WLHReal_a4_p": 0.5879396314553738,
    "WLHReal_V0_n": 57.00916004095569,
    "WLHReal_V1_n": 0.2826737673846368,
    "WLHReal_V2_n": 0.0007483845024799244,
    "WLHReal_V3_n": -2.306059017232481e-06,
    "WLHReal_V4_n": 23.573078135824876,
    "WLHReal_V5_n": 0.20588508390615526,
    "WLHReal_V6_n": 0.00024286494192316487,
    "WLHReal_r0_n": 1.1624477164955003,
    "WLHReal_r1_n": 0.16836261641605518,
    "WLHReal_r2_n": 0.0004254325966692943,
    "WLHReal_r3_n": 1.4167662955962434e-06,
    "WLHReal_a0_n": 0.6931724365152621,
    "WLHReal_a1_n": 4.875400611242624e-05,
    "WLHReal_a2_n": -1.0219054995491273e-06,
    "WLHReal_a3_n": 0.28366669338013284,
    "WLHReal_a4_n": 0.7605231291938546,
    "WLHImagVolume_W0_p": 5.632823908029286,
    "WLHImagVolume_W1_p": 0.30983274862528815,
    "WLHImagVolume_W2_p": 0.0004764501318170227,
    "WLHImagVolume_W3_p": 12.970958448103872,
    "WLHImagVolume_W4_p": 0.10642617161043112,
    "WLHImagVolume_r0_p": 0.6780535771086847,
    "WLHImagVolume_r1_p": 35.617914943990506,
    "WLHImagVolume_r2_p": 0.5953182176981733,
    "WLHImagVolume_r3_p": 47.15631401607004,
    "WLHImagVolume_r4_p": 0.6915142576758087,
    "WLHImagVolume_r5_p": 1.8744653042996514e-06,
    "WLHImagVolume_a0_p": 0.6211448878831352,
    "WLHImagVolume_a1_p": 0.23164506091398088,
    "WLHImagVolume_a2_p": 10.825482106300948,
    "WLHImagVolume_a3_p": 0.4916503422014715,
    "WLHImagVolume_a4_p": 0.003520657651688531,
    "WLHImagVolume_W0_n": 2.1376854292433642,
    "WLHImagVolume_W1_n": 0.17582687165207875,
    "WLHImagVolume_W2_n": -0.0001566488010243869,
    "WLHImagVolume_W3_n": 8.515246306664247,
    "WLHImagVolume_W4_n": 0.03297119452119021,
    "WLHImagVolume_r0_n": 0.7192284463737406,
    "WLHImagVolume_r1_n": 30.599791402933846,
    "WLHImagVolume_r2_n": 0.4415408514243366,
    "WLHImagVolume_r3_n": 40.81088206314086,
    "WLHImagVolume_r4_n": 1.1290391779634492,
    "WLHImagVolume_r5_n": 2.226591070978401e-06,
    "WLHImagVolume_a0_n": 0.17295458465598537,
    "WLHImagVolume_a1_n": 0.6023586557669166,
    "WLHImagVolume_a2_n": 10.88771103499039,
    "WLHImagVolume_a3_n": 0.04776249590789244,
    "WLHImagVolume_a4_n": 0.0008066703078382742,
    "WLHImagSurface_W0_p": 0.668368917999479,
    "WLHImagSurface_W1_p": 0.024455194998008717,
    "WLHImagSurface_W2_p": 0.6597987567374517,
    "WLHImagSurface_W3_p": 0.10127370409838139,
    "WLHImagSurface_r0_p": 0.8186872013677273,
    "WLHImagSurface_r1_p": 0.4447166657535945,
    "WLHImagSurface_r2_p": 0.002171196598187757,
    "WLHImagSurface_a0_p": 0.626665914221965,
    "WLHImagSurface_W0_n": 1.0872509729524646,
    "WLHImagSurface_W1_n": -0.012060045789402445,
    "WLHImagSurface_W2_n": 0.11551780927289679,
    "WLHImagSurface_W3_n": -0.045414320597304075,
    "WLHImagSurface_r0_n": 1.1910136687299069,
    "WLHImagSurface_r1_n": 1.0106223817687878,
    "WLHImagSurface_r2_n": 0.004636534262700808,
    "WLHImagSurface_a0_n": 0.7985177985979176,
    "WLHRealSpinOrbit_V0_p": 9.733288240823367,
    "WLHRealSpinOrbit_V1_p": 0.008824205864328808,
    "WLHRealSpinOrbit_r0_p": 1.2917051706985443,
    "WLHRealSpinOrbit_r1_p": 0.9014369441605767,
    "WLHRealSpinOrbit_a0_p": 0.8200290345294181,
    "WLHRealSpinOrbit_a1_p": 0.0003312915163946979,
    "WLHRealSpinOrbit_V0_n": 11.114635035289403,
    "WLHRealSpinOrbit_V1_n": 0.008899499094268286,
    "WLHRealSpinOrbit_r0_n": 1.1566067298092486,
    "WLHRealSpinOrbit_r1_n": 0.7034781907822508,
    "WLHRealSpinOrbit_a0_n": 0.7262925687818989,
    "WLHRealSpinOrbit_a1_n": 0.0003314834429935257
}