{
    "ECS_p": 0.374283,
    "ECS_n": 0.440758,
    "APower_p": 0.735462,
    "APower_n": 0.865303
}