{
    "CH89RealCentral": {
        "V_0": 56.9426,
        "V_t": 14.2124,
        "V_e": -0.379513,
        "r_o": 1.23383,
        "r_o_0": -0.364139,
        "a_0": 0.727713
    },
    "CH89Coulomb": {
        "r_c": 1.25467,
        "r_c_0": -0.0271041
    },
    "CH89SpinOrbit": {
        "V_so": 5.69283,
        "r_so": 1.33282,
        "r_so_0": -1.22636,
        "a_so": 0.65555
    },
    "CH89ImagCentral": {
        "W_v0": 14.2309,
        "W_ve0": 67.1255,
        "W_vew": 32.5467,
        "W_s0": 8.11327,
        "W_st": 11.3594,
        "W_se0": 54.8063,
        "W_sew": 41.8024,
        "r_w": 1.18692,
        "r_w0": -0.00966625,
        "a_w": 0.745917
    }
}