{
    "WLHReal_V0_p": 54.367680510129965,
    "WLHReal_V1_p": 0.3120769764356317,
    "WLHReal_V2_p": 0.0004147473971106623,
    "WLHReal_V3_p": 8.7791880400816e-08,
    "WLHReal_V4_p": 14.105136079340811,
    "WLHReal_V5_p": 0.1077784075650847,
    "WLHReal_V6_p": 9.777480445917163e-05,
    "WLHReal_r0_p": 1.2394938678603007,
    "WLHReal_r1_p": 0.20234387415623883,
    "WLHReal_r2_p": 0.0007828822014298922,
    "WLHReal_r3_p": 5.2628321677291574e-06,
    "WLHReal_a0_p": 0.7513629595170316,
    "WLHReal_a1_p": 3.095671456352938e-05,
    "WLHReal_a2_p": 3.865296539684342e-06,
    "WLHReal_a3_p": 0.08334012045788239,
    "WLHReal_a4_p": 0.5900663451302092,
    "WLHReal_V0_n": 51.42161668495998,
    "WLHReal_V1_n": 0.2895968398236017,
    "WLHReal_V2_n": -0.000638026015378789,
    "WLHReal_V3_n": 4.115201781324741e-06,
    "WLHReal_V4_n": 20.198814908697358,
    "WLHReal_V5_n": 0.3139352620463125,
    "WLHReal_V6_n": 0.0014006276456964286,
    "WLHReal_r0_n": 1.3409314048427246,
    "WLHReal_r1_n": 0.34960616241387765,
    "WLHReal_r2_n": 0.0011047098114715889,
    "WLHReal_r3_n": 1.2260843787888752e-05,
    "WLHReal_a0_n": 0.7599948050065439,
    "WLHReal_a1_n": 0.0011435313272211776,
    "WLHReal_a2_n": 1.4886245513360989e-05,
    "WLHReal_a3_n": 0.28890152104897066,
    "WLHReal_a4_n": 0.9481942793065541,
    "WLHImagVolume_W0_p": 3.0540760117286765,
    "WLHImagVolume_W1_p": 0.184395871557461,
    "WLHImagVolume_W2_p": 0.0002635706862733183,
    "WLHImagVolume_W3_p": 12.254148780148473,
    "WLHImagVolume_W4_p": 0.053000368485262836,
    "WLHImagVolume_r0_p": 0.6233325608434646,
    "WLHImagVolume_r1_p": 54.74152563770318,
    "WLHImagVolume_r2_p": 0.5905944511962005,
    "WLHImagVolume_r3_p": 68.47134927985468,
    "WLHImagVolume_r4_p": 0.6678038405436749,
    "WLHImagVolume_r5_p": 1.244263650093404e-06,
    "WLHImagVolume_a0_p": 0.4979984679279442,
    "WLHImagVolume_a1_p": 0.2965578602348934,
    "WLHImagVolume_a2_p": 16.32466775156893,
    "WLHImagVolume_a3_p": 0.35630903558967014,
    "WLHImagVolume_a4_p": 0.0014127774833209612,
    "WLHImagVolume_W0_n": 3.2863280335968814,
    "WLHImagVolume_W1_n": 0.27869667245476576,
    "WLHImagVolume_W2_n": 0.0007227464190148338,
    "WLHImagVolume_W3_n": 9.092369403796154,
    "WLHImagVolume_W4_n": 0.023852945631496633,
    "WLHImagVolume_r0_n": 0.5195833815239693,
    "WLHImagVolume_r1_n": 95.48164916967886,
    "WLHImagVolume_r2_n": 0.8123391527579776,
    "WLHImagVolume_r3_n": 102.40262520043913,
    "WLHImagVolume_r4_n": 0.8507552847608347,
    "WLHImagVolume_r5_n": 3.988097752753727e-06,
    "WLHImagVolume_a0_n": 0.2650275826976485,
    "WLHImagVolume_a1_n": 0.5728840810838094,
    "WLHImagVolume_a2_n": 4.966710828509558,
    "WLHImagVolume_a3_n": 0.04627135599742011,
    "WLHImagVolume_a4_n": 0.00042292075451632536,
    "WLHImagSurface_W0_p": 1.0792136020952994,
    "WLHImagSurface_W1_p": 0.03706019638200547,
    "WLHImagSurface_W2_p": 0.6847090803251048,
    "WLHImagSurface_W3_p": 0.107924415243816,
    "WLHImagSurface_r0_p": 1.1015176427160234,
    "WLHImagSurface_r1_p": 0.6450222373476566,
    "WLHImagSurface_r2_p": 0.007090328296577729,
    "WLHImagSurface_a0_p": 0.8752594574316217,
    "WLHImagSurface_W0_n": 1.8765899973015225,
    "WLHImagSurface_W1_n": 0.05906262778057113,
    "WLHImagSurface_W2_n": 3.103036032064838,
    "WLHImagSurface_W3_n": 0.20809740780166763,
    "WLHImagSurface_r0_n": 1.3188467654231597,
    "WLHImagSurface_r1_n": 1.649529960307901,
    "WLHImagSurface_r2_n": 0.0025535153885241618,
    "WLHImagSurface_a0_n": 0.8685721494084231,
    "WLHRealSpinOrbit_V0_p": 9.971989268894223,
    "WLHRealSpinOrbit_V1_p": 0.008356615568219154,
    "WLHRealSpinOrbit_r0_p": 1.2219064400798259,
    "WLHRealSpinOrbit_r1_p": 0.7913947079410402,
    "WLHRealSpinOrbit_a0_p": 0.7641895566253416,
    "WLHRealSpinOrbit_a1_p": 0.00034751176422741133,
    "WLHRealSpinOrbit_V0_n": 9.15827856368005,
    "WLHRealSpinOrbit_V1_n": 0.008492893977722012,
    "WLHRealSpinOrbit_r0_n": 1.320807673411258,
    "WLHRealSpinOrbit_r1_n": 0.9358311196066949,
    "WLHRealSpinOrbit_a0_n": 0.8351427125549258,
    "WLHRealSpinOrbit_a1_n": 0.0003497043276860877
}