{
    "WLHReal_V0_p": 52.88598998387918,
    "WLHReal_V1_p": 0.3114889994552636,
    "WLHReal_V2_p": -8.469267017001773e-05,
    "WLHReal_V3_p": 2.4418105845842676e-06,
    "WLHReal_V4_p": 12.441708390281786,
    "WLHReal_V5_p": 0.11730142553196621,
    "WLHReal_V6_p": 0.0002781199051209395,
    "WLHReal_r0_p": 1.297224099603485,
    "WLHReal_r1_p": 0.24249442589707654,
    "WLHReal_r2_p": 0.0009144556319932821,
    "WLHReal_r3_p": 8.361547717409184e-06,
    "WLHReal_a0_p": 0.777397168285071,
    "WLHReal_a1_p": 1.902776186255387e-05,
    "WLHReal_a2_p": 7.067500319053752e-06,
    "WLHReal_a3_p": 0.047024681799444454,
    "WLHReal_a4_p": 0.5874469347936266,
    "WLHReal_V0_n": 50.34687082527109,
    "WLHReal_V1_n": 0.269932158658266,
    "WLHReal_V2_n": -0.0010501163024344822,
    "WLHReal_V3_n": 5.2288142818830355e-06,
    "WLHReal_V4_n": 20.67334686121679,
    "WLHReal_V5_n": 0.33292112856824224,
    "WLHReal_V6_n": 0.001815180940278065,
    "WLHReal_r0_n": 1.3356607832136391,
    "WLHReal_r1_n": 0.2603887197597282,
    "WLHReal_r2_n": 0.001460379766663624,
    "WLHReal_r3_n": 1.899732899351822e-05,
    "WLHReal_a0_n": 0.7800905558364005,
    "WLHReal_a1_n": 0.0015513927034598036,
    "WLHReal_a2_n": 2.3714653717394483e-05,
    "WLHReal_a3_n": 0.4012855681042774,
    "WLHReal_a4_n": 1.2016711184700264,
    "WLHImagVolume_W0_p": 4.163718817655963,
    "WLHImagVolume_W1_p": 0.20888199180729305,
    "WLHImagVolume_W2_p": 0.00037192188275735885,
    "WLHImagVolume_W3_p": 11.523283339083626,
    "WLHImagVolume_W4_p": 0.06838107108766414,
    "WLHImagVolume_r0_p": 0.6292238436884747,
    "WLHImagVolume_r1_p": 56.55008904251251,
    "WLHImagVolume_r2_p": 0.6422548728626154,
    "WLHImagVolume_r3_p": 69.99457256656876,
    "WLHImagVolume_r4_p": 0.607915400139739,
    "WLHImagVolume_r5_p": 1.5063780363227514e-06,
    "WLHImagVolume_a0_p": 0.5401243965609502,
    "WLHImagVolume_a1_p": 0.29510084899336747,
    "WLHImagVolume_a2_p": 16.757878710848903,
    "WLHImagVolume_a3_p": 0.3887381470938887,
    "WLHImagVolume_a4_p": 0.0020055238435868665,
    "WLHImagVolume_W0_n": 3.9892982936991954,
    "WLHImagVolume_W1_n": 0.26486036107585315,
    "WLHImagVolume_W2_n": 0.0005702688748848042,
    "WLHImagVolume_W3_n": 10.383763429756524,
    "WLHImagVolume_W4_n": -0.00013091301911511213,
    "WLHImagVolume_r0_n": 0.6449778304174013,
    "WLHImagVolume_r1_n": 79.75340382647875,
    "WLHImagVolume_r2_n": 0.6875369975070164,
    "WLHImagVolume_r3_n": 99.54387124605454,
    "WLHImagVolume_r4_n": 0.9829247433108761,
    "WLHImagVolume_r5_n": 5.5368441668900745e-06,
    "WLHImagVolume_a0_n": 0.3055509527527485,
    "WLHImagVolume_a1_n": 0.5213696962885773,
    "WLHImagVolume_a2_n": 3.4866633452439437,
    "WLHImagVolume_a3_n": 0.02935322663326301,
    "WLHImagVolume_a4_n": 0.0002470850333024009,
    "WLHImagSurface_W0_p": 0.9277166083356023,
    "WLHImagSurface_W1_p": 0.033395959126551994,
    "WLHImagSurface_W2_p": 0.46996828148653,
    "WLHImagSurface_W3_p": 0.10325503560293268,
    "WLHImagSurface_r0_p": 1.0093749699242927,
    "WLHImagSurface_r1_p": 0.4015696004970985,
    "WLHImagSurface_r2_p": 0.0038695533686571516,
    "WLHImagSurface_a0_p": 0.8633258540281179,
    "WLHImagSurface_W0_n": 1.5469859589008417,
    "WLHImagSurface_W1_n": 0.05390395628982893,
    "WLHImagSurface_W2_n": 1.9140530875386417,
    "WLHImagSurface_W3_n": 0.18250186417373035,
    "WLHImagSurface_r0_n": 1.2891424945856638,
    "WLHImagSurface_r1_n": 1.6205328547053672,
    "WLHImagSurface_r2_n": 0.0017031650049068785,
    "WLHImagSurface_a0_n": 0.8845184764926042,
    "WLHRealSpinOrbit_V0_p": 9.501174573209493,
    "WLHRealSpinOrbit_V1_p": 0.008426008920094246,
    "WLHRealSpinOrbit_r0_p": 1.2761634246895641,
    "WLHRealSpinOrbit_r1_p": 0.8737595945280677,
    "WLHRealSpinOrbit_a0_p": 0.8040174463587743,
    "WLHRealSpinOrbit_a1_p": 0.0003445909515404093,
    "WLHRealSpinOrbit_V0_n": 9.530667809065328,
    "WLHRealSpinOrbit_V1_n": 0.009115562354682884,
    "WLHRealSpinOrbit_r0_n": 1.3365844426968279,
    "WLHRealSpinOrbit_r1_n": 0.977588067405939,
    "WLHRealSpinOrbit_a0_n": 0.8590701241064909,
    "WLHRealSpinOrbit_a1_n": 0.0003246490882571115
}