{
    "WLHReal_V0_p": 52.70627502636692,
    "WLHReal_V1_p": 0.30805396255197226,
    "WLHReal_V2_p": -0.0008601283744889561,
    "WLHReal_V3_p": 4.642219279180428e-06,
    "WLHReal_V4_p": 10.448088387225573,
    "WLHReal_V5_p": 0.1372843720315212,
    "WLHReal_V6_p": 0.000591748174001095,
    "WLHReal_r0_p": 1.361883010643311,
    "WLHReal_r1_p": 0.2841367267654543,
    "WLHReal_r2_p": 0.001224663935574021,
    "WLHReal_r3_p": 1.3801044351142315e-05,
    "WLHReal_a0_p": 0.8200732063401703,
    "WLHReal_a1_p": 0.00011360884130579677,
    "WLHReal_a2_p": 1.1374122651706344e-05,
    "WLHReal_a3_p": 0.003487566636250411,
    "WLHReal_a4_p": 0.6242126008471933,
    "WLHReal_V0_n": 56.31884722723012,
    "WLHReal_V1_n": 0.2814140321745363,
    "WLHReal_V2_n": 0.0006500869885387841,
    "WLHReal_V3_n": -6.679212625590369e-07,
    "WLHReal_V4_n": 22.497663789639798,
    "WLHReal_V5_n": 0.22514908785964205,
    "WLHReal_V6_n": 0.00021058449443597078,
    "WLHReal_r0_n": 1.2302717874808962,
    "WLHReal_r1_n": 0.34440418826176117,
    "WLHReal_r2_n": 0.0002386647208704575,
    "WLHReal_r3_n": -2.1973151895150766e-06,
    "WLHReal_a0_n": 0.6947158169337736,
    "WLHReal_a1_n": -0.00010982657030114728,
    "WLHReal_a2_n": -5.110547165117389e-06,
    "WLHReal_a3_n": 0.15893456876767,
    "WLHReal_a4_n": 0.5175506448109163,
    "WLHImagVolume_W0_p": 6.294170981262135,
    "WLHImagVolume_W1_p": 0.28632316408215863,
    "WLHImagVolume_W2_p": 0.000490191127883332,
    "WLHImagVolume_W3_p": 11.862435851698356,
    "WLHImagVolume_W4_p": 0.1035183293550193,
    "WLHImagVolume_r0_p": 0.7500908698841939,
    "WLHImagVolume_r1_p": 41.41404772415852,
    "WLHImagVolume_r2_p": 0.5808517495398767,
    "WLHImagVolume_r3_p": 58.66137902134749,
    "WLHImagVolume_r4_p": 0.6832656217688978,
    "WLHImagVolume_r5_p": 1.4998353063941547e-06,
    "WLHImagVolume_a0_p": 0.6373635841925435,
    "WLHImagVolume_a1_p": 0.24490971650354199,
    "WLHImagVolume_a2_p": 13.057154857780016,
    "WLHImagVolume_a3_p": 0.48759606007338746,
    "WLHImagVolume_a4_p": 0.003592154446599052,
    "WLHImagVolume_W0_n": 1.720659714756761,
    "WLHImagVolume_W1_n": 0.2213502714929925,
    "WLHImagVolume_W2_n": 0.0001528945539653385,
    "WLHImagVolume_W3_n": 7.420454325074844,
    "WLHImagVolume_W4_n": 0.04783485401505661,
    "WLHImagVolume_r0_n": 0.5769521532772939,
    "WLHImagVolume_r1_n": 53.485463107505765,
    "WLHImagVolume_r2_n": 0.6385300426969187,
    "WLHImagVolume_r3_n": 55.44027845106545,
    "WLHImagVolume_r4_n": 1.0178743625812634,
    "WLHImagVolume_r5_n": 2.384196740174859e-06,
    "WLHImagVolume_a0_n": 0.18121730538729908,
    "WLHImagVolume_a1_n": 0.6372850521608201,
    "WLHImagVolume_a2_n": 10.981219579342593,
    "WLHImagVolume_a3_n": 0.08395057972755238,
    "WLHImagVolume_a4_n": 0.0012562123741546838,
    "WLHImagSurface_W0_p": 0.41115543081277883,
    "WLHImagSurface_W1_p": -1.2016917748311484e-05,
    "WLHImagSurface_W2_p": -0.5195939655610546,
    "WLHImagSurface_W3_p": -0.0037336976659317345,
    "WLHImagSurface_r0_p": 0.7654670806552037,
    "WLHImagSurface_r1_p": 0.038786345665863586,
    "WLHImagSurface_r2_p": -0.0012855064185569344,
    "WLHImagSurface_a0_p": 0.7312194239397901,
    "WLHImagSurface_W0_n": 1.3817083008143736,
    "WLHImagSurface_W1_n": 0.005504951834496438,
    "WLHImagSurface_W2_n": 1.8337632517376288,
    "WLHImagSurface_W3_n": 0.037252829230867965,
    "WLHImagSurface_r0_n": 1.2399612752767328,
    "WLHImagSurface_r1_n": 1.1758371986971186,
    "WLHImagSurface_r2_n": 0.0046161962184664,
    "WLHImagSurface_a0_n": 0.806849102691095,
    "WLHRealSpinOrbit_V0_p": 9.336900790322904,
    "WLHRealSpinOrbit_V1_p": 0.008981582585371645,
    "WLHRealSpinOrbit_r0_p": 1.3406095408626162,
    "WLHRealSpinOrbit_r1_p": 0.9870297836098934,
    "WLHRealSpinOrbit_a0_p": 0.860824404182762,
    "WLHRealSpinOrbit_a1_p": 0.00031574746163068925,
    "WLHRealSpinOrbit_V0_n": 10.291836017671052,
    "WLHRealSpinOrbit_V1_n": 0.008293221062724628,
    "WLHRealSpinOrbit_r0_n": 1.1954061961089248,
    "WLHRealSpinOrbit_r1_n": 0.731051328447503,
    "WLHRealSpinOrbit_a0_n": 0.7379574090970782,
    "WLHRealSpinOrbit_a1_n": 0.00037432149778386463
}