{
    "ECS_p": 0.372625,
    "ECS_n": 0.375461,
    "APower_p": 0.598701,
    "APower_n": 0.546962
}