{
    "CH89RealCentral": {
        "V_0": 56.0679,
        "V_t": 18.4035,
        "V_e": -0.370494,
        "r_o": 1.15529,
        "r_o_0": -0.035439,
        "a_0": 0.749916
    },
    "CH89Coulomb": {
        "r_c": 1.22159,
        "r_c_0": 0.238361
    },
    "CH89SpinOrbit": {
        "V_so": 5.29689,
        "r_so": 1.18876,
        "r_so_0": -0.373666,
        "a_so": 0.496922
    },
    "CH89ImagCentral": {
        "W_v0": 5.93038,
        "W_ve0": 29.3763,
        "W_vew": 40.6537,
        "W_s0": 11.5426,
        "W_st": 20.8945,
        "W_se0": 24.7663,
        "W_sew": 36.5173,
        "r_w": 1.39542,
        "r_w0": -0.760153,
        "a_w": 0.713787
    }
}