{
    "WLHReal_V0_p": 50.62638065113561,
    "WLHReal_V1_p": 0.2695256064325149,
    "WLHReal_V2_p": -0.0007825309424200941,
    "WLHReal_V3_p": 3.998038281551795e-06,
    "WLHReal_V4_p": 12.01116670275597,
    "WLHReal_V5_p": 0.13659594458786115,
    "WLHReal_V6_p": 0.0005578011310085754,
    "WLHReal_r0_p": 1.359436020393044,
    "WLHReal_r1_p": 0.29514763864938115,
    "WLHReal_r2_p": 0.0009195803464646247,
    "WLHReal_r3_p": 1.1049001932030689e-05,
    "WLHReal_a0_p": 0.8005156689178213,
    "WLHReal_a1_p": 5.7136914091379185e-05,
    "WLHReal_a2_p": 1.0023588008903033e-05,
    "WLHReal_a3_p": -0.029120183142240047,
    "WLHReal_a4_p": 0.4987977393944457,
    "WLHReal_V0_n": 50.32848600660458,
    "WLHReal_V1_n": 0.2649058419912069,
    "WLHReal_V2_n": -6.989990236235772e-05,
    "WLHReal_V3_n": 1.9378764046956276e-06,
    "WLHReal_V4_n": 21.519118360914305,
    "WLHReal_V5_n": 0.26056737217054915,
    "WLHReal_V6_n": 0.0008304651837011878,
    "WLHReal_r0_n": 1.2989422155721189,
    "WLHReal_r1_n": 0.3025060892976942,
    "WLHReal_r2_n": 0.0007473451935045587,
    "WLHReal_r3_n": 6.460833693446552e-06,
    "WLHReal_a0_n": 0.7265278853794552,
    "WLHReal_a1_n": 0.0007555588492204689,
    "WLHReal_a2_n": 7.690470215649542e-06,
    "WLHReal_a3_n": 0.2755989376722905,
    "WLHReal_a4_n": 0.8053431958525078,
    "WLHImagVolume_W0_p": 5.34828842114794,
    "WLHImagVolume_W1_p": 0.20729292258316512,
    "WLHImagVolume_W2_p": 0.00020032083901238922,
    "WLHImagVolume_W3_p": 8.751670128236107,
    "WLHImagVolume_W4_p": 0.08538109896397196,
    "WLHImagVolume_r0_p": 0.8099690452561398,
    "WLHImagVolume_r1_p": 29.00207859150217,
    "WLHImagVolume_r2_p": 0.5129881387818405,
    "WLHImagVolume_r3_p": 45.22945027524451,
    "WLHImagVolume_r4_p": 0.6932388197770718,
    "WLHImagVolume_r5_p": 1.4836202760699668e-06,
    "WLHImagVolume_a0_p": 0.6209840216534495,
    "WLHImagVolume_a1_p": 0.23841126903359278,
    "WLHImagVolume_a2_p": 12.297940012136058,
    "WLHImagVolume_a3_p": 0.4659954216077536,
    "WLHImagVolume_a4_p": 0.0032837932132726887,
    "WLHImagVolume_W0_n": 1.7771277313171057,
    "WLHImagVolume_W1_n": 0.16729031440341469,
    "WLHImagVolume_W2_n": 0.00028914407247877143,
    "WLHImagVolume_W3_n": 6.409924137677799,
    "WLHImagVolume_W4_n": -0.004886744280074549,
    "WLHImagVolume_r0_n": 0.5101877152684118,
    "WLHImagVolume_r1_n": 92.95717032851942,
    "WLHImagVolume_r2_n": 0.775871720508879,
    "WLHImagVolume_r3_n": 87.02800833810718,
    "WLHImagVolume_r4_n": 0.8279225076601714,
    "WLHImagVolume_r5_n": 2.9280732685859346e-06,
    "WLHImagVolume_a0_n": 0.1984970266539905,
    "WLHImagVolume_a1_n": 0.620865973308745,
    "WLHImagVolume_a2_n": 9.73149436240328,
    "WLHImagVolume_a3_n": 0.0952096486541604,
    "WLHImagVolume_a4_n": 0.0006866032980096464,
    "WLHImagSurface_W0_p": 0.5726545357823791,
    "WLHImagSurface_W1_p": 0.013261476458065618,
    "WLHImagSurface_W2_p": 0.31760754310819467,
    "WLHImagSurface_W3_p": 0.04672723824674385,
    "WLHImagSurface_r0_p": 0.7638961062302949,
    "WLHImagSurface_r1_p": -0.029113438107272793,
    "WLHImagSurface_r2_p": 4.6268101534805654e-05,
    "WLHImagSurface_a0_p": 0.6868487318202826,
    "WLHImagSurface_W0_n": 1.2647639337695977,
    "WLHImagSurface_W1_n": 0.02396494637359262,
    "WLHImagSurface_W2_n": 1.934869884880218,
    "WLHImagSurface_W3_n": 0.1083694584121004,
    "WLHImagSurface_r0_n": 1.3112797665307294,
    "WLHImagSurface_r1_n": 1.363784907383139,
    "WLHImagSurface_r2_n": 0.0031802609625879484,
    "WLHImagSurface_a0_n": 0.851176054030107,
    "WLHRealSpinOrbit_V0_p": 9.303255096305968,
    "WLHRealSpinOrbit_V1_p": 0.008809837884307684,
    "WLHRealSpinOrbit_r0_p": 1.3417082851057605,
    "WLHRealSpinOrbit_r1_p": 0.9621564577978108,
    "WLHRealSpinOrbit_a0_p": 0.8525411148305182,
    "WLHRealSpinOrbit_a1_p": 0.0003584570842654905,
    "WLHRealSpinOrbit_V0_n": 9.387213091543476,
    "WLHRealSpinOrbit_V1_n": 0.008158827388775724,
    "WLHRealSpinOrbit_r0_n": 1.2768429921145137,
    "WLHRealSpinOrbit_r1_n": 0.8460438639812607,
    "WLHRealSpinOrbit_a0_n": 0.793607702374875,
    "WLHRealSpinOrbit_a1_n": 0.00039018942239342513
}