{
    "WLHReal_V0_p": 53.06226526821013,
    "WLHReal_V1_p": 0.28767850359817565,
    "WLHReal_V2_p": -0.00012864685815667254,
    "WLHReal_V3_p": 1.8673341159296772e-06,
    "WLHReal_V4_p": 13.274738612242933,
    "WLHReal_V5_p": 0.13949289623124597,
    "WLHReal_V6_p": 0.0003472174495037784,
    "WLHReal_r0_p": 1.3143846354257285,
    "WLHReal_r1_p": 0.3270582458706523,
    "WLHReal_r2_p": 0.0006657758947412016,
    "WLHReal_r3_p": 5.403820034710083e-06,
    "WLHReal_a0_p": 0.7767497237883572,
    "WLHReal_a1_p": 0.00012668645516717602,
    "WLHReal_a2_p": 4.398095931444018e-06,
    "WLHReal_a3_p": 0.033208107257508064,
    "WLHReal_a4_p": 0.507716158369933,
    "WLHReal_V0_n": 55.19905615862545,
    "WLHReal_V1_n": 0.3228638372554171,
    "WLHReal_V2_n": 0.00028751785721117557,
    "WLHReal_V3_n": 1.0490705017359673e-06,
    "WLHReal_V4_n": 20.880494054797964,
    "WLHReal_V5_n": 0.2546493723547114,
    "WLHReal_V6_n": 0.0006243027423370087,
    "WLHReal_r0_n": 1.2619682922341644,
    "WLHReal_r1_n": 0.3178111786974932,
    "WLHReal_r2_n": 0.0006077457082408825,
    "WLHReal_r3_n": 2.755965283937518e-06,
    "WLHReal_a0_n": 0.7184761499892621,
    "WLHReal_a1_n": 0.00044547708684359265,
    "WLHReal_a2_n": 2.5149053732014297e-06,
    "WLHReal_a3_n": 0.21314066077179616,
    "WLHReal_a4_n": 0.7269046550130897,
    "WLHImagVolume_W0_p": 4.201982489796078,
    "WLHImagVolume_W1_p": 0.21059265044687406,
    "WLHImagVolume_W2_p": 0.0002801333955148892,
    "WLHImagVolume_W3_p": 10.40264219020338,
    "WLHImagVolume_W4_p": 0.07518211288550722,
    "WLHImagVolume_r0_p": 0.6491769323433235,
    "WLHImagVolume_r1_p": 43.22021119355398,
    "WLHImagVolume_r2_p": 0.61835008070167,
    "WLHImagVolume_r3_p": 53.47148808134066,
    "WLHImagVolume_r4_p": 0.6161365438889723,
    "WLHImagVolume_r5_p": 1.6346023006448755e-06,
    "WLHImagVolume_a0_p": 0.5615144607857623,
    "WLHImagVolume_a1_p": 0.270094757640556,
    "WLHImagVolume_a2_p": 14.185280773582377,
    "WLHImagVolume_a3_p": 0.4168742031437646,
    "WLHImagVolume_a4_p": 0.00241864184306558,
    "WLHImagVolume_W0_n": 2.5529263122750114,
    "WLHImagVolume_W1_n": 0.2625125062166649,
    "WLHImagVolume_W2_n": 0.0005839388255294707,
    "WLHImagVolume_W3_n": 8.364406863845502,
    "WLHImagVolume_W4_n": 0.057028423724321334,
    "WLHImagVolume_r0_n": 0.490138828406262,
    "WLHImagVolume_r1_n": 85.86492713696441,
    "WLHImagVolume_r2_n": 0.766243396526704,
    "WLHImagVolume_r3_n": 83.15181289766107,
    "WLHImagVolume_r4_n": 0.8124549590236433,
    "WLHImagVolume_r5_n": 1.789519265970513e-06,
    "WLHImagVolume_a0_n": 0.18863802443119745,
    "WLHImagVolume_a1_n": 0.6220176358017312,
    "WLHImagVolume_a2_n": 7.6655743219852575,
    "WLHImagVolume_a3_n": 0.03574950055645672,
    "WLHImagVolume_a4_n": 0.00040858443902307444,
    "WLHImagSurface_W0_p": 0.9848383389987352,
    "WLHImagSurface_W1_p": 0.045614426624104705,
    "WLHImagSurface_W2_p": 1.3080047279615719,
    "WLHImagSurface_W3_p": 0.16556930808271214,
    "WLHImagSurface_r0_p": 0.9459437686638096,
    "WLHImagSurface_r1_p": 0.43687527288423084,
    "WLHImagSurface_r2_p": 0.0042313661541921255,
    "WLHImagSurface_a0_p": 0.73723148710054,
    "WLHImagSurface_W0_n": 2.0723418878416586,
    "WLHImagSurface_W1_n": 0.042670273329038326,
    "WLHImagSurface_W2_n": 3.089317319644875,
    "WLHImagSurface_W3_n": 0.14076914813880204,
    "WLHImagSurface_r0_n": 1.2957737688676387,
    "WLHImagSurface_r1_n": 1.465216567006735,
    "WLHImagSurface_r2_n": 0.004244691381153359,
    "WLHImagSurface_a0_n": 0.8241852281230357,
    "WLHRealSpinOrbit_V0_p": 9.51807496926433,
    "WLHRealSpinOrbit_V1_p": 0.008406152244670617,
    "WLHRealSpinOrbit_r0_p": 1.282435177040223,
    "WLHRealSpinOrbit_r1_p": 0.8662953099034735,
    "WLHRealSpinOrbit_a0_p": 0.8032612233293247,
    "WLHRealSpinOrbit_a1_p": 0.0003681529066816001,
    "WLHRealSpinOrbit_V0_n": 9.662508970410704,
    "WLHRealSpinOrbit_V1_n": 0.00818173812881344,
    "WLHRealSpinOrbit_r0_n": 1.2356120682742155,
    "WLHRealSpinOrbit_r1_n": 0.8117344687371105,
    "WLHRealSpinOrbit_a0_n": 0.7713329693615796,
    "WLHRealSpinOrbit_a1_n": 0.0003428984690013113
}