{
    "ECS_p": 0.31471,
    "ECS_n": 0.41282,
    "APower_p": 0.626115,
    "APower_n": 0.527476
}