{
    "CH89RealCentral": {
        "V_0": 54.112,
        "V_t": 5.80296,
        "V_e": -0.352941,
        "r_o": 1.20971,
        "r_o_0": -0.099054,
        "a_0": 0.730621
    },
    "CH89Coulomb": {
        "r_c": 1.5131,
        "r_c_0": 0.31918
    },
    "CH89SpinOrbit": {
        "V_so": 5.60676,
        "r_so": 1.13693,
        "r_so_0": -0.287649,
        "a_so": 0.55311
    },
    "CH89ImagCentral": {
        "W_v0": 6.85918,
        "W_ve0": 28.2387,
        "W_vew": 22.5883,
        "W_s0": 14.4368,
        "W_st": 31.3942,
        "W_se0": 15.2035,
        "W_sew": 75.1742,
        "r_w": 1.20526,
        "r_w0": -0.00533143,
        "a_w": 0.589479
    }
}