{
    "WLHReal_V0_p": 51.6641808048709,
    "WLHReal_V1_p": 0.2824393331248552,
    "WLHReal_V2_p": -0.0006079158776877979,
    "WLHReal_V3_p": 3.691530666449906e-06,
    "WLHReal_V4_p": 12.021565754328519,
    "WLHReal_V5_p": 0.13982031111047427,
    "WLHReal_V6_p": 0.000506570552996041,
    "WLHReal_r0_p": 1.3516640755431852,
    "WLHReal_r1_p": 0.31554926276536777,
    "WLHReal_r2_p": 0.0008754306956023602,
    "WLHReal_r3_p": 9.59925417937413e-06,
    "WLHReal_a0_p": 0.797938636454668,
    "WLHReal_a1_p": 9.246561828333796e-05,
    "WLHReal_a2_p": 8.12527696925815e-06,
    "WLHReal_a3_p": -0.0048996786179571,
    "WLHReal_a4_p": 0.5187701690107787,
    "WLHReal_V0_n": 50.12332176795109,
    "WLHReal_V1_n": 0.2509576368346499,
    "WLHReal_V2_n": -8.552614873036097e-05,
    "WLHReal_V3_n": 1.5022921559794693e-06,
    "WLHReal_V4_n": 22.304090700635594,
    "WLHReal_V5_n": 0.25283819749951836,
    "WLHReal_V6_n": 0.0008776077583399016,
    "WLHReal_r0_n": 1.2704924930734147,
    "WLHReal_r1_n": 0.2203763257960759,
    "WLHReal_r2_n": 0.0008449836796661425,
    "WLHReal_r3_n": 8.800250382314776e-06,
    "WLHReal_a0_n": 0.7268992276443345,
    "WLHReal_a1_n": 0.0008404525943296604,
    "WLHReal_a2_n": 9.945361372433387e-06,
    "WLHReal_a3_n": 0.3422141661837531,
    "WLHReal_a4_n": 0.9229131318002601,
    "WLHImagVolume_W0_p": 5.194720997586912,
    "WLHImagVolume_W1_p": 0.22401270770691795,
    "WLHImagVolume_W2_p": 0.00029547168744118997,
    "WLHImagVolume_W3_p": 9.735715236878331,
    "WLHImagVolume_W4_p": 0.08638247634377665,
    "WLHImagVolume_r0_p": 0.7330019401403263,
    "WLHImagVolume_r1_p": 37.23575098811041,
    "WLHImagVolume_r2_p": 0.578384396410148,
    "WLHImagVolume_r3_p": 50.934837341764144,
    "WLHImagVolume_r4_p": 0.6461491822396617,
    "WLHImagVolume_r5_p": 1.3835666237882193e-06,
    "WLHImagVolume_a0_p": 0.6055803627144064,
    "WLHImagVolume_a1_p": 0.25287217488430835,
    "WLHImagVolume_a2_p": 13.31535501945943,
    "WLHImagVolume_a3_p": 0.4538276109911012,
    "WLHImagVolume_a4_p": 0.003064754963336496,
    "WLHImagVolume_W0_n": 1.8782168876116878,
    "WLHImagVolume_W1_n": 0.13277032032301012,
    "WLHImagVolume_W2_n": 5.4520759277586076e-05,
    "WLHImagVolume_W3_n": 6.757050151663316,
    "WLHImagVolume_W4_n": -0.02178317597706469,
    "WLHImagVolume_r0_n": 0.601625106554704,
    "WLHImagVolume_r1_n": 77.41483167799447,
    "WLHImagVolume_r2_n": 0.6602006504693764,
    "WLHImagVolume_r3_n": 77.32819765020214,
    "WLHImagVolume_r4_n": 0.9244080839650289,
    "WLHImagVolume_r5_n": 3.00274184479154e-06,
    "WLHImagVolume_a0_n": 0.20226395208507547,
    "WLHImagVolume_a1_n": 0.6001770741740947,
    "WLHImagVolume_a2_n": 10.080487622168752,
    "WLHImagVolume_a3_n": 0.09015622923521036,
    "WLHImagVolume_a4_n": 0.0006226585814447488,
    "WLHImagSurface_W0_p": 0.7009777516183353,
    "WLHImagSurface_W1_p": 0.02489587056188835,
    "WLHImagSurface_W2_p": 0.5956141842037334,
    "WLHImagSurface_W3_p": 0.09097259052199114,
    "WLHImagSurface_r0_p": 0.8252347969769814,
    "WLHImagSurface_r1_p": 0.1342742596450065,
    "WLHImagSurface_r2_p": 0.001051042094125541,
    "WLHImagSurface_a0_p": 0.7125606298102692,
    "WLHImagSurface_W0_n": 0.9231604748308391,
    "WLHImagSurface_W1_n": 0.009362760994021353,
    "WLHImagSurface_W2_n": 0.7766297988817394,
    "WLHImagSurface_W3_n": 0.05433101391232849,
    "WLHImagSurface_r0_n": 1.2806211451564538,
    "WLHImagSurface_r1_n": 1.2449465604141061,
    "WLHImagSurface_r2_n": 0.00299357944079729,
    "WLHImagSurface_a0_n": 0.8507704900337453,
    "WLHRealSpinOrbit_V0_p": 9.306612750506105,
    "WLHRealSpinOrbit_V1_p": 0.008669619788487824,
    "WLHRealSpinOrbit_r0_p": 1.3265819660122193,
    "WLHRealSpinOrbit_r1_p": 0.9401371966653935,
    "WLHRealSpinOrbit_a0_p": 0.8401178557143989,
    "WLHRealSpinOrbit_a1_p": 0.0003564955910241125,
    "WLHRealSpinOrbit_V0_n": 9.836171611177674,
    "WLHRealSpinOrbit_V1_n": 0.008518348390022636,
    "WLHRealSpinOrbit_r0_n": 1.2626342501391437,
    "WLHRealSpinOrbit_r1_n": 0.8345595790733037,
    "WLHRealSpinOrbit_a0_n": 0.7906576275837469,
    "WLHRealSpinOrbit_a1_n": 0.000377737139926501
}