{
    "ECS_p": 0.201531,
    "ECS_n": 0.354534,
    "APower_p": 0.664095,
    "APower_n": 0.76551
}