{
    "CH89RealCentral": {
        "V_0": 55.0285,
        "V_t": 18.1864,
        "V_e": -0.409377,
        "r_o": 1.20772,
        "r_o_0": -0.169628,
        "a_0": 0.699464
    },
    "CH89Coulomb": {
        "r_c": 1.27429,
        "r_c_0": -0.0272897
    },
    "CH89SpinOrbit": {
        "V_so": 5.08408,
        "r_so": 1.24111,
        "r_so_0": -0.751556,
        "a_so": 0.587159
    },
    "CH89ImagCentral": {
        "W_v0": 16.5153,
        "W_ve0": 65.4389,
        "W_vew": 37.5493,
        "W_s0": 12.908,
        "W_st": 24.5018,
        "W_se0": 8.94369,
        "W_sew": 43.6127,
        "r_w": 1.39437,
        "r_w0": -1.00095,
        "a_w": 0.772996
    }
}