{
    "ECS_p": 0.302793,
    "ECS_n": 0.514602,
    "APower_p": 0.74482,
    "APower_n": 0.656805
}