{
    "CH89RealCentral": {
        "V_0": 57.4981,
        "V_t": 16.4463,
        "V_e": -0.32742,
        "r_o": 1.13364,
        "r_o_0": -0.00119833,
        "a_0": 0.7463
    },
    "CH89Coulomb": {
        "r_c": 1.11201,
        "r_c_0": -0.00738791
    },
    "CH89SpinOrbit": {
        "V_so": 4.91373,
        "r_so": 1.32565,
        "r_so_0": -1.23444,
        "a_so": 0.633955
    },
    "CH89ImagCentral": {
        "W_v0": 28.5352,
        "W_ve0": 101.545,
        "W_vew": 33.9844,
        "W_s0": 19.2954,
        "W_st": 40.7526,
        "W_se0": -3.71242,
        "W_sew": 34.6159,
        "r_w": 1.34877,
        "r_w0": -0.472948,
        "a_w": 0.684688
    }
}