{
    "WLHReal_V0_p": 56.91270856339553,
    "WLHReal_V1_p": 0.32316142364268663,
    "WLHReal_V2_p": -0.00010596371259389526,
    "WLHReal_V3_p": 2.7106194532631495e-06,
    "WLHReal_V4_p": 12.377419023715218,
    "WLHReal_V5_p": 0.1541480291879367,
    "WLHReal_V6_p": 0.00039067335184670056,
    "WLHReal_r0_p": 1.30660269263968,
    "WLHReal_r1_p": 0.35537711708471614,
    "WLHReal_r2_p": 0.0008845301525356255,
    "WLHReal_r3_p": 6.555688203899552e-06,
    "WLHReal_a0_p": 0.795066234749722,
    "WLHReal_a1_p": 0.0003064439148649725,
    "WLHReal_a2_p": 4.260327727367515e-06,
    "WLHReal_a3_p": 0.08215045630660184,
    "WLHReal_a4_p": 0.6310899362040301,
    "WLHReal_V0_n": 54.34975420716208,
    "WLHReal_V1_n": 0.2666199497082834,
    "WLHReal_V2_n": 0.00022696845725056502,
    "WLHReal_V3_n": 5.582728119788151e-07,
    "WLHReal_V4_n": 22.168929096819323,
    "WLHReal_V5_n": 0.2511967847575974,
    "WLHReal_V6_n": 0.0005672604479307533,
    "WLHReal_r0_n": 1.266295569743374,
    "WLHReal_r1_n": 0.3520252627197556,
    "WLHReal_r2_n": 0.00047755834158312745,
    "WLHReal_r3_n": 1.7149342184037337e-06,
    "WLHReal_a0_n": 0.7136248706628523,
    "WLHReal_a1_n": 0.00023577372283680408,
    "WLHReal_a2_n": 6.680846241145236e-07,
    "WLHReal_a3_n": 0.19939677147210774,
    "WLHReal_a4_n": 0.6299229148503174,
    "WLHImagVolume_W0_p": 5.241934150388628,
    "WLHImagVolume_W1_p": 0.31948685485210504,
    "WLHImagVolume_W2_p": 0.0005676187933726668,
    "WLHImagVolume_W3_p": 14.37548120036761,
    "WLHImagVolume_W4_p": 0.1019993722737697,
    "WLHImagVolume_r0_p": 0.6005523349881876,
    "WLHImagVolume_r1_p": 46.7493415330719,
    "WLHImagVolume_r2_p": 0.6508613607751494,
    "WLHImagVolume_r3_p": 57.01222175889209,
    "WLHImagVolume_r4_p": 0.6593744375285326,
    "WLHImagVolume_r5_p": 2.389559589933574e-06,
    "WLHImagVolume_a0_p": 0.5915490198598258,
    "WLHImagVolume_a1_p": 0.25262324080246285,
    "WLHImagVolume_a2_p": 12.42832436224007,
    "WLHImagVolume_a3_p": 0.46513360866278924,
    "WLHImagVolume_a4_p": 0.0030686566901153584,
    "WLHImagVolume_W0_n": 2.016285668321709,
    "WLHImagVolume_W1_n": 0.22273441646590503,
    "WLHImagVolume_W2_n": 0.00021294366124599844,
    "WLHImagVolume_W3_n": 7.634754171042336,
    "WLHImagVolume_W4_n": 0.030200255296148764,
    "WLHImagVolume_r0_n": 0.5853148346813097,
    "WLHImagVolume_r1_n": 60.0428959526901,
    "WLHImagVolume_r2_n": 0.6650630112839933,
    "WLHImagVolume_r3_n": 65.31236077218534,
    "WLHImagVolume_r4_n": 1.0202753024542968,
    "WLHImagVolume_r5_n": 2.951300623234486e-06,
    "WLHImagVolume_a0_n": 0.21286178460664731,
    "WLHImagVolume_a1_n": 0.6161500482240083,
    "WLHImagVolume_a2_n": 9.826310197903242,
    "WLHImagVolume_a3_n": 0.08895326323266191,
    "WLHImagVolume_a4_n": 0.0012172204977864546,
    "WLHImagSurface_W0_p": 0.8005292011967686,
    "WLHImagSurface_W1_p": 0.032121733450498936,
    "WLHImagSurface_W2_p": 0.7052441556060025,
    "WLHImagSurface_W3_p": 0.12364998375979266,
    "WLHImagSurface_r0_p": 0.9137024795488704,
    "WLHImagSurface_r1_p": 0.6365287878708056,
    "WLHImagSurface_r2_p": 0.0036790005524899466,
    "WLHImagSurface_a0_p": 0.6905956273022394,
    "WLHImagSurface_W0_n": 1.2872419380332665,
    "WLHImagSurface_W1_n": 0.013099518973531052,
    "WLHImagSurface_W2_n": 1.821917647708322,
    "WLHImagSurface_W3_n": 0.06825782113710879,
    "WLHImagSurface_r0_n": 1.2540136727073787,
    "WLHImagSurface_r1_n": 1.2607724146983748,
    "WLHImagSurface_r2_n": 0.0038307823570650026,
    "WLHImagSurface_a0_n": 0.8278704367739712,
    "WLHRealSpinOrbit_V0_p": 9.834984016370628,
    "WLHRealSpinOrbit_V1_p": 0.00868829855896693,
    "WLHRealSpinOrbit_r0_p": 1.264138976339908,
    "WLHRealSpinOrbit_r1_p": 0.8656490117918006,
    "WLHRealSpinOrbit_a0_p": 0.8002396067052647,
    "WLHRealSpinOrbit_a1_p": 0.0003228567951450121,
    "WLHRealSpinOrbit_V0_n": 10.031054600119232,
    "WLHRealSpinOrbit_V1_n": 0.008413297634124267,
    "WLHRealSpinOrbit_r0_n": 1.2351835118034507,
    "WLHRealSpinOrbit_r1_n": 0.78886793211668,
    "WLHRealSpinOrbit_a0_n": 0.767482080718825,
    "WLHRealSpinOrbit_a1_n": 0.0003776616778860159
}