{
    "WLHReal_V0_p": 52.42546263526689,
    "WLHReal_V1_p": 0.3029025031398533,
    "WLHReal_V2_p": 0.0003685629562461593,
    "WLHReal_V3_p": 6.797677249321039e-07,
    "WLHReal_V4_p": 13.932375728896304,
    "WLHReal_V5_p": 0.10995439042917092,
    "WLHReal_V6_p": 0.00010157127905115003,
    "WLHReal_r0_p": 1.2668466176073372,
    "WLHReal_r1_p": 0.2425830008574672,
    "WLHReal_r2_p": 0.0006156188453127333,
    "WLHReal_r3_p": 3.6488776298569966e-06,
    "WLHReal_a0_p": 0.7492449317674281,
    "WLHReal_a1_p": -3.6239307244310915e-05,
    "WLHReal_a2_p": 3.2430153312395476e-06,
    "WLHReal_a3_p": 0.06274215561343069,
    "WLHReal_a4_p": 0.5236756641971937,
    "WLHReal_V0_n": 58.48184083505238,
    "WLHReal_V1_n": 0.32880239316190685,
    "WLHReal_V2_n": 0.00038997152082488184,
    "WLHReal_V3_n": 9.567759778126825e-07,
    "WLHReal_V4_n": 21.143742107051718,
    "WLHReal_V5_n": 0.2583926967292732,
    "WLHReal_V6_n": 0.000550959800357657,
    "WLHReal_r0_n": 1.2438392196191308,
    "WLHReal_r1_n": 0.3586966172647705,
    "WLHReal_r2_n": 0.00048746702015730177,
    "WLHReal_r3_n": 1.315835407013292e-06,
    "WLHReal_a0_n": 0.7159223762638196,
    "WLHReal_a1_n": 0.0001422856144914236,
    "WLHReal_a2_n": -2.1814171345917284e-07,
    "WLHReal_a3_n": 0.16352765204005118,
    "WLHReal_a4_n": 0.6344478100568299,
    "WLHImagVolume_W0_p": 2.735232126096231,
    "WLHImagVolume_W1_p": 0.14711879707789374,
    "WLHImagVolume_W2_p": 0.0002479326711863643,
    "WLHImagVolume_W3_p": 10.4080303897341,
    "WLHImagVolume_W4_p": 0.04523509699333304,
    "WLHImagVolume_r0_p": 0.5550667142370068,
    "WLHImagVolume_r1_p": 63.201836099548146,
    "WLHImagVolume_r2_p": 0.6840834286668308,
    "WLHImagVolume_r3_p": 72.90349910432083,
    "WLHImagVolume_r4_p": 0.5421873444275166,
    "WLHImagVolume_r5_p": 1.5048195739487277e-06,
    "WLHImagVolume_a0_p": 0.4813071992162189,
    "WLHImagVolume_a1_p": 0.32478361672985656,
    "WLHImagVolume_a2_p": 18.861491502906997,
    "WLHImagVolume_a3_p": 0.3273424048665222,
    "WLHImagVolume_a4_p": 0.0010334903056039117,
    "WLHImagVolume_W0_n": 3.071410512340991,
    "WLHImagVolume_W1_n": 0.3261441052899867,
    "WLHImagVolume_W2_n": 0.0006040211914884242,
    "WLHImagVolume_W3_n": 9.905722869536769,
    "WLHImagVolume_W4_n": 0.08873850820870718,
    "WLHImagVolume_r0_n": 0.5558690013366021,
    "WLHImagVolume_r1_n": 60.33839322010247,
    "WLHImagVolume_r2_n": 0.6813318381437469,
    "WLHImagVolume_r3_n": 69.30605894315379,
    "WLHImagVolume_r4_n": 0.9697023075773965,
    "WLHImagVolume_r5_n": 2.4237706318752513e-06,
    "WLHImagVolume_a0_n": 0.21395914087584716,
    "WLHImagVolume_a1_n": 0.6065082733142348,
    "WLHImagVolume_a2_n": 6.724843400040932,
    "WLHImagVolume_a3_n": 0.01964387121711142,
    "WLHImagVolume_a4_n": 0.0007435533676659971,
    "WLHImagSurface_W0_p": 1.3072592115269808,
    "WLHImagSurface_W1_p": 0.0617501864114658,
    "WLHImagSurface_W2_p": 1.4589160631666047,
    "WLHImagSurface_W3_p": 0.20222976487431576,
    "WLHImagSurface_r0_p": 1.1517710066943976,
    "WLHImagSurface_r1_p": 0.6099521271167045,
    "WLHImagSurface_r2_p": 0.007174525529322937,
    "WLHImagSurface_a0_p": 0.9216556867829795,
    "WLHImagSurface_W0_n": 2.1997087395167414,
    "WLHImagSurface_W1_n": 0.041011160335812855,
    "WLHImagSurface_W2_n": 3.171396168873695,
    "WLHImagSurface_W3_n": 0.1279293378210763,
    "WLHImagSurface_r0_n": 1.2517256286932017,
    "WLHImagSurface_r1_n": 1.4403567384728249,
    "WLHImagSurface_r2_n": 0.0045928835271302594,
    "WLHImagSurface_a0_n": 0.8101388873979566,
    "WLHRealSpinOrbit_V0_p": 9.512069619763277,
    "WLHRealSpinOrbit_V1_p": 0.008005753202257717,
    "WLHRealSpinOrbit_r0_p": 1.243087576780894,
    "WLHRealSpinOrbit_r1_p": 0.8045438814884871,
    "WLHRealSpinOrbit_a0_p": 0.7702495586112299,
    "WLHRealSpinOrbit_a1_p": 0.0003767695462502768,
    "WLHRealSpinOrbit_V0_n": 10.136034632661321,
    "WLHRealSpinOrbit_V1_n": 0.00847415692721861,
    "WLHRealSpinOrbit_r0_n": 1.2122394919095054,
    "WLHRealSpinOrbit_r1_n": 0.7868061365094362,
    "WLHRealSpinOrbit_a0_n": 0.7601830902380164,
    "WLHRealSpinOrbit_a1_n": 0.00032364687844989987
}