{
    "WLHReal_V0_p": 54.55842881285863,
    "WLHReal_V1_p": 0.3029097637547758,
    "WLHReal_V2_p": 0.00010198911839621384,
    "WLHReal_V3_p": 2.0824861079658493e-06,
    "WLHReal_V4_p": 13.391979823403506,
    "WLHReal_V5_p": 0.1451208146736894,
    "WLHReal_V6_p": 0.0002840102730079241,
    "WLHReal_r0_p": 1.303104615483334,
    "WLHReal_r1_p": 0.3566618951425567,
    "WLHReal_r2_p": 0.0005994934104498531,
    "WLHReal_r3_p": 3.5700952164871858e-06,
    "WLHReal_a0_p": 0.7731536231463831,
    "WLHReal_a1_p": 0.0001850363568321874,
    "WLHReal_a2_p": 2.659552813832601e-06,
    "WLHReal_a3_p": 0.0650246755393636,
    "WLHReal_a4_p": 0.5313762266507771,
    "WLHReal_V0_n": 56.36038535862343,
    "WLHReal_V1_n": 0.32754783004382015,
    "WLHReal_V2_n": 0.0002474777905539534,
    "WLHReal_V3_n": 2.0402118532631868e-06,
    "WLHReal_V4_n": 20.179734643099973,
    "WLHReal_V5_n": 0.27187258261319797,
    "WLHReal_V6_n": 0.0005925270473704114,
    "WLHReal_r0_n": 1.301144989948707,
    "WLHReal_r1_n": 0.45802060716620163,
    "WLHReal_r2_n": 0.0004411693331820102,
    "WLHReal_r3_n": -8.851308933178884e-07,
    "WLHReal_a0_n": 0.7198553809944425,
    "WLHReal_a1_n": 0.00021568286737279113,
    "WLHReal_a2_n": -1.5542977060696731e-06,
    "WLHReal_a3_n": 0.10561769151556397,
    "WLHReal_a4_n": 0.5264312960031059,
    "WLHImagVolume_W0_p": 4.013601539877314,
    "WLHImagVolume_W1_p": 0.23428764432673405,
    "WLHImagVolume_W2_p": 0.00039400688660447047,
    "WLHImagVolume_W3_p": 11.707488703783696,
    "WLHImagVolume_W4_p": 0.0773093407191408,
    "WLHImagVolume_r0_p": 0.5568536065898869,
    "WLHImagVolume_r1_p": 52.077244308066966,
    "WLHImagVolume_r2_p": 0.6929756389497113,
    "WLHImagVolume_r3_p": 59.113263943177714,
    "WLHImagVolume_r4_p": 0.5659725596303518,
    "WLHImagVolume_r5_p": 1.238299685072082e-06,
    "WLHImagVolume_a0_p": 0.5440348260791666,
    "WLHImagVolume_a1_p": 0.2846840839939251,
    "WLHImagVolume_a2_p": 15.100586376207897,
    "WLHImagVolume_a3_p": 0.4050582582108222,
    "WLHImagVolume_a4_p": 0.0021887097423369337,
    "WLHImagVolume_W0_n": 2.594523269853575,
    "WLHImagVolume_W1_n": 0.32958625333907066,
    "WLHImagVolume_W2_n": 0.0008339864451749842,
    "WLHImagVolume_W3_n": 8.485457559931454,
    "WLHImagVolume_W4_n": 0.0842222596783867,
    "WLHImagVolume_r0_n": 0.42205539499284184,
    "WLHImagVolume_r1_n": 90.19367857574355,
    "WLHImagVolume_r2_n": 0.8645497894668727,
    "WLHImagVolume_r3_n": 87.70776144227125,
    "WLHImagVolume_r4_n": 0.8062227114577813,
    "WLHImagVolume_r5_n": 2.006315849283905e-06,
    "WLHImagVolume_a0_n": 0.20834504062475132,
    "WLHImagVolume_a1_n": 0.6365981685215173,
    "WLHImagVolume_a2_n": 7.018474456268676,
    "WLHImagVolume_a3_n": 0.0490916459016532,
    "WLHImagVolume_a4_n": 0.0008388165152835973,
    "WLHImagSurface_W0_p": 1.1404348579752244,
    "WLHImagSurface_W1_p": 0.05986635013931746,
    "WLHImagSurface_W2_p": 1.682082748973244,
    "WLHImagSurface_W3_p": 0.22088384210450368,
    "WLHImagSurface_r0_p": 1.01727379605576,
    "WLHImagSurface_r1_p": 0.6548133222398524,
    "WLHImagSurface_r2_p": 0.00558851001285745,
    "WLHImagSurface_a0_p": 0.7569737207296873,
    "WLHImagSurface_W0_n": 2.3824289556814473,
    "WLHImagSurface_W1_n": 0.05619155678829131,
    "WLHImagSurface_W2_n": 4.3848264111174755,
    "WLHImagSurface_W3_n": 0.19728129414834955,
    "WLHImagSurface_r0_n": 1.3097313324967519,
    "WLHImagSurface_r1_n": 1.583933559712419,
    "WLHImagSurface_r2_n": 0.004382303813691362,
    "WLHImagSurface_a0_n": 0.8237958724696604,
    "WLHRealSpinOrbit_V0_p": 9.562007433449581,
    "WLHRealSpinOrbit_V1_p": 0.008247771786859998,
    "WLHRealSpinOrbit_r0_p": 1.2613366823871541,
    "WLHRealSpinOrbit_r1_p": 0.8353912586042627,
    "WLHRealSpinOrbit_a0_p": 0.7862967463793921,
    "WLHRealSpinOrbit_a1_p": 0.00036570994873928844,
    "WLHRealSpinOrbit_V0_n": 9.306809750868544,
    "WLHRealSpinOrbit_V1_n": 0.007914920008631306,
    "WLHRealSpinOrbit_r0_n": 1.2527636794412012,
    "WLHRealSpinOrbit_r1_n": 0.8230900259169357,
    "WLHRealSpinOrbit_a0_n": 0.7758231425453784,
    "WLHRealSpinOrbit_a1_n": 0.00036043647453718424
}