{
    "CH89RealCentral": {
        "V_0": 57.4172,
        "V_t": 16.0878,
        "V_e": -0.352871,
        "r_o": 1.17355,
        "r_o_0": -0.129816,
        "a_0": 0.730375
    },
    "CH89Coulomb": {
        "r_c": 1.29246,
        "r_c_0": 0.0516775
    },
    "CH89SpinOrbit": {
        "V_so": 5.92552,
        "r_so": 1.22164,
        "r_so_0": -0.627429,
        "a_so": 0.620592
    },
    "CH89ImagCentral": {
        "W_v0": 9.96443,
        "W_ve0": 12.5379,
        "W_vew": 33.2518,
        "W_s0": 6.13902,
        "W_st": 20.573,
        "W_se0": 41.7122,
        "W_sew": 40.815,
        "r_w": 1.30312,
        "r_w0": -0.20479,
        "a_w": 0.667715
    }
}