{
    "WLHReal_V0_p": 56.79455050530295,
    "WLHReal_V1_p": 0.31203767830546447,
    "WLHReal_V2_p": 0.0002870072984295927,
    "WLHReal_V3_p": 6.6395288703076e-07,
    "WLHReal_V4_p": 13.993565410593149,
    "WLHReal_V5_p": 0.14158987386416239,
    "WLHReal_V6_p": 0.0002308694102260307,
    "WLHReal_r0_p": 1.2633618610103632,
    "WLHReal_r1_p": 0.31424714318397784,
    "WLHReal_r2_p": 0.0007057279761344369,
    "WLHReal_r3_p": 3.7323355780812215e-06,
    "WLHReal_a0_p": 0.7681421226522531,
    "WLHReal_a1_p": 0.00025511049547212916,
    "WLHReal_a2_p": 1.8815412905245194e-06,
    "WLHReal_a3_p": 0.0949379090104486,
    "WLHReal_a4_p": 0.5919210203669488,
    "WLHReal_V0_n": 54.99740496787916,
    "WLHReal_V1_n": 0.28473971824155137,
    "WLHReal_V2_n": 0.00013834823788061717,
    "WLHReal_V3_n": 1.2025256288210285e-06,
    "WLHReal_V4_n": 21.86292491913691,
    "WLHReal_V5_n": 0.25921367073634616,
    "WLHReal_V6_n": 0.0007139003431292163,
    "WLHReal_r0_n": 1.2577734699822254,
    "WLHReal_r1_n": 0.31234279540743654,
    "WLHReal_r2_n": 0.0006297275134017768,
    "WLHReal_r3_n": 4.1622054298213e-06,
    "WLHReal_a0_n": 0.7217611313846408,
    "WLHReal_a1_n": 0.0004028582138983502,
    "WLHReal_a2_n": 3.6538145427449207e-06,
    "WLHReal_a3_n": 0.23540073185376878,
    "WLHReal_a4_n": 0.7415505567276446,
    "WLHImagVolume_W0_p": 4.003188318674825,
    "WLHImagVolume_W1_p": 0.26333474209289937,
    "WLHImagVolume_W2_p": 0.00038765066177588004,
    "WLHImagVolume_W3_p": 13.62848061864245,
    "WLHImagVolume_W4_p": 0.08064394539510931,
    "WLHImagVolume_r0_p": 0.609654393862544,
    "WLHImagVolume_r1_p": 44.491395275720066,
    "WLHImagVolume_r2_p": 0.6015044870899703,
    "WLHImagVolume_r3_p": 54.89957347362664,
    "WLHImagVolume_r4_p": 0.6899382365834774,
    "WLHImagVolume_r5_p": 2.1321534894633963e-06,
    "WLHImagVolume_a0_p": 0.5473004551240757,
    "WLHImagVolume_a1_p": 0.26046180818333714,
    "WLHImagVolume_a2_p": 12.743453333623629,
    "WLHImagVolume_a3_p": 0.42234673311704746,
    "WLHImagVolume_a4_p": 0.0023668735914971653,
    "WLHImagVolume_W0_n": 2.5814516065871445,
    "WLHImagVolume_W1_n": 0.2460369187190541,
    "WLHImagVolume_W2_n": 0.00031461376167232313,
    "WLHImagVolume_W3_n": 8.687045738561567,
    "WLHImagVolume_W4_n": 0.039255778666662716,
    "WLHImagVolume_r0_n": 0.6028680948277972,
    "WLHImagVolume_r1_n": 60.18216906131609,
    "WLHImagVolume_r2_n": 0.6453140852011032,
    "WLHImagVolume_r3_n": 68.81203190218893,
    "WLHImagVolume_r4_n": 1.0101063806268522,
    "WLHImagVolume_r5_n": 3.2618854945816933e-06,
    "WLHImagVolume_a0_n": 0.22086547993204345,
    "WLHImagVolume_a1_n": 0.5978179694960138,
    "WLHImagVolume_a2_n": 8.252911209199805,
    "WLHImagVolume_a3_n": 0.057288799440563365,
    "WLHImagVolume_a4_n": 0.0008764390075810469,
    "WLHImagSurface_W0_p": 0.9878452170516763,
    "WLHImagSurface_W1_p": 0.04001471632798355,
    "WLHImagSurface_W2_p": 1.0874628578395316,
    "WLHImagSurface_W3_p": 0.14303883783629884,
    "WLHImagSurface_r0_p": 1.0001041032595035,
    "WLHImagSurface_r1_p": 0.7657376560577361,
    "WLHImagSurface_r2_p": 0.006444779483899281,
    "WLHImagSurface_a0_p": 0.7177223073637461,
    "WLHImagSurface_W0_n": 1.5237482855431173,
    "WLHImagSurface_W1_n": 0.023017774922213168,
    "WLHImagSurface_W2_n": 1.9357332047442057,
    "WLHImagSurface_W3_n": 0.08574548463126876,
    "WLHImagSurface_r0_n": 1.252034876211169,
    "WLHImagSurface_r1_n": 1.3280115677383875,
    "WLHImagSurface_r2_n": 0.003790141281253354,
    "WLHImagSurface_a0_n": 0.8287103809929584,
    "WLHRealSpinOrbit_V0_p": 10.097335100043763,
    "WLHRealSpinOrbit_V1_p": 0.008531593938024643,
    "WLHRealSpinOrbit_r0_p": 1.227043023318282,
    "WLHRealSpinOrbit_r1_p": 0.8001366318885965,
    "WLHRealSpinOrbit_a0_p": 0.769409869416698,
    "WLHRealSpinOrbit_a1_p": 0.0003406191725371277,
    "WLHRealSpinOrbit_V0_n": 10.109824760538311,
    "WLHRealSpinOrbit_V1_n": 0.008591879897619994,
    "WLHRealSpinOrbit_r0_n": 1.2352189908212352,
    "WLHRealSpinOrbit_r1_n": 0.8067858056564026,
    "WLHRealSpinOrbit_a0_n": 0.7745880469812779,
    "WLHRealSpinOrbit_a1_n": 0.0003503917377165071
}