{
    "WLHReal_V0_p": 54.28175859539473,
    "WLHReal_V1_p": 0.3020839304004197,
    "WLHReal_V2_p": 4.633802890084918e-05,
    "WLHReal_V3_p": 1.6195852721694736e-06,
    "WLHReal_V4_p": 13.224802729490003,
    "WLHReal_V5_p": 0.14555380963179473,
    "WLHReal_V6_p": 0.00030174914371766806,
    "WLHReal_r0_p": 1.3095865113278888,
    "WLHReal_r1_p": 0.35960904412306016,
    "WLHReal_r2_p": 0.0006093593856152425,
    "WLHReal_r3_p": 4.212499271807078e-06,
    "WLHReal_a0_p": 0.7755101797263624,
    "WLHReal_a1_p": 0.00017717542506299986,
    "WLHReal_a2_p": 2.791870480102717e-06,
    "WLHReal_a3_p": 0.05976811172043962,
    "WLHReal_a4_p": 0.5282732956019093,
    "WLHReal_V0_n": 52.92174330999208,
    "WLHReal_V1_n": 0.24162153111672305,
    "WLHReal_V2_n": -0.0008216580364733231,
    "WLHReal_V3_n": 3.730304472805954e-06,
    "WLHReal_V4_n": 21.48034672219673,
    "WLHReal_V5_n": 0.327112615053972,
    "WLHReal_V6_n": 0.0015003452710697642,
    "WLHReal_r0_n": 1.336545683068168,
    "WLHReal_r1_n": 0.3923560949664772,
    "WLHReal_r2_n": 0.0010553374592166124,
    "WLHReal_r3_n": 1.2249940420100666e-05,
    "WLHReal_a0_n": 0.7645667643634926,
    "WLHReal_a1_n": 0.0009079103797978335,
    "WLHReal_a2_n": 1.3544707387480121e-05,
    "WLHReal_a3_n": 0.2739834137253653,
    "WLHReal_a4_n": 0.8867652821360148,
    "WLHImagVolume_W0_p": 4.105422775347406,
    "WLHImagVolume_W1_p": 0.23385002951385997,
    "WLHImagVolume_W2_p": 0.000399110286044679,
    "WLHImagVolume_W3_p": 11.523279548332853,
    "WLHImagVolume_W4_p": 0.07816877902083567,
    "WLHImagVolume_r0_p": 0.5583452854907213,
    "WLHImagVolume_r1_p": 52.347820121031305,
    "WLHImagVolume_r2_p": 0.6983765980997649,
    "WLHImagVolume_r3_p": 59.36810845812096,
    "WLHImagVolume_r4_p": 0.5576405291344636,
    "WLHImagVolume_r5_p": 1.1906137594598221e-06,
    "WLHImagVolume_a0_p": 0.5475587017050781,
    "WLHImagVolume_a1_p": 0.2853630997992031,
    "WLHImagVolume_a2_p": 15.231873981384322,
    "WLHImagVolume_a3_p": 0.40690613813136073,
    "WLHImagVolume_a4_p": 0.0022309984503188773,
    "WLHImagVolume_W0_n": 3.612449009475306,
    "WLHImagVolume_W1_n": 0.3026426899987955,
    "WLHImagVolume_W2_n": 0.00042708109363544017,
    "WLHImagVolume_W3_n": 10.338180333645232,
    "WLHImagVolume_W4_n": 0.020561053673109776,
    "WLHImagVolume_r0_n": 0.6899313845827395,
    "WLHImagVolume_r1_n": 49.57414565773216,
    "WLHImagVolume_r2_n": 0.6297928414356248,
    "WLHImagVolume_r3_n": 77.80448660351301,
    "WLHImagVolume_r4_n": 1.1932199542026984,
    "WLHImagVolume_r5_n": 6.462249016658397e-06,
    "WLHImagVolume_a0_n": 0.32693945408669145,
    "WLHImagVolume_a1_n": 0.5343999597914717,
    "WLHImagVolume_a2_n": 5.0733322661336615,
    "WLHImagVolume_a3_n": 0.07005856832216137,
    "WLHImagVolume_a4_n": 0.001305467995467983,
    "WLHImagSurface_W0_p": 1.1291639622073795,
    "WLHImagSurface_W1_p": 0.05980701941374643,
    "WLHImagSurface_W2_p": 1.6695848434839085,
    "WLHImagSurface_W3_p": 0.22126327933152218,
    "WLHImagSurface_r0_p": 1.0088813511806793,
    "WLHImagSurface_r1_p": 0.6221903968791409,
    "WLHImagSurface_r2_p": 0.005247251468142224,
    "WLHImagSurface_a0_p": 0.7583850911405955,
    "WLHImagSurface_W0_n": 1.264946580011393,
    "WLHImagSurface_W1_n": 0.03520293944710208,
    "WLHImagSurface_W2_n": 1.868176227841901,
    "WLHImagSurface_W3_n": 0.14163584457189102,
    "WLHImagSurface_r0_n": 1.241918751207741,
    "WLHImagSurface_r1_n": 1.4832884297196711,
    "WLHImagSurface_r2_n": 0.0020993377270767683,
    "WLHImagSurface_a0_n": 0.8687863395886389,
    "WLHRealSpinOrbit_V0_p": 9.499734990769843,
    "WLHRealSpinOrbit_V1_p": 0.008246709913332402,
    "WLHRealSpinOrbit_r0_p": 1.267807422561025,
    "WLHRealSpinOrbit_r1_p": 0.8445720301326534,
    "WLHRealSpinOrbit_a0_p": 0.7907796863716752,
    "WLHRealSpinOrbit_a1_p": 0.0003663406657361012,
    "WLHRealSpinOrbit_V0_n": 9.905277267862896,
    "WLHRealSpinOrbit_V1_n": 0.009140264118832484,
    "WLHRealSpinOrbit_r0_n": 1.314544593994538,
    "WLHRealSpinOrbit_r1_n": 0.922611647641872,
    "WLHRealSpinOrbit_a0_n": 0.8366530660736279,
    "WLHRealSpinOrbit_a1_n": 0.0003531426373541822
}