{
    "WLHReal_V0_p": 51.936831398054025,
    "WLHReal_V1_p": 0.28386217362216687,
    "WLHReal_V2_p": -0.0002181539786839182,
    "WLHReal_V3_p": 2.6787688484991647e-06,
    "WLHReal_V4_p": 13.120426304027804,
    "WLHReal_V5_p": 0.12668775261579548,
    "WLHReal_V6_p": 0.00034548562217575837,
    "WLHReal_r0_p": 1.3112606063323506,
    "WLHReal_r1_p": 0.27457596710257454,
    "WLHReal_r2_p": 0.0007668209240453975,
    "WLHReal_r3_p": 7.0622511739473665e-06,
    "WLHReal_a0_p": 0.775816128923744,
    "WLHReal_a1_p": 4.284100961966064e-05,
    "WLHReal_a2_p": 6.16484524639175e-06,
    "WLHReal_a3_p": 0.01775186114968689,
    "WLHReal_a4_p": 0.5119342667629232,
    "WLHReal_V0_n": 57.979875175131376,
    "WLHReal_V1_n": 0.31341409098481676,
    "WLHReal_V2_n": 0.0007782815363720473,
    "WLHReal_V3_n": -4.7363907214328395e-07,
    "WLHReal_V4_n": 21.92245724822431,
    "WLHReal_V5_n": 0.22455460794165824,
    "WLHReal_V6_n": 0.00015116842485113227,
    "WLHReal_r0_n": 1.221163866192092,
    "WLHReal_r1_n": 0.3499588309915984,
    "WLHReal_r2_n": 0.00021259798563939294,
    "WLHReal_r3_n": -3.564489897065287e-06,
    "WLHReal_a0_n": 0.6930804155009074,
    "WLHReal_a1_n": -0.00016540672559972017,
    "WLHReal_a2_n": -6.740576089823472e-06,
    "WLHReal_a3_n": 0.1356789439151183,
    "WLHReal_a4_n": 0.5020120909263188,
    "WLHImagVolume_W0_p": 4.145284062388164,
    "WLHImagVolume_W1_p": 0.1859165731982468,
    "WLHImagVolume_W2_p": 0.00021156275127537627,
    "WLHImagVolume_W3_p": 9.763264088392049,
    "WLHImagVolume_W4_p": 0.06848748665792048,
    "WLHImagVolume_r0_p": 0.7032953153314574,
    "WLHImagVolume_r1_p": 41.75155155615962,
    "WLHImagVolume_r2_p": 0.5728349502747019,
    "WLHImagVolume_r3_p": 55.131340088476136,
    "WLHImagVolume_r4_p": 0.6473168027641338,
    "WLHImagVolume_r5_p": 1.3521675429507512e-06,
    "WLHImagVolume_a0_p": 0.5597562692075808,
    "WLHImagVolume_a1_p": 0.27059530544756627,
    "WLHImagVolume_a2_p": 14.553331867301218,
    "WLHImagVolume_a3_p": 0.4089178149237491,
    "WLHImagVolume_a4_p": 0.0023314159070872242,
    "WLHImagVolume_W0_n": 2.0508931959833245,
    "WLHImagVolume_W1_n": 0.2619803128993702,
    "WLHImagVolume_W2_n": 0.0003520621317512746,
    "WLHImagVolume_W3_n": 8.105105314965819,
    "WLHImagVolume_W4_n": 0.07429798299961518,
    "WLHImagVolume_r0_n": 0.5374292210644959,
    "WLHImagVolume_r1_n": 59.34200771486256,
    "WLHImagVolume_r2_n": 0.6730374335110778,
    "WLHImagVolume_r3_n": 59.52195047580129,
    "WLHImagVolume_r4_n": 0.9521081113408173,
    "WLHImagVolume_r5_n": 1.759806521003568e-06,
    "WLHImagVolume_a0_n": 0.17135732402284382,
    "WLHImagVolume_a1_n": 0.6419772461048086,
    "WLHImagVolume_a2_n": 9.862489120803277,
    "WLHImagVolume_a3_n": 0.054729050855477974,
    "WLHImagVolume_a4_n": 0.0009916482332944542,
    "WLHImagSurface_W0_p": 0.8924005892804544,
    "WLHImagSurface_W1_p": 0.033693922337982914,
    "WLHImagSurface_W2_p": 0.8468088596843285,
    "WLHImagSurface_W3_p": 0.11278281265556037,
    "WLHImagSurface_r0_p": 0.9323724082124624,
    "WLHImagSurface_r1_p": 0.2954815884799726,
    "WLHImagSurface_r2_p": 0.0035655548391262002,
    "WLHImagSurface_a0_p": 0.7713912529779112,
    "WLHImagSurface_W0_n": 1.8423948055303203,
    "WLHImagSurface_W1_n": 0.019453857928501475,
    "WLHImagSurface_W2_n": 2.602696686288431,
    "WLHImagSurface_W3_n": 0.06946313886263733,
    "WLHImagSurface_r0_n": 1.2488476203383696,
    "WLHImagSurface_r1_n": 1.2656474833607276,
    "WLHImagSurface_r2_n": 0.005059476128897055,
    "WLHImagSurface_a0_n": 0.7978182471827815,
    "WLHRealSpinOrbit_V0_p": 9.504477974408209,
    "WLHRealSpinOrbit_V1_p": 0.00848772592830875,
    "WLHRealSpinOrbit_r0_p": 1.290155848394903,
    "WLHRealSpinOrbit_r1_p": 0.8812802490854643,
    "WLHRealSpinOrbit_a0_p": 0.8109938663720334,
    "WLHRealSpinOrbit_a1_p": 0.0003655833638471428,
    "WLHRealSpinOrbit_V0_n": 10.235238744079929,
    "WLHRealSpinOrbit_V1_n": 0.008198998219105701,
    "WLHRealSpinOrbit_r0_n": 1.1844701766218095,
    "WLHRealSpinOrbit_r1_n": 0.7267093976912135,
    "WLHRealSpinOrbit_a0_n": 0.7321653285314107,
    "WLHRealSpinOrbit_a1_n": 0.0003541339641746222
}