{
    "WLHReal_V0_p": 48.16716188384363,
    "WLHReal_V1_p": 0.22990167709820297,
    "WLHReal_V2_p": -0.000628775563339467,
    "WLHReal_V3_p": 3.1108371126544726e-06,
    "WLHReal_V4_p": 13.848781641128689,
    "WLHReal_V5_p": 0.1249647986326205,
    "WLHReal_V6_p": 0.0004735073301000551,
    "WLHReal_r0_p": 1.3409754838930883,
    "WLHReal_r1_p": 0.26301225296020225,
    "WLHReal_r2_p": 0.0006449782847630359,
    "WLHReal_r3_p": 8.929530291485425e-06,
    "WLHReal_a0_p": 0.7737634406059822,
    "WLHReal_a1_p": -5.425861264086269e-05,
    "WLHReal_a2_p": 8.40582044062062e-06,
    "WLHReal_a3_p": -0.06162128322789108,
    "WLHReal_a4_p": 0.37777241204686784,
    "WLHReal_V0_n": 50.22199079407707,
    "WLHReal_V1_n": 0.2457728755071842,
    "WLHReal_V2_n": -0.0007020285673610968,
    "WLHReal_V3_n": 3.489122255742468e-06,
    "WLHReal_V4_n": 21.402273229949298,
    "WLHReal_V5_n": 0.3066675679035413,
    "WLHReal_V6_n": 0.0014043487435509427,
    "WLHReal_r0_n": 1.3303579869319906,
    "WLHReal_r1_n": 0.3168789618431268,
    "WLHReal_r2_n": 0.0010993597676930242,
    "WLHReal_r3_n": 1.2486481779583257e-05,
    "WLHReal_a0_n": 0.7575835594054902,
    "WLHReal_a1_n": 0.0011128487789805975,
    "WLHReal_a2_n": 1.5355812538886006e-05,
    "WLHReal_a3_n": 0.32681750360660194,
    "WLHReal_a4_n": 0.9707419114202176,
    "WLHImagVolume_W0_p": 4.070412535490006,
    "WLHImagVolume_W1_p": 0.1059244990345213,
    "WLHImagVolume_W2_p": -0.00015142209323363567,
    "WLHImagVolume_W3_p": 5.431484859592801,
    "WLHImagVolume_W4_p": 0.0587174856254504,
    "WLHImagVolume_r0_p": 0.8946435493869951,
    "WLHImagVolume_r1_p": 16.515798878982686,
    "WLHImagVolume_r2_p": 0.41221307120682116,
    "WLHImagVolume_r3_p": 33.568381184863526,
    "WLHImagVolume_r4_p": 0.7292785137200247,
    "WLHImagVolume_r5_p": 1.0291465376396288e-06,
    "WLHImagVolume_a0_p": 0.5908104408690205,
    "WLHImagVolume_a1_p": 0.23549852205808178,
    "WLHImagVolume_a2_p": 11.92242587957974,
    "WLHImagVolume_a3_p": 0.42847697313529,
    "WLHImagVolume_a4_p": 0.002730991299541673,
    "WLHImagVolume_W0_n": 2.9219186165813325,
    "WLHImagVolume_W1_n": 0.223424266178308,
    "WLHImagVolume_W2_n": 0.0003553534305096281,
    "WLHImagVolume_W3_n": 8.574294754834863,
    "WLHImagVolume_W4_n": -0.007811232393931878,
    "WLHImagVolume_r0_n": 0.6196016835959137,
    "WLHImagVolume_r1_n": 74.93189006943729,
    "WLHImagVolume_r2_n": 0.6979328206827285,
    "WLHImagVolume_r3_n": 88.13664883130522,
    "WLHImagVolume_r4_n": 1.0078865136714346,
    "WLHImagVolume_r5_n": 4.5455278403447e-06,
    "WLHImagVolume_a0_n": 0.2777889272804083,
    "WLHImagVolume_a1_n": 0.5601294071830869,
    "WLHImagVolume_a2_n": 6.669921817779568,
    "WLHImagVolume_a3_n": 0.07911446260168176,
    "WLHImagVolume_a4_n": 0.0008314360348228592,
    "WLHImagSurface_W0_p": 0.7279248713621831,
    "WLHImagSurface_W1_p": 0.02118511371959013,
    "WLHImagSurface_W2_p": 0.9353175841535105,
    "WLHImagSurface_W3_p": 0.06930996667348181,
    "WLHImagSurface_r0_p": 0.784219895820993,
    "WLHImagSurface_r1_p": -0.12021036325138917,
    "WLHImagSurface_r2_p": 0.0017949155402370719,
    "WLHImagSurface_a0_p": 0.6749035280222857,
    "WLHImagSurface_W0_n": 1.17301289927341,
    "WLHImagSurface_W1_n": 0.03264368038124242,
    "WLHImagSurface_W2_n": 1.6412084885462184,
    "WLHImagSurface_W3_n": 0.13436173074663482,
    "WLHImagSurface_r0_n": 1.2829205362722311,
    "WLHImagSurface_r1_n": 1.4588594255337843,
    "WLHImagSurface_r2_n": 0.002132542099582453,
    "WLHImagSurface_a0_n": 0.8729690577492976,
    "WLHRealSpinOrbit_V0_p": 9.356381785120945,
    "WLHRealSpinOrbit_V1_p": 0.008651050660041288,
    "WLHRealSpinOrbit_r0_p": 1.3342078642963784,
    "WLHRealSpinOrbit_r1_p": 0.9261276741073307,
    "WLHRealSpinOrbit_a0_p": 0.8389575140561235,
    "WLHRealSpinOrbit_a1_p": 0.00040082716991825316,
    "WLHRealSpinOrbit_V0_n": 9.563163443992826,
    "WLHRealSpinOrbit_V1_n": 0.008791616690411593,
    "WLHRealSpinOrbit_r0_n": 1.316309610765622,
    "WLHRealSpinOrbit_r1_n": 0.9191926201799597,
    "WLHRealSpinOrbit_a0_n": 0.8328946841573348,
    "WLHRealSpinOrbit_a1_n": 0.0003678223830691611
}