{
    "WLHReal_V0_p": 49.39618942086746,
    "WLHReal_V1_p": 0.28119862392662837,
    "WLHReal_V2_p": -0.0007189368130462715,
    "WLHReal_V3_p": 4.131887681560375e-06,
    "WLHReal_V4_p": 11.454204209627495,
    "WLHReal_V5_p": 0.12279983723482288,
    "WLHReal_V6_p": 0.0004914047227996965,
    "WLHReal_r0_p": 1.36154192688339,
    "WLHReal_r1_p": 0.2663222310778509,
    "WLHReal_r2_p": 0.0009514189006194693,
    "WLHReal_r3_p": 1.1305490317848325e-05,
    "WLHReal_a0_p": 0.7969932692774003,
    "WLHReal_a1_p": -5.7703787887304945e-05,
    "WLHReal_a2_p": 1.0415688349552814e-05,
    "WLHReal_a3_p": -0.027844236059675592,
    "WLHReal_a4_p": 0.508899905417668,
    "WLHReal_V0_n": 55.81397928241117,
    "WLHReal_V1_n": 0.3107015005438839,
    "WLHReal_V2_n": 0.0002652606098041345,
    "WLHReal_V3_n": 1.5189873672745679e-06,
    "WLHReal_V4_n": 21.0541892348639,
    "WLHReal_V5_n": 0.2598857298794896,
    "WLHReal_V6_n": 0.0006017184154839357,
    "WLHReal_r0_n": 1.2711657406296946,
    "WLHReal_r1_n": 0.37013774055456294,
    "WLHReal_r2_n": 0.0005189119265876243,
    "WLHReal_r3_n": 1.7799332292926277e-06,
    "WLHReal_a0_n": 0.7178700109265157,
    "WLHReal_a1_n": 0.0002920663616402312,
    "WLHReal_a2_n": 9.337669203588495e-07,
    "WLHReal_a3_n": 0.17449273003172186,
    "WLHReal_a4_n": 0.6385912400992579,
    "WLHImagVolume_W0_p": 4.983456074428999,
    "WLHImagVolume_W1_p": 0.18014998245766342,
    "WLHImagVolume_W2_p": 0.000257700628990558,
    "WLHImagVolume_W3_p": 8.404612300226747,
    "WLHImagVolume_W4_p": 0.0741516593803618,
    "WLHImagVolume_r0_p": 0.7353849025745502,
    "WLHImagVolume_r1_p": 45.22880682267013,
    "WLHImagVolume_r2_p": 0.6019473806119081,
    "WLHImagVolume_r3_p": 60.38668254438235,
    "WLHImagVolume_r4_p": 0.5954693431414299,
    "WLHImagVolume_r5_p": 1.0066317615326695e-06,
    "WLHImagVolume_a0_p": 0.588830038229285,
    "WLHImagVolume_a1_p": 0.27790325237787067,
    "WLHImagVolume_a2_p": 15.980630486240283,
    "WLHImagVolume_a3_p": 0.4217523195694155,
    "WLHImagVolume_a4_p": 0.0026520839833797435,
    "WLHImagVolume_W0_n": 2.5365840930751804,
    "WLHImagVolume_W1_n": 0.2816221382688146,
    "WLHImagVolume_W2_n": 0.0005622946300205394,
    "WLHImagVolume_W3_n": 8.504393519636487,
    "WLHImagVolume_W4_n": 0.06253288831663026,
    "WLHImagVolume_r0_n": 0.5084225042393823,
    "WLHImagVolume_r1_n": 76.18508239601782,
    "WLHImagVolume_r2_n": 0.7520618622728376,
    "WLHImagVolume_r3_n": 77.75776014123237,
    "WLHImagVolume_r4_n": 0.890991726350319,
    "WLHImagVolume_r5_n": 2.591759382609895e-06,
    "WLHImagVolume_a0_n": 0.20549981726903163,
    "WLHImagVolume_a1_n": 0.6207089102509205,
    "WLHImagVolume_a2_n": 7.818334840367397,
    "WLHImagVolume_a3_n": 0.0495861653155679,
    "WLHImagVolume_a4_n": 0.0007791575111214446,
    "WLHImagSurface_W0_p": 0.7282660422412182,
    "WLHImagSurface_W1_p": 0.024652720019211795,
    "WLHImagSurface_W2_p": 0.3599806323198338,
    "WLHImagSurface_W3_p": 0.07883185753975683,
    "WLHImagSurface_r0_p": 0.8596028625057852,
    "WLHImagSurface_r1_p": -0.03386397336413416,
    "WLHImagSurface_r2_p": 0.0002685232854965189,
    "WLHImagSurface_a0_p": 0.8106194107665688,
    "WLHImagSurface_W0_n": 1.9779072931039825,
    "WLHImagSurface_W1_n": 0.0388251868229664,
    "WLHImagSurface_W2_n": 3.1243959419397465,
    "WLHImagSurface_W3_n": 0.13621870031371777,
    "WLHImagSurface_r0_n": 1.281534879012022,
    "WLHImagSurface_r1_n": 1.443898007771048,
    "WLHImagSurface_r2_n": 0.004212315302141568,
    "WLHImagSurface_a0_n": 0.8232152446154146,
    "WLHRealSpinOrbit_V0_p": 9.001107930045277,
    "WLHRealSpinOrbit_V1_p": 0.008546185535544183,
    "WLHRealSpinOrbit_r0_p": 1.3459585491654549,
    "WLHRealSpinOrbit_r1_p": 0.9667380987022195,
    "WLHRealSpinOrbit_a0_p": 0.852330596393519,
    "WLHRealSpinOrbit_a1_p": 0.00036357885874700144,
    "WLHRealSpinOrbit_V0_n": 9.738631908908797,
    "WLHRealSpinOrbit_V1_n": 0.008227956997715209,
    "WLHRealSpinOrbit_r0_n": 1.23714145334977,
    "WLHRealSpinOrbit_r1_n": 0.8066114977020751,
    "WLHRealSpinOrbit_a0_n": 0.7706025975705693,
    "WLHRealSpinOrbit_a1_n": 0.0003526825353874885
}