{
    "WLHReal_V0_p": 51.523813782261186,
    "WLHReal_V1_p": 0.3032050713508497,
    "WLHReal_V2_p": -0.0005579990965229654,
    "WLHReal_V3_p": 4.225938437456111e-06,
    "WLHReal_V4_p": 11.078147315405934,
    "WLHReal_V5_p": 0.14086420044708717,
    "WLHReal_V6_p": 0.00047927607716566123,
    "WLHReal_r0_p": 1.3689652702687427,
    "WLHReal_r1_p": 0.347132341377671,
    "WLHReal_r2_p": 0.00086813279969462,
    "WLHReal_r3_p": 8.886442028087835e-06,
    "WLHReal_a0_p": 0.8028831521499453,
    "WLHReal_a1_p": 6.525986379626975e-05,
    "WLHReal_a2_p": 7.898665257009045e-06,
    "WLHReal_a3_p": 0.009354605020492266,
    "WLHReal_a4_p": 0.5398541706462635,
    "WLHReal_V0_n": 50.47546702786672,
    "WLHReal_V1_n": 0.2727575867815534,
    "WLHReal_V2_n": -0.0009615804005386281,
    "WLHReal_V3_n": 5.155831149878972e-06,
    "WLHReal_V4_n": 20.161030271322815,
    "WLHReal_V5_n": 0.3348695008590134,
    "WLHReal_V6_n": 0.0016661215627057982,
    "WLHReal_r0_n": 1.3648103616694967,
    "WLHReal_r1_n": 0.36420760939074304,
    "WLHReal_r2_n": 0.0012604446469758912,
    "WLHReal_r3_n": 1.4913769473772054e-05,
    "WLHReal_a0_n": 0.7740804918815426,
    "WLHReal_a1_n": 0.0013361388997447316,
    "WLHReal_a2_n": 1.8946598440526847e-05,
    "WLHReal_a3_n": 0.3121338574173285,
    "WLHReal_a4_n": 1.0135635019189924,
    "WLHImagVolume_W0_p": 5.214031954298623,
    "WLHImagVolume_W1_p": 0.2362903041230826,
    "WLHImagVolume_W2_p": 0.00048373022618893274,
    "WLHImagVolume_W3_p": 10.282417359602277,
    "WLHImagVolume_W4_p": 0.08703625281956115,
    "WLHImagVolume_r0_p": 0.5927272040696774,
    "WLHImagVolume_r1_p": 57.524447120582764,
    "WLHImagVolume_r2_p": 0.7370978816429067,
    "WLHImagVolume_r3_p": 66.91168728083893,
    "WLHImagVolume_r4_p": 0.49878880001196335,
    "WLHImagVolume_r5_p": 6.678276333925362e-07,
    "WLHImagVolume_a0_p": 0.5844705537356559,
    "WLHImagVolume_a1_p": 0.2938844006648483,
    "WLHImagVolume_a2_p": 16.936647895146372,
    "WLHImagVolume_a3_p": 0.42534615483370575,
    "WLHImagVolume_a4_p": 0.002656523635996486,
    "WLHImagVolume_W0_n": 3.5878973066965885,
    "WLHImagVolume_W1_n": 0.28817526459506787,
    "WLHImagVolume_W2_n": 0.0007262525814508776,
    "WLHImagVolume_W3_n": 9.546714056504529,
    "WLHImagVolume_W4_n": 0.013235062619788957,
    "WLHImagVolume_r0_n": 0.5546984663375489,
    "WLHImagVolume_r1_n": 91.76081225793386,
    "WLHImagVolume_r2_n": 0.7991341369721001,
    "WLHImagVolume_r3_n": 104.98796538266939,
    "WLHImagVolume_r4_n": 0.9128273662911622,
    "WLHImagVolume_r5_n": 4.750723427397458e-06,
    "WLHImagVolume_a0_n": 0.29852307507871223,
    "WLHImagVolume_a1_n": 0.5509866012443428,
    "WLHImagVolume_a2_n": 4.069756198591471,
    "WLHImagVolume_a3_n": 0.051824569058387004,
    "WLHImagVolume_a4_n": 0.0005437419573522646,
    "WLHImagSurface_W0_p": 0.9089488661845444,
    "WLHImagSurface_W1_p": 0.04681190794763009,
    "WLHImagSurface_W2_p": 0.9751161519037733,
    "WLHImagSurface_W3_p": 0.17231581809393465,
    "WLHImagSurface_r0_p": 0.9206018528800476,
    "WLHImagSurface_r1_p": 0.23684678126652828,
    "WLHImagSurface_r2_p": 0.0011684724823398385,
    "WLHImagSurface_a0_p": 0.8085275814343189,
    "WLHImagSurface_W0_n": 1.7338896131453165,
    "WLHImagSurface_W1_n": 0.061099812412025487,
    "WLHImagSurface_W2_n": 2.928822367297464,
    "WLHImagSurface_W3_n": 0.2201835534417807,
    "WLHImagSurface_r0_n": 1.3147114048819823,
    "WLHImagSurface_r1_n": 1.6857309113255519,
    "WLHImagSurface_r2_n": 0.0019516254205837098,
    "WLHImagSurface_a0_n": 0.8826354952595354,
    "WLHRealSpinOrbit_V0_p": 8.916973410391533,
    "WLHRealSpinOrbit_V1_p": 0.00834521438941246,
    "WLHRealSpinOrbit_r0_p": 1.3336419947718665,
    "WLHRealSpinOrbit_r1_p": 0.9487850053909256,
    "WLHRealSpinOrbit_a0_p": 0.8408075985875128,
    "WLHRealSpinOrbit_a1_p": 0.00035870238868881336,
    "WLHRealSpinOrbit_V0_n": 9.112656303963854,
    "WLHRealSpinOrbit_V1_n": 0.008693702714005613,
    "WLHRealSpinOrbit_r0_n": 1.3467372416556158,
    "WLHRealSpinOrbit_r1_n": 0.9737179126074442,
    "WLHRealSpinOrbit_a0_n": 0.8557639717418799,
    "WLHRealSpinOrbit_a1_n": 0.0003513554689195212
}