{
    "WLHReal_V0_p": 45.423594256074836,
    "WLHReal_V1_p": 0.2673729693989025,
    "WLHReal_V2_p": -0.0015467566351329784,
    "WLHReal_V3_p": 7.582788809472895e-06,
    "WLHReal_V4_p": 9.003329209508935,
    "WLHReal_V5_p": 0.13407301964997378,
    "WLHReal_V6_p": 0.0007717333874524198,
    "WLHReal_r0_p": 1.4627773125069383,
    "WLHReal_r1_p": 0.3299978613855068,
    "WLHReal_r2_p": 0.0010655104906992449,
    "WLHReal_r3_p": 1.4978771583376436e-05,
    "WLHReal_a0_p": 0.8331479422682424,
    "WLHReal_a1_p": -0.00014645259509361275,
    "WLHReal_a2_p": 1.5060462065927016e-05,
    "WLHReal_a3_p": -0.10603180864995514,
    "WLHReal_a4_p": 0.4536754290088487,
    "WLHReal_V0_n": 55.025080830614336,
    "WLHReal_V1_n": 0.2911788187476194,
    "WLHReal_V2_n": 0.00014296543220538866,
    "WLHReal_V3_n": 1.188989442800595e-06,
    "WLHReal_V4_n": 21.54682263132622,
    "WLHReal_V5_n": 0.2619392324433072,
    "WLHReal_V6_n": 0.000702486133664616,
    "WLHReal_r0_n": 1.267803804919689,
    "WLHReal_r1_n": 0.33854531722988906,
    "WLHReal_r2_n": 0.0006032924996170255,
    "WLHReal_r3_n": 3.692213009096488e-06,
    "WLHReal_a0_n": 0.7218741541950021,
    "WLHReal_a1_n": 0.0003874863591657236,
    "WLHReal_a2_n": 2.915796515262495e-06,
    "WLHReal_a3_n": 0.21410978813606774,
    "WLHReal_a4_n": 0.7064817698285384,
    "WLHImagVolume_W0_p": 6.4015329943132535,
    "WLHImagVolume_W1_p": 0.17888443992844028,
    "WLHImagVolume_W2_p": 0.0003398665803203879,
    "WLHImagVolume_W3_p": 5.629690354356898,
    "WLHImagVolume_W4_p": 0.08929977661668798,
    "WLHImagVolume_r0_p": 0.7480006208813542,
    "WLHImagVolume_r1_p": 48.567326044024455,
    "WLHImagVolume_r2_p": 0.6924974334579079,
    "WLHImagVolume_r3_p": 62.527745387931915,
    "WLHImagVolume_r4_p": 0.4618467002550891,
    "WLHImagVolume_r5_p": 1.8330935935271677e-07,
    "WLHImagVolume_a0_p": 0.6448375685919309,
    "WLHImagVolume_a1_p": 0.2861102309624607,
    "WLHImagVolume_a2_p": 17.693664618257134,
    "WLHImagVolume_a3_p": 0.45404535238227084,
    "WLHImagVolume_a4_p": 0.0033432925594196355,
    "WLHImagVolume_W0_n": 2.5540922731051534,
    "WLHImagVolume_W1_n": 0.2578471496218137,
    "WLHImagVolume_W2_n": 0.0004062108994671843,
    "WLHImagVolume_W3_n": 8.56078180516019,
    "WLHImagVolume_W4_n": 0.04523093645204734,
    "WLHImagVolume_r0_n": 0.5671812487377811,
    "WLHImagVolume_r1_n": 66.86297536819166,
    "WLHImagVolume_r2_n": 0.6899391627811395,
    "WLHImagVolume_r3_n": 73.00440230040007,
    "WLHImagVolume_r4_n": 0.9672010041524266,
    "WLHImagVolume_r5_n": 3.1442590877704303e-06,
    "WLHImagVolume_a0_n": 0.2183365541571497,
    "WLHImagVolume_a1_n": 0.6053687064588024,
    "WLHImagVolume_a2_n": 8.081031121526285,
    "WLHImagVolume_a3_n": 0.057642725812740166,
    "WLHImagVolume_a4_n": 0.0008659958318718602,
    "WLHImagSurface_W0_p": 0.5813573743769204,
    "WLHImagSurface_W1_p": 0.02741856584629961,
    "WLHImagSurface_W2_p": 0.3415930895426603,
    "WLHImagSurface_W3_p": 0.10153970203509591,
    "WLHImagSurface_r0_p": 0.7290093633121169,
    "WLHImagSurface_r1_p": -0.498797189563774,
    "WLHImagSurface_r2_p": -0.004776317421710431,
    "WLHImagSurface_a0_p": 0.8141663031421007,
    "WLHImagSurface_W0_n": 1.6632214619480816,
    "WLHImagSurface_W1_n": 0.02901519404619774,
    "WLHImagSurface_W2_n": 2.3713782034790087,
    "WLHImagSurface_W3_n": 0.10689245740833711,
    "WLHImagSurface_r0_n": 1.2647916927916472,
    "WLHImagSurface_r1_n": 1.3759239608670624,
    "WLHImagSurface_r2_n": 0.0038584806102529732,
    "WLHImagSurface_a0_n": 0.8290510117856886,
    "WLHRealSpinOrbit_V0_p": 8.05300934940964,
    "WLHRealSpinOrbit_V1_p": 0.008506079300083213,
    "WLHRealSpinOrbit_r0_p": 1.4437395866261884,
    "WLHRealSpinOrbit_r1_p": 1.1031732983148055,
    "WLHRealSpinOrbit_a0_p": 0.9191086795919221,
    "WLHRealSpinOrbit_a1_p": 0.00037858456808304025,
    "WLHRealSpinOrbit_V0_n": 9.934213352711115,
    "WLHRealSpinOrbit_V1_n": 0.008455544948493323,
    "WLHRealSpinOrbit_r0_n": 1.2406380422266354,
    "WLHRealSpinOrbit_r1_n": 0.812055857951387,
    "WLHRealSpinOrbit_a0_n": 0.7759975563395767,
    "WLHRealSpinOrbit_a1_n": 0.0003541736545692765
}