{
    "ECS_p": 0.33736,
    "ECS_n": 0.326579,
    "APower_p": 0.724973,
    "APower_n": 0.536942
}