{
    "CH89RealCentral": {
        "V_0": 54.8324,
        "V_t": 8.57209,
        "V_e": -0.353493,
        "r_o": 1.19511,
        "r_o_0": -0.15571,
        "a_0": 0.75546
    },
    "CH89Coulomb": {
        "r_c": 1.32157,
        "r_c_0": -0.161209
    },
    "CH89SpinOrbit": {
        "V_so": 6.19538,
        "r_so": 1.35833,
        "r_so_0": -1.18819,
        "a_so": 0.6187
    },
    "CH89ImagCentral": {
        "W_v0": 9.94096,
        "W_ve0": 48.0615,
        "W_vew": 26.1368,
        "W_s0": 13.4842,
        "W_st": 37.5442,
        "W_se0": 2.08771,
        "W_sew": 37.0414,
        "r_w": 1.3369,
        "r_w0": -0.293136,
        "a_w": 0.720495
    }
}