{
    "WLHReal_V0_p": 57.359015734785714,
    "WLHReal_V1_p": 0.3577389883283797,
    "WLHReal_V2_p": -0.0001440328541246082,
    "WLHReal_V3_p": 3.0525007390633697e-06,
    "WLHReal_V4_p": 10.741982194744738,
    "WLHReal_V5_p": 0.15110427299042,
    "WLHReal_V6_p": 0.0003877094388801079,
    "WLHReal_r0_p": 1.3226348490554773,
    "WLHReal_r1_p": 0.3593840097713402,
    "WLHReal_r2_p": 0.001061827051103136,
    "WLHReal_r3_p": 7.965817217951822e-06,
    "WLHReal_a0_p": 0.8088563856470439,
    "WLHReal_a1_p": 0.0002807058893687897,
    "WLHReal_a2_p": 5.295369364762594e-06,
    "WLHReal_a3_p": 0.1035030391181512,
    "WLHReal_a4_p": 0.7101687217605687,
    "WLHReal_V0_n": 44.896517872945225,
    "WLHReal_V1_n": 0.20061895603857322,
    "WLHReal_V2_n": -0.0010589944106338877,
    "WLHReal_V3_n": 4.479836133990337e-06,
    "WLHReal_V4_n": 21.77112997550113,
    "WLHReal_V5_n": 0.31073195836356565,
    "WLHReal_V6_n": 0.0016469659348425226,
    "WLHReal_r0_n": 1.3633573618001036,
    "WLHReal_r1_n": 0.26552377158669255,
    "WLHReal_r2_n": 0.001320315532533331,
    "WLHReal_r3_n": 1.7410089436782942e-05,
    "WLHReal_a0_n": 0.7673513724537236,
    "WLHReal_a1_n": 0.0015619331747165855,
    "WLHReal_a2_n": 2.150680548634827e-05,
    "WLHReal_a3_n": 0.4170150904597561,
    "WLHReal_a4_n": 1.1200177247500231,
    "WLHImagVolume_W0_p": 5.715735815525492,
    "WLHImagVolume_W1_p": 0.3595213427400416,
    "WLHImagVolume_W2_p": 0.0008443683369059043,
    "WLHImagVolume_W3_p": 16.081418654604345,
    "WLHImagVolume_W4_p": 0.10922659285941366,
    "WLHImagVolume_r0_p": 0.4725652669278241,
    "WLHImagVolume_r1_p": 69.33588676531653,
    "WLHImagVolume_r2_p": 0.8025788303474685,
    "WLHImagVolume_r3_p": 77.53114096005011,
    "WLHImagVolume_r4_p": 0.5396740005059928,
    "WLHImagVolume_r5_p": 1.4335456407113917e-06,
    "WLHImagVolume_a0_p": 0.5819070408827267,
    "WLHImagVolume_a1_p": 0.29050052067050586,
    "WLHImagVolume_a2_p": 15.987568608194673,
    "WLHImagVolume_a3_p": 0.44936597417803853,
    "WLHImagVolume_a4_p": 0.002854316109932594,
    "WLHImagVolume_W0_n": 2.2103161556252706,
    "WLHImagVolume_W1_n": 0.11924677974552891,
    "WLHImagVolume_W2_n": 0.00011575121125812854,
    "WLHImagVolume_W3_n": 6.575560084757626,
    "WLHImagVolume_W4_n": -0.07171209679098282,
    "WLHImagVolume_r0_n": 0.6161869940009309,
    "WLHImagVolume_r1_n": 91.79152098053312,
    "WLHImagVolume_r2_n": 0.7312361247313387,
    "WLHImagVolume_r3_n": 98.06962602961347,
    "WLHImagVolume_r4_n": 0.9480860339430186,
    "WLHImagVolume_r5_n": 6.132750753439293e-06,
    "WLHImagVolume_a0_n": 0.27525772627749495,
    "WLHImagVolume_a1_n": 0.5601246032664483,
    "WLHImagVolume_a2_n": 8.388780905041223,
    "WLHImagVolume_a3_n": 0.12508108577726346,
    "WLHImagVolume_a4_n": 0.0007855949683629066,
    "WLHImagSurface_W0_p": 0.8632372670788793,
    "WLHImagSurface_W1_p": 0.04004260074827865,
    "WLHImagSurface_W2_p": 0.4599339142950197,
    "WLHImagSurface_W3_p": 0.1496991678478309,
    "WLHImagSurface_r0_p": 0.9880989919597722,
    "WLHImagSurface_r1_p": 0.7004673076996442,
    "WLHImagSurface_r2_p": 0.002835265108576965,
    "WLHImagSurface_a0_p": 0.8044782249041986,
    "WLHImagSurface_W0_n": 0.5021589393633612,
    "WLHImagSurface_W1_n": 0.01990229049442269,
    "WLHImagSurface_W2_n": 0.6054262131177255,
    "WLHImagSurface_W3_n": 0.11444854623849625,
    "WLHImagSurface_r0_n": 1.3136042546521844,
    "WLHImagSurface_r1_n": 1.3972107875629887,
    "WLHImagSurface_r2_n": 0.0010928457188576009,
    "WLHImagSurface_a0_n": 0.9013951709500151,
    "WLHRealSpinOrbit_V0_p": 9.506278213144359,
    "WLHRealSpinOrbit_V1_p": 0.008526337185089931,
    "WLHRealSpinOrbit_r0_p": 1.2735392094371705,
    "WLHRealSpinOrbit_r1_p": 0.8919802298800781,
    "WLHRealSpinOrbit_a0_p": 0.8084058356782299,
    "WLHRealSpinOrbit_a1_p": 0.0003028680244940396,
    "WLHRealSpinOrbit_V0_n": 9.175324776880942,
    "WLHRealSpinOrbit_V1_n": 0.008709664671669287,
    "WLHRealSpinOrbit_r0_n": 1.3589798631349754,
    "WLHRealSpinOrbit_r1_n": 0.9621684244704417,
    "WLHRealSpinOrbit_a0_n": 0.857538981687154,
    "WLHRealSpinOrbit_a1_n": 0.00040567283997591195
}