{
    "WLHReal_V0_p": 57.00238419898065,
    "WLHReal_V1_p": 0.3445868353860713,
    "WLHReal_V2_p": -0.0002464755907458265,
    "WLHReal_V3_p": 2.5677336176365807e-06,
    "WLHReal_V4_p": 11.051514489392636,
    "WLHReal_V5_p": 0.15079426665545945,
    "WLHReal_V6_p": 0.00042595430399452257,
    "WLHReal_r0_p": 1.3218303367813795,
    "WLHReal_r1_p": 0.34496948855875137,
    "WLHReal_r2_p": 0.001077684880586036,
    "WLHReal_r3_p": 8.955673288623518e-06,
    "WLHReal_a0_p": 0.8090260969052802,
    "WLHReal_a1_p": 0.0002826948123643182,
    "WLHReal_a2_p": 6.342485468711859e-06,
    "WLHReal_a3_p": 0.08771649441490846,
    "WLHReal_a4_p": 0.6926520439814439,
    "WLHReal_V0_n": 50.805005615836,
    "WLHReal_V1_n": 0.26900688199509987,
    "WLHReal_V2_n": -0.0005829517976124526,
    "WLHReal_V3_n": 3.9090543705963136e-06,
    "WLHReal_V4_n": 20.996625810634804,
    "WLHReal_V5_n": 0.30144865732342224,
    "WLHReal_V6_n": 0.0013394847633525094,
    "WLHReal_r0_n": 1.3219028049869044,
    "WLHReal_r1_n": 0.30285915182183204,
    "WLHReal_r2_n": 0.0010908478225377335,
    "WLHReal_r3_n": 1.1892112404765353e-05,
    "WLHReal_a0_n": 0.7547709842098588,
    "WLHReal_a1_n": 0.0011175246811425219,
    "WLHReal_a2_n": 1.5736851238420067e-05,
    "WLHReal_a3_n": 0.3228608996158837,
    "WLHReal_a4_n": 0.9793018188371679,
    "WLHImagVolume_W0_p": 5.813931375508952,
    "WLHImagVolume_W1_p": 0.3504193382503237,
    "WLHImagVolume_W2_p": 0.0007411883296122585,
    "WLHImagVolume_W3_p": 15.470481509873592,
    "WLHImagVolume_W4_p": 0.10959680558277703,
    "WLHImagVolume_r0_p": 0.5535726375894485,
    "WLHImagVolume_r1_p": 58.3776886242757,
    "WLHImagVolume_r2_p": 0.7209057328717453,
    "WLHImagVolume_r3_p": 68.97266883334622,
    "WLHImagVolume_r4_p": 0.6099461021002976,
    "WLHImagVolume_r5_p": 1.2473060269351989e-06,
    "WLHImagVolume_a0_p": 0.597941131758657,
    "WLHImagVolume_a1_p": 0.26889253327002155,
    "WLHImagVolume_a2_p": 14.181338385023132,
    "WLHImagVolume_a3_p": 0.4669347338552876,
    "WLHImagVolume_a4_p": 0.0031276891150304412,
    "WLHImagVolume_W0_n": 3.001238340734387,
    "WLHImagVolume_W1_n": 0.23396475023654034,
    "WLHImagVolume_W2_n": 0.000474414126421579,
    "WLHImagVolume_W3_n": 8.670890503748737,
    "WLHImagVolume_W4_n": 0.00437627397835336,
    "WLHImagVolume_r0_n": 0.5778278972585384,
    "WLHImagVolume_r1_n": 84.3124170661793,
    "WLHImagVolume_r2_n": 0.7350732195021675,
    "WLHImagVolume_r3_n": 93.0415397229525,
    "WLHImagVolume_r4_n": 0.9225905796022366,
    "WLHImagVolume_r5_n": 4.4932373413269575e-06,
    "WLHImagVolume_a0_n": 0.2599126804818832,
    "WLHImagVolume_a1_n": 0.5688983076295794,
    "WLHImagVolume_a2_n": 6.2501328573129475,
    "WLHImagVolume_a3_n": 0.06050048608858077,
    "WLHImagVolume_a4_n": 0.0005405129707255413,
    "WLHImagSurface_W0_p": 0.7343211554414286,
    "WLHImagSurface_W1_p": 0.027875932108496405,
    "WLHImagSurface_W2_p": 0.23657184582079482,
    "WLHImagSurface_W3_p": 0.10516092025486222,
    "WLHImagSurface_r0_p": 0.9241907420436596,
    "WLHImagSurface_r1_p": 0.5956735539094505,
    "WLHImagSurface_r2_p": 0.0023120915565825553,
    "WLHImagSurface_a0_p": 0.7540469764167721,
    "WLHImagSurface_W0_n": 1.4711239878753992,
    "WLHImagSurface_W1_n": 0.041575938706543664,
    "WLHImagSurface_W2_n": 2.112349368485167,
    "WLHImagSurface_W3_n": 0.1542694108733372,
    "WLHImagSurface_r0_n": 1.2975668573127401,
    "WLHImagSurface_r1_n": 1.513967736213046,
    "WLHImagSurface_r2_n": 0.0024539524959518375,
    "WLHImagSurface_a0_n": 0.8673961690717269,
    "WLHRealSpinOrbit_V0_p": 9.634336498342025,
    "WLHRealSpinOrbit_V1_p": 0.008701879911255992,
    "WLHRealSpinOrbit_r0_p": 1.2786439592406236,
    "WLHRealSpinOrbit_r1_p": 0.8996746110904431,
    "WLHRealSpinOrbit_a0_p": 0.8141644513842623,
    "WLHRealSpinOrbit_a1_p": 0.0003032495253321564,
    "WLHRealSpinOrbit_V0_n": 9.457340684258723,
    "WLHRealSpinOrbit_V1_n": 0.008653975981062264,
    "WLHRealSpinOrbit_r0_n": 1.3085149177183433,
    "WLHRealSpinOrbit_r1_n": 0.9147927510060606,
    "WLHRealSpinOrbit_a0_n": 0.8277455721776756,
    "WLHRealSpinOrbit_a1_n": 0.00035593459906240404
}