{
    "CH89RealCentral": {
        "V_0": 55.1769,
        "V_t": 11.8243,
        "V_e": -0.342592,
        "r_o": 1.24776,
        "r_o_0": -0.323417,
        "a_0": 0.711144
    },
    "CH89Coulomb": {
        "r_c": 1.21753,
        "r_c_0": 0.210559
    },
    "CH89SpinOrbit": {
        "V_so": 6.12254,
        "r_so": 1.32673,
        "r_so_0": -1.20469,
        "a_so": 0.592322
    },
    "CH89ImagCentral": {
        "W_v0": 11.9853,
        "W_ve0": 11.3205,
        "W_vew": 26.1926,
        "W_s0": 9.28884,
        "W_st": 39.2399,
        "W_se0": -6.21039,
        "W_sew": 41.8767,
        "r_w": 1.36761,
        "r_w0": -0.521225,
        "a_w": 0.607531
    }
}