{
    "ECS_p": 0.47329,
    "ECS_n": 0.471493,
    "APower_p": 0.728038,
    "APower_n": 0.383875
}