{
    "WLHReal_V0_p": 55.58893511969134,
    "WLHReal_V1_p": 0.33350441125619007,
    "WLHReal_V2_p": -0.00021384268316632473,
    "WLHReal_V3_p": 2.821404537199348e-06,
    "WLHReal_V4_p": 11.44565751649143,
    "WLHReal_V5_p": 0.14049582800609997,
    "WLHReal_V6_p": 0.0003855547719828374,
    "WLHReal_r0_p": 1.3164793715261298,
    "WLHReal_r1_p": 0.31441629663872067,
    "WLHReal_r2_p": 0.0010252336286986708,
    "WLHReal_r3_p": 8.626910634703764e-06,
    "WLHReal_a0_p": 0.799702634324177,
    "WLHReal_a1_p": 0.000196428294971087,
    "WLHReal_a2_p": 5.947565802891817e-06,
    "WLHReal_a3_p": 0.07278071874190659,
    "WLHReal_a4_p": 0.6569204763772978,
    "WLHReal_V0_n": 46.071183445824175,
    "WLHReal_V1_n": 0.2156655887171284,
    "WLHReal_V2_n": -0.0017223916349025543,
    "WLHReal_V3_n": 7.415542452264428e-06,
    "WLHReal_V4_n": 20.31325474317528,
    "WLHReal_V5_n": 0.37516928477943895,
    "WLHReal_V6_n": 0.0022500800665752356,
    "WLHReal_r0_n": 1.4285356761549715,
    "WLHReal_r1_n": 0.38051070115042845,
    "WLHReal_r2_n": 0.001620762789908598,
    "WLHReal_r3_n": 2.231959572547332e-05,
    "WLHReal_a0_n": 0.8036025419159993,
    "WLHReal_a1_n": 0.0018677265712086562,
    "WLHReal_a2_n": 2.7994931147542043e-05,
    "WLHReal_a3_n": 0.3875436145453214,
    "WLHReal_a4_n": 1.1771488153317904,
    "WLHImagVolume_W0_p": 5.316331227105456,
    "WLHImagVolume_W1_p": 0.30495958989854627,
    "WLHImagVolume_W2_p": 0.0006243034026965831,
    "WLHImagVolume_W3_p": 14.130007619297452,
    "WLHImagVolume_W4_p": 0.09675937247008888,
    "WLHImagVolume_r0_p": 0.5777158854467701,
    "WLHImagVolume_r1_p": 57.837047444561996,
    "WLHImagVolume_r2_p": 0.6982103909584589,
    "WLHImagVolume_r3_p": 69.2709444152335,
    "WLHImagVolume_r4_p": 0.6056224788799421,
    "WLHImagVolume_r5_p": 1.302368061574112e-06,
    "WLHImagVolume_a0_p": 0.580737304405241,
    "WLHImagVolume_a1_p": 0.2774650114666212,
    "WLHImagVolume_a2_p": 15.041864555980355,
    "WLHImagVolume_a3_p": 0.4426641084085355,
    "WLHImagVolume_a4_p": 0.002785099408263895,
    "WLHImagVolume_W0_n": 3.701263771646578,
    "WLHImagVolume_W1_n": 0.25391481873876826,
    "WLHImagVolume_W2_n": 0.0006054866925837004,
    "WLHImagVolume_W3_n": 9.24038509063057,
    "WLHImagVolume_W4_n": -0.03816883713049307,
    "WLHImagVolume_r0_n": 0.614123211189494,
    "WLHImagVolume_r1_n": 92.64763026080202,
    "WLHImagVolume_r2_n": 0.7965763171210496,
    "WLHImagVolume_r3_n": 113.86476658958146,
    "WLHImagVolume_r4_n": 1.0049819028555362,
    "WLHImagVolume_r5_n": 7.004213847016356e-06,
    "WLHImagVolume_a0_n": 0.3596756800498922,
    "WLHImagVolume_a1_n": 0.5139011545228247,
    "WLHImagVolume_a2_n": 3.5090564075596165,
    "WLHImagVolume_a3_n": 0.09137828072441592,
    "WLHImagVolume_a4_n": 0.0008398512345888543,
    "WLHImagSurface_W0_p": 0.7946293269933703,
    "WLHImagSurface_W1_p": 0.029929597095935654,
    "WLHImagSurface_W2_p": 0.3207451055291708,
    "WLHImagSurface_W3_p": 0.10602657466342832,
    "WLHImagSurface_r0_p": 0.9484384850126265,
    "WLHImagSurface_r1_p": 0.5234218888526118,
    "WLHImagSurface_r2_p": 0.002701199385591646,
    "WLHImagSurface_a0_p": 0.7885346276850159,
    "WLHImagSurface_W0_n": 1.1034093062281003,
    "WLHImagSurface_W1_n": 0.05710869657584054,
    "WLHImagSurface_W2_n": 2.1207162101814614,
    "WLHImagSurface_W3_n": 0.23131133682592078,
    "WLHImagSurface_r0_n": 1.3219968464789957,
    "WLHImagSurface_r1_n": 1.7134680590895992,
    "WLHImagSurface_r2_n": 0.0003345958155557601,
    "WLHImagSurface_a0_n": 0.9224428508790264,
    "WLHRealSpinOrbit_V0_p": 9.56814547213098,
    "WLHRealSpinOrbit_V1_p": 0.008610380169609069,
    "WLHRealSpinOrbit_r0_p": 1.2801780151952058,
    "WLHRealSpinOrbit_r1_p": 0.8944396127868617,
    "WLHRealSpinOrbit_a0_p": 0.8124283208100996,
    "WLHRealSpinOrbit_a1_p": 0.0003174603999918104,
    "WLHRealSpinOrbit_V0_n": 8.817822078549225,
    "WLHRealSpinOrbit_V1_n": 0.008989502767883371,
    "WLHRealSpinOrbit_r0_n": 1.4163804323407778,
    "WLHRealSpinOrbit_r1_n": 1.0620225242605454,
    "WLHRealSpinOrbit_a0_n": 0.9049711083559455,
    "WLHRealSpinOrbit_a1_n": 0.00037865040023099143
}