{
    "WLHReal_V0_p": 53.86854649498001,
    "WLHReal_V1_p": 0.32182981801255905,
    "WLHReal_V2_p": -0.0006255689877054895,
    "WLHReal_V3_p": 4.231763122937032e-06,
    "WLHReal_V4_p": 10.498752721701297,
    "WLHReal_V5_p": 0.14824112711154794,
    "WLHReal_V6_p": 0.0005339399718117576,
    "WLHReal_r0_p": 1.3628944627971906,
    "WLHReal_r1_p": 0.3471681619015432,
    "WLHReal_r2_p": 0.001067933084950163,
    "WLHReal_r3_p": 1.0710908594171665e-05,
    "WLHReal_a0_p": 0.8167446680719095,
    "WLHReal_a1_p": 0.00017583595376278354,
    "WLHReal_a2_p": 8.913058629924603e-06,
    "WLHReal_a3_p": 0.03285366409322777,
    "WLHReal_a4_p": 0.6236708960814069,
    "WLHReal_V0_n": 51.43093563336333,
    "WLHReal_V1_n": 0.30348475188659124,
    "WLHReal_V2_n": -0.0003989977595859009,
    "WLHReal_V3_n": 4.03782347122801e-06,
    "WLHReal_V4_n": 20.058626608351254,
    "WLHReal_V5_n": 0.2971806615332949,
    "WLHReal_V6_n": 0.0011953467891882355,
    "WLHReal_r0_n": 1.3302256332995408,
    "WLHReal_r1_n": 0.3407980486269216,
    "WLHReal_r2_n": 0.000990956469065746,
    "WLHReal_r3_n": 9.850342231920568e-06,
    "WLHReal_a0_n": 0.7490600395254388,
    "WLHReal_a1_n": 0.001045260977881475,
    "WLHReal_a2_n": 1.2540522179419816e-05,
    "WLHReal_a3_n": 0.2715975791402761,
    "WLHReal_a4_n": 0.898381421261822,
    "WLHImagVolume_W0_p": 6.038701123134484,
    "WLHImagVolume_W1_p": 0.3061682319507034,
    "WLHImagVolume_W2_p": 0.0006281231741129766,
    "WLHImagVolume_W3_p": 12.734802504605309,
    "WLHImagVolume_W4_p": 0.10555486819837917,
    "WLHImagVolume_r0_p": 0.6125487265985091,
    "WLHImagVolume_r1_p": 54.22503289019657,
    "WLHImagVolume_r2_p": 0.7082969614764794,
    "WLHImagVolume_r3_p": 65.68681550981745,
    "WLHImagVolume_r4_p": 0.5739835455182443,
    "WLHImagVolume_r5_p": 1.1079096371481477e-06,
    "WLHImagVolume_a0_p": 0.6151046841400134,
    "WLHImagVolume_a1_p": 0.27009033082562595,
    "WLHImagVolume_a2_p": 14.826133022644905,
    "WLHImagVolume_a3_p": 0.4684270008507068,
    "WLHImagVolume_a4_p": 0.00326305950151512,
    "WLHImagVolume_W0_n": 2.897504397949346,
    "WLHImagVolume_W1_n": 0.26072126334610585,
    "WLHImagVolume_W2_n": 0.0007466370815843805,
    "WLHImagVolume_W3_n": 8.29627692840149,
    "WLHImagVolume_W4_n": 0.02724834973136827,
    "WLHImagVolume_r0_n": 0.4622992443057035,
    "WLHImagVolume_r1_n": 106.73089003612765,
    "WLHImagVolume_r2_n": 0.860035526365923,
    "WLHImagVolume_r3_n": 104.92359894307562,
    "WLHImagVolume_r4_n": 0.7499717838222617,
    "WLHImagVolume_r5_n": 3.1070020299746212e-06,
    "WLHImagVolume_a0_n": 0.23141655807553319,
    "WLHImagVolume_a1_n": 0.5974706439910032,
    "WLHImagVolume_a2_n": 5.885827997833601,
    "WLHImagVolume_a3_n": 0.0468438722229335,
    "WLHImagVolume_a4_n": 0.0002625562255215481,
    "WLHImagSurface_W0_p": 0.6790600108781557,
    "WLHImagSurface_W1_p": 0.02731572930859883,
    "WLHImagSurface_W2_p": 0.28488130207127904,
    "WLHImagSurface_W3_p": 0.10413535013726499,
    "WLHImagSurface_r0_p": 0.8590633431567284,
    "WLHImagSurface_r1_p": 0.2892314680707856,
    "WLHImagSurface_r2_p": 0.00025771490382684066,
    "WLHImagSurface_a0_p": 0.7575279451723633,
    "WLHImagSurface_W0_n": 2.0071910982656873,
    "WLHImagSurface_W1_n": 0.05976428622640431,
    "WLHImagSurface_W2_n": 3.390100888062881,
    "WLHImagSurface_W3_n": 0.20892543810765313,
    "WLHImagSurface_r0_n": 1.3370107717331503,
    "WLHImagSurface_r1_n": 1.6423312757459798,
    "WLHImagSurface_r2_n": 0.0029838617386788945,
    "WLHImagSurface_a0_n": 0.8605917976312365,
    "WLHRealSpinOrbit_V0_p": 9.20542334615699,
    "WLHRealSpinOrbit_V1_p": 0.008667114260372888,
    "WLHRealSpinOrbit_r0_p": 1.325666490263755,
    "WLHRealSpinOrbit_r1_p": 0.9576788014166021,
    "WLHRealSpinOrbit_a0_p": 0.8442622508379338,
    "WLHRealSpinOrbit_a1_p": 0.0003245450648736054,
    "WLHRealSpinOrbit_V0_n": 9.017302402224923,
    "WLHRealSpinOrbit_V1_n": 0.008208008324333972,
    "WLHRealSpinOrbit_r0_n": 1.3074769214037114,
    "WLHRealSpinOrbit_r1_n": 0.9125428135600517,
    "WLHRealSpinOrbit_a0_n": 0.8214637450122684,
    "WLHRealSpinOrbit_a1_n": 0.00035550966276031863
}