{
    "WLHReal_V0_p": 56.253212301006336,
    "WLHReal_V1_p": 0.3062379187311261,
    "WLHReal_V2_p": 2.9768803699526964e-05,
    "WLHReal_V3_p": 1.3406428092694307e-06,
    "WLHReal_V4_p": 13.557327520238003,
    "WLHReal_V5_p": 0.13853766742984003,
    "WLHReal_V6_p": 0.00031437977406848996,
    "WLHReal_r0_p": 1.2728297285926207,
    "WLHReal_r1_p": 0.28424701662172264,
    "WLHReal_r2_p": 0.0008620257698893259,
    "WLHReal_r3_p": 6.612105732462656e-06,
    "WLHReal_a0_p": 0.777887489448122,
    "WLHReal_a1_p": 0.00023837973929347587,
    "WLHReal_a2_p": 4.261738151976172e-06,
    "WLHReal_a3_p": 0.07381134018827755,
    "WLHReal_a4_p": 0.6062430222330523,
    "WLHReal_V0_n": 54.289980056000736,
    "WLHReal_V1_n": 0.28943315544680787,
    "WLHReal_V2_n": -5.450102931304471e-05,
    "WLHReal_V3_n": 1.7512315039044485e-06,
    "WLHReal_V4_n": 21.925199965274835,
    "WLHReal_V5_n": 0.2655336996566672,
    "WLHReal_V6_n": 0.0009627490073669182,
    "WLHReal_r0_n": 1.243163852395162,
    "WLHReal_r1_n": 0.21493131718009878,
    "WLHReal_r2_n": 0.0009063049321283236,
    "WLHReal_r3_n": 9.589320939737325e-06,
    "WLHReal_a0_n": 0.7335988851323121,
    "WLHReal_a1_n": 0.0007520021134148095,
    "WLHReal_a2_n": 9.651082587596863e-06,
    "WLHReal_a3_n": 0.33025271968613246,
    "WLHReal_a4_n": 0.9629509998796187,
    "WLHImagVolume_W0_p": 4.539120033097818,
    "WLHImagVolume_W1_p": 0.2693574308444659,
    "WLHImagVolume_W2_p": 0.000346393578439222,
    "WLHImagVolume_W3_p": 13.396337002369783,
    "WLHImagVolume_W4_p": 0.08613134413128912,
    "WLHImagVolume_r0_p": 0.702461037604261,
    "WLHImagVolume_r1_p": 35.672553912111155,
    "WLHImagVolume_r2_p": 0.5239899765349929,
    "WLHImagVolume_r3_p": 50.017482323430926,
    "WLHImagVolume_r4_p": 0.7632165380403968,
    "WLHImagVolume_r5_p": 2.1886984142713905e-06,
    "WLHImagVolume_a0_p": 0.576040432663334,
    "WLHImagVolume_a1_p": 0.23876472560548417,
    "WLHImagVolume_a2_p": 11.208766417570878,
    "WLHImagVolume_a3_p": 0.4499869872229067,
    "WLHImagVolume_a4_p": 0.0028194318113426335,
    "WLHImagVolume_W0_n": 3.0942431630406695,
    "WLHImagVolume_W1_n": 0.23059726410268205,
    "WLHImagVolume_W2_n": 0.0002733166036102634,
    "WLHImagVolume_W3_n": 9.52989873293421,
    "WLHImagVolume_W4_n": 0.02622681575325539,
    "WLHImagVolume_r0_n": 0.6593893112563495,
    "WLHImagVolume_r1_n": 58.68729542233116,
    "WLHImagVolume_r2_n": 0.5828690870428591,
    "WLHImagVolume_r3_n": 71.55245131488779,
    "WLHImagVolume_r4_n": 1.0181055714455907,
    "WLHImagVolume_r5_n": 3.757970515682127e-06,
    "WLHImagVolume_a0_n": 0.229424179137272,
    "WLHImagVolume_a1_n": 0.5682766490846937,
    "WLHImagVolume_a2_n": 7.021024411390158,
    "WLHImagVolume_a3_n": 0.02914205536160261,
    "WLHImagVolume_a4_n": 0.00041856882723522804,
    "WLHImagSurface_W0_p": 0.7453310226643707,
    "WLHImagSurface_W1_p": 0.018461005802272945,
    "WLHImagSurface_W2_p": 0.42329691706227074,
    "WLHImagSurface_W3_p": 0.061952023259333376,
    "WLHImagSurface_r0_p": 0.9093953698268453,
    "WLHImagSurface_r1_p": 0.5727923542354294,
    "WLHImagSurface_r2_p": 0.0046907280392637155,
    "WLHImagSurface_a0_p": 0.6850320536027019,
    "WLHImagSurface_W0_n": 1.4911471437780786,
    "WLHImagSurface_W1_n": 0.02527874787493962,
    "WLHImagSurface_W2_n": 1.3141054345138132,
    "WLHImagSurface_W3_n": 0.07806437206834983,
    "WLHImagSurface_r0_n": 1.2454605784024895,
    "WLHImagSurface_r1_n": 1.3404657878096764,
    "WLHImagSurface_r2_n": 0.003412591645392644,
    "WLHImagSurface_a0_n": 0.8365171121756966,
    "WLHRealSpinOrbit_V0_p": 10.150414793228801,
    "WLHRealSpinOrbit_V1_p": 0.008807863683573516,
    "WLHRealSpinOrbit_r0_p": 1.24528027738735,
    "WLHRealSpinOrbit_r1_p": 0.8357580005791658,
    "WLHRealSpinOrbit_a0_p": 0.7880487954918706,
    "WLHRealSpinOrbit_a1_p": 0.00032804142506992495,
    "WLHRealSpinOrbit_V0_n": 10.289591463320843,
    "WLHRealSpinOrbit_V1_n": 0.008924903240041387,
    "WLHRealSpinOrbit_r0_n": 1.2394639399287608,
    "WLHRealSpinOrbit_r1_n": 0.8331762523611983,
    "WLHRealSpinOrbit_a0_n": 0.7874773420060158,
    "WLHRealSpinOrbit_a1_n": 0.0003223472085511071
}