{
    "CH89RealCentral": {
        "V_0": 55.4289,
        "V_t": 19.7077,
        "V_e": -0.323507,
        "r_o": 1.13986,
        "r_o_0": 0.0759595,
        "a_0": 0.735242
    },
    "CH89Coulomb": {
        "r_c": 1.30559,
        "r_c_0": 0.125134
    },
    "CH89SpinOrbit": {
        "V_so": 5.45519,
        "r_so": 1.33009,
        "r_so_0": -1.09412,
        "a_so": 0.583329
    },
    "CH89ImagCentral": {
        "W_v0": 15.203,
        "W_ve0": 86.0424,
        "W_vew": 35.3728,
        "W_s0": 14.6971,
        "W_st": 24.4944,
        "W_se0": 14.8342,
        "W_sew": 63.9684,
        "r_w": 1.2536,
        "r_w0": -0.240214,
        "a_w": 0.655657
    }
}