{
    "WLHReal_V0_p": 54.07175832931002,
    "WLHReal_V1_p": 0.3350987160068658,
    "WLHReal_V2_p": -0.0004215011218039631,
    "WLHReal_V3_p": 3.744861734373993e-06,
    "WLHReal_V4_p": 10.501831950447748,
    "WLHReal_V5_p": 0.139288115961625,
    "WLHReal_V6_p": 0.0004405352490806037,
    "WLHReal_r0_p": 1.3468969715018615,
    "WLHReal_r1_p": 0.3254124624907293,
    "WLHReal_r2_p": 0.001067735013733123,
    "WLHReal_r3_p": 9.785287198143589e-06,
    "WLHReal_a0_p": 0.8091296297010037,
    "WLHReal_a1_p": 0.00013274504117075382,
    "WLHReal_a2_p": 8.290878914885144e-06,
    "WLHReal_a3_p": 0.05245563811312456,
    "WLHReal_a4_p": 0.6466111096754757,
    "WLHReal_V0_n": 50.76548682330634,
    "WLHReal_V1_n": 0.26340030285434307,
    "WLHReal_V2_n": -0.0011044443716377937,
    "WLHReal_V3_n": 4.9795251116059145e-06,
    "WLHReal_V4_n": 20.57524796178939,
    "WLHReal_V5_n": 0.34166103839974904,
    "WLHReal_V6_n": 0.001824617627576915,
    "WLHReal_r0_n": 1.35253667216243,
    "WLHReal_r1_n": 0.3209348951817999,
    "WLHReal_r2_n": 0.001394218767375284,
    "WLHReal_r3_n": 1.7839423304911587e-05,
    "WLHReal_a0_n": 0.7815581738415789,
    "WLHReal_a1_n": 0.0014458954733448715,
    "WLHReal_a2_n": 2.1975572203520506e-05,
    "WLHReal_a3_n": 0.35932881700488395,
    "WLHReal_a4_n": 1.1176646712641236,
    "WLHImagVolume_W0_p": 5.599692570038407,
    "WLHImagVolume_W1_p": 0.29697401579941696,
    "WLHImagVolume_W2_p": 0.0006812077161340393,
    "WLHImagVolume_W3_p": 13.289399145640523,
    "WLHImagVolume_W4_p": 0.09747260027983559,
    "WLHImagVolume_r0_p": 0.546101722224642,
    "WLHImagVolume_r1_p": 65.6199597766375,
    "WLHImagVolume_r2_p": 0.764843144432928,
    "WLHImagVolume_r3_p": 76.03833485820977,
    "WLHImagVolume_r4_p": 0.5250817843741619,
    "WLHImagVolume_r5_p": 1.098470302841526e-06,
    "WLHImagVolume_a0_p": 0.5844500703529781,
    "WLHImagVolume_a1_p": 0.2957255595056504,
    "WLHImagVolume_a2_p": 16.994852239238597,
    "WLHImagVolume_a3_p": 0.43526310844967486,
    "WLHImagVolume_a4_p": 0.0027432894798447007,
    "WLHImagVolume_W0_n": 4.008832657347595,
    "WLHImagVolume_W1_n": 0.29016492826197404,
    "WLHImagVolume_W2_n": 0.0006212050547336341,
    "WLHImagVolume_W3_n": 10.490199231529031,
    "WLHImagVolume_W4_n": 0.007500202703076605,
    "WLHImagVolume_r0_n": 0.6389607719746634,
    "WLHImagVolume_r1_n": 76.33783654135725,
    "WLHImagVolume_r2_n": 0.7055743337465269,
    "WLHImagVolume_r3_n": 98.61183298010528,
    "WLHImagVolume_r4_n": 1.0220032937584043,
    "WLHImagVolume_r5_n": 6.0244712759657994e-06,
    "WLHImagVolume_a0_n": 0.32128120707726715,
    "WLHImagVolume_a1_n": 0.5225687251007723,
    "WLHImagVolume_a2_n": 3.3362326595759195,
    "WLHImagVolume_a3_n": 0.040291693317137216,
    "WLHImagVolume_a4_n": 0.0005380708322546477,
    "WLHImagSurface_W0_p": 0.8195578848516079,
    "WLHImagSurface_W1_p": 0.03606440727948707,
    "WLHImagSurface_W2_p": 0.3571404488250231,
    "WLHImagSurface_W3_p": 0.1289994772844827,
    "WLHImagSurface_r0_p": 0.9501607810507968,
    "WLHImagSurface_r1_p": 0.3997043623754115,
    "WLHImagSurface_r2_p": 0.0013646515854450207,
    "WLHImagSurface_a0_p": 0.8370548128048924,
    "WLHImagSurface_W0_n": 1.5607776922401673,
    "WLHImagSurface_W1_n": 0.05560421815099127,
    "WLHImagSurface_W2_n": 2.232074932425564,
    "WLHImagSurface_W3_n": 0.19569786466619335,
    "WLHImagSurface_r0_n": 1.2862716335192856,
    "WLHImagSurface_r1_n": 1.6435284132628123,
    "WLHImagSurface_r2_n": 0.0016549817134980198,
    "WLHImagSurface_a0_n": 0.8856363863722393,
    "WLHRealSpinOrbit_V0_p": 9.174489366244226,
    "WLHRealSpinOrbit_V1_p": 0.008489549186531815,
    "WLHRealSpinOrbit_r0_p": 1.3095115685922512,
    "WLHRealSpinOrbit_r1_p": 0.9348963196878392,
    "WLHRealSpinOrbit_a0_p": 0.8311531113653225,
    "WLHRealSpinOrbit_a1_p": 0.0003233617768116214,
    "WLHRealSpinOrbit_V0_n": 9.46460571114254,
    "WLHRealSpinOrbit_V1_n": 0.009084100000748748,
    "WLHRealSpinOrbit_r0_n": 1.344611165375128,
    "WLHRealSpinOrbit_r1_n": 0.9821396182260527,
    "WLHRealSpinOrbit_a0_n": 0.8620769165962665,
    "WLHRealSpinOrbit_a1_n": 0.00033462037191200764
}