{
    "WLHReal_V0_p": 55.60547528586465,
    "WLHReal_V1_p": 0.27445320941171264,
    "WLHReal_V2_p": 0.0006148653026763058,
    "WLHReal_V3_p": -8.31051632958521e-07,
    "WLHReal_V4_p": 16.42696260612267,
    "WLHReal_V5_p": 0.133399966914152,
    "WLHReal_V6_p": 0.00010314358806545507,
    "WLHReal_r0_p": 1.2258923128600694,
    "WLHReal_r1_p": 0.28852788581371125,
    "WLHReal_r2_p": 0.00037848041294347254,
    "WLHReal_r3_p": 4.1451888191587576e-07,
    "WLHReal_a0_p": 0.7352720553856219,
    "WLHReal_a1_p": 0.0002012015593815062,
    "WLHReal_a2_p": -6.651572018414307e-07,
    "WLHReal_a3_p": 0.08165659092261726,
    "WLHReal_a4_p": 0.4792704552248595,
    "WLHReal_V0_n": 51.48813133078274,
    "WLHReal_V1_n": 0.24856559746998452,
    "WLHReal_V2_n": -0.0006265618399787777,
    "WLHReal_V3_n": 3.1971616785171587e-06,
    "WLHReal_V4_n": 21.72827427844295,
    "WLHReal_V5_n": 0.3023908656886837,
    "WLHReal_V6_n": 0.0013683411901368747,
    "WLHReal_r0_n": 1.3086664205294283,
    "WLHReal_r1_n": 0.29254112475600663,
    "WLHReal_r2_n": 0.001088004744201432,
    "WLHReal_r3_n": 1.2756332198766587e-05,
    "WLHReal_a0_n": 0.7554320680458835,
    "WLHReal_a1_n": 0.001032679764760694,
    "WLHReal_a2_n": 1.4892182506816726e-05,
    "WLHReal_a3_n": 0.33519141540154185,
    "WLHReal_a4_n": 0.9863814836645771,
    "WLHImagVolume_W0_p": 2.5263638153872012,
    "WLHImagVolume_W1_p": 0.17338158151309824,
    "WLHImagVolume_W2_p": 3.106930715305364e-05,
    "WLHImagVolume_W3_p": 11.082144938798622,
    "WLHImagVolume_W4_p": 0.05467081201525698,
    "WLHImagVolume_r0_p": 0.6884317042528321,
    "WLHImagVolume_r1_p": 29.302799113255464,
    "WLHImagVolume_r2_p": 0.4821776739918145,
    "WLHImagVolume_r3_p": 40.08278237837314,
    "WLHImagVolume_r4_p": 0.7583029804402707,
    "WLHImagVolume_r5_p": 2.608720447434262e-06,
    "WLHImagVolume_a0_p": 0.5118012193195424,
    "WLHImagVolume_a1_p": 0.24976651104927386,
    "WLHImagVolume_a2_p": 11.37215625999195,
    "WLHImagVolume_a3_p": 0.38765013741334503,
    "WLHImagVolume_a4_p": 0.001802909286885685,
    "WLHImagVolume_W0_n": 3.1521870072745233,
    "WLHImagVolume_W1_n": 0.23350011861801132,
    "WLHImagVolume_W2_n": 0.000292345976467757,
    "WLHImagVolume_W3_n": 9.266579295298158,
    "WLHImagVolume_W4_n": -0.0001780437275926694,
    "WLHImagVolume_r0_n": 0.6693282742192278,
    "WLHImagVolume_r1_n": 61.84936999749211,
    "WLHImagVolume_r2_n": 0.6289594669778291,
    "WLHImagVolume_r3_n": 80.22755557534312,
    "WLHImagVolume_r4_n": 1.0800372006228056,
    "WLHImagVolume_r5_n": 5.213848997120602e-06,
    "WLHImagVolume_a0_n": 0.2822387949842351,
    "WLHImagVolume_a1_n": 0.5491906451404407,
    "WLHImagVolume_a2_n": 6.426300031316687,
    "WLHImagVolume_a3_n": 0.06642571578621634,
    "WLHImagVolume_a4_n": 0.0008449383850239417,
    "WLHImagSurface_W0_p": 1.1721614393079443,
    "WLHImagSurface_W1_p": 0.04885402431587989,
    "WLHImagSurface_W2_p": 1.8251040000481014,
    "WLHImagSurface_W3_p": 0.17051149287380007,
    "WLHImagSurface_r0_p": 1.0346014846398557,
    "WLHImagSurface_r1_p": 0.8038967204231979,
    "WLHImagSurface_r2_p": 0.009309694251555749,
    "WLHImagSurface_a0_p": 0.67686387762883,
    "WLHImagSurface_W0_n": 1.1546989574890822,
    "WLHImagSurface_W1_n": 0.027998637359893455,
    "WLHImagSurface_W2_n": 1.306906000402098,
    "WLHImagSurface_W3_n": 0.11133423919917707,
    "WLHImagSurface_r0_n": 1.2582334713433463,
    "WLHImagSurface_r1_n": 1.4117158750870102,
    "WLHImagSurface_r2_n": 0.0022866802940754586,
    "WLHImagSurface_a0_n": 0.865746632759901,
    "WLHRealSpinOrbit_V0_p": 10.383858128313754,
    "WLHRealSpinOrbit_V1_p": 0.008399194818171604,
    "WLHRealSpinOrbit_r0_p": 1.1979026156034267,
    "WLHRealSpinOrbit_r1_p": 0.7330612988626277,
    "WLHRealSpinOrbit_a0_p": 0.7408869316445788,
    "WLHRealSpinOrbit_a1_p": 0.00037969409866554196,
    "WLHRealSpinOrbit_V0_n": 9.896130364882154,
    "WLHRealSpinOrbit_V1_n": 0.009001938231516002,
    "WLHRealSpinOrbit_r0_n": 1.298824078034018,
    "WLHRealSpinOrbit_r1_n": 0.9025352257228064,
    "WLHRealSpinOrbit_a0_n": 0.8253971821939293,
    "WLHRealSpinOrbit_a1_n": 0.0003521525015775808
}