{
    "WLHReal_V0_p": 57.20312677574759,
    "WLHReal_V1_p": 0.3450474147549505,
    "WLHReal_V2_p": -8.844440344900167e-05,
    "WLHReal_V3_p": 2.119834256118361e-06,
    "WLHReal_V4_p": 11.646954519990295,
    "WLHReal_V5_p": 0.13539948005332184,
    "WLHReal_V6_p": 0.00034364612960985396,
    "WLHReal_r0_p": 1.2877707422261822,
    "WLHReal_r1_p": 0.27461708696412146,
    "WLHReal_r2_p": 0.001147579451434428,
    "WLHReal_r3_p": 1.0011651837269145e-05,
    "WLHReal_a0_p": 0.797667508404754,
    "WLHReal_a1_p": 0.0002336646949740727,
    "WLHReal_a2_p": 6.7686354993808675e-06,
    "WLHReal_a3_p": 0.09666978162714926,
    "WLHReal_a4_p": 0.7155655673444281,
    "WLHReal_V0_n": 54.28431332612706,
    "WLHReal_V1_n": 0.2864704218981335,
    "WLHReal_V2_n": -0.0004035209220232225,
    "WLHReal_V3_n": 3.0154142088417414e-06,
    "WLHReal_V4_n": 21.08970929061228,
    "WLHReal_V5_n": 0.30059546235862517,
    "WLHReal_V6_n": 0.0012192189708799647,
    "WLHReal_r0_n": 1.2975784062452735,
    "WLHReal_r1_n": 0.3309188719117428,
    "WLHReal_r2_n": 0.0009634451289912159,
    "WLHReal_r3_n": 9.872631894525157e-06,
    "WLHReal_a0_n": 0.7498985090843384,
    "WLHReal_a1_n": 0.0008176517490533265,
    "WLHReal_a2_n": 1.1565833592391835e-05,
    "WLHReal_a3_n": 0.27435004644098504,
    "WLHReal_a4_n": 0.8944388598563559,
    "WLHImagVolume_W0_p": 5.365413685935657,
    "WLHImagVolume_W1_p": 0.32932317507730685,
    "WLHImagVolume_W2_p": 0.0006496890414910746,
    "WLHImagVolume_W3_p": 15.759359414358805,
    "WLHImagVolume_W4_p": 0.09931783587167183,
    "WLHImagVolume_r0_p": 0.6070911429224072,
    "WLHImagVolume_r1_p": 55.16639999513019,
    "WLHImagVolume_r2_p": 0.6438341251755961,
    "WLHImagVolume_r3_p": 69.33689611968481,
    "WLHImagVolume_r4_p": 0.6874870843073555,
    "WLHImagVolume_r5_p": 2.0157676397795095e-06,
    "WLHImagVolume_a0_p": 0.5813556328092553,
    "WLHImagVolume_a1_p": 0.2646575819538074,
    "WLHImagVolume_a2_p": 13.82173390443422,
    "WLHImagVolume_a3_p": 0.4522097415024235,
    "WLHImagVolume_a4_p": 0.002873712182096037,
    "WLHImagVolume_W0_n": 3.5142307753089526,
    "WLHImagVolume_W1_n": 0.2976502228771642,
    "WLHImagVolume_W2_n": 0.00054015751949542,
    "WLHImagVolume_W3_n": 10.166792331101515,
    "WLHImagVolume_W4_n": 0.040622789343891214,
    "WLHImagVolume_r0_n": 0.6216380166457234,
    "WLHImagVolume_r1_n": 64.0535483185947,
    "WLHImagVolume_r2_n": 0.6680623694518054,
    "WLHImagVolume_r3_n": 81.55227915066976,
    "WLHImagVolume_r4_n": 1.031293230741561,
    "WLHImagVolume_r5_n": 4.0733266568995945e-06,
    "WLHImagVolume_a0_n": 0.2731351192947095,
    "WLHImagVolume_a1_n": 0.5591582225205683,
    "WLHImagVolume_a2_n": 5.237223174186092,
    "WLHImagVolume_a3_n": 0.03566353129778771,
    "WLHImagVolume_a4_n": 0.0007109913084194736,
    "WLHImagSurface_W0_p": 0.6742448467710809,
    "WLHImagSurface_W1_p": 0.014177928512215263,
    "WLHImagSurface_W2_p": -0.23772464045761277,
    "WLHImagSurface_W3_p": 0.04257448636359121,
    "WLHImagSurface_r0_p": 0.9447463679255976,
    "WLHImagSurface_r1_p": 0.5977184261248161,
    "WLHImagSurface_r2_p": 0.003144810480075805,
    "WLHImagSurface_a0_p": 0.7805767532615633,
    "WLHImagSurface_W0_n": 1.731918760549203,
    "WLHImagSurface_W1_n": 0.04348919315436141,
    "WLHImagSurface_W2_n": 2.38240614538941,
    "WLHImagSurface_W3_n": 0.14836071214752788,
    "WLHImagSurface_r0_n": 1.2615494286915152,
    "WLHImagSurface_r1_n": 1.5088024965863938,
    "WLHImagSurface_r2_n": 0.002978441642083173,
    "WLHImagSurface_a0_n": 0.8502084159823473,
    "WLHRealSpinOrbit_V0_p": 9.928486049633378,
    "WLHRealSpinOrbit_V1_p": 0.008815110827823403,
    "WLHRealSpinOrbit_r0_p": 1.2562768859611546,
    "WLHRealSpinOrbit_r1_p": 0.8732748013955774,
    "WLHRealSpinOrbit_a0_p": 0.8017116200165256,
    "WLHRealSpinOrbit_a1_p": 0.0002947005849846775,
    "WLHRealSpinOrbit_V0_n": 9.880786020350174,
    "WLHRealSpinOrbit_V1_n": 0.008865879070273605,
    "WLHRealSpinOrbit_r0_n": 1.279887197569106,
    "WLHRealSpinOrbit_r1_n": 0.8854460054167816,
    "WLHRealSpinOrbit_a0_n": 0.8129078596581366,
    "WLHRealSpinOrbit_a1_n": 0.0003314758703775513
}