{
    "ECS_p": 0.297135,
    "ECS_n": 0.289722,
    "APower_p": 0.857498,
    "APower_n": 0.451836
}