{
    "CH89RealCentral": {
        "V_0": 56.4408,
        "V_t": 14.9212,
        "V_e": -0.302227,
        "r_o": 1.20185,
        "r_o_0": -0.206916,
        "a_0": 0.72756
    },
    "CH89Coulomb": {
        "r_c": 1.22438,
        "r_c_0": 0.359466
    },
    "CH89SpinOrbit": {
        "V_so": 5.50774,
        "r_so": 1.3329,
        "r_so_0": -1.1429,
        "a_so": 0.595486
    },
    "CH89ImagCentral": {
        "W_v0": 8.96948,
        "W_ve0": 25.6779,
        "W_vew": 15.6278,
        "W_s0": 17.407,
        "W_st": 30.8509,
        "W_se0": -7.87926,
        "W_sew": 39.6101,
        "r_w": 1.36974,
        "r_w0": -0.741591,
        "a_w": 0.65721
    }
}