{
    "WLHReal_V0_p": 53.55262138344974,
    "WLHReal_V1_p": 0.30066255510477835,
    "WLHReal_V2_p": 0.0003936012314550582,
    "WLHReal_V3_p": 5.464019989610735e-07,
    "WLHReal_V4_p": 14.32098131653607,
    "WLHReal_V5_p": 0.11509419282418365,
    "WLHReal_V6_p": 0.00011484132882718309,
    "WLHReal_r0_p": 1.255695692486972,
    "WLHReal_r1_p": 0.24493967473055708,
    "WLHReal_r2_p": 0.0006279636071038898,
    "WLHReal_r3_p": 4.040447692110836e-06,
    "WLHReal_a0_p": 0.7494381447000638,
    "WLHReal_a1_p": 3.184006094583343e-05,
    "WLHReal_a2_p": 2.738385067613629e-06,
    "WLHReal_a3_p": 0.07055382237314828,
    "WLHReal_a4_p": 0.5353890437187185,
    "WLHReal_V0_n": 58.183291910609285,
    "WLHReal_V1_n": 0.3204632885107824,
    "WLHReal_V2_n": 0.000666604577379133,
    "WLHReal_V3_n": -3.2704823972662443e-07,
    "WLHReal_V4_n": 22.151565780209488,
    "WLHReal_V5_n": 0.2270444951203288,
    "WLHReal_V6_n": 0.000337984337795332,
    "WLHReal_r0_n": 1.19494534700741,
    "WLHReal_r1_n": 0.2510870162739544,
    "WLHReal_r2_n": 0.000441360465826735,
    "WLHReal_r3_n": 5.845068902483876e-07,
    "WLHReal_a0_n": 0.7017179130608922,
    "WLHReal_a1_n": 8.443725985796265e-05,
    "WLHReal_a2_n": -1.1287774895245794e-06,
    "WLHReal_a3_n": 0.22158241471883855,
    "WLHReal_a4_n": 0.7011694850288963,
    "WLHImagVolume_W0_p": 2.885438910690035,
    "WLHImagVolume_W1_p": 0.16672772453122353,
    "WLHImagVolume_W2_p": 0.00022560397635841843,
    "WLHImagVolume_W3_p": 11.076509299073535,
    "WLHImagVolume_W4_p": 0.05095095018982489,
    "WLHImagVolume_r0_p": 0.5977600408320507,
    "WLHImagVolume_r1_p": 54.61540569312128,
    "WLHImagVolume_r2_p": 0.6251265233749064,
    "WLHImagVolume_r3_p": 65.54287973026305,
    "WLHImagVolume_r4_p": 0.6137753945840321,
    "WLHImagVolume_r5_p": 1.3197270205979195e-06,
    "WLHImagVolume_a0_p": 0.49544683890617247,
    "WLHImagVolume_a1_p": 0.30222324936618106,
    "WLHImagVolume_a2_p": 16.72233624142052,
    "WLHImagVolume_a3_p": 0.35031054985637367,
    "WLHImagVolume_a4_p": 0.0013427878027756765,
    "WLHImagVolume_W0_n": 2.6343479499354374,
    "WLHImagVolume_W1_n": 0.255571020609744,
    "WLHImagVolume_W2_n": 0.00028606743714146857,
    "WLHImagVolume_W3_n": 9.254045194378559,
    "WLHImagVolume_W4_n": 0.06853855493458154,
    "WLHImagVolume_r0_n": 0.6137116976223886,
    "WLHImagVolume_r1_n": 50.604481987460865,
    "WLHImagVolume_r2_n": 0.5796683351139262,
    "WLHImagVolume_r3_n": 57.309736903671855,
    "WLHImagVolume_r4_n": 0.9981692454966917,
    "WLHImagVolume_r5_n": 1.8467728488052188e-06,
    "WLHImagVolume_a0_n": 0.18037084538111609,
    "WLHImagVolume_a1_n": 0.6105556537906234,
    "WLHImagVolume_a2_n": 8.6368361360837,
    "WLHImagVolume_a3_n": 0.021860255074527157,
    "WLHImagVolume_a4_n": 0.0005914750666305867,
    "WLHImagSurface_W0_p": 1.2060754682601478,
    "WLHImagSurface_W1_p": 0.05223049605233282,
    "WLHImagSurface_W2_p": 1.2991501152612441,
    "WLHImagSurface_W3_p": 0.1702521354548043,
    "WLHImagSurface_r0_p": 1.1083845707827804,
    "WLHImagSurface_r1_p": 0.6453278073734017,
    "WLHImagSurface_r2_p": 0.007325088898426724,
    "WLHImagSurface_a0_p": 0.8595623133919992,
    "WLHImagSurface_W0_n": 1.8204988124162584,
    "WLHImagSurface_W1_n": 0.019060567683057486,
    "WLHImagSurface_W2_n": 1.8945259075000775,
    "WLHImagSurface_W3_n": 0.04997731332110984,
    "WLHImagSurface_r0_n": 1.228979116685376,
    "WLHImagSurface_r1_n": 1.2506509264506311,
    "WLHImagSurface_r2_n": 0.00484993626317084,
    "WLHImagSurface_a0_n": 0.7997521515058721,
    "WLHRealSpinOrbit_V0_p": 9.776549153217346,
    "WLHRealSpinOrbit_V1_p": 0.008185988626700554,
    "WLHRealSpinOrbit_r0_p": 1.2321414946603155,
    "WLHRealSpinOrbit_r1_p": 0.7930237048754708,
    "WLHRealSpinOrbit_a0_p": 0.7656971485201743,
    "WLHRealSpinOrbit_a1_p": 0.00036811911372775847,
    "WLHRealSpinOrbit_V0_n": 10.586249302731332,
    "WLHRealSpinOrbit_V1_n": 0.008604046700080314,
    "WLHRealSpinOrbit_r0_n": 1.176964278869602,
    "WLHRealSpinOrbit_r1_n": 0.7388232722273188,
    "WLHRealSpinOrbit_a0_n": 0.7382995151303203,
    "WLHRealSpinOrbit_a1_n": 0.0003199250473015922
}