{
    "WLHReal_V0_p": 55.821535842827096,
    "WLHReal_V1_p": 0.3446114733946263,
    "WLHReal_V2_p": 0.00029734673733691275,
    "WLHReal_V3_p": 1.3083425836518982e-06,
    "WLHReal_V4_p": 12.273003648619923,
    "WLHReal_V5_p": 0.13421133204468463,
    "WLHReal_V6_p": 0.00018827419319151034,
    "WLHReal_r0_p": 1.2899144169845727,
    "WLHReal_r1_p": 0.3281526211404485,
    "WLHReal_r2_p": 0.0007776608190222968,
    "WLHReal_r3_p": 4.209290625865077e-06,
    "WLHReal_a0_p": 0.7764424110400014,
    "WLHReal_a1_p": 0.00015184827779984533,
    "WLHReal_a2_p": 2.9918510041202573e-06,
    "WLHReal_a3_p": 0.1080521167598239,
    "WLHReal_a4_p": 0.6338547317204043,
    "WLHReal_V0_n": 53.27838940979563,
    "WLHReal_V1_n": 0.3050223851578416,
    "WLHReal_V2_n": -7.201884501822521e-05,
    "WLHReal_V3_n": 2.424857357223002e-06,
    "WLHReal_V4_n": 20.562699745496374,
    "WLHReal_V5_n": 0.2776825083619786,
    "WLHReal_V6_n": 0.0008964398440957017,
    "WLHReal_r0_n": 1.3027786211924761,
    "WLHReal_r1_n": 0.35400235461032215,
    "WLHReal_r2_n": 0.0007566293429050158,
    "WLHReal_r3_n": 5.952497832053223e-06,
    "WLHReal_a0_n": 0.733197194445584,
    "WLHReal_a1_n": 0.0006854653827904785,
    "WLHReal_a2_n": 6.906397078029841e-06,
    "WLHReal_a3_n": 0.2256314715655895,
    "WLHReal_a4_n": 0.7701767418425752,
    "WLHImagVolume_W0_p": 4.035955327954902,
    "WLHImagVolume_W1_p": 0.26870922923374646,
    "WLHImagVolume_W2_p": 0.0006578795379308922,
    "WLHImagVolume_W3_p": 14.169156204939169,
    "WLHImagVolume_W4_p": 0.07767295856053451,
    "WLHImagVolume_r0_p": 0.4170749299243993,
    "WLHImagVolume_r1_p": 77.05646383646074,
    "WLHImagVolume_r2_p": 0.8310964688034771,
    "WLHImagVolume_r3_p": 82.6936260448851,
    "WLHImagVolume_r4_p": 0.4706283700376749,
    "WLHImagVolume_r5_p": 1.195029732673059e-06,
    "WLHImagVolume_a0_p": 0.5124289281374429,
    "WLHImagVolume_a1_p": 0.3280774216499667,
    "WLHImagVolume_a2_p": 18.95662982590534,
    "WLHImagVolume_a3_p": 0.37109689161008663,
    "WLHImagVolume_a4_p": 0.0016526998405391115,
    "WLHImagVolume_W0_n": 2.6335602503982876,
    "WLHImagVolume_W1_n": 0.2636046213946766,
    "WLHImagVolume_W2_n": 0.0006434537482402121,
    "WLHImagVolume_W3_n": 8.194996078736906,
    "WLHImagVolume_W4_n": 0.04120980628881224,
    "WLHImagVolume_r0_n": 0.4794237427156239,
    "WLHImagVolume_r1_n": 93.52233748093892,
    "WLHImagVolume_r2_n": 0.8137351202994816,
    "WLHImagVolume_r3_n": 92.23062844200965,
    "WLHImagVolume_r4_n": 0.8086899749433267,
    "WLHImagVolume_r5_n": 2.8532626502861596e-06,
    "WLHImagVolume_a0_n": 0.21589863099174098,
    "WLHImagVolume_a1_n": 0.6114345227842005,
    "WLHImagVolume_a2_n": 7.046010750390231,
    "WLHImagVolume_a3_n": 0.0518991568877997,
    "WLHImagVolume_a4_n": 0.0005157495665564636,
    "WLHImagSurface_W0_p": 1.254652864777435,
    "WLHImagSurface_W1_p": 0.06679357276909187,
    "WLHImagSurface_W2_p": 1.3457789903505633,
    "WLHImagSurface_W3_p": 0.2363270624357658,
    "WLHImagSurface_r0_p": 1.1456342853541683,
    "WLHImagSurface_r1_p": 0.8326676178670276,
    "WLHImagSurface_r2_p": 0.006088754849635837,
    "WLHImagSurface_a0_p": 0.9005623699984165,
    "WLHImagSurface_W0_n": 1.9600365671720503,
    "WLHImagSurface_W1_n": 0.04859618738447851,
    "WLHImagSurface_W2_n": 3.22932469332287,
    "WLHImagSurface_W3_n": 0.17199121335520248,
    "WLHImagSurface_r0_n": 1.3129712104930793,
    "WLHImagSurface_r1_n": 1.5395282332226443,
    "WLHImagSurface_r2_n": 0.003564424864337018,
    "WLHImagSurface_a0_n": 0.8431669516355339,
    "WLHRealSpinOrbit_V0_p": 9.448443604027673,
    "WLHRealSpinOrbit_V1_p": 0.008066289087102845,
    "WLHRealSpinOrbit_r0_p": 1.244477467456817,
    "WLHRealSpinOrbit_r1_p": 0.8265053673581195,
    "WLHRealSpinOrbit_a0_p": 0.7766676976221224,
    "WLHRealSpinOrbit_a1_p": 0.00034048734626908995,
    "WLHRealSpinOrbit_V0_n": 9.334674214551674,
    "WLHRealSpinOrbit_V1_n": 0.008184119894774033,
    "WLHRealSpinOrbit_r0_n": 1.2743915470495748,
    "WLHRealSpinOrbit_r1_n": 0.8606125015278456,
    "WLHRealSpinOrbit_a0_n": 0.796605834565464,
    "WLHRealSpinOrbit_a1_n": 0.0003580438419188849
}