{
    "WLHReal_V0_p": 57.79540498551298,
    "WLHReal_V1_p": 0.31198331304241933,
    "WLHReal_V2_p": 0.0002338428943896584,
    "WLHReal_V3_p": 1.2286562899051709e-06,
    "WLHReal_V4_p": 13.862317880706888,
    "WLHReal_V5_p": 0.16270151594016466,
    "WLHReal_V6_p": 0.00029911246699055016,
    "WLHReal_r0_p": 1.284752532291642,
    "WLHReal_r1_p": 0.39715794988207087,
    "WLHReal_r2_p": 0.0005980654519687579,
    "WLHReal_r3_p": 2.4523348547111627e-06,
    "WLHReal_a0_p": 0.7767862019539823,
    "WLHReal_a1_p": 0.0003707662716898837,
    "WLHReal_a2_p": 6.258461674371362e-07,
    "WLHReal_a3_p": 0.10022701434015623,
    "WLHReal_a4_p": 0.5759569217011613,
    "WLHReal_V0_n": 49.28187954315386,
    "WLHReal_V1_n": 0.23766471199640887,
    "WLHReal_V2_n": -0.0003908307744127775,
    "WLHReal_V3_n": 2.1154247231829368e-06,
    "WLHReal_V4_n": 22.36147641753122,
    "WLHReal_V5_n": 0.27070739546134537,
    "WLHReal_V6_n": 0.0011534795948390402,
    "WLHReal_r0_n": 1.2831497375370469,
    "WLHReal_r1_n": 0.20276005449556683,
    "WLHReal_r2_n": 0.0010426363905004653,
    "WLHReal_r3_n": 1.2492429978851015e-05,
    "WLHReal_a0_n": 0.7410789397922746,
    "WLHReal_a1_n": 0.0010779736558861476,
    "WLHReal_a2_n": 1.4564724092122602e-05,
    "WLHReal_a3_n": 0.3880315504110612,
    "WLHReal_a4_n": 1.0365132899426313,
    "WLHImagVolume_W0_p": 4.422817150689149,
    "WLHImagVolume_W1_p": 0.30096930551246937,
    "WLHImagVolume_W2_p": 0.00047647698215226396,
    "WLHImagVolume_W3_p": 14.04415790352527,
    "WLHImagVolume_W4_p": 0.09448450715088078,
    "WLHImagVolume_r0_p": 0.5619452752482694,
    "WLHImagVolume_r1_p": 43.20307205150195,
    "WLHImagVolume_r2_p": 0.6536057940913426,
    "WLHImagVolume_r3_p": 49.795207052601576,
    "WLHImagVolume_r4_p": 0.650664106487336,
    "WLHImagVolume_r5_p": 1.7065597958684712e-06,
    "WLHImagVolume_a0_p": 0.567236294130488,
    "WLHImagVolume_a1_p": 0.2520259618361092,
    "WLHImagVolume_a2_p": 11.729711676571569,
    "WLHImagVolume_a3_p": 0.44865402997089704,
    "WLHImagVolume_a4_p": 0.0027508369879564384,
    "WLHImagVolume_W0_n": 2.272510737923161,
    "WLHImagVolume_W1_n": 0.13589882587693547,
    "WLHImagVolume_W2_n": 2.958714822639451e-05,
    "WLHImagVolume_W3_n": 7.409609600509279,
    "WLHImagVolume_W4_n": -0.03383579856149224,
    "WLHImagVolume_r0_n": 0.6533783054976721,
    "WLHImagVolume_r1_n": 71.94709643143676,
    "WLHImagVolume_r2_n": 0.6219752008616729,
    "WLHImagVolume_r3_n": 78.83327133513949,
    "WLHImagVolume_r4_n": 0.989288507172816,
    "WLHImagVolume_r5_n": 4.349278624452517e-06,
    "WLHImagVolume_a0_n": 0.23242456006061238,
    "WLHImagVolume_a1_n": 0.5731050491340176,
    "WLHImagVolume_a2_n": 9.052859603704956,
    "WLHImagVolume_a3_n": 0.08671625613740258,
    "WLHImagVolume_a4_n": 0.0006119902021946818,
    "WLHImagSurface_W0_p": 1.0372927423101586,
    "WLHImagSurface_W1_p": 0.052393468827969844,
    "WLHImagSurface_W2_p": 1.6346552588280736,
    "WLHImagSurface_W3_p": 0.2041539237992201,
    "WLHImagSurface_r0_p": 0.9710229008073923,
    "WLHImagSurface_r1_p": 0.8598268104296601,
    "WLHImagSurface_r2_p": 0.006302494902765295,
    "WLHImagSurface_a0_p": 0.6473245957880696,
    "WLHImagSurface_W0_n": 0.7771179023666517,
    "WLHImagSurface_W1_n": 0.010319825159135557,
    "WLHImagSurface_W2_n": 0.39218089836182646,
    "WLHImagSurface_W3_n": 0.05733572617414977,
    "WLHImagSurface_r0_n": 1.2717242986405108,
    "WLHImagSurface_r1_n": 1.2666383096980176,
    "WLHImagSurface_r2_n": 0.0024143986594768584,
    "WLHImagSurface_a0_n": 0.8634885217056607,
    "WLHRealSpinOrbit_V0_p": 10.017532897942091,
    "WLHRealSpinOrbit_V1_p": 0.008487238919979398,
    "WLHRealSpinOrbit_r0_p": 1.2338612520907977,
    "WLHRealSpinOrbit_r1_p": 0.8050690480814443,
    "WLHRealSpinOrbit_a0_p": 0.7718670179386141,
    "WLHRealSpinOrbit_a1_p": 0.0003452924080482512,
    "WLHRealSpinOrbit_V0_n": 9.896096566316064,
    "WLHRealSpinOrbit_V1_n": 0.00879994735228013,
    "WLHRealSpinOrbit_r0_n": 1.282572788323297,
    "WLHRealSpinOrbit_r1_n": 0.869738002724478,
    "WLHRealSpinOrbit_a0_n": 0.8097886476385242,
    "WLHRealSpinOrbit_a1_n": 0.00037015350239760547
}