{
    "ECS_p": 0.432778,
    "ECS_n": 0.325231,
    "APower_p": 0.656945,
    "APower_n": 0.461768
}