{
    "ECS_p": 0.461684,
    "ECS_n": 0.426,
    "APower_p": 0.657502,
    "APower_n": 0.546099
}