{
    "ECS_p": 0.330223,
    "ECS_n": 0.385158,
    "APower_p": 0.628841,
    "APower_n": 0.36307
}