{
    "CH89RealCentral": {
        "V_0": 56.2583,
        "V_t": 21.168,
        "V_e": -0.361978,
        "r_o": 1.16922,
        "r_o_0": -0.0832766,
        "a_0": 0.753693
    },
    "CH89Coulomb": {
        "r_c": 1.24603,
        "r_c_0": -0.142794
    },
    "CH89SpinOrbit": {
        "V_so": 5.52984,
        "r_so": 1.47022,
        "r_so_0": -1.80278,
        "a_so": 0.593057
    },
    "CH89ImagCentral": {
        "W_v0": 7.20833,
        "W_ve0": 33.4405,
        "W_vew": 13.2224,
        "W_s0": 7.81234,
        "W_st": 13.9217,
        "W_se0": 71.3093,
        "W_sew": 25.4364,
        "r_w": 1.22142,
        "r_w0": -0.124278,
        "a_w": 0.688254
    }
}