{
    "CH89RealCentral": {
        "V_0": 57.3933,
        "V_t": 15.1267,
        "V_e": -0.358006,
        "r_o": 1.18655,
        "r_o_0": -0.198438,
        "a_0": 0.745238
    },
    "CH89Coulomb": {
        "r_c": 0.978893,
        "r_c_0": 0.277777
    },
    "CH89SpinOrbit": {
        "V_so": 5.74603,
        "r_so": 1.42784,
        "r_so_0": -1.42987,
        "a_so": 0.605658
    },
    "CH89ImagCentral": {
        "W_v0": 6.03177,
        "W_ve0": 30.7656,
        "W_vew": 20.4775,
        "W_s0": 10.5932,
        "W_st": 13.5273,
        "W_se0": 42.9528,
        "W_sew": 68.0781,
        "r_w": 1.35749,
        "r_w0": -0.579151,
        "a_w": 0.685113
    }
}