{
    "WLHReal_V0_p": 51.7918951682625,
    "WLHReal_V1_p": 0.2927380720945494,
    "WLHReal_V2_p": -0.0005685299467662798,
    "WLHReal_V3_p": 3.9603203870425e-06,
    "WLHReal_V4_p": 11.616898119750202,
    "WLHReal_V5_p": 0.14207415225433295,
    "WLHReal_V6_p": 0.0004934185430299936,
    "WLHReal_r0_p": 1.3595150665212505,
    "WLHReal_r1_p": 0.3370885955769683,
    "WLHReal_r2_p": 0.0008590428288879194,
    "WLHReal_r3_p": 8.723462508020246e-06,
    "WLHReal_a0_p": 0.8002525556679624,
    "WLHReal_a1_p": 9.25070487328667e-05,
    "WLHReal_a2_p": 7.954344360130077e-06,
    "WLHReal_a3_p": 0.004379517142614323,
    "WLHReal_a4_p": 0.5287367840555476,
    "WLHReal_V0_n": 53.07473609351189,
    "WLHReal_V1_n": 0.2884432826546679,
    "WLHReal_V2_n": -0.00014869199958512816,
    "WLHReal_V3_n": 2.352225167747053e-06,
    "WLHReal_V4_n": 20.958787774257473,
    "WLHReal_V5_n": 0.2802985068512303,
    "WLHReal_V6_n": 0.0009456965101512292,
    "WLHReal_r0_n": 1.302576083850716,
    "WLHReal_r1_n": 0.3517714637662496,
    "WLHReal_r2_n": 0.0007744275230095397,
    "WLHReal_r3_n": 6.529316182742036e-06,
    "WLHReal_a0_n": 0.7351392138240305,
    "WLHReal_a1_n": 0.0006813987464331729,
    "WLHReal_a2_n": 7.112808595841933e-06,
    "WLHReal_a3_n": 0.23657890362569506,
    "WLHReal_a4_n": 0.7802117497020667,
    "WLHImagVolume_W0_p": 5.2096094858947755,
    "WLHImagVolume_W1_p": 0.2335716596028851,
    "WLHImagVolume_W2_p": 0.0003926804341782178,
    "WLHImagVolume_W3_p": 10.107096156703394,
    "WLHImagVolume_W4_p": 0.08765911069035735,
    "WLHImagVolume_r0_p": 0.6608590088009071,
    "WLHImagVolume_r1_p": 46.75575042768634,
    "WLHImagVolume_r2_p": 0.657241599148724,
    "WLHImagVolume_r3_p": 58.051089521676424,
    "WLHImagVolume_r4_p": 0.5750465570032854,
    "WLHImagVolume_r5_p": 1.3084751366951617e-06,
    "WLHImagVolume_a0_p": 0.5960039336087765,
    "WLHImagVolume_a1_p": 0.27151383993175376,
    "WLHImagVolume_a2_p": 14.911145228077071,
    "WLHImagVolume_a3_p": 0.4419191359537487,
    "WLHImagVolume_a4_p": 0.0028889896838873042,
    "WLHImagVolume_W0_n": 2.641790993952047,
    "WLHImagVolume_W1_n": 0.2556343447352612,
    "WLHImagVolume_W2_n": 0.0005324180791957719,
    "WLHImagVolume_W3_n": 8.302582940840036,
    "WLHImagVolume_W4_n": 0.03269236104178558,
    "WLHImagVolume_r0_n": 0.5253365934898562,
    "WLHImagVolume_r1_n": 83.45601412328776,
    "WLHImagVolume_r2_n": 0.7658735342636024,
    "WLHImagVolume_r3_n": 86.77427776454236,
    "WLHImagVolume_r4_n": 0.8885703505640011,
    "WLHImagVolume_r5_n": 2.9300340283653622e-06,
    "WLHImagVolume_a0_n": 0.22985937253721467,
    "WLHImagVolume_a1_n": 0.6011085593622072,
    "WLHImagVolume_a2_n": 7.281451535899185,
    "WLHImagVolume_a3_n": 0.06155761485918603,
    "WLHImagVolume_a4_n": 0.0007071615980413223,
    "WLHImagSurface_W0_p": 0.8089846058604562,
    "WLHImagSurface_W1_p": 0.036518011277610694,
    "WLHImagSurface_W2_p": 0.8303615150709883,
    "WLHImagSurface_W3_p": 0.1352612783389714,
    "WLHImagSurface_r0_p": 0.8713639567616971,
    "WLHImagSurface_r1_p": 0.2039830681745827,
    "WLHImagSurface_r2_p": 0.0012182730576421278,
    "WLHImagSurface_a0_p": 0.7517007164923132,
    "WLHImagSurface_W0_n": 1.7249874730297394,
    "WLHImagSurface_W1_n": 0.040615188589546596,
    "WLHImagSurface_W2_n": 2.747783897211958,
    "WLHImagSurface_W3_n": 0.15018927094428172,
    "WLHImagSurface_r0_n": 1.2959535082798452,
    "WLHImagSurface_r1_n": 1.48507337601833,
    "WLHImagSurface_r2_n": 0.003345156931621375,
    "WLHImagSurface_a0_n": 0.8459366035989665,
    "WLHRealSpinOrbit_V0_p": 9.135624698161443,
    "WLHRealSpinOrbit_V1_p": 0.008511250334649062,
    "WLHRealSpinOrbit_r0_p": 1.3282071172068939,
    "WLHRealSpinOrbit_r1_p": 0.9413939050738062,
    "WLHRealSpinOrbit_a0_p": 0.8390389129578875,
    "WLHRealSpinOrbit_a1_p": 0.00035819431293024855,
    "WLHRealSpinOrbit_V0_n": 9.503941137850642,
    "WLHRealSpinOrbit_V1_n": 0.00835178213419923,
    "WLHRealSpinOrbit_r0_n": 1.2758833983049098,
    "WLHRealSpinOrbit_r1_n": 0.8606514394550591,
    "WLHRealSpinOrbit_a0_n": 0.799023171215511,
    "WLHRealSpinOrbit_a1_n": 0.00036137565073898997
}