{
    "WLHReal_V0_p": 54.349024333358,
    "WLHReal_V1_p": 0.274158727118859,
    "WLHReal_V2_p": 0.0004111951949284444,
    "WLHReal_V3_p": -4.7452977255353716e-08,
    "WLHReal_V4_p": 15.579151574054471,
    "WLHReal_V5_p": 0.13816463946797672,
    "WLHReal_V6_p": 0.00017191537927822596,
    "WLHReal_r0_p": 1.260474656391999,
    "WLHReal_r1_p": 0.32325774353685066,
    "WLHReal_r2_p": 0.00036981092314095445,
    "WLHReal_r3_p": 9.65265315681457e-07,
    "WLHReal_a0_p": 0.7454786930572745,
    "WLHReal_a1_p": 0.0001703234436361839,
    "WLHReal_a2_p": -2.0832415446173157e-08,
    "WLHReal_a3_p": 0.0626075881296152,
    "WLHReal_a4_p": 0.4584904183910828,
    "WLHReal_V0_n": 48.82114752146233,
    "WLHReal_V1_n": 0.27824932792670365,
    "WLHReal_V2_n": -0.0009784721046317215,
    "WLHReal_V3_n": 5.702930908578049e-06,
    "WLHReal_V4_n": 19.727798995172055,
    "WLHReal_V5_n": 0.33291298491336885,
    "WLHReal_V6_n": 0.001672361195811775,
    "WLHReal_r0_n": 1.3799913148332055,
    "WLHReal_r1_n": 0.3594877330828126,
    "WLHReal_r2_n": 0.0012944995788587898,
    "WLHReal_r3_n": 1.5451152496104833e-05,
    "WLHReal_a0_n": 0.7742962337327477,
    "WLHReal_a1_n": 0.0014782773983484754,
    "WLHReal_a2_n": 1.9762541263023762e-05,
    "WLHReal_a3_n": 0.3208691494091518,
    "WLHReal_a4_n": 1.0337069107676748,
    "WLHImagVolume_W0_p": 2.854962865413045,
    "WLHImagVolume_W1_p": 0.17222815789645057,
    "WLHImagVolume_W2_p": 9.598475636840261e-05,
    "WLHImagVolume_W3_p": 10.248605902209935,
    "WLHImagVolume_W4_p": 0.058194749657628136,
    "WLHImagVolume_r0_p": 0.646144773125291,
    "WLHImagVolume_r1_p": 35.9097748339571,
    "WLHImagVolume_r2_p": 0.558290252615941,
    "WLHImagVolume_r3_p": 44.52914196958448,
    "WLHImagVolume_r4_p": 0.6697476354986063,
    "WLHImagVolume_r5_p": 1.96283934626414e-06,
    "WLHImagVolume_a0_p": 0.5194907713043547,
    "WLHImagVolume_a1_p": 0.2649043615344693,
    "WLHImagVolume_a2_p": 12.940794055237383,
    "WLHImagVolume_a3_p": 0.3863073105129796,
    "WLHImagVolume_a4_p": 0.001846240094780137,
    "WLHImagVolume_W0_n": 3.2698145761305843,
    "WLHImagVolume_W1_n": 0.26288031817787216,
    "WLHImagVolume_W2_n": 0.0007995138106474814,
    "WLHImagVolume_W3_n": 8.580738024214796,
    "WLHImagVolume_W4_n": 0.002524604345122309,
    "WLHImagVolume_r0_n": 0.48374797119968854,
    "WLHImagVolume_r1_n": 112.29702537599186,
    "WLHImagVolume_r2_n": 0.8855603388285777,
    "WLHImagVolume_r3_n": 116.23413519681974,
    "WLHImagVolume_r4_n": 0.7792021481827386,
    "WLHImagVolume_r5_n": 4.417622877457754e-06,
    "WLHImagVolume_a0_n": 0.2783391519851258,
    "WLHImagVolume_a1_n": 0.5678579037271363,
    "WLHImagVolume_a2_n": 4.467731697460693,
    "WLHImagVolume_a3_n": 0.05848746440945607,
    "WLHImagVolume_a4_n": 0.0003103269151302699,
    "WLHImagSurface_W0_p": 1.2226216676862156,
    "WLHImagSurface_W1_p": 0.059239117138827624,
    "WLHImagSurface_W2_p": 2.0673868151206447,
    "WLHImagSurface_W3_p": 0.21355912852156927,
    "WLHImagSurface_r0_p": 1.0299021174090788,
    "WLHImagSurface_r1_p": 0.7130017664286235,
    "WLHImagSurface_r2_p": 0.008100917171146124,
    "WLHImagSurface_a0_p": 0.7018529828998155,
    "WLHImagSurface_W0_n": 1.8153376129730008,
    "WLHImagSurface_W1_n": 0.06753280988398908,
    "WLHImagSurface_W2_n": 3.2867041478844423,
    "WLHImagSurface_W3_n": 0.24507844109650306,
    "WLHImagSurface_r0_n": 1.350773475952085,
    "WLHImagSurface_r1_n": 1.7403286919932515,
    "WLHImagSurface_r2_n": 0.0018904368703993796,
    "WLHImagSurface_a0_n": 0.8890422262896254,
    "WLHRealSpinOrbit_V0_p": 9.984411827327794,
    "WLHRealSpinOrbit_V1_p": 0.008257284352884428,
    "WLHRealSpinOrbit_r0_p": 1.2273880964736092,
    "WLHRealSpinOrbit_r1_p": 0.7709570023345793,
    "WLHRealSpinOrbit_a0_p": 0.7585917446721391,
    "WLHRealSpinOrbit_a1_p": 0.0003886630138191994,
    "WLHRealSpinOrbit_V0_n": 8.707058824792503,
    "WLHRealSpinOrbit_V1_n": 0.008398303227591067,
    "WLHRealSpinOrbit_r0_n": 1.3611582552341877,
    "WLHRealSpinOrbit_r1_n": 0.9884464970346725,
    "WLHRealSpinOrbit_a0_n": 0.8610083153774799,
    "WLHRealSpinOrbit_a1_n": 0.00036313954746636473
}