{
    "CH89RealCentral": {
        "V_0": 53.0687,
        "V_t": 16.0505,
        "V_e": -0.389048,
        "r_o": 1.22312,
        "r_o_0": -0.0903155,
        "a_0": 0.731982
    },
    "CH89Coulomb": {
        "r_c": 1.3659,
        "r_c_0": 0.09675
    },
    "CH89SpinOrbit": {
        "V_so": 2.85675,
        "r_so": 1.37382,
        "r_so_0": -1.7063,
        "a_so": 0.551214
    },
    "CH89ImagCentral": {
        "W_v0": 7.43967,
        "W_ve0": 17.2271,
        "W_vew": 27.8863,
        "W_s0": 11.6846,
        "W_st": 42.933,
        "W_se0": 42.8536,
        "W_sew": 60.2766,
        "r_w": 1.29773,
        "r_w0": -0.411842,
        "a_w": 0.539726
    }
}