{
    "WLHReal_V0_p": 51.52205490239814,
    "WLHReal_V1_p": 0.2941478440441946,
    "WLHReal_V2_p": -0.00108936235395863,
    "WLHReal_V3_p": 6.0146510486971705e-06,
    "WLHReal_V4_p": 10.171005153565023,
    "WLHReal_V5_p": 0.1462283880219306,
    "WLHReal_V6_p": 0.000683384759737585,
    "WLHReal_r0_p": 1.3929909968479024,
    "WLHReal_r1_p": 0.32409134317181804,
    "WLHReal_r2_p": 0.0011633704558351608,
    "WLHReal_r3_p": 1.36499322146691e-05,
    "WLHReal_a0_p": 0.8278582322943749,
    "WLHReal_a1_p": 0.00011543207224977702,
    "WLHReal_a2_p": 1.1729313545349207e-05,
    "WLHReal_a3_p": -0.024311944601815405,
    "WLHReal_a4_p": 0.5769540227712678,
    "WLHReal_V0_n": 49.157692224143844,
    "WLHReal_V1_n": 0.25957895639170114,
    "WLHReal_V2_n": -0.0005404437176388215,
    "WLHReal_V3_n": 3.594473026793416e-06,
    "WLHReal_V4_n": 21.199375084629683,
    "WLHReal_V5_n": 0.29053872318951635,
    "WLHReal_V6_n": 0.0012830087973112923,
    "WLHReal_r0_n": 1.320767876172214,
    "WLHReal_r1_n": 0.2714504399819772,
    "WLHReal_r2_n": 0.0010904261836040586,
    "WLHReal_r3_n": 1.2260658193287895e-05,
    "WLHReal_a0_n": 0.7504353637273165,
    "WLHReal_a1_n": 0.0011889820092762322,
    "WLHReal_a2_n": 1.5642255291577436e-05,
    "WLHReal_a3_n": 0.34771644051679756,
    "WLHReal_a4_n": 1.004084239894455,
    "WLHImagVolume_W0_p": 6.607196322369074,
    "WLHImagVolume_W1_p": 0.27963132041584426,
    "WLHImagVolume_W2_p": 0.00045833196568942743,
    "WLHImagVolume_W3_p": 10.54440793143379,
    "WLHImagVolume_W4_p": 0.10792240598134457,
    "WLHImagVolume_r0_p": 0.7678451810990079,
    "WLHImagVolume_r1_p": 37.098615719455964,
    "WLHImagVolume_r2_p": 0.5885241273646465,
    "WLHImagVolume_r3_p": 53.202344423805606,
    "WLHImagVolume_r4_p": 0.6547296184184901,
    "WLHImagVolume_r5_p": 1.7891048699993493e-06,
    "WLHImagVolume_a0_p": 0.6574564791461146,
    "WLHImagVolume_a1_p": 0.23862164174099137,
    "WLHImagVolume_a2_p": 12.653354842384537,
    "WLHImagVolume_a3_p": 0.5029379722771556,
    "WLHImagVolume_a4_p": 0.0038762748024581285,
    "WLHImagVolume_W0_n": 2.527519771082096,
    "WLHImagVolume_W1_n": 0.184303527700379,
    "WLHImagVolume_W2_n": 0.000365548612817976,
    "WLHImagVolume_W3_n": 7.58028698421252,
    "WLHImagVolume_W4_n": -0.01628973436227141,
    "WLHImagVolume_r0_n": 0.5585110350761507,
    "WLHImagVolume_r1_n": 92.8993369933455,
    "WLHImagVolume_r2_n": 0.7531498937496584,
    "WLHImagVolume_r3_n": 95.24146705658409,
    "WLHImagVolume_r4_n": 0.8651114156783227,
    "WLHImagVolume_r5_n": 4.086131750754793e-06,
    "WLHImagVolume_a0_n": 0.23934069479683293,
    "WLHImagVolume_a1_n": 0.5813257174339438,
    "WLHImagVolume_a2_n": 7.51459750083211,
    "WLHImagVolume_a3_n": 0.07647935237844802,
    "WLHImagVolume_a4_n": 0.0004556079604377192,
    "WLHImagSurface_W0_p": 0.3943487179929909,
    "WLHImagSurface_W1_p": 0.004484781534372973,
    "WLHImagSurface_W2_p": -0.24033352597613966,
    "WLHImagSurface_W3_p": 0.020984892256656715,
    "WLHImagSurface_r0_p": 0.7103572796043687,
    "WLHImagSurface_r1_p": -0.0849503725236831,
    "WLHImagSurface_r2_p": -0.0024357298073555333,
    "WLHImagSurface_a0_p": 0.6916313285302811,
    "WLHImagSurface_W0_n": 1.2648250485984933,
    "WLHImagSurface_W1_n": 0.034546029577000474,
    "WLHImagSurface_W2_n": 1.7516835615506543,
    "WLHImagSurface_W3_n": 0.13709119004038203,
    "WLHImagSurface_r0_n": 1.3116236090894222,
    "WLHImagSurface_r1_n": 1.4627772117973235,
    "WLHImagSurface_r2_n": 0.0023734275028061387,
    "WLHImagSurface_a0_n": 0.8708178012748464,
    "WLHRealSpinOrbit_V0_p": 9.095627255074808,
    "WLHRealSpinOrbit_V1_p": 0.008960797827472345,
    "WLHRealSpinOrbit_r0_p": 1.3684306893360632,
    "WLHRealSpinOrbit_r1_p": 1.0193376403957823,
    "WLHRealSpinOrbit_a0_p": 0.8778420874269874,
    "WLHRealSpinOrbit_a1_p": 0.00032992186787049856,
    "WLHRealSpinOrbit_V0_n": 9.337683150049633,
    "WLHRealSpinOrbit_V1_n": 0.008511690545023041,
    "WLHRealSpinOrbit_r0_n": 1.3104418585482243,
    "WLHRealSpinOrbit_r1_n": 0.9096545862132545,
    "WLHRealSpinOrbit_a0_n": 0.8256102285091899,
    "WLHRealSpinOrbit_a1_n": 0.0003708419391612645
}