{
    "ECS_p": 0.420325,
    "ECS_n": 0.345096,
    "APower_p": 0.714103,
    "APower_n": 0.689137
}