{
    "CH89RealCentral": {
        "V_0": 55.6623,
        "V_t": 18.348,
        "V_e": -0.360659,
        "r_o": 1.15125,
        "r_o_0": 0.0131726,
        "a_0": 0.779905
    },
    "CH89Coulomb": {
        "r_c": 1.14706,
        "r_c_0": 0.170396
    },
    "CH89SpinOrbit": {
        "V_so": 5.01192,
        "r_so": 1.29049,
        "r_so_0": -0.868298,
        "a_so": 0.606808
    },
    "CH89ImagCentral": {
        "W_v0": 2.15294,
        "W_ve0": 43.9256,
        "W_vew": 29.5308,
        "W_s0": 13.8901,
        "W_st": 25.1368,
        "W_se0": 27.7279,
        "W_sew": 52.7753,
        "r_w": 1.2331,
        "r_w0": -0.346121,
        "a_w": 0.750132
    }
}