{
    "WLHReal_V0_p": 55.54073197044597,
    "WLHReal_V1_p": 0.27504117588850446,
    "WLHReal_V2_p": -4.592552259988571e-05,
    "WLHReal_V3_p": 1.25606126936147e-06,
    "WLHReal_V4_p": 14.61244630376378,
    "WLHReal_V5_p": 0.14764214546203527,
    "WLHReal_V6_p": 0.0003649444873453409,
    "WLHReal_r0_p": 1.2778150320829662,
    "WLHReal_r1_p": 0.3111160638751257,
    "WLHReal_r2_p": 0.0006876592179136323,
    "WLHReal_r3_p": 6.130210462613717e-06,
    "WLHReal_a0_p": 0.7722740664867531,
    "WLHReal_a1_p": 0.0002736668980551296,
    "WLHReal_a2_p": 3.3578181743776402e-06,
    "WLHReal_a3_p": 0.04704715889912327,
    "WLHReal_a4_p": 0.5250647551957851,
    "WLHReal_V0_n": 52.23855299551289,
    "WLHReal_V1_n": 0.32774662570264906,
    "WLHReal_V2_n": -0.00043103619865404545,
    "WLHReal_V3_n": 4.387285606920264e-06,
    "WLHReal_V4_n": 19.55091548702904,
    "WLHReal_V5_n": 0.30370109763378095,
    "WLHReal_V6_n": 0.0012858385803685222,
    "WLHReal_r0_n": 1.3257045940313767,
    "WLHReal_r1_n": 0.3205431232193298,
    "WLHReal_r2_n": 0.0010916245520677386,
    "WLHReal_r3_n": 1.0770067791428724e-05,
    "WLHReal_a0_n": 0.7547375847414617,
    "WLHReal_a1_n": 0.0011600869005462516,
    "WLHReal_a2_n": 1.4283408453404581e-05,
    "WLHReal_a3_n": 0.28629684888389095,
    "WLHReal_a4_n": 0.9679063560525384,
    "WLHImagVolume_W0_p": 4.377366990064449,
    "WLHImagVolume_W1_p": 0.24208368884153542,
    "WLHImagVolume_W2_p": 0.00014496827899558817,
    "WLHImagVolume_W3_p": 11.624924471666457,
    "WLHImagVolume_W4_p": 0.08454785916594248,
    "WLHImagVolume_r0_p": 0.7944259921688911,
    "WLHImagVolume_r1_p": 17.424987248433606,
    "WLHImagVolume_r2_p": 0.42647007700088,
    "WLHImagVolume_r3_p": 32.141735249717,
    "WLHImagVolume_r4_p": 0.8298981033133328,
    "WLHImagVolume_r5_p": 2.845192094218537e-06,
    "WLHImagVolume_a0_p": 0.5939315224264026,
    "WLHImagVolume_a1_p": 0.20796083980832808,
    "WLHImagVolume_a2_p": 8.355778389162676,
    "WLHImagVolume_a3_p": 0.4710372480867111,
    "WLHImagVolume_a4_p": 0.003140875404700095,
    "WLHImagVolume_W0_n": 3.373405108866273,
    "WLHImagVolume_W1_n": 0.2905779318087412,
    "WLHImagVolume_W2_n": 0.0009080327385698302,
    "WLHImagVolume_W3_n": 9.150526800387297,
    "WLHImagVolume_W4_n": 0.04201565414121945,
    "WLHImagVolume_r0_n": 0.4488398832301784,
    "WLHImagVolume_r1_n": 111.91328230811249,
    "WLHImagVolume_r2_n": 0.8744352858006967,
    "WLHImagVolume_r3_n": 110.70475728662555,
    "WLHImagVolume_r4_n": 0.7022909223044965,
    "WLHImagVolume_r5_n": 2.7384902086056245e-06,
    "WLHImagVolume_a0_n": 0.23256382298339737,
    "WLHImagVolume_a1_n": 0.5886099396327911,
    "WLHImagVolume_a2_n": 4.396710118676683,
    "WLHImagVolume_a3_n": 0.016210628913170738,
    "WLHImagVolume_a4_n": -7.984571276284131e-05,
    "WLHImagSurface_W0_p": 0.7054961291715584,
    "WLHImagSurface_W1_p": 0.016974218411631714,
    "WLHImagSurface_W2_p": 0.8175894358560837,
    "WLHImagSurface_W3_p": 0.06451321315408066,
    "WLHImagSurface_r0_p": 0.8292562150253403,
    "WLHImagSurface_r1_p": 0.48821158080122795,
    "WLHImagSurface_r2_p": 0.004811647580726764,
    "WLHImagSurface_a0_p": 0.5762554011450178,
    "WLHImagSurface_W0_n": 2.3530935023305712,
    "WLHImagSurface_W1_n": 0.07312557611896955,
    "WLHImagSurface_W2_n": 3.837360261630267,
    "WLHImagSurface_W3_n": 0.23873741838009627,
    "WLHImagSurface_r0_n": 1.3444090939500966,
    "WLHImagSurface_r1_n": 1.7347077483981637,
    "WLHImagSurface_r2_n": 0.003086978817178395,
    "WLHImagSurface_a0_n": 0.8594161461141722,
    "WLHRealSpinOrbit_V0_p": 10.267675232664663,
    "WLHRealSpinOrbit_V1_p": 0.008902399210390308,
    "WLHRealSpinOrbit_r0_p": 1.251430802890187,
    "WLHRealSpinOrbit_r1_p": 0.8309348740695315,
    "WLHRealSpinOrbit_a0_p": 0.789627133862683,
    "WLHRealSpinOrbit_a1_p": 0.00035005900995385583,
    "WLHRealSpinOrbit_V0_n": 8.97748999418637,
    "WLHRealSpinOrbit_V1_n": 0.008253094522354495,
    "WLHRealSpinOrbit_r0_n": 1.3073559518731728,
    "WLHRealSpinOrbit_r1_n": 0.9274337311693711,
    "WLHRealSpinOrbit_a0_n": 0.8260485594733872,
    "WLHRealSpinOrbit_a1_n": 0.0003320905908483526
}