{
    "WLHReal_V0_p": 53.21933935335338,
    "WLHReal_V1_p": 0.30176469021775104,
    "WLHReal_V2_p": -0.000951841923261522,
    "WLHReal_V3_p": 5.5178991464072545e-06,
    "WLHReal_V4_p": 10.46347122891396,
    "WLHReal_V5_p": 0.15368574660971646,
    "WLHReal_V6_p": 0.0006627799980790315,
    "WLHReal_r0_p": 1.3798407858258614,
    "WLHReal_r1_p": 0.3443424974823196,
    "WLHReal_r2_p": 0.00114003358138838,
    "WLHReal_r3_p": 1.2536685082665439e-05,
    "WLHReal_a0_p": 0.8269077521014876,
    "WLHReal_a1_p": 0.00020060324915171596,
    "WLHReal_a2_p": 1.0434971214015585e-05,
    "WLHReal_a3_p": -0.0006104377964089927,
    "WLHReal_a4_p": 0.6008014856053162,
    "WLHReal_V0_n": 55.300162724408416,
    "WLHReal_V1_n": 0.2890482646207756,
    "WLHReal_V2_n": 0.000465582298339223,
    "WLHReal_V3_n": 1.431736560655844e-07,
    "WLHReal_V4_n": 21.637588077745384,
    "WLHReal_V5_n": 0.24240688104426888,
    "WLHReal_V6_n": 0.00034911201705358137,
    "WLHReal_r0_n": 1.2689654961426597,
    "WLHReal_r1_n": 0.40092628219637905,
    "WLHReal_r2_n": 0.00029822288762501993,
    "WLHReal_r3_n": -1.8728146402645375e-06,
    "WLHReal_a0_n": 0.7036119873788981,
    "WLHReal_a1_n": 3.322521833522361e-05,
    "WLHReal_a2_n": -4.265932053325927e-06,
    "WLHReal_a3_n": 0.13465239959104872,
    "WLHReal_a4_n": 0.4996522254553462,
    "WLHImagVolume_W0_p": 6.653787009668454,
    "WLHImagVolume_W1_p": 0.30979581080160434,
    "WLHImagVolume_W2_p": 0.000514161805068329,
    "WLHImagVolume_W3_p": 11.819365982842697,
    "WLHImagVolume_W4_p": 0.11412171726627737,
    "WLHImagVolume_r0_p": 0.7453654880057081,
    "WLHImagVolume_r1_p": 36.027627740133255,
    "WLHImagVolume_r2_p": 0.5903074232605049,
    "WLHImagVolume_r3_p": 51.16900335496981,
    "WLHImagVolume_r4_p": 0.6770878568224736,
    "WLHImagVolume_r5_p": 1.5132256283472301e-06,
    "WLHImagVolume_a0_p": 0.6593066385740324,
    "WLHImagVolume_a1_p": 0.2302617049007183,
    "WLHImagVolume_a2_p": 11.605724974802369,
    "WLHImagVolume_a3_p": 0.5144817887940318,
    "WLHImagVolume_a4_p": 0.003994873533425903,
    "WLHImagVolume_W0_n": 1.7674106851624876,
    "WLHImagVolume_W1_n": 0.2437498178590129,
    "WLHImagVolume_W2_n": 0.00038095184178599755,
    "WLHImagVolume_W3_n": 7.1549713679028235,
    "WLHImagVolume_W4_n": 0.0511268870779818,
    "WLHImagVolume_r0_n": 0.4984697597540503,
    "WLHImagVolume_r1_n": 72.76461978680983,
    "WLHImagVolume_r2_n": 0.7530718877587631,
    "WLHImagVolume_r3_n": 69.98426130611259,
    "WLHImagVolume_r4_n": 0.9137352976648443,
    "WLHImagVolume_r5_n": 2.6931232978811538e-06,
    "WLHImagVolume_a0_n": 0.1879009780596557,
    "WLHImagVolume_a1_n": 0.6451720840750477,
    "WLHImagVolume_a2_n": 10.128809102141469,
    "WLHImagVolume_a3_n": 0.08724321095335597,
    "WLHImagVolume_a4_n": 0.001182320433851311,
    "WLHImagSurface_W0_p": 0.40321019246095147,
    "WLHImagSurface_W1_p": 0.005441875461714655,
    "WLHImagSurface_W2_p": -0.15629457730930096,
    "WLHImagSurface_W3_p": 0.02873580172937122,
    "WLHImagSurface_r0_p": 0.7167333753754044,
    "WLHImagSurface_r1_p": 0.06237251636164054,
    "WLHImagSurface_r2_p": -0.0016414546278858628,
    "WLHImagSurface_a0_p": 0.6566861306060691,
    "WLHImagSurface_W0_n": 1.641743951859052,
    "WLHImagSurface_W1_n": 0.02228187351186363,
    "WLHImagSurface_W2_n": 2.776123034222275,
    "WLHImagSurface_W3_n": 0.09830574536956567,
    "WLHImagSurface_r0_n": 1.2770471861248862,
    "WLHImagSurface_r1_n": 1.3209890987646902,
    "WLHImagSurface_r2_n": 0.00439738462491835,
    "WLHImagSurface_a0_n": 0.8178023810578723,
    "WLHRealSpinOrbit_V0_p": 9.305478662772469,
    "WLHRealSpinOrbit_V1_p": 0.009007250248822036,
    "WLHRealSpinOrbit_r0_p": 1.3495376517960598,
    "WLHRealSpinOrbit_r1_p": 0.9954102394062577,
    "WLHRealSpinOrbit_a0_p": 0.8658144258260961,
    "WLHRealSpinOrbit_a1_p": 0.0003211792960882469,
    "WLHRealSpinOrbit_V0_n": 9.762810316084702,
    "WLHRealSpinOrbit_V1_n": 0.008031611803230641,
    "WLHRealSpinOrbit_r0_n": 1.2262790723520476,
    "WLHRealSpinOrbit_r1_n": 0.7700517563908443,
    "WLHRealSpinOrbit_a0_n": 0.7549103154776101,
    "WLHRealSpinOrbit_a1_n": 0.0003842785971422018
}