{
    "WLHReal_V0_p": 52.4784658215054,
    "WLHReal_V1_p": 0.3025741165819323,
    "WLHReal_V2_p": 0.00020804569247335225,
    "WLHReal_V3_p": 1.0090558222549718e-06,
    "WLHReal_V4_p": 13.489861627384009,
    "WLHReal_V5_p": 0.11687649835816787,
    "WLHReal_V6_p": 0.0001724969575913402,
    "WLHReal_r0_p": 1.2836749179339362,
    "WLHReal_r1_p": 0.26395220952764326,
    "WLHReal_r2_p": 0.0006587545637073368,
    "WLHReal_r3_p": 4.555244130081747e-06,
    "WLHReal_a0_p": 0.7589642815841731,
    "WLHReal_a1_p": -3.909755372244632e-06,
    "WLHReal_a2_p": 4.1655686874776275e-06,
    "WLHReal_a3_p": 0.054764297429129,
    "WLHReal_a4_p": 0.5278322215457223,
    "WLHReal_V0_n": 50.35833576436775,
    "WLHReal_V1_n": 0.2593928662011764,
    "WLHReal_V2_n": -0.00019964441629109455,
    "WLHReal_V3_n": 2.4032407446391284e-06,
    "WLHReal_V4_n": 21.501878617617535,
    "WLHReal_V5_n": 0.2706225764909152,
    "WLHReal_V6_n": 0.0009401903608887722,
    "WLHReal_r0_n": 1.3075666239533907,
    "WLHReal_r1_n": 0.3149993360782795,
    "WLHReal_r2_n": 0.0008031496314169634,
    "WLHReal_r3_n": 7.675670604636798e-06,
    "WLHReal_a0_n": 0.732589051615938,
    "WLHReal_a1_n": 0.0008041647709420448,
    "WLHReal_a2_n": 8.863016074478775e-06,
    "WLHReal_a3_n": 0.2787467917664113,
    "WLHReal_a4_n": 0.8225310631707251,
    "WLHImagVolume_W0_p": 3.2077020050930907,
    "WLHImagVolume_W1_p": 0.16708256653208164,
    "WLHImagVolume_W2_p": 0.0002889871920398698,
    "WLHImagVolume_W3_p": 10.504786132724586,
    "WLHImagVolume_W4_p": 0.05392555779288148,
    "WLHImagVolume_r0_p": 0.5670699907844259,
    "WLHImagVolume_r1_p": 60.778146840019645,
    "WLHImagVolume_r2_p": 0.6855379412894032,
    "WLHImagVolume_r3_p": 70.50068879194342,
    "WLHImagVolume_r4_p": 0.5448250082057395,
    "WLHImagVolume_r5_p": 7.929702882748678e-07,
    "WLHImagVolume_a0_p": 0.502326755362992,
    "WLHImagVolume_a1_p": 0.3154613271490577,
    "WLHImagVolume_a2_p": 18.14736290769003,
    "WLHImagVolume_a3_p": 0.34907119159037525,
    "WLHImagVolume_a4_p": 0.0013804837472770981,
    "WLHImagVolume_W0_n": 1.9896358599100192,
    "WLHImagVolume_W1_n": 0.18120819950197564,
    "WLHImagVolume_W2_n": 0.00030361025372533865,
    "WLHImagVolume_W3_n": 6.826631177339966,
    "WLHImagVolume_W4_n": -0.004701804430334945,
    "WLHImagVolume_r0_n": 0.5315675536815144,
    "WLHImagVolume_r1_n": 88.60781605069108,
    "WLHImagVolume_r2_n": 0.7622266797209302,
    "WLHImagVolume_r3_n": 86.82214580754709,
    "WLHImagVolume_r4_n": 0.8713446185357612,
    "WLHImagVolume_r5_n": 3.320300041597845e-06,
    "WLHImagVolume_a0_n": 0.21636349423625378,
    "WLHImagVolume_a1_n": 0.6093971037607196,
    "WLHImagVolume_a2_n": 9.159396663163266,
    "WLHImagVolume_a3_n": 0.09464225353866568,
    "WLHImagVolume_a4_n": 0.00077101976413408,
    "WLHImagSurface_W0_p": 1.2226526489920568,
    "WLHImagSurface_W1_p": 0.05799290689997164,
    "WLHImagSurface_W2_p": 1.3659056889189345,
    "WLHImagSurface_W3_p": 0.19378845812504955,
    "WLHImagSurface_r0_p": 1.1032613555700266,
    "WLHImagSurface_r1_p": 0.5529920310675399,
    "WLHImagSurface_r2_p": 0.006139330414940306,
    "WLHImagSurface_a0_p": 0.8895624988733593,
    "WLHImagSurface_W0_n": 1.2371882155439893,
    "WLHImagSurface_W1_n": 0.025417480189265568,
    "WLHImagSurface_W2_n": 1.9077638399315056,
    "WLHImagSurface_W3_n": 0.1142060533036481,
    "WLHImagSurface_r0_n": 1.3048019546137406,
    "WLHImagSurface_r1_n": 1.3822207824311579,
    "WLHImagSurface_r2_n": 0.0029669263388404175,
    "WLHImagSurface_a0_n": 0.8555545712924412,
    "WLHRealSpinOrbit_V0_p": 9.447430925926074,
    "WLHRealSpinOrbit_V1_p": 0.008093258101311914,
    "WLHRealSpinOrbit_r0_p": 1.257459149805225,
    "WLHRealSpinOrbit_r1_p": 0.8281851325155006,
    "WLHRealSpinOrbit_a0_p": 0.7819908803892578,
    "WLHRealSpinOrbit_a1_p": 0.0003720775113694024,
    "WLHRealSpinOrbit_V0_n": 9.416284398650824,
    "WLHRealSpinOrbit_V1_n": 0.008277912330364892,
    "WLHRealSpinOrbit_r0_n": 1.2855776493826676,
    "WLHRealSpinOrbit_r1_n": 0.8603130150822124,
    "WLHRealSpinOrbit_a0_n": 0.801487576556473,
    "WLHRealSpinOrbit_a1_n": 0.0003876384741933264
}