{
    "CH89RealCentral": {
        "V_0": 53.9802,
        "V_t": 11.5709,
        "V_e": -0.37942,
        "r_o": 1.22848,
        "r_o_0": -0.233712,
        "a_0": 0.74729
    },
    "CH89Coulomb": {
        "r_c": 1.0212,
        "r_c_0": 0.182775
    },
    "CH89SpinOrbit": {
        "V_so": 5.35456,
        "r_so": 1.23623,
        "r_so_0": -0.818247,
        "a_so": 0.640552
    },
    "CH89ImagCentral": {
        "W_v0": 9.53441,
        "W_ve0": 41.6047,
        "W_vew": 20.0341,
        "W_s0": 8.7652,
        "W_st": 12.9644,
        "W_se0": 44.2432,
        "W_sew": 31.7731,
        "r_w": 1.33191,
        "r_w0": -0.53177,
        "a_w": 0.712994
    }
}