{
    "WLHReal_V0_p": 56.93842030824566,
    "WLHReal_V1_p": 0.2771599775995732,
    "WLHReal_V2_p": 0.00047413880231066195,
    "WLHReal_V3_p": -9.796812600399248e-07,
    "WLHReal_V4_p": 16.295303590502417,
    "WLHReal_V5_p": 0.13265041243118975,
    "WLHReal_V6_p": 0.00016540164818322535,
    "WLHReal_r0_p": 1.2128076075915089,
    "WLHReal_r1_p": 0.2477027218151694,
    "WLHReal_r2_p": 0.0005977885971211159,
    "WLHReal_r3_p": 3.0267085948626436e-06,
    "WLHReal_a0_p": 0.7443579607612077,
    "WLHReal_a1_p": 0.00026157197146687157,
    "WLHReal_a2_p": 5.698342323903811e-07,
    "WLHReal_a3_p": 0.08441082456321305,
    "WLHReal_a4_p": 0.5381606417471579,
    "WLHReal_V0_n": 54.292767358469526,
    "WLHReal_V1_n": 0.2755056891135784,
    "WLHReal_V2_n": -0.00030024205782777473,
    "WLHReal_V3_n": 2.1493102956619407e-06,
    "WLHReal_V4_n": 21.78720474311622,
    "WLHReal_V5_n": 0.2868943551785291,
    "WLHReal_V6_n": 0.0011386447730807744,
    "WLHReal_r0_n": 1.2715458244354305,
    "WLHReal_r1_n": 0.2774128374970738,
    "WLHReal_r2_n": 0.0009476257747109767,
    "WLHReal_r3_n": 9.920510984171286e-06,
    "WLHReal_a0_n": 0.7439631720577101,
    "WLHReal_a1_n": 0.0007743186169674136,
    "WLHReal_a2_n": 1.0934851843854685e-05,
    "WLHReal_a3_n": 0.3066797934178953,
    "WLHReal_a4_n": 0.9310258445806622,
    "WLHImagVolume_W0_p": 3.1877597499974946,
    "WLHImagVolume_W1_p": 0.211746324355719,
    "WLHImagVolume_W2_p": 2.1873537078855292e-05,
    "WLHImagVolume_W3_p": 12.432067811059875,
    "WLHImagVolume_W4_p": 0.06634968923380176,
    "WLHImagVolume_r0_p": 0.8014818907257639,
    "WLHImagVolume_r1_p": 15.910980930751766,
    "WLHImagVolume_r2_p": 0.35907020752671054,
    "WLHImagVolume_r3_p": 32.06782090427758,
    "WLHImagVolume_r4_p": 0.9055029605382003,
    "WLHImagVolume_r5_p": 2.5346911445093875e-06,
    "WLHImagVolume_a0_p": 0.547400933189165,
    "WLHImagVolume_a1_p": 0.21052779584352604,
    "WLHImagVolume_a2_p": 8.08261528062961,
    "WLHImagVolume_a3_p": 0.43343553707304405,
    "WLHImagVolume_a4_p": 0.0024681922499192083,
    "WLHImagVolume_W0_n": 3.3618307919827686,
    "WLHImagVolume_W1_n": 0.2641376000708958,
    "WLHImagVolume_W2_n": 0.0003348856533158263,
    "WLHImagVolume_W3_n": 10.048103289188386,
    "WLHImagVolume_W4_n": 0.029047664371703325,
    "WLHImagVolume_r0_n": 0.6779531561245563,
    "WLHImagVolume_r1_n": 52.580599158420455,
    "WLHImagVolume_r2_n": 0.5875975431353223,
    "WLHImagVolume_r3_n": 72.14407700499812,
    "WLHImagVolume_r4_n": 1.094557026419384,
    "WLHImagVolume_r5_n": 4.907085703958309e-06,
    "WLHImagVolume_a0_n": 0.26530660730496897,
    "WLHImagVolume_a1_n": 0.5542833853080836,
    "WLHImagVolume_a2_n": 6.1669877903892445,
    "WLHImagVolume_a3_n": 0.0389286525407566,
    "WLHImagVolume_a4_n": 0.0007368457766273338,
    "WLHImagSurface_W0_p": 0.8325659081254432,
    "WLHImagSurface_W1_p": 0.016177865575712987,
    "WLHImagSurface_W2_p": 0.8421383514786133,
    "WLHImagSurface_W3_p": 0.048569457786276624,
    "WLHImagSurface_r0_p": 0.927920376572853,
    "WLHImagSurface_r1_p": 0.7153455333513195,
    "WLHImagSurface_r2_p": 0.00807400494999592,
    "WLHImagSurface_a0_p": 0.605203041009571,
    "WLHImagSurface_W0_n": 1.4488270126669003,
    "WLHImagSurface_W1_n": 0.029036663857991373,
    "WLHImagSurface_W2_n": 1.5251140265892889,
    "WLHImagSurface_W3_n": 0.09893709972661667,
    "WLHImagSurface_r0_n": 1.2388667621302007,
    "WLHImagSurface_r1_n": 1.3893829318990665,
    "WLHImagSurface_r2_n": 0.0030224252796987117,
    "WLHImagSurface_a0_n": 0.8454536271541347,
    "WLHRealSpinOrbit_V0_p": 10.785899970250453,
    "WLHRealSpinOrbit_V1_p": 0.008862560520660432,
    "WLHRealSpinOrbit_r0_p": 1.193735722914548,
    "WLHRealSpinOrbit_r1_p": 0.7462765082288204,
    "WLHRealSpinOrbit_a0_p": 0.7485758857180267,
    "WLHRealSpinOrbit_a1_p": 0.00034878788558699987,
    "WLHRealSpinOrbit_V0_n": 10.222794950695139,
    "WLHRealSpinOrbit_V1_n": 0.009039994809951473,
    "WLHRealSpinOrbit_r0_n": 1.2614616731948105,
    "WLHRealSpinOrbit_r1_n": 0.860685005160779,
    "WLHRealSpinOrbit_a0_n": 0.8027442955245067,
    "WLHRealSpinOrbit_a1_n": 0.0003288790701825946
}