{
    "WLHReal_V0_p": 53.190650695476194,
    "WLHReal_V1_p": 0.3365458570970249,
    "WLHReal_V2_p": -7.536967345368263e-05,
    "WLHReal_V3_p": 3.0853041483004876e-06,
    "WLHReal_V4_p": 11.29236781670757,
    "WLHReal_V5_p": 0.11919295521110873,
    "WLHReal_V6_p": 0.0002696219528617259,
    "WLHReal_r0_p": 1.3141810725476828,
    "WLHReal_r1_p": 0.2697930400020461,
    "WLHReal_r2_p": 0.0009713758177692303,
    "WLHReal_r3_p": 7.686111043659445e-06,
    "WLHReal_a0_p": 0.7864783117546285,
    "WLHReal_a1_p": 1.0720784693281807e-05,
    "WLHReal_a2_p": 6.904832429886146e-06,
    "WLHReal_a3_p": 0.06468765100185511,
    "WLHReal_a4_p": 0.6302154398026918,
    "WLHReal_V0_n": 51.56431159708091,
    "WLHReal_V1_n": 0.28617138122513125,
    "WLHReal_V2_n": -0.00044918472157736203,
    "WLHReal_V3_n": 3.442358271892861e-06,
    "WLHReal_V4_n": 20.415640477099736,
    "WLHReal_V5_n": 0.300571837855877,
    "WLHReal_V6_n": 0.0012040131921247825,
    "WLHReal_r0_n": 1.3346144780952607,
    "WLHReal_r1_n": 0.36624671235399076,
    "WLHReal_r2_n": 0.0009492976146496654,
    "WLHReal_r3_n": 9.595451239070595e-06,
    "WLHReal_a0_n": 0.7493435439947641,
    "WLHReal_a1_n": 0.0009579490287102099,
    "WLHReal_a2_n": 1.1394912394427595e-05,
    "WLHReal_a3_n": 0.25793465857662623,
    "WLHReal_a4_n": 0.8555442252576719,
    "WLHImagVolume_W0_p": 4.417917109289093,
    "WLHImagVolume_W1_p": 0.23713529323403015,
    "WLHImagVolume_W2_p": 0.0005929473123990485,
    "WLHImagVolume_W3_p": 12.60992010381853,
    "WLHImagVolume_W4_p": 0.07350258921048254,
    "WLHImagVolume_r0_p": 0.5000378113165774,
    "WLHImagVolume_r1_p": 75.83823742140643,
    "WLHImagVolume_r2_p": 0.7899665893786119,
    "WLHImagVolume_r3_p": 85.82077088051622,
    "WLHImagVolume_r4_p": 0.4816944355653616,
    "WLHImagVolume_r5_p": 7.462393732205915e-07,
    "WLHImagVolume_a0_p": 0.5278638841099499,
    "WLHImagVolume_a1_p": 0.32993129281073413,
    "WLHImagVolume_a2_p": 19.87879675719266,
    "WLHImagVolume_a3_p": 0.3714153050045749,
    "WLHImagVolume_a4_p": 0.001761002962409422,
    "WLHImagVolume_W0_n": 2.857025577896207,
    "WLHImagVolume_W1_n": 0.26306774113010695,
    "WLHImagVolume_W2_n": 0.0006588768268600113,
    "WLHImagVolume_W3_n": 8.36258181789478,
    "WLHImagVolume_W4_n": 0.023949818720965594,
    "WLHImagVolume_r0_n": 0.49907793394484823,
    "WLHImagVolume_r1_n": 95.69312783060678,
    "WLHImagVolume_r2_n": 0.8237578066067381,
    "WLHImagVolume_r3_n": 98.60138729673129,
    "WLHImagVolume_r4_n": 0.8384590978247253,
    "WLHImagVolume_r5_n": 3.997708427041106e-06,
    "WLHImagVolume_a0_n": 0.24745857397216747,
    "WLHImagVolume_a1_n": 0.5915811763885911,
    "WLHImagVolume_a2_n": 6.217048497512709,
    "WLHImagVolume_a3_n": 0.061443385239624435,
    "WLHImagVolume_a4_n": 0.0005800879246733061,
    "WLHImagSurface_W0_p": 1.0629597387424268,
    "WLHImagSurface_W1_p": 0.048969808752778836,
    "WLHImagSurface_W2_p": 0.6198350705629292,
    "WLHImagSurface_W3_p": 0.16150775085620697,
    "WLHImagSurface_r0_p": 1.0848808896232165,
    "WLHImagSurface_r1_p": 0.4963273203464283,
    "WLHImagSurface_r2_p": 0.0036001519019270393,
    "WLHImagSurface_a0_p": 0.9491150215870935,
    "WLHImagSurface_W0_n": 1.7984475598114749,
    "WLHImagSurface_W1_n": 0.05216462157963027,
    "WLHImagSurface_W2_n": 3.090958743764324,
    "WLHImagSurface_W3_n": 0.19146226228761057,
    "WLHImagSurface_r0_n": 1.319457529210597,
    "WLHImagSurface_r1_n": 1.5925157843895636,
    "WLHImagSurface_r2_n": 0.0028375467663521747,
    "WLHImagSurface_a0_n": 0.8616766498616757,
    "WLHRealSpinOrbit_V0_p": 9.172118051199085,
    "WLHRealSpinOrbit_V1_p": 0.008194505279969634,
    "WLHRealSpinOrbit_r0_p": 1.2834220219878092,
    "WLHRealSpinOrbit_r1_p": 0.888403945189472,
    "WLHRealSpinOrbit_a0_p": 0.8074500419033448,
    "WLHRealSpinOrbit_a1_p": 0.00033730157204499175,
    "WLHRealSpinOrbit_V0_n": 9.158636297713564,
    "WLHRealSpinOrbit_V1_n": 0.008324815548739628,
    "WLHRealSpinOrbit_r0_n": 1.3087970632346004,
    "WLHRealSpinOrbit_r1_n": 0.908542057958297,
    "WLHRealSpinOrbit_a0_n": 0.821965872598713,
    "WLHRealSpinOrbit_a1_n": 0.0003637293287702904
}