{
    "WLHReal_V0_p": 47.63615503072715,
    "WLHReal_V1_p": 0.2642886941235034,
    "WLHReal_V2_p": -0.0009464227361859462,
    "WLHReal_V3_p": 5.103528319070185e-06,
    "WLHReal_V4_p": 11.340521118385041,
    "WLHReal_V5_p": 0.11886001008066448,
    "WLHReal_V6_p": 0.0005547025855314377,
    "WLHReal_r0_p": 1.3780683185842022,
    "WLHReal_r1_p": 0.24968059140709545,
    "WLHReal_r2_p": 0.0009737265371138899,
    "WLHReal_r3_p": 1.280799130377062e-05,
    "WLHReal_a0_p": 0.8000097946575755,
    "WLHReal_a1_p": -0.00012075730349302862,
    "WLHReal_a2_p": 1.1869745231445528e-05,
    "WLHReal_a3_p": -0.06210711499384042,
    "WLHReal_a4_p": 0.47115092618196064,
    "WLHReal_V0_n": 48.18760272555045,
    "WLHReal_V1_n": 0.2661168567141934,
    "WLHReal_V2_n": -2.933074185824399e-05,
    "WLHReal_V3_n": 2.07533516018577e-06,
    "WLHReal_V4_n": 21.24045991779413,
    "WLHReal_V5_n": 0.2515943304669669,
    "WLHReal_V6_n": 0.0007746523467714094,
    "WLHReal_r0_n": 1.3105511747436533,
    "WLHReal_r1_n": 0.2868963227803156,
    "WLHReal_r2_n": 0.0007513512102231907,
    "WLHReal_r3_n": 6.47201699983142e-06,
    "WLHReal_a0_n": 0.7229086240265435,
    "WLHReal_a1_n": 0.0008813016680749683,
    "WLHReal_a2_n": 8.462717788591027e-06,
    "WLHReal_a3_n": 0.2887433094351144,
    "WLHReal_a4_n": 0.8186772241820335,
    "WLHImagVolume_W0_p": 5.104629839867845,
    "WLHImagVolume_W1_p": 0.15115339344280207,
    "WLHImagVolume_W2_p": 0.00014471406735662437,
    "WLHImagVolume_W3_p": 6.791936145590291,
    "WLHImagVolume_W4_p": 0.07102469044194068,
    "WLHImagVolume_r0_p": 0.8097144415065619,
    "WLHImagVolume_r1_p": 38.007862121238446,
    "WLHImagVolume_r2_p": 0.5489026782744819,
    "WLHImagVolume_r3_p": 55.28845575776488,
    "WLHImagVolume_r4_p": 0.618975490225412,
    "WLHImagVolume_r5_p": 1.0877750861628455e-06,
    "WLHImagVolume_a0_p": 0.6030208616702503,
    "WLHImagVolume_a1_p": 0.26855222976914145,
    "WLHImagVolume_a2_p": 15.499020057582873,
    "WLHImagVolume_a3_p": 0.42858803268338536,
    "WLHImagVolume_a4_p": 0.002813892356775722,
    "WLHImagVolume_W0_n": 1.2183342500469272,
    "WLHImagVolume_W1_n": 0.12097520746995652,
    "WLHImagVolume_W2_n": 0.00030170144181010557,
    "WLHImagVolume_W3_n": 4.95540194030919,
    "WLHImagVolume_W4_n": -0.022871693199652644,
    "WLHImagVolume_r0_n": 0.4332841084966561,
    "WLHImagVolume_r1_n": 115.42871765164469,
    "WLHImagVolume_r2_n": 0.8642933893351386,
    "WLHImagVolume_r3_n": 97.5722122513423,
    "WLHImagVolume_r4_n": 0.6781186462439404,
    "WLHImagVolume_r5_n": 2.544661705969123e-06,
    "WLHImagVolume_a0_n": 0.16782618365403162,
    "WLHImagVolume_a1_n": 0.644852118536207,
    "WLHImagVolume_a2_n": 10.829791170596437,
    "WLHImagVolume_a3_n": 0.1098722943118495,
    "WLHImagVolume_a4_n": 0.00045557135022727404,
    "WLHImagSurface_W0_p": 0.6273705063844703,
    "WLHImagSurface_W1_p": 0.016432776540192696,
    "WLHImagSurface_W2_p": 0.18814704304205165,
    "WLHImagSurface_W3_p": 0.0472645656013526,
    "WLHImagSurface_r0_p": 0.7995337435888135,
    "WLHImagSurface_r1_p": -0.24349062956699846,
    "WLHImagSurface_r2_p": -0.0009796319776622956,
    "WLHImagSurface_a0_p": 0.7957928104846226,
    "WLHImagSurface_W0_n": 1.2472393531196206,
    "WLHImagSurface_W1_n": 0.025857352128884833,
    "WLHImagSurface_W2_n": 2.1153916379226017,
    "WLHImagSurface_W3_n": 0.12112829597455103,
    "WLHImagSurface_r0_n": 1.350258764936553,
    "WLHImagSurface_r1_n": 1.3828988321348727,
    "WLHImagSurface_r2_n": 0.003153258893930695,
    "WLHImagSurface_a0_n": 0.8569635014301481,
    "WLHRealSpinOrbit_V0_p": 8.873126347853978,
    "WLHRealSpinOrbit_V1_p": 0.008627500849519128,
    "WLHRealSpinOrbit_r0_p": 1.3700634020125422,
    "WLHRealSpinOrbit_r1_p": 0.9980393579100969,
    "WLHRealSpinOrbit_a0_p": 0.869413097670185,
    "WLHRealSpinOrbit_a1_p": 0.0003723420871424638,
    "WLHRealSpinOrbit_V0_n": 8.969218301395475,
    "WLHRealSpinOrbit_V1_n": 0.007798430878093063,
    "WLHRealSpinOrbit_r0_n": 1.288163390844278,
    "WLHRealSpinOrbit_r1_n": 0.8521196164641779,
    "WLHRealSpinOrbit_a0_n": 0.7948972145684539,
    "WLHRealSpinOrbit_a1_n": 0.00040938037243062664
}