{
    "CH89RealCentral": {
        "V_0": 56.1654,
        "V_t": 15.2113,
        "V_e": -0.319294,
        "r_o": 1.18672,
        "r_o_0": -0.18544,
        "a_0": 0.732477
    },
    "CH89Coulomb": {
        "r_c": 1.21253,
        "r_c_0": 0.150018
    },
    "CH89SpinOrbit": {
        "V_so": 4.76978,
        "r_so": 1.46926,
        "r_so_0": -1.89231,
        "a_so": 0.533647
    },
    "CH89ImagCentral": {
        "W_v0": 7.77638,
        "W_ve0": 27.9243,
        "W_vew": 5.76422,
        "W_s0": 17.601,
        "W_st": 35.1162,
        "W_se0": 11.7931,
        "W_sew": 24.2554,
        "r_w": 1.34593,
        "r_w0": -0.645689,
        "a_w": 0.708305
    }
}