{
    "ECS_p": 0.276862,
    "ECS_n": 0.684697,
    "APower_p": 0.816154,
    "APower_n": 0.290951
}