{
    "CH89RealCentral": {
        "V_0": 57.2939,
        "V_t": 19.2247,
        "V_e": -0.436082,
        "r_o": 1.24263,
        "r_o_0": -0.391511,
        "a_0": 0.713277
    },
    "CH89Coulomb": {
        "r_c": 1.15665,
        "r_c_0": 0.0765245
    },
    "CH89SpinOrbit": {
        "V_so": 6.0529,
        "r_so": 1.32458,
        "r_so_0": -1.42329,
        "a_so": 0.684948
    },
    "CH89ImagCentral": {
        "W_v0": 9.24664,
        "W_ve0": 26.1617,
        "W_vew": 24.0492,
        "W_s0": 14.3055,
        "W_st": 23.748,
        "W_se0": -17.1812,
        "W_sew": 51.0797,
        "r_w": 1.24905,
        "r_w0": -0.0150452,
        "a_w": 0.672968
    }
}