{
    "WLHReal_V0_p": 52.989812723733934,
    "WLHReal_V1_p": 0.3156257135485759,
    "WLHReal_V2_p": 5.14128287793632e-05,
    "WLHReal_V3_p": 2.0925570898849895e-06,
    "WLHReal_V4_p": 12.547662787798899,
    "WLHReal_V5_p": 0.12119083199885847,
    "WLHReal_V6_p": 0.00023569770182315272,
    "WLHReal_r0_p": 1.2993911424699847,
    "WLHReal_r1_p": 0.27493434764538904,
    "WLHReal_r2_p": 0.0007949730010199508,
    "WLHReal_r3_p": 6.212828568023824e-06,
    "WLHReal_a0_p": 0.772994997955788,
    "WLHReal_a1_p": 2.5650333035768817e-05,
    "WLHReal_a2_p": 5.371301169486049e-06,
    "WLHReal_a3_p": 0.05781898261724655,
    "WLHReal_a4_p": 0.5713588770182535,
    "WLHReal_V0_n": 54.403191036084536,
    "WLHReal_V1_n": 0.27494001457941336,
    "WLHReal_V2_n": -0.00018370985623387623,
    "WLHReal_V3_n": 1.7849995538744942e-06,
    "WLHReal_V4_n": 22.050806894786824,
    "WLHReal_V5_n": 0.27638587906855416,
    "WLHReal_V6_n": 0.0010419857970184762,
    "WLHReal_r0_n": 1.2570267920236406,
    "WLHReal_r1_n": 0.25419018590432235,
    "WLHReal_r2_n": 0.0009025841004880727,
    "WLHReal_r3_n": 9.593030542068358e-06,
    "WLHReal_a0_n": 0.7381695562094202,
    "WLHReal_a1_n": 0.0007153651451368445,
    "WLHReal_a2_n": 1.0076119891346808e-05,
    "WLHReal_a3_n": 0.3132582819891294,
    "WLHReal_a4_n": 0.9279110042271269,
    "WLHImagVolume_W0_p": 3.862544823721413,
    "WLHImagVolume_W1_p": 0.20498048095198537,
    "WLHImagVolume_W2_p": 0.00041985236191739467,
    "WLHImagVolume_W3_p": 11.492547886573913,
    "WLHImagVolume_W4_p": 0.06554440317549462,
    "WLHImagVolume_r0_p": 0.5498372264433621,
    "WLHImagVolume_r1_p": 64.60282911086355,
    "WLHImagVolume_r2_p": 0.7189771430492543,
    "WLHImagVolume_r3_p": 74.54579900432708,
    "WLHImagVolume_r4_p": 0.5314374311301212,
    "WLHImagVolume_r5_p": 5.75217465112801e-07,
    "WLHImagVolume_a0_p": 0.5214683896022797,
    "WLHImagVolume_a1_p": 0.31453442164180995,
    "WLHImagVolume_a2_p": 18.246822183182665,
    "WLHImagVolume_a3_p": 0.3687760617587425,
    "WLHImagVolume_a4_p": 0.0016941394099737124,
    "WLHImagVolume_W0_n": 3.1983609399010344,
    "WLHImagVolume_W1_n": 0.24684457801395213,
    "WLHImagVolume_W2_n": 0.0002547942387860057,
    "WLHImagVolume_W3_n": 9.811480938902033,
    "WLHImagVolume_W4_n": 0.026154540583247485,
    "WLHImagVolume_r0_n": 0.6871218749037588,
    "WLHImagVolume_r1_n": 50.150699640946286,
    "WLHImagVolume_r2_n": 0.5649277200534989,
    "WLHImagVolume_r3_n": 68.43010248198695,
    "WLHImagVolume_r4_n": 1.0974474828746796,
    "WLHImagVolume_r5_n": 4.419741967102999e-06,
    "WLHImagVolume_a0_n": 0.25313505468397707,
    "WLHImagVolume_a1_n": 0.5589597204783443,
    "WLHImagVolume_a2_n": 6.803794978280769,
    "WLHImagVolume_a3_n": 0.04020989590809586,
    "WLHImagVolume_a4_n": 0.0007147459298469693,
    "WLHImagSurface_W0_p": 1.1187550004899927,
    "WLHImagSurface_W1_p": 0.052021971014694635,
    "WLHImagSurface_W2_p": 1.0285840845527023,
    "WLHImagSurface_W3_p": 0.17464410478517095,
    "WLHImagSurface_r0_p": 1.0738507890460782,
    "WLHImagSurface_r1_p": 0.5220250575476827,
    "WLHImagSurface_r2_p": 0.004848054589980863,
    "WLHImagSurface_a0_p": 0.8918303455402115,
    "WLHImagSurface_W0_n": 1.3698687016914035,
    "WLHImagSurface_W1_n": 0.023035481998209484,
    "WLHImagSurface_W2_n": 1.2501289532605977,
    "WLHImagSurface_W3_n": 0.07787313509044179,
    "WLHImagSurface_r0_n": 1.233125915980259,
    "WLHImagSurface_r1_n": 1.335819374390152,
    "WLHImagSurface_r2_n": 0.0031767116467980167,
    "WLHImagSurface_a0_n": 0.8406871232796411,
    "WLHRealSpinOrbit_V0_p": 9.361123938847475,
    "WLHRealSpinOrbit_V1_p": 0.00818768568897978,
    "WLHRealSpinOrbit_r0_p": 1.2703272469810232,
    "WLHRealSpinOrbit_r1_p": 0.8572504817236866,
    "WLHRealSpinOrbit_a0_p": 0.7948506090797289,
    "WLHRealSpinOrbit_a1_p": 0.00035566475557361567,
    "WLHRealSpinOrbit_V0_n": 10.340736806485015,
    "WLHRealSpinOrbit_V1_n": 0.009039308068513347,
    "WLHRealSpinOrbit_r0_n": 1.2491212023950586,
    "WLHRealSpinOrbit_r1_n": 0.8426100622297059,
    "WLHRealSpinOrbit_a0_n": 0.7941123706836891,
    "WLHRealSpinOrbit_a1_n": 0.0003295572291167049
}