{
    "CH89RealCentral": {
        "V_0": 56.491,
        "V_t": 10.8707,
        "V_e": -0.380929,
        "r_o": 1.17056,
        "r_o_0": -0.135755,
        "a_0": 0.767663
    },
    "CH89Coulomb": {
        "r_c": 1.36685,
        "r_c_0": 0.144978
    },
    "CH89SpinOrbit": {
        "V_so": 5.89401,
        "r_so": 1.29183,
        "r_so_0": -1.2008,
        "a_so": 0.59945
    },
    "CH89ImagCentral": {
        "W_v0": 4.366,
        "W_ve0": 2.55539,
        "W_vew": 11.6197,
        "W_s0": 8.16439,
        "W_st": 22.0682,
        "W_se0": 29.1359,
        "W_sew": 40.7443,
        "r_w": 1.4659,
        "r_w0": -0.718107,
        "a_w": 0.672785
    }
}