{
    "ECS_p": 0.241429,
    "ECS_n": 0.366045,
    "APower_p": 0.622458,
    "APower_n": 0.488405
}