{
    "ECS_p": 0.299878,
    "ECS_n": 0.458551,
    "APower_p": 0.629496,
    "APower_n": 0.221665
}