{
    "CH89RealCentral": {
        "V_0": 55.2751,
        "V_t": 21.3473,
        "V_e": -0.339356,
        "r_o": 1.17625,
        "r_o_0": -0.0447039,
        "a_0": 0.72034
    },
    "CH89Coulomb": {
        "r_c": 1.29793,
        "r_c_0": -0.15801
    },
    "CH89SpinOrbit": {
        "V_so": 5.30324,
        "r_so": 1.37984,
        "r_so_0": -1.41103,
        "a_so": 0.615592
    },
    "CH89ImagCentral": {
        "W_v0": 7.17582,
        "W_ve0": 11.3524,
        "W_vew": 17.3488,
        "W_s0": 7.93889,
        "W_st": 28.5291,
        "W_se0": 82.3132,
        "W_sew": 80.5604,
        "r_w": 1.3432,
        "r_w0": -0.810312,
        "a_w": 0.669756
    }
}