{
    "WLHReal_V0_p": 52.45504111771365,
    "WLHReal_V1_p": 0.25656068975873675,
    "WLHReal_V2_p": -0.0003334333717930622,
    "WLHReal_V3_p": 2.371115358628316e-06,
    "WLHReal_V4_p": 14.08706318209352,
    "WLHReal_V5_p": 0.1447726380978473,
    "WLHReal_V6_p": 0.0004375097967399742,
    "WLHReal_r0_p": 1.3170614549184076,
    "WLHReal_r1_p": 0.3218942959575471,
    "WLHReal_r2_p": 0.0006311828198344118,
    "WLHReal_r3_p": 6.3747984631588275e-06,
    "WLHReal_a0_p": 0.776849888356686,
    "WLHReal_a1_p": 0.0001596297274883275,
    "WLHReal_a2_p": 5.230569549893979e-06,
    "WLHReal_a3_p": -4.323419254994437e-05,
    "WLHReal_a4_p": 0.4539452296204834,
    "WLHReal_V0_n": 57.305219734814465,
    "WLHReal_V1_n": 0.30264860628036283,
    "WLHReal_V2_n": 0.0008884513090650526,
    "WLHReal_V3_n": -1.7466388931485648e-06,
    "WLHReal_V4_n": 22.110384516288963,
    "WLHReal_V5_n": 0.21472269384624543,
    "WLHReal_V6_n": 4.146080044725199e-06,
    "WLHReal_r0_n": 1.2257560242430907,
    "WLHReal_r1_n": 0.3733096242133763,
    "WLHReal_r2_n": 8.55514596200521e-05,
    "WLHReal_r3_n": -5.544079962008631e-06,
    "WLHReal_a0_n": 0.6849288724596695,
    "WLHReal_a1_n": -0.0002892847960995371,
    "WLHReal_a2_n": -9.179919100848107e-06,
    "WLHReal_a3_n": 0.1096474572852747,
    "WLHReal_a4_n": 0.41709802672268953,
    "WLHImagVolume_W0_p": 4.397634939229405,
    "WLHImagVolume_W1_p": 0.19409568648274445,
    "WLHImagVolume_W2_p": 6.18991915630731e-05,
    "WLHImagVolume_W3_p": 8.96688413102569,
    "WLHImagVolume_W4_p": 0.07771782290269032,
    "WLHImagVolume_r0_p": 0.8081359471826226,
    "WLHImagVolume_r1_p": 18.887010295045833,
    "WLHImagVolume_r2_p": 0.4567274371272838,
    "WLHImagVolume_r3_p": 32.85763583886821,
    "WLHImagVolume_r4_p": 0.7523240931190643,
    "WLHImagVolume_r5_p": 1.7926180506218423e-06,
    "WLHImagVolume_a0_p": 0.5975453431689912,
    "WLHImagVolume_a1_p": 0.22236985998641853,
    "WLHImagVolume_a2_p": 10.064676620302745,
    "WLHImagVolume_a3_p": 0.45772708302631526,
    "WLHImagVolume_a4_p": 0.0030466263470845805,
    "WLHImagVolume_W0_n": 1.5237026212146876,
    "WLHImagVolume_W1_n": 0.23667566615094487,
    "WLHImagVolume_W2_n": 0.00027933759109551064,
    "WLHImagVolume_W3_n": 7.074821782572454,
    "WLHImagVolume_W4_n": 0.06624354405137965,
    "WLHImagVolume_r0_n": 0.5094544057247599,
    "WLHImagVolume_r1_n": 63.02707572247935,
    "WLHImagVolume_r2_n": 0.7013565159783745,
    "WLHImagVolume_r3_n": 58.2259182481386,
    "WLHImagVolume_r4_n": 0.9293664794298431,
    "WLHImagVolume_r5_n": 1.5169641187072307e-06,
    "WLHImagVolume_a0_n": 0.1567135126885416,
    "WLHImagVolume_a1_n": 0.6613501173758045,
    "WLHImagVolume_a2_n": 11.272901949383053,
    "WLHImagVolume_a3_n": 0.07886941762902105,
    "WLHImagVolume_a4_n": 0.001183101413790422,
    "WLHImagSurface_W0_p": 0.7548887986347887,
    "WLHImagSurface_W1_p": 0.0256768802789843,
    "WLHImagSurface_W2_p": 1.103067732234964,
    "WLHImagSurface_W3_p": 0.09721245090846935,
    "WLHImagSurface_r0_p": 0.8080894039745008,
    "WLHImagSurface_r1_p": 0.24912473154020334,
    "WLHImagSurface_r2_p": 0.0033456472086825294,
    "WLHImagSurface_a0_p": 0.607997535148774,
    "WLHImagSurface_W0_n": 1.6855176310264421,
    "WLHImagSurface_W1_n": 0.012261632108240942,
    "WLHImagSurface_W2_n": 2.560385945849883,
    "WLHImagSurface_W3_n": 0.05689447204149434,
    "WLHImagSurface_r0_n": 1.2564995194082926,
    "WLHImagSurface_r1_n": 1.214842211187484,
    "WLHImagSurface_r2_n": 0.005159003114598255,
    "WLHImagSurface_a0_n": 0.7963251659231981,
    "WLHRealSpinOrbit_V0_p": 9.769587440462796,
    "WLHRealSpinOrbit_V1_p": 0.008734952476552886,
    "WLHRealSpinOrbit_r0_p": 1.293440296314465,
    "WLHRealSpinOrbit_r1_p": 0.8785346036465018,
    "WLHRealSpinOrbit_a0_p": 0.8137936614580521,
    "WLHRealSpinOrbit_a1_p": 0.0003751508893555373,
    "WLHRealSpinOrbit_V0_n": 10.124549882672369,
    "WLHRealSpinOrbit_V1_n": 0.00799327080105523,
    "WLHRealSpinOrbit_r0_n": 1.182774538804557,
    "WLHRealSpinOrbit_r1_n": 0.7099375486161196,
    "WLHRealSpinOrbit_a0_n": 0.7246481060511156,
    "WLHRealSpinOrbit_a1_n": 0.0003757533329231737
}