{
    "WLHReal_V0_p": 44.1216977019003,
    "WLHReal_V1_p": 0.24420895627649133,
    "WLHReal_V2_p": -0.0020005509113609323,
    "WLHReal_V3_p": 8.167263419774019e-06,
    "WLHReal_V4_p": 8.732141710696752,
    "WLHReal_V5_p": 0.13257765521509232,
    "WLHReal_V6_p": 0.0009291050612623474,
    "WLHReal_r0_p": 1.4811996189020153,
    "WLHReal_r1_p": 0.2923661280743173,
    "WLHReal_r2_p": 0.0012417263341686921,
    "WLHReal_r3_p": 1.9358177721809915e-05,
    "WLHReal_a0_p": 0.8464200650867375,
    "WLHReal_a1_p": -0.0001638212570640718,
    "WLHReal_a2_p": 1.85059880102085e-05,
    "WLHReal_a3_p": -0.15305200384744855,
    "WLHReal_a4_p": 0.4398824001869178,
    "WLHReal_V0_n": 47.3167020777917,
    "WLHReal_V1_n": 0.2809967695074568,
    "WLHReal_V2_n": -0.0011670495420967354,
    "WLHReal_V3_n": 6.408822845217927e-06,
    "WLHReal_V4_n": 19.422765920538584,
    "WLHReal_V5_n": 0.3412149012071769,
    "WLHReal_V6_n": 0.0018650980349856384,
    "WLHReal_r0_n": 1.3900876321029494,
    "WLHReal_r1_n": 0.3193521761702893,
    "WLHReal_r2_n": 0.0014845753343088281,
    "WLHReal_r3_n": 1.8878500826820873e-05,
    "WLHReal_a0_n": 0.7840353910182453,
    "WLHReal_a1_n": 0.0017764006393871724,
    "WLHReal_a2_n": 2.4395082775467744e-05,
    "WLHReal_a3_n": 0.37319070753092554,
    "WLHReal_a4_n": 1.1626600672591114,
    "WLHImagVolume_W0_p": 7.185552325050086,
    "WLHImagVolume_W1_p": 0.17457293522839157,
    "WLHImagVolume_W2_p": 0.00018423365870443457,
    "WLHImagVolume_W3_p": 4.40175499374813,
    "WLHImagVolume_W4_p": 0.0969349663012896,
    "WLHImagVolume_r0_p": 0.9367538324204148,
    "WLHImagVolume_r1_p": 26.81700728774652,
    "WLHImagVolume_r2_p": 0.5275006877062277,
    "WLHImagVolume_r3_p": 47.27242213697192,
    "WLHImagVolume_r4_p": 0.6050248063958658,
    "WLHImagVolume_r5_p": 8.744462236849254e-07,
    "WLHImagVolume_a0_p": 0.6982349510231283,
    "WLHImagVolume_a1_p": 0.23904435903033439,
    "WLHImagVolume_a2_p": 14.113117872349827,
    "WLHImagVolume_a3_p": 0.5062646519212695,
    "WLHImagVolume_a4_p": 0.004193944119121086,
    "WLHImagVolume_W0_n": 3.4216261991211554,
    "WLHImagVolume_W1_n": 0.24698231176812324,
    "WLHImagVolume_W2_n": 0.000846002218300823,
    "WLHImagVolume_W3_n": 8.552722151162401,
    "WLHImagVolume_W4_n": -0.011001706359352357,
    "WLHImagVolume_r0_n": 0.4721516482381813,
    "WLHImagVolume_r1_n": 123.74509533140608,
    "WLHImagVolume_r2_n": 0.9109333009146605,
    "WLHImagVolume_r3_n": 125.63548223697158,
    "WLHImagVolume_r4_n": 0.7139052277025975,
    "WLHImagVolume_r5_n": 4.465658270130518e-06,
    "WLHImagVolume_a0_n": 0.2795425670858715,
    "WLHImagVolume_a1_n": 0.5587809767154669,
    "WLHImagVolume_a2_n": 3.7903901563999916,
    "WLHImagVolume_a3_n": 0.04966543139318461,
    "WLHImagVolume_a4_n": -1.8433811045474695e-05,
    "WLHImagSurface_W0_p": 0.17723414521934067,
    "WLHImagSurface_W1_p": -0.007595620892095291,
    "WLHImagSurface_W2_p": -0.5535734095955069,
    "WLHImagSurface_W3_p": -0.02698094514470173,
    "WLHImagSurface_r0_p": 0.549565942425887,
    "WLHImagSurface_r1_p": -0.8541742928024298,
    "WLHImagSurface_r2_p": -0.007588007642741859,
    "WLHImagSurface_a0_p": 0.7182425329499563,
    "WLHImagSurface_W0_n": 1.8452379745719532,
    "WLHImagSurface_W1_n": 0.07439823512444656,
    "WLHImagSurface_W2_n": 3.2487801228840514,
    "WLHImagSurface_W3_n": 0.2639773806716951,
    "WLHImagSurface_r0_n": 1.3698161802997422,
    "WLHImagSurface_r1_n": 1.7993545405641593,
    "WLHImagSurface_r2_n": 0.0015305496875946947,
    "WLHImagSurface_a0_n": 0.9002387210303905,
    "WLHRealSpinOrbit_V0_p": 8.16976959135784,
    "WLHRealSpinOrbit_V1_p": 0.00898219293948662,
    "WLHRealSpinOrbit_r0_p": 1.4770399151290154,
    "WLHRealSpinOrbit_r1_p": 1.159926390312807,
    "WLHRealSpinOrbit_a0_p": 0.95050982139812,
    "WLHRealSpinOrbit_a1_p": 0.00036900787682374764,
    "WLHRealSpinOrbit_V0_n": 8.512691794735584,
    "WLHRealSpinOrbit_V1_n": 0.008416254673303002,
    "WLHRealSpinOrbit_r0_n": 1.3795035184277333,
    "WLHRealSpinOrbit_r1_n": 1.0210947927954477,
    "WLHRealSpinOrbit_a0_n": 0.8761105764602221,
    "WLHRealSpinOrbit_a1_n": 0.0003578093754883925
}