{
    "WLHReal_V0_p": 56.48859990710874,
    "WLHReal_V1_p": 0.2828231562417224,
    "WLHReal_V2_p": 0.000526323095091282,
    "WLHReal_V3_p": -4.805953325283204e-07,
    "WLHReal_V4_p": 15.978395914719432,
    "WLHReal_V5_p": 0.1370857351622841,
    "WLHReal_V6_p": 0.00014742129420364683,
    "WLHReal_r0_p": 1.228727648680324,
    "WLHReal_r1_p": 0.2894336636317763,
    "WLHReal_r2_p": 0.0004917705274726215,
    "WLHReal_r3_p": 1.9030642342723864e-06,
    "WLHReal_a0_p": 0.7443927273871684,
    "WLHReal_a1_p": 0.0002476048571130417,
    "WLHReal_a2_p": 5.027432101253491e-07,
    "WLHReal_a3_p": 0.08797396896047989,
    "WLHReal_a4_p": 0.5185397446944615,
    "WLHReal_V0_n": 51.860996588860544,
    "WLHReal_V1_n": 0.273187962822219,
    "WLHReal_V2_n": -0.0001534423611766312,
    "WLHReal_V3_n": 1.5823406533588382e-06,
    "WLHReal_V4_n": 21.414853177002502,
    "WLHReal_V5_n": 0.272318597599811,
    "WLHReal_V6_n": 0.0009392839327346798,
    "WLHReal_r0_n": 1.2950112498142825,
    "WLHReal_r1_n": 0.310163981485874,
    "WLHReal_r2_n": 0.0008057540586979546,
    "WLHReal_r3_n": 7.640808005050835e-06,
    "WLHReal_a0_n": 0.7331922565984738,
    "WLHReal_a1_n": 0.0007510237106119376,
    "WLHReal_a2_n": 8.734008306781349e-06,
    "WLHReal_a3_n": 0.2733367111478718,
    "WLHReal_a4_n": 0.8298400893800237,
    "WLHImagVolume_W0_p": 3.0248757743483505,
    "WLHImagVolume_W1_p": 0.20722718404777257,
    "WLHImagVolume_W2_p": 0.0001045834542132485,
    "WLHImagVolume_W3_p": 12.118862502691146,
    "WLHImagVolume_W4_p": 0.06455968423697177,
    "WLHImagVolume_r0_p": 0.702204448198509,
    "WLHImagVolume_r1_p": 27.75807573526494,
    "WLHImagVolume_r2_p": 0.4705432568338914,
    "WLHImagVolume_r3_p": 39.68857050480719,
    "WLHImagVolume_r4_p": 0.7899899196335288,
    "WLHImagVolume_r5_p": 2.234379059460257e-06,
    "WLHImagVolume_a0_p": 0.5305349781252273,
    "WLHImagVolume_a1_p": 0.23827517380909824,
    "WLHImagVolume_a2_p": 10.430069516225561,
    "WLHImagVolume_a3_p": 0.4108992671890462,
    "WLHImagVolume_a4_p": 0.0021456771012948834,
    "WLHImagVolume_W0_n": 2.3616941497947503,
    "WLHImagVolume_W1_n": 0.2119147014429994,
    "WLHImagVolume_W2_n": 0.0003661364848346237,
    "WLHImagVolume_W3_n": 7.711656724313206,
    "WLHImagVolume_W4_n": 0.01199629703491935,
    "WLHImagVolume_r0_n": 0.5506459370892425,
    "WLHImagVolume_r1_n": 81.9433066938116,
    "WLHImagVolume_r2_n": 0.7333869056748875,
    "WLHImagVolume_r3_n": 84.08244338602152,
    "WLHImagVolume_r4_n": 0.9013527550725591,
    "WLHImagVolume_r5_n": 3.426721863153534e-06,
    "WLHImagVolume_a0_n": 0.2222096576933582,
    "WLHImagVolume_a1_n": 0.600521369302144,
    "WLHImagVolume_a2_n": 8.264852189779385,
    "WLHImagVolume_a3_n": 0.07401809450818682,
    "WLHImagVolume_a4_n": 0.0006989303506548876,
    "WLHImagSurface_W0_p": 1.0420778457564643,
    "WLHImagSurface_W1_p": 0.03850758382443245,
    "WLHImagSurface_W2_p": 1.4495580506875754,
    "WLHImagSurface_W3_p": 0.13449088789118452,
    "WLHImagSurface_r0_p": 0.9949372731815024,
    "WLHImagSurface_r1_p": 0.7945688784659427,
    "WLHImagSurface_r2_p": 0.008509659502837823,
    "WLHImagSurface_a0_p": 0.6532444776078106,
    "WLHImagSurface_W0_n": 1.426423356008231,
    "WLHImagSurface_W1_n": 0.02980608075967208,
    "WLHImagSurface_W2_n": 2.0646042072112696,
    "WLHImagSurface_W3_n": 0.11856586628436905,
    "WLHImagSurface_r0_n": 1.292032969765891,
    "WLHImagSurface_r1_n": 1.4047206876624247,
    "WLHImagSurface_r2_n": 0.003167061106721635,
    "WLHImagSurface_a0_n": 0.8491694660765212,
    "WLHRealSpinOrbit_V0_p": 10.471857343415607,
    "WLHRealSpinOrbit_V1_p": 0.008564153293480958,
    "WLHRealSpinOrbit_r0_p": 1.2001734734192704,
    "WLHRealSpinOrbit_r1_p": 0.7465802730437275,
    "WLHRealSpinOrbit_a0_p": 0.747071952521181,
    "WLHRealSpinOrbit_a1_p": 0.00036302316990158913,
    "WLHRealSpinOrbit_V0_n": 9.590837138893313,
    "WLHRealSpinOrbit_V1_n": 0.008404588684543511,
    "WLHRealSpinOrbit_r0_n": 1.2744469655598833,
    "WLHRealSpinOrbit_r1_n": 0.8549288334784937,
    "WLHRealSpinOrbit_a0_n": 0.7979383143959174,
    "WLHRealSpinOrbit_a1_n": 0.0003691234452702799
}