{
    "WLHReal_V0_p": 55.266825322749305,
    "WLHReal_V1_p": 0.28767249391126365,
    "WLHReal_V2_p": -0.00035794658388511673,
    "WLHReal_V3_p": 2.5393750341864036e-06,
    "WLHReal_V4_p": 13.169528051746097,
    "WLHReal_V5_p": 0.1478255401905829,
    "WLHReal_V6_p": 0.00046774091639036053,
    "WLHReal_r0_p": 1.304670676686403,
    "WLHReal_r1_p": 0.3048281742938825,
    "WLHReal_r2_p": 0.0009138025599388398,
    "WLHReal_r3_p": 8.627548353676416e-06,
    "WLHReal_a0_p": 0.7923154283021158,
    "WLHReal_a1_p": 0.0002619130334481021,
    "WLHReal_a2_p": 6.270590216534616e-06,
    "WLHReal_a3_p": 0.03599877490236711,
    "WLHReal_a4_p": 0.5751930021861852,
    "WLHReal_V0_n": 52.76935205583029,
    "WLHReal_V1_n": 0.3277058551779311,
    "WLHReal_V2_n": 0.0002186812783109499,
    "WLHReal_V3_n": 1.796194244688619e-06,
    "WLHReal_V4_n": 20.305354008240332,
    "WLHReal_V5_n": 0.2544828985684068,
    "WLHReal_V6_n": 0.0006703921031595544,
    "WLHReal_r0_n": 1.2850527441262276,
    "WLHReal_r1_n": 0.3096585578056744,
    "WLHReal_r2_n": 0.0006801042641942712,
    "WLHReal_r3_n": 3.6878917720588282e-06,
    "WLHReal_a0_n": 0.720734203876477,
    "WLHReal_a1_n": 0.0006730315614671132,
    "WLHReal_a2_n": 5.51123717564723e-06,
    "WLHReal_a3_n": 0.23132990670276038,
    "WLHReal_a4_n": 0.7690749048858165,
    "WLHImagVolume_W0_p": 5.284857187962017,
    "WLHImagVolume_W1_p": 0.27652691171122623,
    "WLHImagVolume_W2_p": 0.0002780521572788208,
    "WLHImagVolume_W3_p": 12.269305764933986,
    "WLHImagVolume_W4_p": 0.09699799437252299,
    "WLHImagVolume_r0_p": 0.8024355334860608,
    "WLHImagVolume_r1_p": 21.42653036765942,
    "WLHImagVolume_r2_p": 0.4517022285459851,
    "WLHImagVolume_r3_p": 37.868106510266806,
    "WLHImagVolume_r4_p": 0.8183106909362998,
    "WLHImagVolume_r5_p": 2.402130930136186e-06,
    "WLHImagVolume_a0_p": 0.6220683293462046,
    "WLHImagVolume_a1_p": 0.20720705391408195,
    "WLHImagVolume_a2_p": 8.758035751936013,
    "WLHImagVolume_a3_p": 0.49482604493059557,
    "WLHImagVolume_a4_p": 0.003554016256083169,
    "WLHImagVolume_W0_n": 2.1589816358395373,
    "WLHImagVolume_W1_n": 0.22736134519023674,
    "WLHImagVolume_W2_n": 0.000677414322941893,
    "WLHImagVolume_W3_n": 7.104318677265563,
    "WLHImagVolume_W4_n": 0.04006507769246239,
    "WLHImagVolume_r0_n": 0.4002961080473494,
    "WLHImagVolume_r1_n": 113.21762187883837,
    "WLHImagVolume_r2_n": 0.8795161545515255,
    "WLHImagVolume_r3_n": 98.72253111124266,
    "WLHImagVolume_r4_n": 0.6393702800629455,
    "WLHImagVolume_r5_n": 1.820585684426554e-06,
    "WLHImagVolume_a0_n": 0.16535383423502825,
    "WLHImagVolume_a1_n": 0.6415282704472115,
    "WLHImagVolume_a2_n": 8.10404202504868,
    "WLHImagVolume_a3_n": 0.045400989150270264,
    "WLHImagVolume_a4_n": 9.6410103066321e-05,
    "WLHImagSurface_W0_p": 0.5169214161967575,
    "WLHImagSurface_W1_p": 0.003850691885646851,
    "WLHImagSurface_W2_p": 0.17462072199816936,
    "WLHImagSurface_W3_p": 0.016556786690641645,
    "WLHImagSurface_r0_p": 0.7731994474748067,
    "WLHImagSurface_r1_p": 0.3381491026338889,
    "WLHImagSurface_r2_p": 0.0024410569643541326,
    "WLHImagSurface_a0_p": 0.5943213831012284,
    "WLHImagSurface_W0_n": 2.152917035600432,
    "WLHImagSurface_W1_n": 0.05131221451854566,
    "WLHImagSurface_W2_n": 3.5148604694065435,
    "WLHImagSurface_W3_n": 0.1747902842952276,
    "WLHImagSurface_r0_n": 1.343979722380991,
    "WLHImagSurface_r1_n": 1.54125640012394,
    "WLHImagSurface_r2_n": 0.004070325619095106,
    "WLHImagSurface_a0_n": 0.8349678140243239,
    "WLHRealSpinOrbit_V0_p": 10.073809961633899,
    "WLHRealSpinOrbit_V1_p": 0.009059020937405307,
    "WLHRealSpinOrbit_r0_p": 1.2798213219526824,
    "WLHRealSpinOrbit_r1_p": 0.8862380759826055,
    "WLHRealSpinOrbit_a0_p": 0.8152603744597497,
    "WLHRealSpinOrbit_a1_p": 0.00032973029592674283,
    "WLHRealSpinOrbit_V0_n": 9.112399175475955,
    "WLHRealSpinOrbit_V1_n": 0.007814419532083417,
    "WLHRealSpinOrbit_r0_n": 1.2585476380139524,
    "WLHRealSpinOrbit_r1_n": 0.8369068649899414,
    "WLHRealSpinOrbit_a0_n": 0.7813115670748525,
    "WLHRealSpinOrbit_a1_n": 0.0003593085533535539
}