{
    "ECS_p": 0.257135,
    "ECS_n": 0.294753,
    "APower_p": 0.713611,
    "APower_n": 0.346697
}