{
    "WLHReal_V0_p": 55.401987997484625,
    "WLHReal_V1_p": 0.2783919195296117,
    "WLHReal_V2_p": 0.0005590695232130522,
    "WLHReal_V3_p": -5.146430253324416e-07,
    "WLHReal_V4_p": 16.028691833976314,
    "WLHReal_V5_p": 0.1351045158310961,
    "WLHReal_V6_p": 0.00012235488992001341,
    "WLHReal_r0_p": 1.2369370433659201,
    "WLHReal_r1_p": 0.30085399183329126,
    "WLHReal_r2_p": 0.0003923307028551368,
    "WLHReal_r3_p": 8.241724972396775e-07,
    "WLHReal_a0_p": 0.7397007949655552,
    "WLHReal_a1_p": 0.00019628793875875008,
    "WLHReal_a2_p": -3.640319457820693e-07,
    "WLHReal_a3_p": 0.07980903540709577,
    "WLHReal_a4_p": 0.48285010533127637,
    "WLHReal_V0_n": 53.515538447083266,
    "WLHReal_V1_n": 0.2824637824000117,
    "WLHReal_V2_n": -0.00045907098162378975,
    "WLHReal_V3_n": 3.4135701051801496e-06,
    "WLHReal_V4_n": 20.81307311829165,
    "WLHReal_V5_n": 0.30566672405903383,
    "WLHReal_V6_n": 0.0012300406810802395,
    "WLHReal_r0_n": 1.3192781576610073,
    "WLHReal_r1_n": 0.3724640785833609,
    "WLHReal_r2_n": 0.0009336693176500634,
    "WLHReal_r3_n": 9.024638069635e-06,
    "WLHReal_a0_n": 0.7510221495795976,
    "WLHReal_a1_n": 0.0008233799634485503,
    "WLHReal_a2_n": 1.0985282973592065e-05,
    "WLHReal_a3_n": 0.24977856045276625,
    "WLHReal_a4_n": 0.8439505405751447,
    "WLHImagVolume_W0_p": 2.6790321364819585,
    "WLHImagVolume_W1_p": 0.17943501203797607,
    "WLHImagVolume_W2_p": 8.196399639479523e-05,
    "WLHImagVolume_W3_p": 11.100394423740337,
    "WLHImagVolume_W4_p": 0.05696953108763912,
    "WLHImagVolume_r0_p": 0.6615536576755293,
    "WLHImagVolume_r1_p": 33.42762284419969,
    "WLHImagVolume_r2_p": 0.5200752145861609,
    "WLHImagVolume_r3_p": 43.292159113319194,
    "WLHImagVolume_r4_p": 0.7217304840193661,
    "WLHImagVolume_r5_p": 2.3684369878293364e-06,
    "WLHImagVolume_a0_p": 0.5134379673234815,
    "WLHImagVolume_a1_p": 0.2573593867490528,
    "WLHImagVolume_a2_p": 12.111486818884783,
    "WLHImagVolume_a3_p": 0.3867068333682459,
    "WLHImagVolume_a4_p": 0.0018060088534194718,
    "WLHImagVolume_W0_n": 3.312542331432998,
    "WLHImagVolume_W1_n": 0.298312690952978,
    "WLHImagVolume_W2_n": 0.0006051667296643548,
    "WLHImagVolume_W3_n": 9.622575667676367,
    "WLHImagVolume_W4_n": 0.03809182328668485,
    "WLHImagVolume_r0_n": 0.5786813702776756,
    "WLHImagVolume_r1_n": 73.00898475784481,
    "WLHImagVolume_r2_n": 0.7289809117419628,
    "WLHImagVolume_r3_n": 87.00842784832977,
    "WLHImagVolume_r4_n": 0.9871879800599179,
    "WLHImagVolume_r5_n": 4.023925409180136e-06,
    "WLHImagVolume_a0_n": 0.27338142845207697,
    "WLHImagVolume_a1_n": 0.5698005737396518,
    "WLHImagVolume_a2_n": 5.461787766525493,
    "WLHImagVolume_a3_n": 0.04994406708296288,
    "WLHImagVolume_a4_n": 0.0008105321515663616,
    "WLHImagSurface_W0_p": 1.1932019310590158,
    "WLHImagSurface_W1_p": 0.05275158410116905,
    "WLHImagSurface_W2_p": 1.8771311675935778,
    "WLHImagSurface_W3_p": 0.18632616893449988,
    "WLHImagSurface_r0_p": 1.040693448528952,
    "WLHImagSurface_r1_p": 0.7935424995989571,
    "WLHImagSurface_r2_p": 0.008914983989785227,
    "WLHImagSurface_a0_p": 0.6928841091359488,
    "WLHImagSurface_W0_n": 1.7541348970253166,
    "WLHImagSurface_W1_n": 0.047313798881463594,
    "WLHImagSurface_W2_n": 2.7662795189474796,
    "WLHImagSurface_W3_n": 0.16978147309509958,
    "WLHImagSurface_r0_n": 1.2796732768799728,
    "WLHImagSurface_r1_n": 1.5496502319939802,
    "WLHImagSurface_r2_n": 0.0028807201979161633,
    "WLHImagSurface_a0_n": 0.8552649137007281,
    "WLHRealSpinOrbit_V0_p": 10.247264892737784,
    "WLHRealSpinOrbit_V1_p": 0.008345208759160595,
    "WLHRealSpinOrbit_r0_p": 1.2063365634189105,
    "WLHRealSpinOrbit_r1_p": 0.745410943476627,
    "WLHRealSpinOrbit_a0_p": 0.7461861433910697,
    "WLHRealSpinOrbit_a1_p": 0.0003798901034349542,
    "WLHRealSpinOrbit_V0_n": 9.601832925351694,
    "WLHRealSpinOrbit_V1_n": 0.008675892476513626,
    "WLHRealSpinOrbit_r0_n": 1.2946894669188864,
    "WLHRealSpinOrbit_r1_n": 0.8971165067813167,
    "WLHRealSpinOrbit_a0_n": 0.8183240865056501,
    "WLHRealSpinOrbit_a1_n": 0.000347025270628287
}