{
    "WLHReal_V0_p": 54.432682950161094,
    "WLHReal_V1_p": 0.3196856350971682,
    "WLHReal_V2_p": -0.0004971442571504484,
    "WLHReal_V3_p": 4.049197486716804e-06,
    "WLHReal_V4_p": 10.851467893987051,
    "WLHReal_V5_p": 0.1650694304511824,
    "WLHReal_V6_p": 0.0005249444271323312,
    "WLHReal_r0_p": 1.3747183791536552,
    "WLHReal_r1_p": 0.42982585585801714,
    "WLHReal_r2_p": 0.0008379266559703705,
    "WLHReal_r3_p": 7.193318283837568e-06,
    "WLHReal_a0_p": 0.8140498095355025,
    "WLHReal_a1_p": 0.00025276831353344205,
    "WLHReal_a2_p": 5.9852810838851945e-06,
    "WLHReal_a3_p": 0.04347254969421492,
    "WLHReal_a4_p": 0.5806934377346771,
    "WLHReal_V0_n": 51.303776257950446,
    "WLHReal_V1_n": 0.23350532746716682,
    "WLHReal_V2_n": 6.138229264471821e-05,
    "WLHReal_V3_n": 9.902951714495138e-07,
    "WLHReal_V4_n": 22.558871927498043,
    "WLHReal_V5_n": 0.2505212491666677,
    "WLHReal_V6_n": 0.0006483155542665775,
    "WLHReal_r0_n": 1.2856323244009158,
    "WLHReal_r1_n": 0.3368312808869262,
    "WLHReal_r2_n": 0.000541979159670767,
    "WLHReal_r3_n": 3.593570380428127e-06,
    "WLHReal_a0_n": 0.7160330976946495,
    "WLHReal_a1_n": 0.00040939457830194154,
    "WLHReal_a2_n": 2.3975496048438577e-06,
    "WLHReal_a3_n": 0.2369720922192442,
    "WLHReal_a4_n": 0.6720493563510707,
    "WLHImagVolume_W0_p": 5.84436253532211,
    "WLHImagVolume_W1_p": 0.3148123423403186,
    "WLHImagVolume_W2_p": 0.0006790942944041342,
    "WLHImagVolume_W3_p": 12.581449060353195,
    "WLHImagVolume_W4_p": 0.10869181463268004,
    "WLHImagVolume_r0_p": 0.5205775986555541,
    "WLHImagVolume_r1_p": 58.301133303888854,
    "WLHImagVolume_r2_p": 0.7956459842837071,
    "WLHImagVolume_r3_p": 64.04634756788218,
    "WLHImagVolume_r4_p": 0.4875390629946441,
    "WLHImagVolume_r5_p": 1.1668161862782927e-06,
    "WLHImagVolume_a0_p": 0.6071239636845984,
    "WLHImagVolume_a1_p": 0.28021362163747476,
    "WLHImagVolume_a2_p": 15.27567480244805,
    "WLHImagVolume_a3_p": 0.46355475026361126,
    "WLHImagVolume_a4_p": 0.0031669036907972115,
    "WLHImagVolume_W0_n": 1.4434881058193858,
    "WLHImagVolume_W1_n": 0.1576528538360472,
    "WLHImagVolume_W2_n": 2.7278349678080266e-05,
    "WLHImagVolume_W3_n": 6.2368941600806895,
    "WLHImagVolume_W4_n": -0.008214348428757793,
    "WLHImagVolume_r0_n": 0.5870787927338638,
    "WLHImagVolume_r1_n": 66.72463019428253,
    "WLHImagVolume_r2_n": 0.6785701306794957,
    "WLHImagVolume_r3_n": 68.0513538402938,
    "WLHImagVolume_r4_n": 1.0081983374693286,
    "WLHImagVolume_r5_n": 3.792258930754999e-06,
    "WLHImagVolume_a0_n": 0.2108629040338806,
    "WLHImagVolume_a1_n": 0.6206182214047095,
    "WLHImagVolume_a2_n": 11.344401778483324,
    "WLHImagVolume_a3_n": 0.12577994243323867,
    "WLHImagVolume_a4_n": 0.001345094240567181,
    "WLHImagSurface_W0_p": 0.9112557007347389,
    "WLHImagSurface_W1_p": 0.053902273677035095,
    "WLHImagSurface_W2_p": 1.2736894713199272,
    "WLHImagSurface_W3_p": 0.21454526608139768,
    "WLHImagSurface_r0_p": 0.9011250938217135,
    "WLHImagSurface_r1_p": 0.4636492797225829,
    "WLHImagSurface_r2_p": 0.0014303917540773483,
    "WLHImagSurface_a0_p": 0.7286936313435027,
    "WLHImagSurface_W0_n": 0.8045913502517149,
    "WLHImagSurface_W1_n": 0.001144502927519074,
    "WLHImagSurface_W2_n": 1.1302083903622087,
    "WLHImagSurface_W3_n": 0.04640854598137786,
    "WLHImagSurface_r0_n": 1.2671133458982136,
    "WLHImagSurface_r1_n": 1.1918943756088998,
    "WLHImagSurface_r2_n": 0.003265176547804869,
    "WLHImagSurface_a0_n": 0.8427613609670624,
    "WLHRealSpinOrbit_V0_p": 9.059984215062403,
    "WLHRealSpinOrbit_V1_p": 0.008402576429782434,
    "WLHRealSpinOrbit_r0_p": 1.3215411857814672,
    "WLHRealSpinOrbit_r1_p": 0.9372584009139417,
    "WLHRealSpinOrbit_a0_p": 0.8339750753714558,
    "WLHRealSpinOrbit_a1_p": 0.00034381584845514227,
    "WLHRealSpinOrbit_V0_n": 9.84079232860219,
    "WLHRealSpinOrbit_V1_n": 0.008341930581091872,
    "WLHRealSpinOrbit_r0_n": 1.2571383710072415,
    "WLHRealSpinOrbit_r1_n": 0.804296626495669,
    "WLHRealSpinOrbit_a0_n": 0.7779735038878578,
    "WLHRealSpinOrbit_a1_n": 0.00040792842008758175
}