{
    "WLHReal_V0_p": 49.580353323765415,
    "WLHReal_V1_p": 0.3045587448042538,
    "WLHReal_V2_p": -0.001166673814538988,
    "WLHReal_V3_p": 6.1786460883510044e-06,
    "WLHReal_V4_p": 9.06385508571734,
    "WLHReal_V5_p": 0.1402356029674459,
    "WLHReal_V6_p": 0.0006747832533092866,
    "WLHReal_r0_p": 1.4231639202294406,
    "WLHReal_r1_p": 0.33810065942032036,
    "WLHReal_r2_p": 0.0011517638693749417,
    "WLHReal_r3_p": 1.3683221091049673e-05,
    "WLHReal_a0_p": 0.8322551999103939,
    "WLHReal_a1_p": 2.064014348797242e-06,
    "WLHReal_a2_p": 1.3124647127752553e-05,
    "WLHReal_a3_p": -0.03547503535783923,
    "WLHReal_a4_p": 0.5647383595418795,
    "WLHReal_V0_n": 53.964062633565625,
    "WLHReal_V1_n": 0.2959730972826361,
    "WLHReal_V2_n": 1.2210704921935406e-05,
    "WLHReal_V3_n": 2.07394509610786e-06,
    "WLHReal_V4_n": 20.97099634663401,
    "WLHReal_V5_n": 0.2722147251410757,
    "WLHReal_V6_n": 0.0008036799528143509,
    "WLHReal_r0_n": 1.2933373287169576,
    "WLHReal_r1_n": 0.36446220750823,
    "WLHReal_r2_n": 0.0006651715638041368,
    "WLHReal_r3_n": 4.07978320015854e-06,
    "WLHReal_a0_n": 0.7280450809885887,
    "WLHReal_a1_n": 0.0005271479407301385,
    "WLHReal_a2_n": 4.672956052402962e-06,
    "WLHReal_a3_n": 0.20867164037457286,
    "WLHReal_a4_n": 0.7153061538418942,
    "WLHImagVolume_W0_p": 6.508933546552677,
    "WLHImagVolume_W1_p": 0.25678495228256254,
    "WLHImagVolume_W2_p": 0.0005718174998394414,
    "WLHImagVolume_W3_p": 9.612993501642421,
    "WLHImagVolume_W4_p": 0.10125344738214813,
    "WLHImagVolume_r0_p": 0.6526527402569287,
    "WLHImagVolume_r1_p": 57.546693746822164,
    "WLHImagVolume_r2_p": 0.7416996575502562,
    "WLHImagVolume_r3_p": 70.11389255122103,
    "WLHImagVolume_r4_p": 0.48506073600639266,
    "WLHImagVolume_r5_p": 5.798316084771493e-07,
    "WLHImagVolume_a0_p": 0.6332784685097432,
    "WLHImagVolume_a1_p": 0.28740170120369857,
    "WLHImagVolume_a2_p": 17.241743535972684,
    "WLHImagVolume_a3_p": 0.4616023359831118,
    "WLHImagVolume_a4_p": 0.0033290258192812724,
    "WLHImagVolume_W0_n": 2.536626770229676,
    "WLHImagVolume_W1_n": 0.2632926737321795,
    "WLHImagVolume_W2_n": 0.0005466121937548578,
    "WLHImagVolume_W3_n": 8.230527217209646,
    "WLHImagVolume_W4_n": 0.04308316715436812,
    "WLHImagVolume_r0_n": 0.5109202512340074,
    "WLHImagVolume_r1_n": 82.29932725653825,
    "WLHImagVolume_r2_n": 0.7706525293832189,
    "WLHImagVolume_r3_n": 84.0269266745631,
    "WLHImagVolume_r4_n": 0.8803334617771973,
    "WLHImagVolume_r5_n": 2.797306073181273e-06,
    "WLHImagVolume_a0_n": 0.21900584004259852,
    "WLHImagVolume_a1_n": 0.6114620839582037,
    "WLHImagVolume_a2_n": 7.618973644484657,
    "WLHImagVolume_a3_n": 0.060230411867520206,
    "WLHImagVolume_a4_n": 0.0007525548419547944,
    "WLHImagSurface_W0_p": 0.6089700940184182,
    "WLHImagSurface_W1_p": 0.026849892636370776,
    "WLHImagSurface_W2_p": 0.13474280025496588,
    "WLHImagSurface_W3_p": 0.10019240217683556,
    "WLHImagSurface_r0_p": 0.7998230608988661,
    "WLHImagSurface_r1_p": -0.12862915747229403,
    "WLHImagSurface_r2_p": -0.002977732123968316,
    "WLHImagSurface_a0_p": 0.8177351513929132,
    "WLHImagSurface_W0_n": 1.815251467257652,
    "WLHImagSurface_W1_n": 0.039952368523682724,
    "WLHImagSurface_W2_n": 2.9359892252126993,
    "WLHImagSurface_W3_n": 0.14664654276626443,
    "WLHImagSurface_r0_n": 1.293607975514358,
    "WLHImagSurface_r1_n": 1.471009903938935,
    "WLHImagSurface_r2_n": 0.0036744717850588117,
    "WLHImagSurface_a0_n": 0.8377537428440135,
    "WLHRealSpinOrbit_V0_p": 8.496596954587908,
    "WLHRealSpinOrbit_V1_p": 0.008574376444904025,
    "WLHRealSpinOrbit_r0_p": 1.3939757116617404,
    "WLHRealSpinOrbit_r1_p": 1.0492126404044029,
    "WLHRealSpinOrbit_a0_p": 0.889519650200194,
    "WLHRealSpinOrbit_a1_p": 0.00034407980960883544,
    "WLHRealSpinOrbit_V0_n": 9.549037863791437,
    "WLHRealSpinOrbit_V1_n": 0.00826439565730445,
    "WLHRealSpinOrbit_r0_n": 1.2626846403955923,
    "WLHRealSpinOrbit_r1_n": 0.8402098022463093,
    "WLHRealSpinOrbit_a0_n": 0.7882330148693688,
    "WLHRealSpinOrbit_a1_n": 0.00036150099047095504
}