{
    "ECS_p": 0.293866,
    "ECS_n": 0.405677,
    "APower_p": 0.722374,
    "APower_n": 0.722313
}