{
    "CH89RealCentral": {
        "V_0": 58.7497,
        "V_t": 21.7971,
        "V_e": -0.399837,
        "r_o": 1.10081,
        "r_o_0": 0.0787233,
        "a_0": 0.730954
    },
    "CH89Coulomb": {
        "r_c": 1.14595,
        "r_c_0": -0.0014943
    },
    "CH89SpinOrbit": {
        "V_so": 4.9127,
        "r_so": 1.33182,
        "r_so_0": -1.35867,
        "a_so": 0.543887
    },
    "CH89ImagCentral": {
        "W_v0": 7.38338,
        "W_ve0": 36.6238,
        "W_vew": 27.9261,
        "W_s0": 8.11381,
        "W_st": 13.6734,
        "W_se0": 43.0991,
        "W_sew": 29.1166,
        "r_w": 1.37284,
        "r_w0": -0.650336,
        "a_w": 0.7546
    }
}