{
    "WLHReal_V0_p": 54.428598660011545,
    "WLHReal_V1_p": 0.27707569935996573,
    "WLHReal_V2_p": 0.00024482202793200296,
    "WLHReal_V3_p": 9.50084432593155e-08,
    "WLHReal_V4_p": 15.244505455620967,
    "WLHReal_V5_p": 0.1223146714234555,
    "WLHReal_V6_p": 0.00020171917911970014,
    "WLHReal_r0_p": 1.2428569673113086,
    "WLHReal_r1_p": 0.22962671998237538,
    "WLHReal_r2_p": 0.0006688264510453725,
    "WLHReal_r3_p": 5.0283909254132335e-06,
    "WLHReal_a0_p": 0.7511959950373978,
    "WLHReal_a1_p": 0.0001261320889217736,
    "WLHReal_a2_p": 3.1556628337026933e-06,
    "WLHReal_a3_p": 0.054697561099320384,
    "WLHReal_a4_p": 0.5223503901072167,
    "WLHReal_V0_n": 55.01536699528466,
    "WLHReal_V1_n": 0.29773420940258266,
    "WLHReal_V2_n": -0.0002151612419275606,
    "WLHReal_V3_n": 2.2024780068283166e-06,
    "WLHReal_V4_n": 21.111564012211293,
    "WLHReal_V5_n": 0.2888169082345128,
    "WLHReal_V6_n": 0.0010706230071551599,
    "WLHReal_r0_n": 1.2817770798601966,
    "WLHReal_r1_n": 0.32006113244085915,
    "WLHReal_r2_n": 0.0008785771758686595,
    "WLHReal_r3_n": 8.477821146032722e-06,
    "WLHReal_a0_n": 0.7420363491937721,
    "WLHReal_a1_n": 0.0007049138952685592,
    "WLHReal_a2_n": 9.119502739201994e-06,
    "WLHReal_a3_n": 0.26202964468826323,
    "WLHReal_a4_n": 0.8614233019669183,
    "WLHImagVolume_W0_p": 3.288453893532248,
    "WLHImagVolume_W1_p": 0.1799297424227451,
    "WLHImagVolume_W2_p": 4.2418474565228815e-05,
    "WLHImagVolume_W3_p": 10.967569452302358,
    "WLHImagVolume_W4_p": 0.059947258058602314,
    "WLHImagVolume_r0_p": 0.7787970270752086,
    "WLHImagVolume_r1_p": 26.32397068204068,
    "WLHImagVolume_r2_p": 0.4242741072140159,
    "WLHImagVolume_r3_p": 42.4652285788217,
    "WLHImagVolume_r4_p": 0.8131650782812379,
    "WLHImagVolume_r5_p": 1.993894804166102e-06,
    "WLHImagVolume_a0_p": 0.5411232243583114,
    "WLHImagVolume_a1_p": 0.23878040950317606,
    "WLHImagVolume_a2_p": 11.101514082431851,
    "WLHImagVolume_a3_p": 0.40966788929408016,
    "WLHImagVolume_a4_p": 0.00220655103356332,
    "WLHImagVolume_W0_n": 3.3968187669508834,
    "WLHImagVolume_W1_n": 0.29571189484642746,
    "WLHImagVolume_W2_n": 0.0005431769844426546,
    "WLHImagVolume_W3_n": 10.036331497232858,
    "WLHImagVolume_W4_n": 0.048556029000002054,
    "WLHImagVolume_r0_n": 0.6058830757812659,
    "WLHImagVolume_r1_n": 65.05308633671355,
    "WLHImagVolume_r2_n": 0.6696332000659698,
    "WLHImagVolume_r3_n": 79.59256227709287,
    "WLHImagVolume_r4_n": 1.0013468535476118,
    "WLHImagVolume_r5_n": 4.100450509684096e-06,
    "WLHImagVolume_a0_n": 0.2549278234419236,
    "WLHImagVolume_a1_n": 0.5699536656337989,
    "WLHImagVolume_a2_n": 5.626156012500836,
    "WLHImagVolume_a3_n": 0.02948387739267898,
    "WLHImagVolume_a4_n": 0.0006281625390856708,
    "WLHImagSurface_W0_p": 0.8689613340852892,
    "WLHImagSurface_W1_p": 0.021104622518103966,
    "WLHImagSurface_W2_p": 0.7526757823385918,
    "WLHImagSurface_W3_p": 0.06087155026277358,
    "WLHImagSurface_r0_p": 0.9475618879428305,
    "WLHImagSurface_r1_p": 0.5207130774878886,
    "WLHImagSurface_r2_p": 0.006575703079844158,
    "WLHImagSurface_a0_p": 0.6972525016033876,
    "WLHImagSurface_W0_n": 1.8332165146695134,
    "WLHImagSurface_W1_n": 0.042714325689317885,
    "WLHImagSurface_W2_n": 2.4812889366101802,
    "WLHImagSurface_W3_n": 0.1412068539793385,
    "WLHImagSurface_r0_n": 1.2617185966368358,
    "WLHImagSurface_r1_n": 1.4895093181425934,
    "WLHImagSurface_r2_n": 0.0033429179270071424,
    "WLHImagSurface_a0_n": 0.8413909742564166,
    "WLHRealSpinOrbit_V0_p": 10.299610963570675,
    "WLHRealSpinOrbit_V1_p": 0.008695444649418876,
    "WLHRealSpinOrbit_r0_p": 1.228227742593295,
    "WLHRealSpinOrbit_r1_p": 0.7933933478502314,
    "WLHRealSpinOrbit_a0_p": 0.7703974502951031,
    "WLHRealSpinOrbit_a1_p": 0.000357889195307031,
    "WLHRealSpinOrbit_V0_n": 9.937798497169208,
    "WLHRealSpinOrbit_V1_n": 0.008776314887458942,
    "WLHRealSpinOrbit_r0_n": 1.2634472228537286,
    "WLHRealSpinOrbit_r1_n": 0.8631482416858625,
    "WLHRealSpinOrbit_a0_n": 0.8007263874865027,
    "WLHRealSpinOrbit_a1_n": 0.00032777736492465464
}