{
    "ECS_p": 0.30977,
    "ECS_n": 0.238264,
    "APower_p": 0.675574,
    "APower_n": 0.40742
}