{
    "WLHReal_V0_p": 52.88943329478113,
    "WLHReal_V1_p": 0.32441300131269235,
    "WLHReal_V2_p": 5.818062057020852e-05,
    "WLHReal_V3_p": 1.992572375961358e-06,
    "WLHReal_V4_p": 12.048614801635757,
    "WLHReal_V5_p": 0.12622618811210465,
    "WLHReal_V6_p": 0.00023706748943316835,
    "WLHReal_r0_p": 1.3153218404039788,
    "WLHReal_r1_p": 0.3116402191128591,
    "WLHReal_r2_p": 0.0007498141923889035,
    "WLHReal_r3_p": 5.809715945583471e-06,
    "WLHReal_a0_p": 0.7768716504968955,
    "WLHReal_a1_p": 2.7417540979337334e-05,
    "WLHReal_a2_p": 4.599767276605068e-06,
    "WLHReal_a3_p": 0.06316556801577172,
    "WLHReal_a4_p": 0.5701854739096963,
    "WLHReal_V0_n": 50.09055965630552,
    "WLHReal_V1_n": 0.25959272679900774,
    "WLHReal_V2_n": -0.0006265381339673306,
    "WLHReal_V3_n": 3.1750090429651768e-06,
    "WLHReal_V4_n": 21.56966988335494,
    "WLHReal_V5_n": 0.2948718346510469,
    "WLHReal_V6_n": 0.0014174218433486744,
    "WLHReal_r0_n": 1.298432984576794,
    "WLHReal_r1_n": 0.2141184713626778,
    "WLHReal_r2_n": 0.0012268642114125817,
    "WLHReal_r3_n": 1.5070551230245927e-05,
    "WLHReal_a0_n": 0.7568307179734276,
    "WLHReal_a1_n": 0.001283127705290956,
    "WLHReal_a2_n": 1.847166049321499e-05,
    "WLHReal_a3_n": 0.39804089704263423,
    "WLHReal_a4_n": 1.1217802983511382,
    "WLHImagVolume_W0_p": 3.9192639603389967,
    "WLHImagVolume_W1_p": 0.21397244250207484,
    "WLHImagVolume_W2_p": 0.0005261975630201687,
    "WLHImagVolume_W3_p": 11.614017203422836,
    "WLHImagVolume_W4_p": 0.06773231232439714,
    "WLHImagVolume_r0_p": 0.46507167769045266,
    "WLHImagVolume_r1_p": 75.04100642812651,
    "WLHImagVolume_r2_p": 0.816525602010116,
    "WLHImagVolume_r3_p": 81.67066229366469,
    "WLHImagVolume_r4_p": 0.43801543664679843,
    "WLHImagVolume_r5_p": 9.650435094835468e-07,
    "WLHImagVolume_a0_p": 0.5134601688201974,
    "WLHImagVolume_a1_p": 0.3357917099460057,
    "WLHImagVolume_a2_p": 20.075428859128387,
    "WLHImagVolume_a3_p": 0.35704940119925194,
    "WLHImagVolume_a4_p": 0.0015322184527488607,
    "WLHImagVolume_W0_n": 3.083503434303549,
    "WLHImagVolume_W1_n": 0.19468656887297758,
    "WLHImagVolume_W2_n": 0.0002851606919837723,
    "WLHImagVolume_W3_n": 8.84535869151021,
    "WLHImagVolume_W4_n": -0.014993878532361001,
    "WLHImagVolume_r0_n": 0.6465548763331601,
    "WLHImagVolume_r1_n": 76.1946457039911,
    "WLHImagVolume_r2_n": 0.6480915419611809,
    "WLHImagVolume_r3_n": 88.06872866553402,
    "WLHImagVolume_r4_n": 0.9702942225966723,
    "WLHImagVolume_r5_n": 4.484188159476553e-06,
    "WLHImagVolume_a0_n": 0.2585108535020551,
    "WLHImagVolume_a1_n": 0.5510546022336427,
    "WLHImagVolume_a2_n": 6.469307593886297,
    "WLHImagVolume_a3_n": 0.05306562230782184,
    "WLHImagVolume_a4_n": 0.0003438765386346312,
    "WLHImagSurface_W0_p": 1.2552654239503254,
    "WLHImagSurface_W1_p": 0.06794751608469832,
    "WLHImagSurface_W2_p": 1.413225483080088,
    "WLHImagSurface_W3_p": 0.23714960183675698,
    "WLHImagSurface_r0_p": 1.1194222420829099,
    "WLHImagSurface_r1_p": 0.5854755001949598,
    "WLHImagSurface_r2_p": 0.004882669525452002,
    "WLHImagSurface_a0_p": 0.9289599654224826,
    "WLHImagSurface_W0_n": 1.195842824946043,
    "WLHImagSurface_W1_n": 0.03103030437357305,
    "WLHImagSurface_W2_n": 1.1081338632841953,
    "WLHImagSurface_W3_n": 0.11273553605010214,
    "WLHImagSurface_r0_n": 1.2796943539011716,
    "WLHImagSurface_r1_n": 1.4273086674202349,
    "WLHImagSurface_r2_n": 0.0022263074243069857,
    "WLHImagSurface_a0_n": 0.8697534437586024,
    "WLHRealSpinOrbit_V0_p": 9.103235837629663,
    "WLHRealSpinOrbit_V1_p": 0.007981931795721278,
    "WLHRealSpinOrbit_r0_p": 1.277682227406,
    "WLHRealSpinOrbit_r1_p": 0.8640429804989974,
    "WLHRealSpinOrbit_a0_p": 0.7964485044359133,
    "WLHRealSpinOrbit_a1_p": 0.00036135980262924975,
    "WLHRealSpinOrbit_V0_n": 9.767909221462045,
    "WLHRealSpinOrbit_V1_n": 0.008936579401173981,
    "WLHRealSpinOrbit_r0_n": 1.300243856146357,
    "WLHRealSpinOrbit_r1_n": 0.9124120118823783,
    "WLHRealSpinOrbit_a0_n": 0.8283119510153765,
    "WLHRealSpinOrbit_a1_n": 0.0003435772080454799
}