{
    "WLHReal_V0_p": 50.50647183689045,
    "WLHReal_V1_p": 0.2544382603295777,
    "WLHReal_V2_p": 0.0005309322842478766,
    "WLHReal_V3_p": -7.52078362575968e-07,
    "WLHReal_V4_p": 16.45725605320152,
    "WLHReal_V5_p": 0.09005470444351825,
    "WLHReal_V6_p": 9.348557107009023e-06,
    "WLHReal_r0_p": 1.2200343340051198,
    "WLHReal_r1_p": 0.14896018325159396,
    "WLHReal_r2_p": 0.00044533900039576485,
    "WLHReal_r3_p": 2.9936859946839203e-06,
    "WLHReal_a0_p": 0.7174368422747943,
    "WLHReal_a1_p": -0.0001413969002647083,
    "WLHReal_a2_p": 2.999978881496306e-06,
    "WLHReal_a3_p": 0.028340125968606154,
    "WLHReal_a4_p": 0.4212398033439819,
    "WLHReal_V0_n": 49.88195117480784,
    "WLHReal_V1_n": 0.2628786050817459,
    "WLHReal_V2_n": -0.0007016152085958308,
    "WLHReal_V3_n": 4.26078998477144e-06,
    "WLHReal_V4_n": 20.806141740767018,
    "WLHReal_V5_n": 0.309042170219755,
    "WLHReal_V6_n": 0.0014201380695599167,
    "WLHReal_r0_n": 1.3405609962034908,
    "WLHReal_r1_n": 0.32327083596530964,
    "WLHReal_r2_n": 0.0011292617680443077,
    "WLHReal_r3_n": 1.2488250834652663e-05,
    "WLHReal_a0_n": 0.7592318404551021,
    "WLHReal_a1_n": 0.0012004890026184546,
    "WLHReal_a2_n": 1.631126808575834e-05,
    "WLHReal_a3_n": 0.3211988667871599,
    "WLHReal_a4_n": 0.9804058720950976,
    "WLHImagVolume_W0_p": 1.4306311170192938,
    "WLHImagVolume_W1_p": 0.040917278569552656,
    "WLHImagVolume_W2_p": -0.00024006445447680473,
    "WLHImagVolume_W3_p": 7.359008728028075,
    "WLHImagVolume_W4_p": 0.016731762100779098,
    "WLHImagVolume_r0_p": 0.7660633585239408,
    "WLHImagVolume_r1_p": 35.59262934791934,
    "WLHImagVolume_r2_p": 0.4342058792422895,
    "WLHImagVolume_r3_p": 51.51393684002865,
    "WLHImagVolume_r4_p": 0.7291339317761961,
    "WLHImagVolume_r5_p": 1.5398877487208037e-06,
    "WLHImagVolume_a0_p": 0.4637725726168146,
    "WLHImagVolume_a1_p": 0.28880841058166984,
    "WLHImagVolume_a2_p": 15.63111441997729,
    "WLHImagVolume_a3_p": 0.3097608373153016,
    "WLHImagVolume_a4_p": 0.0007493259688957576,
    "WLHImagVolume_W0_n": 2.935335679491225,
    "WLHImagVolume_W1_n": 0.23132011716761766,
    "WLHImagVolume_W2_n": 0.0005108878036892246,
    "WLHImagVolume_W3_n": 8.378713179457668,
    "WLHImagVolume_W4_n": -0.0022051913192014556,
    "WLHImagVolume_r0_n": 0.5577697637570111,
    "WLHImagVolume_r1_n": 90.59068083076687,
    "WLHImagVolume_r2_n": 0.7716367519266591,
    "WLHImagVolume_r3_n": 97.9733977711282,
    "WLHImagVolume_r4_n": 0.8988386419580756,
    "WLHImagVolume_r5_n": 4.725314521243172e-06,
    "WLHImagVolume_a0_n": 0.265907936442322,
    "WLHImagVolume_a1_n": 0.5701963667387137,
    "WLHImagVolume_a2_n": 6.193619097285971,
    "WLHImagVolume_a3_n": 0.06991467269217262,
    "WLHImagVolume_a4_n": 0.0005800729584190642,
    "WLHImagSurface_W0_p": 1.2329689540128341,
    "WLHImagSurface_W1_p": 0.042860891277212904,
    "WLHImagSurface_W2_p": 1.3707390844108278,
    "WLHImagSurface_W3_p": 0.11935875948874414,
    "WLHImagSurface_r0_p": 1.1048550335520677,
    "WLHImagSurface_r1_p": 0.4426428946749433,
    "WLHImagSurface_r2_p": 0.008884282398000248,
    "WLHImagSurface_a0_p": 0.8562748845908698,
    "WLHImagSurface_W0_n": 1.444384708329423,
    "WLHImagSurface_W1_n": 0.044565825632565885,
    "WLHImagSurface_W2_n": 2.2704010867296263,
    "WLHImagSurface_W3_n": 0.17029630598973178,
    "WLHImagSurface_r0_n": 1.310292631927173,
    "WLHImagSurface_r1_n": 1.5487883859994465,
    "WLHImagSurface_r2_n": 0.002223793340870956,
    "WLHImagSurface_a0_n": 0.8747906821824408,
    "WLHRealSpinOrbit_V0_p": 10.008892642543474,
    "WLHRealSpinOrbit_V1_p": 0.008194146901225776,
    "WLHRealSpinOrbit_r0_p": 1.2204826856330901,
    "WLHRealSpinOrbit_r1_p": 0.7560419485047831,
    "WLHRealSpinOrbit_a0_p": 0.7528265644245291,
    "WLHRealSpinOrbit_a1_p": 0.0004042828013136938,
    "WLHRealSpinOrbit_V0_n": 9.256215566985038,
    "WLHRealSpinOrbit_V1_n": 0.00857926466414228,
    "WLHRealSpinOrbit_r0_n": 1.3247703253435879,
    "WLHRealSpinOrbit_r1_n": 0.9329597980627612,
    "WLHRealSpinOrbit_a0_n": 0.8368245621958054,
    "WLHRealSpinOrbit_a1_n": 0.0003655534107974632
}