{
    "WLHReal_V0_p": 51.01303498284015,
    "WLHReal_V1_p": 0.2580694027327674,
    "WLHReal_V2_p": -0.0010138918345752404,
    "WLHReal_V3_p": 4.299440755997187e-06,
    "WLHReal_V4_p": 12.03340652270876,
    "WLHReal_V5_p": 0.14279729660044982,
    "WLHReal_V6_p": 0.0006611879205149005,
    "WLHReal_r0_p": 1.3647445450570184,
    "WLHReal_r1_p": 0.2897540768911115,
    "WLHReal_r2_p": 0.0010199393582369595,
    "WLHReal_r3_p": 1.3221249340568904e-05,
    "WLHReal_a0_p": 0.8100193640601429,
    "WLHReal_a1_p": 0.00011715726324961607,
    "WLHReal_a2_p": 1.0907561303235115e-05,
    "WLHReal_a3_p": -0.04543596667229112,
    "WLHReal_a4_p": 0.5043238767967602,
    "WLHReal_V0_n": 50.87455187195555,
    "WLHReal_V1_n": 0.26232953534175923,
    "WLHReal_V2_n": -0.0004790265825032107,
    "WLHReal_V3_n": 3.1333161886655506e-06,
    "WLHReal_V4_n": 21.254597770403638,
    "WLHReal_V5_n": 0.29336570760532255,
    "WLHReal_V6_n": 0.001224167644070829,
    "WLHReal_r0_n": 1.317143945915311,
    "WLHReal_r1_n": 0.3122908055648252,
    "WLHReal_r2_n": 0.0009948002279262943,
    "WLHReal_r3_n": 1.0640526826471475e-05,
    "WLHReal_a0_n": 0.7483323126937165,
    "WLHReal_a1_n": 0.0009939854260035696,
    "WLHReal_a2_n": 1.2392045570790718e-05,
    "WLHReal_a3_n": 0.30606592345161926,
    "WLHReal_a4_n": 0.9225031399964347,
    "WLHImagVolume_W0_p": 5.980538882636438,
    "WLHImagVolume_W1_p": 0.22916309417241437,
    "WLHImagVolume_W2_p": 0.0001340521560241092,
    "WLHImagVolume_W3_p": 8.821119258445135,
    "WLHImagVolume_W4_p": 0.09655884516064239,
    "WLHImagVolume_r0_p": 0.9270371064841227,
    "WLHImagVolume_r1_p": 12.181600370937012,
    "WLHImagVolume_r2_p": 0.3980422930312275,
    "WLHImagVolume_r3_p": 32.09536857519669,
    "WLHImagVolume_r4_p": 0.8109531917198534,
    "WLHImagVolume_r5_p": 2.197439991915206e-06,
    "WLHImagVolume_a0_p": 0.6627130590071842,
    "WLHImagVolume_a1_p": 0.1971928234428011,
    "WLHImagVolume_a2_p": 8.822398503717235,
    "WLHImagVolume_a3_p": 0.5145884016500248,
    "WLHImagVolume_a4_p": 0.0040201968473366385,
    "WLHImagVolume_W0_n": 2.7310051335982397,
    "WLHImagVolume_W1_n": 0.22186144232815402,
    "WLHImagVolume_W2_n": 0.00040069952879426225,
    "WLHImagVolume_W3_n": 8.244973033606042,
    "WLHImagVolume_W4_n": 0.0022942785051619126,
    "WLHImagVolume_r0_n": 0.5784245837795885,
    "WLHImagVolume_r1_n": 81.35266093129246,
    "WLHImagVolume_r2_n": 0.727515120758782,
    "WLHImagVolume_r3_n": 88.87317511970117,
    "WLHImagVolume_r4_n": 0.9383279962078119,
    "WLHImagVolume_r5_n": 4.273290962526053e-06,
    "WLHImagVolume_a0_n": 0.2524263306386906,
    "WLHImagVolume_a1_n": 0.5779102509465948,
    "WLHImagVolume_a2_n": 7.1197030601992255,
    "WLHImagVolume_a3_n": 0.07263413091736759,
    "WLHImagVolume_a4_n": 0.0006942156241482281,
    "WLHImagSurface_W0_p": 0.29056477807588277,
    "WLHImagSurface_W1_p": -0.010382171757662172,
    "WLHImagSurface_W2_p": -0.21976530036109,
    "WLHImagSurface_W3_p": -0.03559797130148054,
    "WLHImagSurface_r0_p": 0.6357387886593453,
    "WLHImagSurface_r1_p": -0.17041987937288944,
    "WLHImagSurface_r2_p": -0.0014073868029164573,
    "WLHImagSurface_a0_p": 0.5848860547019665,
    "WLHImagSurface_W0_n": 1.3555359143662016,
    "WLHImagSurface_W1_n": 0.03478900379141484,
    "WLHImagSurface_W2_n": 1.9631984663449793,
    "WLHImagSurface_W3_n": 0.1368708825866412,
    "WLHImagSurface_r0_n": 1.2926545117548744,
    "WLHImagSurface_r1_n": 1.4607705869696836,
    "WLHImagSurface_r2_n": 0.0025821722846735753,
    "WLHImagSurface_a0_n": 0.8634872195521723,
    "WLHRealSpinOrbit_V0_p": 9.538142775129,
    "WLHRealSpinOrbit_V1_p": 0.00918622489995436,
    "WLHRealSpinOrbit_r0_p": 1.3523866561722226,
    "WLHRealSpinOrbit_r1_p": 0.9857848908558163,
    "WLHRealSpinOrbit_a0_p": 0.866538021214133,
    "WLHRealSpinOrbit_a1_p": 0.00034628620471189746,
    "WLHRealSpinOrbit_V0_n": 9.512864053829016,
    "WLHRealSpinOrbit_V1_n": 0.008596137567512272,
    "WLHRealSpinOrbit_r0_n": 1.3006538144192556,
    "WLHRealSpinOrbit_r1_n": 0.8966484187494561,
    "WLHRealSpinOrbit_a0_n": 0.8196536612887924,
    "WLHRealSpinOrbit_a1_n": 0.0003652267401500769
}