{
    "WLHReal_V0_p": 50.75983787860631,
    "WLHReal_V1_p": 0.2831698270322012,
    "WLHReal_V2_p": 0.00038622721241852217,
    "WLHReal_V3_p": 1.2440638081881174e-06,
    "WLHReal_V4_p": 14.357628580492008,
    "WLHReal_V5_p": 0.12381410689795921,
    "WLHReal_V6_p": 0.00011157037796377981,
    "WLHReal_r0_p": 1.298368370116872,
    "WLHReal_r1_p": 0.332190369026787,
    "WLHReal_r2_p": 0.00027676576857520304,
    "WLHReal_r3_p": 2.555855323903062e-07,
    "WLHReal_a0_p": 0.7432474000208612,
    "WLHReal_a1_p": -4.482981689144403e-05,
    "WLHReal_a2_p": 1.1484284002247454e-06,
    "WLHReal_a3_p": 0.0419524477854927,
    "WLHReal_a4_p": 0.4129112208404623,
    "WLHReal_V0_n": 54.04150854662727,
    "WLHReal_V1_n": 0.27100028200794224,
    "WLHReal_V2_n": 0.0005172402789295917,
    "WLHReal_V3_n": -7.104319218636662e-07,
    "WLHReal_V4_n": 22.65055191908784,
    "WLHReal_V5_n": 0.22316048970866012,
    "WLHReal_V6_n": 0.0003390985259341873,
    "WLHReal_r0_n": 1.2308921463520324,
    "WLHReal_r1_n": 0.275805020196228,
    "WLHReal_r2_n": 0.0004057805576519098,
    "WLHReal_r3_n": 6.433754534652424e-07,
    "WLHReal_a0_n": 0.6996744259299588,
    "WLHReal_a1_n": 0.00017711685319968425,
    "WLHReal_a2_n": -9.829863763624533e-07,
    "WLHReal_a3_n": 0.23081792686002087,
    "WLHReal_a4_n": 0.6575993421272432,
    "WLHImagVolume_W0_p": 2.2514982140461193,
    "WLHImagVolume_W1_p": 0.10799682572190497,
    "WLHImagVolume_W2_p": 0.00019314017034730024,
    "WLHImagVolume_W3_p": 8.073129378954672,
    "WLHImagVolume_W4_p": 0.03884926377058116,
    "WLHImagVolume_r0_p": 0.4719704312517308,
    "WLHImagVolume_r1_p": 67.20547413735743,
    "WLHImagVolume_r2_p": 0.7843537129587446,
    "WLHImagVolume_r3_p": 70.21933705957827,
    "WLHImagVolume_r4_p": 0.40309824233157265,
    "WLHImagVolume_r5_p": 3.3431999586248487e-07,
    "WLHImagVolume_a0_p": 0.46622060151605926,
    "WLHImagVolume_a1_p": 0.34625089768170203,
    "WLHImagVolume_a2_p": 20.496100988304114,
    "WLHImagVolume_a3_p": 0.303983167245169,
    "WLHImagVolume_a4_p": 0.0007204176054628056,
    "WLHImagVolume_W0_n": 1.5514117472738573,
    "WLHImagVolume_W1_n": 0.1682368733176491,
    "WLHImagVolume_W2_n": 4.416023949715313e-05,
    "WLHImagVolume_W3_n": 6.790913285386954,
    "WLHImagVolume_W4_n": 0.01896065137513188,
    "WLHImagVolume_r0_n": 0.584859040266339,
    "WLHImagVolume_r1_n": 62.208890498505184,
    "WLHImagVolume_r2_n": 0.6344893876767628,
    "WLHImagVolume_r3_n": 60.69705974840589,
    "WLHImagVolume_r4_n": 0.9688553827562225,
    "WLHImagVolume_r5_n": 2.548828504403581e-06,
    "WLHImagVolume_a0_n": 0.17244829625731262,
    "WLHImagVolume_a1_n": 0.6319622681323624,
    "WLHImagVolume_a2_n": 11.415339642477008,
    "WLHImagVolume_a3_n": 0.08854185933994199,
    "WLHImagVolume_a4_n": 0.0009794906524654748,
    "WLHImagSurface_W0_p": 1.6347840573981922,
    "WLHImagSurface_W1_p": 0.09854855441762489,
    "WLHImagSurface_W2_p": 2.8437894551103327,
    "WLHImagSurface_W3_p": 0.35002870572845657,
    "WLHImagSurface_r0_p": 1.1974650651627545,
    "WLHImagSurface_r1_p": 0.6523617953659695,
    "WLHImagSurface_r2_p": 0.008023552615443191,
    "WLHImagSurface_a0_p": 0.9135085555369563,
    "WLHImagSurface_W0_n": 1.149150019944651,
    "WLHImagSurface_W1_n": 0.0013203284023906928,
    "WLHImagSurface_W2_n": 1.2238936173737696,
    "WLHImagSurface_W3_n": 0.02417725708519504,
    "WLHImagSurface_r0_n": 1.2532293212385277,
    "WLHImagSurface_r1_n": 1.1501623302427015,
    "WLHImagSurface_r2_n": 0.004210594521430843,
    "WLHImagSurface_a0_n": 0.8179152010812231,
    "WLHRealSpinOrbit_V0_p": 9.062087017820962,
    "WLHRealSpinOrbit_V1_p": 0.007568538676007369,
    "WLHRealSpinOrbit_r0_p": 1.2607241672987666,
    "WLHRealSpinOrbit_r1_p": 0.8015306545620797,
    "WLHRealSpinOrbit_a0_p": 0.7695650580079291,
    "WLHRealSpinOrbit_a1_p": 0.0004211501328495147,
    "WLHRealSpinOrbit_V0_n": 10.20038756856143,
    "WLHRealSpinOrbit_V1_n": 0.008325754461607302,
    "WLHRealSpinOrbit_r0_n": 1.2076085533857006,
    "WLHRealSpinOrbit_r1_n": 0.7496870158732738,
    "WLHRealSpinOrbit_a0_n": 0.7477304808751412,
    "WLHRealSpinOrbit_a1_n": 0.0003771568641448904
}