{
    "WLHReal_V0_p": 55.40517910367656,
    "WLHReal_V1_p": 0.3027792882053082,
    "WLHReal_V2_p": 4.35627218836639e-05,
    "WLHReal_V3_p": 1.4630349818773046e-06,
    "WLHReal_V4_p": 13.593351081915156,
    "WLHReal_V5_p": 0.13490325262203787,
    "WLHReal_V6_p": 0.0002953528216546968,
    "WLHReal_r0_p": 1.276357606210137,
    "WLHReal_r1_p": 0.28150217700975966,
    "WLHReal_r2_p": 0.0008155158237780117,
    "WLHReal_r3_p": 6.502669665188649e-06,
    "WLHReal_a0_p": 0.7743177147239315,
    "WLHReal_a1_p": 0.00019215060735004128,
    "WLHReal_a2_p": 4.2783937966945945e-06,
    "WLHReal_a3_p": 0.06664742125712014,
    "WLHReal_a4_p": 0.5846721506366416,
    "WLHReal_V0_n": 51.16715345475004,
    "WLHReal_V1_n": 0.2657449565363533,
    "WLHReal_V2_n": -3.8162280662227215e-05,
    "WLHReal_V3_n": 1.744332534366426e-06,
    "WLHReal_V4_n": 21.932070878171555,
    "WLHReal_V5_n": 0.25619958374615337,
    "WLHReal_V6_n": 0.0008468735406761015,
    "WLHReal_r0_n": 1.2735002570656384,
    "WLHReal_r1_n": 0.2505741541589988,
    "WLHReal_r2_n": 0.0008005415181548427,
    "WLHReal_r3_n": 7.432614322093869e-06,
    "WLHReal_a0_n": 0.7265398179871885,
    "WLHReal_a1_n": 0.0007651266744352313,
    "WLHReal_a2_n": 8.62685709216579e-06,
    "WLHReal_a3_n": 0.31059427965438874,
    "WLHReal_a4_n": 0.8763577792624824,
    "WLHImagVolume_W0_p": 4.293184198093453,
    "WLHImagVolume_W1_p": 0.24723831103855126,
    "WLHImagVolume_W2_p": 0.000318355461414655,
    "WLHImagVolume_W3_p": 12.66068759284823,
    "WLHImagVolume_W4_p": 0.07994729079499016,
    "WLHImagVolume_r0_p": 0.6865806061631369,
    "WLHImagVolume_r1_p": 38.894651938763026,
    "WLHImagVolume_r2_p": 0.5458565754004918,
    "WLHImagVolume_r3_p": 52.503715740946774,
    "WLHImagVolume_r4_p": 0.7272805312716714,
    "WLHImagVolume_r5_p": 1.984693091893376e-06,
    "WLHImagVolume_a0_p": 0.5643303773469395,
    "WLHImagVolume_a1_p": 0.2507377178112118,
    "WLHImagVolume_a2_p": 12.309874511676455,
    "WLHImagVolume_a3_p": 0.43294944600766144,
    "WLHImagVolume_a4_p": 0.002581817545613363,
    "WLHImagVolume_W0_n": 2.052159024950856,
    "WLHImagVolume_W1_n": 0.16534646850692397,
    "WLHImagVolume_W2_n": 0.00018847554303905693,
    "WLHImagVolume_W3_n": 7.138532911466195,
    "WLHImagVolume_W4_n": -0.004209327424723255,
    "WLHImagVolume_r0_n": 0.574546135301657,
    "WLHImagVolume_r1_n": 79.81054066729573,
    "WLHImagVolume_r2_n": 0.6903351218119953,
    "WLHImagVolume_r3_n": 79.4938653674879,
    "WLHImagVolume_r4_n": 0.9010555337112418,
    "WLHImagVolume_r5_n": 3.3253183831116055e-06,
    "WLHImagVolume_a0_n": 0.20299136787459499,
    "WLHImagVolume_a1_n": 0.6040930807553146,
    "WLHImagVolume_a2_n": 9.427635629897658,
    "WLHImagVolume_a3_n": 0.07942470419765343,
    "WLHImagVolume_a4_n": 0.0006005696683337798,
    "WLHImagSurface_W0_p": 0.8261120485926116,
    "WLHImagSurface_W1_p": 0.025323503901996093,
    "WLHImagSurface_W2_p": 0.6137209996651176,
    "WLHImagSurface_W3_p": 0.08513683733443711,
    "WLHImagSurface_r0_p": 0.9371277598888923,
    "WLHImagSurface_r1_p": 0.5517751016288994,
    "WLHImagSurface_r2_p": 0.0048856878200557435,
    "WLHImagSurface_a0_p": 0.7157930962354939,
    "WLHImagSurface_W0_n": 1.1840825271986066,
    "WLHImagSurface_W1_n": 0.017920684539209236,
    "WLHImagSurface_W2_n": 1.353303646440993,
    "WLHImagSurface_W3_n": 0.07858163155968384,
    "WLHImagSurface_r0_n": 1.2854635088135324,
    "WLHImagSurface_r1_n": 1.3057458066848242,
    "WLHImagSurface_r2_n": 0.0032170327740000376,
    "WLHImagSurface_a0_n": 0.84645296802973,
    "WLHRealSpinOrbit_V0_p": 10.016730035014593,
    "WLHRealSpinOrbit_V1_p": 0.008684309563240986,
    "WLHRealSpinOrbit_r0_p": 1.249491593895133,
    "WLHRealSpinOrbit_r1_p": 0.8361411974533947,
    "WLHRealSpinOrbit_a0_p": 0.7881243889588204,
    "WLHRealSpinOrbit_a1_p": 0.0003384050399102836,
    "WLHRealSpinOrbit_V0_n": 9.761538804500908,
    "WLHRealSpinOrbit_V1_n": 0.008440559567965647,
    "WLHRealSpinOrbit_r0_n": 1.2605811160547424,
    "WLHRealSpinOrbit_r1_n": 0.834398585010757,
    "WLHRealSpinOrbit_a0_n": 0.7888492481234249,
    "WLHRealSpinOrbit_a1_n": 0.0003713912788563629
}