{
    "WLHReal_V0_p": 54.088990759651,
    "WLHReal_V1_p": 0.27813751473117915,
    "WLHReal_V2_p": -0.00012206574632779926,
    "WLHReal_V3_p": 1.562642744767656e-06,
    "WLHReal_V4_p": 14.177898061061054,
    "WLHReal_V5_p": 0.12600556021438877,
    "WLHReal_V6_p": 0.00033517922814606835,
    "WLHReal_r0_p": 1.2699118911545204,
    "WLHReal_r1_p": 0.22769793786481063,
    "WLHReal_r2_p": 0.0008630437345713566,
    "WLHReal_r3_p": 8.217087540565648e-06,
    "WLHReal_a0_p": 0.7706792131191252,
    "WLHReal_a1_p": 0.00013846269623260453,
    "WLHReal_a2_p": 6.122699520092953e-06,
    "WLHReal_a3_p": 0.033639594135841513,
    "WLHReal_a4_p": 0.5505384360472827,
    "WLHReal_V0_n": 54.02661738664762,
    "WLHReal_V1_n": 0.31193577011395235,
    "WLHReal_V2_n": 0.00023192941014749883,
    "WLHReal_V3_n": 1.0730376454756035e-06,
    "WLHReal_V4_n": 21.139104370021837,
    "WLHReal_V5_n": 0.2517339567440666,
    "WLHReal_V6_n": 0.0006698167631474787,
    "WLHReal_r0_n": 1.259745548208937,
    "WLHReal_r1_n": 0.28186428686946513,
    "WLHReal_r2_n": 0.0006732827403978499,
    "WLHReal_r3_n": 4.326688823418806e-06,
    "WLHReal_a0_n": 0.7196880263177856,
    "WLHReal_a1_n": 0.0005600321934677401,
    "WLHReal_a2_n": 4.778616501804231e-06,
    "WLHReal_a3_n": 0.24989473915743807,
    "WLHReal_a4_n": 0.7894014136278789,
    "WLHImagVolume_W0_p": 4.245699871658107,
    "WLHImagVolume_W1_p": 0.21023739538000216,
    "WLHImagVolume_W2_p": 9.710216379518272e-05,
    "WLHImagVolume_W3_p": 11.143141861952175,
    "WLHImagVolume_W4_p": 0.07376976064570918,
    "WLHImagVolume_r0_p": 0.8399678583557764,
    "WLHImagVolume_r1_p": 21.18609264145328,
    "WLHImagVolume_r2_p": 0.3929065825602973,
    "WLHImagVolume_r3_p": 40.033004560720656,
    "WLHImagVolume_r4_p": 0.8501528873587323,
    "WLHImagVolume_r5_p": 1.8520024998293948e-06,
    "WLHImagVolume_a0_p": 0.5820709134528221,
    "WLHImagVolume_a1_p": 0.21991200401115157,
    "WLHImagVolume_a2_p": 9.882626567739244,
    "WLHImagVolume_a3_p": 0.44907771452387646,
    "WLHImagVolume_a4_p": 0.0028526606446269667,
    "WLHImagVolume_W0_n": 2.403742230882898,
    "WLHImagVolume_W1_n": 0.22962654504074093,
    "WLHImagVolume_W2_n": 0.0004774928477184054,
    "WLHImagVolume_W3_n": 7.975030600558748,
    "WLHImagVolume_W4_n": 0.03955948958043298,
    "WLHImagVolume_r0_n": 0.5075701259787723,
    "WLHImagVolume_r1_n": 86.7386600436408,
    "WLHImagVolume_r2_n": 0.7474715687700723,
    "WLHImagVolume_r3_n": 83.16459679739717,
    "WLHImagVolume_r4_n": 0.8124367473445466,
    "WLHImagVolume_r5_n": 1.9701783069768133e-06,
    "WLHImagVolume_a0_n": 0.18528623165218833,
    "WLHImagVolume_a1_n": 0.6187041078954237,
    "WLHImagVolume_a2_n": 8.172972230954414,
    "WLHImagVolume_a3_n": 0.04295040928114971,
    "WLHImagVolume_a4_n": 0.00034620363082495483,
    "WLHImagSurface_W0_p": 0.6106063097008687,
    "WLHImagSurface_W1_p": 0.0022504992997835344,
    "WLHImagSurface_W2_p": 0.10630136364290366,
    "WLHImagSurface_W3_p": -0.005251644070743355,
    "WLHImagSurface_r0_p": 0.8431950098613079,
    "WLHImagSurface_r1_p": 0.32324749306528094,
    "WLHImagSurface_r2_p": 0.00403920206268775,
    "WLHImagSurface_a0_p": 0.6617868641481752,
    "WLHImagSurface_W0_n": 1.8631035571244845,
    "WLHImagSurface_W1_n": 0.03654538305579788,
    "WLHImagSurface_W2_n": 2.5965856283556445,
    "WLHImagSurface_W3_n": 0.1228907128198265,
    "WLHImagSurface_r0_n": 1.2963406161804547,
    "WLHImagSurface_r1_n": 1.422222654219901,
    "WLHImagSurface_r2_n": 0.00402186545578437,
    "WLHImagSurface_a0_n": 0.8292491931682242,
    "WLHRealSpinOrbit_V0_p": 10.212096098792408,
    "WLHRealSpinOrbit_V1_p": 0.00896239651898146,
    "WLHRealSpinOrbit_r0_p": 1.2586092606826416,
    "WLHRealSpinOrbit_r1_p": 0.8493565521470766,
    "WLHRealSpinOrbit_a0_p": 0.7980594297191965,
    "WLHRealSpinOrbit_a1_p": 0.0003413452120915436,
    "WLHRealSpinOrbit_V0_n": 9.68521955294635,
    "WLHRealSpinOrbit_V1_n": 0.008233629601124826,
    "WLHRealSpinOrbit_r0_n": 1.2393473557350183,
    "WLHRealSpinOrbit_r1_n": 0.815831989805949,
    "WLHRealSpinOrbit_a0_n": 0.7744743758232103,
    "WLHRealSpinOrbit_a1_n": 0.0003478304538022656
}