{
    "WLHReal_V0_p": 56.70540412564206,
    "WLHReal_V1_p": 0.3061610023943036,
    "WLHReal_V2_p": 0.0011860962564338928,
    "WLHReal_V3_p": -2.6866285091068733e-06,
    "WLHReal_V4_p": 16.850096792389962,
    "WLHReal_V5_p": 0.10700339199063713,
    "WLHReal_V6_p": -0.00015171574796515001,
    "WLHReal_r0_p": 1.1669917791971542,
    "WLHReal_r1_p": 0.20444379503417343,
    "WLHReal_r2_p": 0.0004207691517515103,
    "WLHReal_r3_p": -7.069596426536791e-07,
    "WLHReal_a0_p": 0.7121878349717992,
    "WLHReal_a1_p": 0.00010467297133314246,
    "WLHReal_a2_p": -2.352305003836001e-06,
    "WLHReal_a3_p": 0.13667454295984552,
    "WLHReal_a4_p": 0.5521449069208577,
    "WLHReal_V0_n": 48.8195202293074,
    "WLHReal_V1_n": 0.26462779282981336,
    "WLHReal_V2_n": -0.0008918596077226063,
    "WLHReal_V3_n": 4.851513514959057e-06,
    "WLHReal_V4_n": 20.64554973470578,
    "WLHReal_V5_n": 0.31767761165962477,
    "WLHReal_V6_n": 0.0016241247932164491,
    "WLHReal_r0_n": 1.3439889998041477,
    "WLHReal_r1_n": 0.2750221939647734,
    "WLHReal_r2_n": 0.0013282022603532896,
    "WLHReal_r3_n": 1.665810877578156e-05,
    "WLHReal_a0_n": 0.7694459389941315,
    "WLHReal_a1_n": 0.00148196477193104,
    "WLHReal_a2_n": 2.0971265642366993e-05,
    "WLHReal_a3_n": 0.3789552343092445,
    "WLHReal_a4_n": 1.121115932332514,
    "WLHImagVolume_W0_p": 1.3479506012284217,
    "WLHImagVolume_W1_p": 0.15135937052885173,
    "WLHImagVolume_W2_p": 0.00011064278593778134,
    "WLHImagVolume_W3_p": 12.886519328626107,
    "WLHImagVolume_W4_p": 0.03330715398139117,
    "WLHImagVolume_r0_p": 0.5715800552236597,
    "WLHImagVolume_r1_p": 51.62355382886707,
    "WLHImagVolume_r2_p": 0.5575326254492037,
    "WLHImagVolume_r3_p": 62.118178669469174,
    "WLHImagVolume_r4_p": 0.7079149935388624,
    "WLHImagVolume_r5_p": 1.920892469470626e-06,
    "WLHImagVolume_a0_p": 0.4370525335870223,
    "WLHImagVolume_a1_p": 0.29960099055896905,
    "WLHImagVolume_a2_p": 15.49259260435427,
    "WLHImagVolume_a3_p": 0.3116368613732905,
    "WLHImagVolume_a4_p": 0.000578146284600323,
    "WLHImagVolume_W0_n": 3.2117382659917695,
    "WLHImagVolume_W1_n": 0.22058814729151147,
    "WLHImagVolume_W2_n": 0.0005286887916690141,
    "WLHImagVolume_W3_n": 8.687039987692954,
    "WLHImagVolume_W4_n": -0.013685385497185825,
    "WLHImagVolume_r0_n": 0.5716108102945883,
    "WLHImagVolume_r1_n": 95.85173053292928,
    "WLHImagVolume_r2_n": 0.7656247866259711,
    "WLHImagVolume_r3_n": 104.11366423137812,
    "WLHImagVolume_r4_n": 0.8725338852928415,
    "WLHImagVolume_r5_n": 4.693473275082528e-06,
    "WLHImagVolume_a0_n": 0.27270913761667015,
    "WLHImagVolume_a1_n": 0.554213095281047,
    "WLHImagVolume_a2_n": 5.337545639803413,
    "WLHImagVolume_a3_n": 0.05674906979628157,
    "WLHImagVolume_a4_n": 0.000277450892028495,
    "WLHImagSurface_W0_p": 1.4341125863047854,
    "WLHImagSurface_W1_p": 0.059083658043560826,
    "WLHImagSurface_W2_p": 1.6931427708667708,
    "WLHImagSurface_W3_p": 0.18620733172934334,
    "WLHImagSurface_r0_p": 1.2436526581081244,
    "WLHImagSurface_r1_p": 1.085576374949761,
    "WLHImagSurface_r2_p": 0.012387275665654379,
    "WLHImagSurface_a0_p": 0.8537893903490141,
    "WLHImagSurface_W0_n": 1.4461184578447093,
    "WLHImagSurface_W1_n": 0.04943998238393125,
    "WLHImagSurface_W2_n": 2.0652564740618145,
    "WLHImagSurface_W3_n": 0.18013960498947584,
    "WLHImagSurface_r0_n": 1.3180375339094552,
    "WLHImagSurface_r1_n": 1.5899563432274495,
    "WLHImagSurface_r2_n": 0.0018656543768964691,
    "WLHImagSurface_a0_n": 0.8843598163669307,
    "WLHRealSpinOrbit_V0_p": 10.560864287495294,
    "WLHRealSpinOrbit_V1_p": 0.008106277704667153,
    "WLHRealSpinOrbit_r0_p": 1.1441039850900552,
    "WLHRealSpinOrbit_r1_p": 0.6617459200561586,
    "WLHRealSpinOrbit_a0_p": 0.701908754305941,
    "WLHRealSpinOrbit_a1_p": 0.0003676600745610054,
    "WLHRealSpinOrbit_V0_n": 9.201595975919238,
    "WLHRealSpinOrbit_V1_n": 0.00870874152358688,
    "WLHRealSpinOrbit_r0_n": 1.338332885051929,
    "WLHRealSpinOrbit_r1_n": 0.9621775905878358,
    "WLHRealSpinOrbit_a0_n": 0.8508000910166011,
    "WLHRealSpinOrbit_a1_n": 0.00035365908497798785
}