{
    "WLHReal_V0_p": 54.6575795533017,
    "WLHReal_V1_p": 0.3069447946520496,
    "WLHReal_V2_p": 5.711318373801606e-05,
    "WLHReal_V3_p": 1.5150348045563752e-06,
    "WLHReal_V4_p": 13.308309554889869,
    "WLHReal_V5_p": 0.1288549116731496,
    "WLHReal_V6_p": 0.00026964535229779526,
    "WLHReal_r0_p": 1.280268291993569,
    "WLHReal_r1_p": 0.2712348432296887,
    "WLHReal_r2_p": 0.0008214854006426092,
    "WLHReal_r3_p": 6.4621110175121136e-06,
    "WLHReal_a0_p": 0.772994990772039,
    "WLHReal_a1_p": 0.00013376418140535743,
    "WLHReal_a2_p": 4.372840515397111e-06,
    "WLHReal_a3_p": 0.0644728504395016,
    "WLHReal_a4_p": 0.5837546858534809,
    "WLHReal_V0_n": 48.11360510978563,
    "WLHReal_V1_n": 0.2349772300748934,
    "WLHReal_V2_n": -0.0008252084266751119,
    "WLHReal_V3_n": 4.120747744593687e-06,
    "WLHReal_V4_n": 21.564071738264854,
    "WLHReal_V5_n": 0.3049074032452383,
    "WLHReal_V6_n": 0.0015200448341789058,
    "WLHReal_r0_n": 1.3314548012586738,
    "WLHReal_r1_n": 0.255920864872087,
    "WLHReal_r2_n": 0.0012483824649578684,
    "WLHReal_r3_n": 1.5775840977507776e-05,
    "WLHReal_a0_n": 0.7620385405679706,
    "WLHReal_a1_n": 0.001370681500052053,
    "WLHReal_a2_n": 1.929680511308163e-05,
    "WLHReal_a3_n": 0.391579373255062,
    "WLHReal_a4_n": 1.095387410884603,
    "WLHImagVolume_W0_p": 4.125052349384197,
    "WLHImagVolume_W1_p": 0.23207813333959307,
    "WLHImagVolume_W2_p": 0.00034121474187667896,
    "WLHImagVolume_W3_p": 12.329459103421994,
    "WLHImagVolume_W4_p": 0.07448976238078334,
    "WLHImagVolume_r0_p": 0.6506863319922634,
    "WLHImagVolume_r1_p": 46.56686934958193,
    "WLHImagVolume_r2_p": 0.5911626841245408,
    "WLHImagVolume_r3_p": 59.48466076645725,
    "WLHImagVolume_r4_p": 0.6749792693935157,
    "WLHImagVolume_r5_p": 1.7491953048105542e-06,
    "WLHImagVolume_a0_p": 0.5496848963926024,
    "WLHImagVolume_a1_p": 0.27007042264582615,
    "WLHImagVolume_a2_p": 14.124046729123707,
    "WLHImagVolume_a3_p": 0.41174107135717375,
    "WLHImagVolume_a4_p": 0.0022849625659101262,
    "WLHImagVolume_W0_n": 2.7529227880969867,
    "WLHImagVolume_W1_n": 0.17421514904432953,
    "WLHImagVolume_W2_n": 0.00024833044068164976,
    "WLHImagVolume_W3_n": 7.97574502025052,
    "WLHImagVolume_W4_n": -0.034752633651440004,
    "WLHImagVolume_r0_n": 0.6281079574461395,
    "WLHImagVolume_r1_n": 82.4828888259024,
    "WLHImagVolume_r2_n": 0.6931859624271591,
    "WLHImagVolume_r3_n": 92.64632218548219,
    "WLHImagVolume_r4_n": 0.9669827628492095,
    "WLHImagVolume_r5_n": 4.9562948106672e-06,
    "WLHImagVolume_a0_n": 0.2703775619643678,
    "WLHImagVolume_a1_n": 0.5553193098660759,
    "WLHImagVolume_a2_n": 7.114652418797383,
    "WLHImagVolume_a3_n": 0.08471384304907603,
    "WLHImagVolume_a4_n": 0.0005984369136571021,
    "WLHImagSurface_W0_p": 0.9064555453371961,
    "WLHImagSurface_W1_p": 0.03180024345103061,
    "WLHImagSurface_W2_p": 0.6765019523871755,
    "WLHImagSurface_W3_p": 0.104858799163979,
    "WLHImagSurface_r0_p": 0.9806693687640525,
    "WLHImagSurface_r1_p": 0.5385738596821861,
    "WLHImagSurface_r2_p": 0.0049179644518203254,
    "WLHImagSurface_a0_p": 0.7739152938082295,
    "WLHImagSurface_W0_n": 0.9444802323160568,
    "WLHImagSurface_W1_n": 0.02827070263112741,
    "WLHImagSurface_W2_n": 1.065267674407074,
    "WLHImagSurface_W3_n": 0.12130624507500389,
    "WLHImagSurface_r0_n": 1.2944378602697648,
    "WLHImagSurface_r1_n": 1.43188585538216,
    "WLHImagSurface_r2_n": 0.0017510118496688444,
    "WLHImagSurface_a0_n": 0.8832437639130056,
    "WLHRealSpinOrbit_V0_p": 9.84134518901007,
    "WLHRealSpinOrbit_V1_p": 0.008545787035283543,
    "WLHRealSpinOrbit_r0_p": 1.2541256482251044,
    "WLHRealSpinOrbit_r1_p": 0.8409345721804559,
    "WLHRealSpinOrbit_a0_p": 0.7893861609271141,
    "WLHRealSpinOrbit_a1_p": 0.0003428493170407065,
    "WLHRealSpinOrbit_V0_n": 9.482548581908473,
    "WLHRealSpinOrbit_V1_n": 0.008823472408978926,
    "WLHRealSpinOrbit_r0_n": 1.3277294782103275,
    "WLHRealSpinOrbit_r1_n": 0.935949496108023,
    "WLHRealSpinOrbit_a0_n": 0.8418457206570181,
    "WLHRealSpinOrbit_a1_n": 0.00037104756327454035
}