{
    "CH89RealCentral": {
        "V_0": 54.9789,
        "V_t": 18.1965,
        "V_e": -0.366818,
        "r_o": 1.20033,
        "r_o_0": -0.147458,
        "a_0": 0.716
    },
    "CH89Coulomb": {
        "r_c": 1.37337,
        "r_c_0": 0.354893
    },
    "CH89SpinOrbit": {
        "V_so": 4.95787,
        "r_so": 1.49509,
        "r_so_0": -1.89823,
        "a_so": 0.546912
    },
    "CH89ImagCentral": {
        "W_v0": 11.8017,
        "W_ve0": 42.7122,
        "W_vew": 24.7548,
        "W_s0": 11.4598,
        "W_st": 21.8471,
        "W_se0": 23.3929,
        "W_sew": 40.2589,
        "r_w": 1.21014,
        "r_w0": -0.096841,
        "a_w": 0.679503
    }
}