{
    "WLHReal_V0_p": 55.81237852725731,
    "WLHReal_V1_p": 0.30959384102793713,
    "WLHReal_V2_p": 0.0001651757245224985,
    "WLHReal_V3_p": 1.3224760930927751e-06,
    "WLHReal_V4_p": 13.455098428106366,
    "WLHReal_V5_p": 0.1513668159282831,
    "WLHReal_V6_p": 0.0002828553379800765,
    "WLHReal_r0_p": 1.296963850897114,
    "WLHReal_r1_p": 0.373352268604468,
    "WLHReal_r2_p": 0.0006037722289539083,
    "WLHReal_r3_p": 2.78082978878334e-06,
    "WLHReal_a0_p": 0.7749338942476991,
    "WLHReal_a1_p": 0.0002510364219835968,
    "WLHReal_a2_p": 1.8786213510431124e-06,
    "WLHReal_a3_p": 0.08116417237278786,
    "WLHReal_a4_p": 0.5535846155267788,
    "WLHReal_V0_n": 52.01991941728248,
    "WLHReal_V1_n": 0.2683252506911172,
    "WLHReal_V2_n": -0.000854864634201012,
    "WLHReal_V3_n": 4.9544883402233975e-06,
    "WLHReal_V4_n": 20.59053386035272,
    "WLHReal_V5_n": 0.3304747154374273,
    "WLHReal_V6_n": 0.0015693501858580036,
    "WLHReal_r0_n": 1.3487958835642908,
    "WLHReal_r1_n": 0.37624037441663394,
    "WLHReal_r2_n": 0.0011607848112763653,
    "WLHReal_r3_n": 1.3223937968680687e-05,
    "WLHReal_a0_n": 0.7690032094150727,
    "WLHReal_a1_n": 0.0011290977472331386,
    "WLHReal_a2_n": 1.6348668312835804e-05,
    "WLHReal_a3_n": 0.28936944501678996,
    "WLHReal_a4_n": 0.953603911374017,
    "WLHImagVolume_W0_p": 4.16418132623621,
    "WLHImagVolume_W1_p": 0.2614615069672872,
    "WLHImagVolume_W2_p": 0.0004500435862719199,
    "WLHImagVolume_W3_p": 12.722257871341148,
    "WLHImagVolume_W4_p": 0.08374485088690778,
    "WLHImagVolume_r0_p": 0.54166192423637,
    "WLHImagVolume_r1_p": 51.38070456509408,
    "WLHImagVolume_r2_p": 0.6965662975263712,
    "WLHImagVolume_r3_p": 57.830508758828266,
    "WLHImagVolume_r4_p": 0.5819226230405448,
    "WLHImagVolume_r5_p": 1.3569510570507003e-06,
    "WLHImagVolume_a0_p": 0.5495849372742936,
    "WLHImagVolume_a1_p": 0.27752729155035955,
    "WLHImagVolume_a2_p": 14.28414836948443,
    "WLHImagVolume_a3_p": 0.4175837471387043,
    "WLHImagVolume_a4_p": 0.00234211239290374,
    "WLHImagVolume_W0_n": 3.6787900463376046,
    "WLHImagVolume_W1_n": 0.3046515832736712,
    "WLHImagVolume_W2_n": 0.0006468977312922837,
    "WLHImagVolume_W3_n": 10.064928611929139,
    "WLHImagVolume_W4_n": 0.023740743656941614,
    "WLHImagVolume_r0_n": 0.6027532015312055,
    "WLHImagVolume_r1_n": 74.93846771185547,
    "WLHImagVolume_r2_n": 0.7337682167475518,
    "WLHImagVolume_r3_n": 94.05710913722393,
    "WLHImagVolume_r4_n": 1.0159105976567908,
    "WLHImagVolume_r5_n": 5.357886260598768e-06,
    "WLHImagVolume_a0_n": 0.30703785709916237,
    "WLHImagVolume_a1_n": 0.5455477267318457,
    "WLHImagVolume_a2_n": 4.239267989988178,
    "WLHImagVolume_a3_n": 0.051540897994709664,
    "WLHImagVolume_a4_n": 0.0007977372559229181,
    "WLHImagSurface_W0_p": 1.1244717304395517,
    "WLHImagSurface_W1_p": 0.05921542084360899,
    "WLHImagSurface_W2_p": 1.6859633406367776,
    "WLHImagSurface_W3_p": 0.22218692212532618,
    "WLHImagSurface_r0_p": 1.013172721968821,
    "WLHImagSurface_r1_p": 0.7480427242118051,
    "WLHImagSurface_r2_p": 0.0058995720728381995,
    "WLHImagSurface_a0_p": 0.729312195644146,
    "WLHImagSurface_W0_n": 1.6554926154806915,
    "WLHImagSurface_W1_n": 0.053356403249267687,
    "WLHImagSurface_W2_n": 2.6665351488449,
    "WLHImagSurface_W3_n": 0.19360177940729,
    "WLHImagSurface_r0_n": 1.2852163448327327,
    "WLHImagSurface_r1_n": 1.6191745745609916,
    "WLHImagSurface_r2_n": 0.0021548240179636957,
    "WLHImagSurface_a0_n": 0.8736575239199696,
    "WLHRealSpinOrbit_V0_p": 9.697474366619044,
    "WLHRealSpinOrbit_V1_p": 0.008302863179369268,
    "WLHRealSpinOrbit_r0_p": 1.2507781320943128,
    "WLHRealSpinOrbit_r1_p": 0.8240532150439991,
    "WLHRealSpinOrbit_a0_p": 0.7804100480636617,
    "WLHRealSpinOrbit_a1_p": 0.00035733087453745433,
    "WLHRealSpinOrbit_V0_n": 9.44962865284365,
    "WLHRealSpinOrbit_V1_n": 0.008860440298974686,
    "WLHRealSpinOrbit_r0_n": 1.3286504069278662,
    "WLHRealSpinOrbit_r1_n": 0.9488144987751026,
    "WLHRealSpinOrbit_a0_n": 0.8451072075525758,
    "WLHRealSpinOrbit_a1_n": 0.0003466118283529476
}