{
    "WLHReal_V0_p": 52.19200490255658,
    "WLHReal_V1_p": 0.2552268486403426,
    "WLHReal_V2_p": 5.5162820704446255e-05,
    "WLHReal_V3_p": 1.2915600702920413e-06,
    "WLHReal_V4_p": 15.257445233133023,
    "WLHReal_V5_p": 0.1257283527907841,
    "WLHReal_V6_p": 0.00026212327190026496,
    "WLHReal_r0_p": 1.273016093452126,
    "WLHReal_r1_p": 0.2593279805308729,
    "WLHReal_r2_p": 0.0005357711778910061,
    "WLHReal_r3_p": 4.209864255273395e-06,
    "WLHReal_a0_p": 0.7518789134109027,
    "WLHReal_a1_p": 7.00188071178479e-05,
    "WLHReal_a2_p": 3.6897483571387313e-06,
    "WLHReal_a3_p": 0.01695743407692864,
    "WLHReal_a4_p": 0.4421328117429692,
    "WLHReal_V0_n": 49.01237570267401,
    "WLHReal_V1_n": 0.2276868391511147,
    "WLHReal_V2_n": -0.0010170219225596007,
    "WLHReal_V3_n": 4.698429586542374e-06,
    "WLHReal_V4_n": 21.510723682425827,
    "WLHReal_V5_n": 0.32399809759360265,
    "WLHReal_V6_n": 0.0016753224096438461,
    "WLHReal_r0_n": 1.3464386638497954,
    "WLHReal_r1_n": 0.30303897120022405,
    "WLHReal_r2_n": 0.0012886439998569612,
    "WLHReal_r3_n": 1.649908437237863e-05,
    "WLHReal_a0_n": 0.7713308273687789,
    "WLHReal_a1_n": 0.0013521143531268257,
    "WLHReal_a2_n": 1.9792962684300274e-05,
    "WLHReal_a3_n": 0.3719541954133506,
    "WLHReal_a4_n": 1.0764558796694492,
    "WLHImagVolume_W0_p": 3.1997001228089954,
    "WLHImagVolume_W1_p": 0.1397962875277646,
    "WLHImagVolume_W2_p": -6.355312178448413e-05,
    "WLHImagVolume_W3_p": 8.597394367074763,
    "WLHImagVolume_W4_p": 0.054970880084082734,
    "WLHImagVolume_r0_p": 0.7956371772974916,
    "WLHImagVolume_r1_p": 23.19091944085766,
    "WLHImagVolume_r2_p": 0.4349824617048422,
    "WLHImagVolume_r3_p": 37.82568701080568,
    "WLHImagVolume_r4_p": 0.761042594372064,
    "WLHImagVolume_r5_p": 1.5902898478886821e-06,
    "WLHImagVolume_a0_p": 0.5461089105365821,
    "WLHImagVolume_a1_p": 0.24264538822148757,
    "WLHImagVolume_a2_p": 11.620004667771633,
    "WLHImagVolume_a3_p": 0.4043207072868825,
    "WLHImagVolume_a4_p": 0.0021952714443962806,
    "WLHImagVolume_W0_n": 3.206320215136005,
    "WLHImagVolume_W1_n": 0.2185817927026667,
    "WLHImagVolume_W2_n": 0.0003065093511533454,
    "WLHImagVolume_W3_n": 8.9848326519616,
    "WLHImagVolume_W4_n": -0.024288940585539136,
    "WLHImagVolume_r0_n": 0.6682469622521563,
    "WLHImagVolume_r1_n": 70.43070364155476,
    "WLHImagVolume_r2_n": 0.6651596098196196,
    "WLHImagVolume_r3_n": 89.81399290350963,
    "WLHImagVolume_r4_n": 1.0707725557844023,
    "WLHImagVolume_r5_n": 6.00897177951373e-06,
    "WLHImagVolume_a0_n": 0.30710011902071566,
    "WLHImagVolume_a1_n": 0.5354870733010381,
    "WLHImagVolume_a2_n": 5.927333419512313,
    "WLHImagVolume_a3_n": 0.08240344157596702,
    "WLHImagVolume_a4_n": 0.0008659309641279023,
    "WLHImagSurface_W0_p": 0.9403505368923508,
    "WLHImagSurface_W1_p": 0.031979372954831886,
    "WLHImagSurface_W2_p": 1.2525444863476134,
    "WLHImagSurface_W3_p": 0.10573068657621465,
    "WLHImagSurface_r0_p": 0.9209252938714285,
    "WLHImagSurface_r1_p": 0.3669575832727776,
    "WLHImagSurface_r2_p": 0.005859586879696593,
    "WLHImagSurface_a0_p": 0.6852495449883819,
    "WLHImagSurface_W0_n": 0.9628892976939012,
    "WLHImagSurface_W1_n": 0.031797247376844945,
    "WLHImagSurface_W2_n": 1.1990019901443134,
    "WLHImagSurface_W3_n": 0.1347242399451492,
    "WLHImagSurface_r0_n": 1.2761398469774337,
    "WLHImagSurface_r1_n": 1.4700720927895559,
    "WLHImagSurface_r2_n": 0.0015001601984102845,
    "WLHImagSurface_a0_n": 0.8871980472156529,
    "WLHRealSpinOrbit_V0_p": 9.960880339056866,
    "WLHRealSpinOrbit_V1_p": 0.008551102402897174,
    "WLHRealSpinOrbit_r0_p": 1.257699150990885,
    "WLHRealSpinOrbit_r1_p": 0.8202023021144383,
    "WLHRealSpinOrbit_a0_p": 0.7851461964039036,
    "WLHRealSpinOrbit_a1_p": 0.00038570713952127935,
    "WLHRealSpinOrbit_V0_n": 9.587281144533524,
    "WLHRealSpinOrbit_V1_n": 0.009044095101155477,
    "WLHRealSpinOrbit_r0_n": 1.338885069584481,
    "WLHRealSpinOrbit_r1_n": 0.9547294598316284,
    "WLHRealSpinOrbit_a0_n": 0.8526050587026366,
    "WLHRealSpinOrbit_a1_n": 0.0003656801665074629
}