{
    "ECS_p": 0.282918,
    "ECS_n": 0.464359,
    "APower_p": 1.0911,
    "APower_n": 0.564592
}