{
    "WLHReal_V0_p": 47.304553305674254,
    "WLHReal_V1_p": 0.2494061133602794,
    "WLHReal_V2_p": -0.0013536023608130658,
    "WLHReal_V3_p": 5.5426540990238736e-06,
    "WLHReal_V4_p": 10.990664327894295,
    "WLHReal_V5_p": 0.11974082050390966,
    "WLHReal_V6_p": 0.0007052508119486976,
    "WLHReal_r0_p": 1.3901984962473612,
    "WLHReal_r1_p": 0.21506834314896842,
    "WLHReal_r2_p": 0.0011886439030564609,
    "WLHReal_r3_p": 1.6697700960908762e-05,
    "WLHReal_a0_p": 0.8152715053511078,
    "WLHReal_a1_p": -9.849121001207186e-05,
    "WLHReal_a2_p": 1.5041069479146778e-05,
    "WLHReal_a3_p": -0.09507566115817433,
    "WLHReal_a4_p": 0.4855013656364988,
    "WLHReal_V0_n": 52.22246795197691,
    "WLHReal_V1_n": 0.2760390887392929,
    "WLHReal_V2_n": 0.0001394709404101343,
    "WLHReal_V3_n": 1.4508510894776125e-06,
    "WLHReal_V4_n": 21.460196616470245,
    "WLHReal_V5_n": 0.2543335558766462,
    "WLHReal_V6_n": 0.0006384693087666948,
    "WLHReal_r0_n": 1.291126785585343,
    "WLHReal_r1_n": 0.35003309066855876,
    "WLHReal_r2_n": 0.0005628756790269445,
    "WLHReal_r3_n": 3.5312468819044434e-06,
    "WLHReal_a0_n": 0.7175914822421907,
    "WLHReal_a1_n": 0.00047065774131877213,
    "WLHReal_a2_n": 2.6865387645637386e-06,
    "WLHReal_a3_n": 0.21350586591791293,
    "WLHReal_a4_n": 0.673762735024489,
    "WLHImagVolume_W0_p": 6.027935459190214,
    "WLHImagVolume_W1_p": 0.16908030401192772,
    "WLHImagVolume_W2_p": 4.737153664364889e-05,
    "WLHImagVolume_W3_p": 6.514914590610542,
    "WLHImagVolume_W4_p": 0.0833106590697028,
    "WLHImagVolume_r0_p": 0.9852656117588959,
    "WLHImagVolume_r1_p": 17.22110093354049,
    "WLHImagVolume_r2_p": 0.3890965497512253,
    "WLHImagVolume_r3_p": 40.97931818555321,
    "WLHImagVolume_r4_p": 0.7746125839543737,
    "WLHImagVolume_r5_p": 1.26664469548863e-06,
    "WLHImagVolume_a0_p": 0.6592344560111738,
    "WLHImagVolume_a1_p": 0.21840177269244795,
    "WLHImagVolume_a2_p": 11.554336623486801,
    "WLHImagVolume_a3_p": 0.48832070417553947,
    "WLHImagVolume_a4_p": 0.0037528903662868733,
    "WLHImagVolume_W0_n": 1.749886234347353,
    "WLHImagVolume_W1_n": 0.2000133261641322,
    "WLHImagVolume_W2_n": 0.00035396941417287686,
    "WLHImagVolume_W3_n": 6.624014755890496,
    "WLHImagVolume_W4_n": 0.01840194556603271,
    "WLHImagVolume_r0_n": 0.4926382314700435,
    "WLHImagVolume_r1_n": 87.62316312509996,
    "WLHImagVolume_r2_n": 0.7833590481538608,
    "WLHImagVolume_r3_n": 81.9167857412756,
    "WLHImagVolume_r4_n": 0.8454993755197361,
    "WLHImagVolume_r5_n": 3.1084104021363977e-06,
    "WLHImagVolume_a0_n": 0.19324363680444412,
    "WLHImagVolume_a1_n": 0.6332862938508156,
    "WLHImagVolume_a2_n": 9.861539512066814,
    "WLHImagVolume_a3_n": 0.0929788492371556,
    "WLHImagVolume_a4_n": 0.0008791693261159107,
    "WLHImagSurface_W0_p": 0.19740353828313584,
    "WLHImagSurface_W1_p": -0.021027907859169997,
    "WLHImagSurface_W2_p": -0.8214567046598344,
    "WLHImagSurface_W3_p": -0.08933773623844377,
    "WLHImagSurface_r0_p": 0.6220605669061062,
    "WLHImagSurface_r1_p": -0.5335666448846661,
    "WLHImagSurface_r2_p": -0.0036500617235333066,
    "WLHImagSurface_a0_p": 0.6923789810024835,
    "WLHImagSurface_W0_n": 1.4527781210456467,
    "WLHImagSurface_W1_n": 0.025200374114518937,
    "WLHImagSurface_W2_n": 2.4067161201655902,
    "WLHImagSurface_W3_n": 0.11152044538646813,
    "WLHImagSurface_r0_n": 1.3027797441020668,
    "WLHImagSurface_r1_n": 1.362650997552305,
    "WLHImagSurface_r2_n": 0.003672262129687694,
    "WLHImagSurface_a0_n": 0.8384969603248383,
    "WLHRealSpinOrbit_V0_p": 9.093238944766938,
    "WLHRealSpinOrbit_V1_p": 0.009156507073854781,
    "WLHRealSpinOrbit_r0_p": 1.3949420880947692,
    "WLHRealSpinOrbit_r1_p": 1.048056654810181,
    "WLHRealSpinOrbit_a0_p": 0.8968985078689988,
    "WLHRealSpinOrbit_a1_p": 0.0003530679748647694,
    "WLHRealSpinOrbit_V0_n": 9.467091257663805,
    "WLHRealSpinOrbit_V1_n": 0.0080576891946981,
    "WLHRealSpinOrbit_r0_n": 1.2593634311650481,
    "WLHRealSpinOrbit_r1_n": 0.818370732056342,
    "WLHRealSpinOrbit_a0_n": 0.7791073636109904,
    "WLHRealSpinOrbit_a1_n": 0.00038981114199315063
}