{
    "WLHReal_V0_p": 49.77846898045328,
    "WLHReal_V1_p": 0.2880665874198591,
    "WLHReal_V2_p": -0.00028527900490548416,
    "WLHReal_V3_p": 2.690058659856531e-06,
    "WLHReal_V4_p": 12.373716648213229,
    "WLHReal_V5_p": 0.11352815672114694,
    "WLHReal_V6_p": 0.0003207768281590149,
    "WLHReal_r0_p": 1.3280001227936111,
    "WLHReal_r1_p": 0.2514029911824706,
    "WLHReal_r2_p": 0.0007927444767070342,
    "WLHReal_r3_p": 8.324246577340789e-06,
    "WLHReal_a0_p": 0.7755953931776559,
    "WLHReal_a1_p": -9.764786804434227e-05,
    "WLHReal_a2_p": 8.113241013776726e-06,
    "WLHReal_a3_p": 0.001448747419098867,
    "WLHReal_a4_p": 0.4994345547442068,
    "WLHReal_V0_n": 51.884106330683366,
    "WLHReal_V1_n": 0.2705698180948246,
    "WLHReal_V2_n": -0.0004080444009995827,
    "WLHReal_V3_n": 3.6676374722175204e-06,
    "WLHReal_V4_n": 20.83482062122872,
    "WLHReal_V5_n": 0.2977245057808022,
    "WLHReal_V6_n": 0.0011278238118187555,
    "WLHReal_r0_n": 1.333612849731706,
    "WLHReal_r1_n": 0.3925426673261351,
    "WLHReal_r2_n": 0.0008493757131727344,
    "WLHReal_r3_n": 7.760449329744707e-06,
    "WLHReal_a0_n": 0.7450954680582713,
    "WLHReal_a1_n": 0.0007988158885682681,
    "WLHReal_a2_n": 9.077308736355528e-06,
    "WLHReal_a3_n": 0.23426647606722134,
    "WLHReal_a4_n": 0.7828498092753593,
    "WLHImagVolume_W0_p": 3.8968061823482576,
    "WLHImagVolume_W1_p": 0.14766902270281618,
    "WLHImagVolume_W2_p": 0.0002372182317530685,
    "WLHImagVolume_W3_p": 8.575155305548982,
    "WLHImagVolume_W4_p": 0.05714311812856353,
    "WLHImagVolume_r0_p": 0.6473715933075926,
    "WLHImagVolume_r1_p": 56.19352575880205,
    "WLHImagVolume_r2_p": 0.6583611446476964,
    "WLHImagVolume_r3_p": 68.63988208894055,
    "WLHImagVolume_r4_p": 0.5384295602276289,
    "WLHImagVolume_r5_p": 7.693267045026621e-07,
    "WLHImagVolume_a0_p": 0.5354092663166792,
    "WLHImagVolume_a1_p": 0.30896506791749,
    "WLHImagVolume_a2_p": 18.297900009306446,
    "WLHImagVolume_a3_p": 0.36802846594454486,
    "WLHImagVolume_a4_p": 0.0017855304378832822,
    "WLHImagVolume_W0_n": 2.6776468659170614,
    "WLHImagVolume_W1_n": 0.2603929498006768,
    "WLHImagVolume_W2_n": 0.0005534775603897494,
    "WLHImagVolume_W3_n": 8.205645041189735,
    "WLHImagVolume_W4_n": 0.022254408726979834,
    "WLHImagVolume_r0_n": 0.5269923100362969,
    "WLHImagVolume_r1_n": 85.0392586391392,
    "WLHImagVolume_r2_n": 0.7906755461651215,
    "WLHImagVolume_r3_n": 90.89953693467793,
    "WLHImagVolume_r4_n": 0.9161452850125559,
    "WLHImagVolume_r5_n": 4.318117990265339e-06,
    "WLHImagVolume_a0_n": 0.2545854062489818,
    "WLHImagVolume_a1_n": 0.5929594469361149,
    "WLHImagVolume_a2_n": 6.963616340606695,
    "WLHImagVolume_a3_n": 0.07846127157250524,
    "WLHImagVolume_a4_n": 0.0009141584309541142,
    "WLHImagSurface_W0_p": 1.0259405816868474,
    "WLHImagSurface_W1_p": 0.045050562303411396,
    "WLHImagSurface_W2_p": 0.9227258269346382,
    "WLHImagSurface_W3_p": 0.14616031483734684,
    "WLHImagSurface_r0_p": 1.002259894747303,
    "WLHImagSurface_r1_p": 0.1949455585703969,
    "WLHImagSurface_r2_p": 0.0030806202783134956,
    "WLHImagSurface_a0_p": 0.8895849912063243,
    "WLHImagSurface_W0_n": 1.591500523012304,
    "WLHImagSurface_W1_n": 0.042579169898703986,
    "WLHImagSurface_W2_n": 2.805434778813899,
    "WLHImagSurface_W3_n": 0.1679042371548252,
    "WLHImagSurface_r0_n": 1.3022354027867733,
    "WLHImagSurface_r1_n": 1.5232925570579812,
    "WLHImagSurface_r2_n": 0.0028464712744435475,
    "WLHImagSurface_a0_n": 0.8590192192838414,
    "WLHRealSpinOrbit_V0_p": 9.065602445598334,
    "WLHRealSpinOrbit_V1_p": 0.008220531506732178,
    "WLHRealSpinOrbit_r0_p": 1.3101742328348513,
    "WLHRealSpinOrbit_r1_p": 0.9054336611895042,
    "WLHRealSpinOrbit_a0_p": 0.8209610292421852,
    "WLHRealSpinOrbit_a1_p": 0.0003766184249710592,
    "WLHRealSpinOrbit_V0_n": 9.31285388314793,
    "WLHRealSpinOrbit_V1_n": 0.008377826608411196,
    "WLHRealSpinOrbit_r0_n": 1.3032593056034545,
    "WLHRealSpinOrbit_r1_n": 0.8924738754317222,
    "WLHRealSpinOrbit_a0_n": 0.8163108060805601,
    "WLHRealSpinOrbit_a1_n": 0.0003749325380219806
}