{
    "ECS_p": 0.27043,
    "ECS_n": 0.49264,
    "APower_p": 0.737199,
    "APower_n": 0.681
}