{
    "WLHReal_V0_p": 57.883963826306086,
    "WLHReal_V1_p": 0.3408000507232383,
    "WLHReal_V2_p": 4.387524803450599e-05,
    "WLHReal_V3_p": 2.0449603814850336e-06,
    "WLHReal_V4_p": 11.903619752830258,
    "WLHReal_V5_p": 0.1718843803029127,
    "WLHReal_V6_p": 0.000371316988374525,
    "WLHReal_r0_p": 1.3278416822007453,
    "WLHReal_r1_p": 0.45410607531943115,
    "WLHReal_r2_p": 0.0007099912708748684,
    "WLHReal_r3_p": 3.2596878306164558e-06,
    "WLHReal_a0_p": 0.7988736388280566,
    "WLHReal_a1_p": 0.0003816794448183342,
    "WLHReal_a2_p": 1.8338070058478664e-06,
    "WLHReal_a3_p": 0.10848819287319965,
    "WLHReal_a4_p": 0.6261028933494058,
    "WLHReal_V0_n": 50.53471318032369,
    "WLHReal_V1_n": 0.2724681575435801,
    "WLHReal_V2_n": -0.0008671143349328475,
    "WLHReal_V3_n": 5.1896792150369824e-06,
    "WLHReal_V4_n": 20.59706924716254,
    "WLHReal_V5_n": 0.3228566803042,
    "WLHReal_V6_n": 0.001618591583549486,
    "WLHReal_r0_n": 1.3386017689957626,
    "WLHReal_r1_n": 0.3000527574769311,
    "WLHReal_r2_n": 0.0012895127832662464,
    "WLHReal_r3_n": 1.5850896080423895e-05,
    "WLHReal_a0_n": 0.7701593321863089,
    "WLHReal_a1_n": 0.0013599114628042868,
    "WLHReal_a2_n": 1.939859651194303e-05,
    "WLHReal_a3_n": 0.3525501801286055,
    "WLHReal_a4_n": 1.0820619113774097,
    "WLHImagVolume_W0_p": 5.241644403886601,
    "WLHImagVolume_W1_p": 0.35180612797318705,
    "WLHImagVolume_W2_p": 0.0007850254786006794,
    "WLHImagVolume_W3_p": 15.206084555609264,
    "WLHImagVolume_W4_p": 0.10924216756827586,
    "WLHImagVolume_r0_p": 0.4161824140486815,
    "WLHImagVolume_r1_p": 64.7772970063733,
    "WLHImagVolume_r2_p": 0.8415293512660197,
    "WLHImagVolume_r3_p": 67.05282027973165,
    "WLHImagVolume_r4_p": 0.48856430091872793,
    "WLHImagVolume_r5_p": 1.6969715248241563e-06,
    "WLHImagVolume_a0_p": 0.5746235537499867,
    "WLHImagVolume_a1_p": 0.28704358135959235,
    "WLHImagVolume_a2_p": 15.045699801976534,
    "WLHImagVolume_a3_p": 0.44858712507191534,
    "WLHImagVolume_a4_p": 0.0028025377451851726,
    "WLHImagVolume_W0_n": 3.5654097577929904,
    "WLHImagVolume_W1_n": 0.26134063862257206,
    "WLHImagVolume_W2_n": 0.0005923119955655757,
    "WLHImagVolume_W3_n": 9.597821540576389,
    "WLHImagVolume_W4_n": 0.0055862456497349396,
    "WLHImagVolume_r0_n": 0.5943722126564362,
    "WLHImagVolume_r1_n": 85.68388650451752,
    "WLHImagVolume_r2_n": 0.7374717476711226,
    "WLHImagVolume_r3_n": 99.58892509183656,
    "WLHImagVolume_r4_n": 0.934583586210047,
    "WLHImagVolume_r5_n": 4.9412469366315954e-06,
    "WLHImagVolume_a0_n": 0.2870573070858647,
    "WLHImagVolume_a1_n": 0.5455698507340113,
    "WLHImagVolume_a2_n": 4.501069397218967,
    "WLHImagVolume_a3_n": 0.04386465335990541,
    "WLHImagVolume_a4_n": 0.00038946097981428537,
    "WLHImagSurface_W0_p": 1.1196911956568063,
    "WLHImagSurface_W1_p": 0.06853074543870949,
    "WLHImagSurface_W2_p": 1.7455181435738143,
    "WLHImagSurface_W3_p": 0.27035067223754206,
    "WLHImagSurface_r0_p": 1.0110982770392178,
    "WLHImagSurface_r1_p": 0.8896217770689598,
    "WLHImagSurface_r2_p": 0.0047025698850540355,
    "WLHImagSurface_a0_p": 0.7240241745146887,
    "WLHImagSurface_W0_n": 1.5989635414421948,
    "WLHImagSurface_W1_n": 0.0527587359852141,
    "WLHImagSurface_W2_n": 2.293477069105437,
    "WLHImagSurface_W3_n": 0.185674184584592,
    "WLHImagSurface_r0_n": 1.3007191047887388,
    "WLHImagSurface_r1_n": 1.6095431274008134,
    "WLHImagSurface_r2_n": 0.0020340629108010063,
    "WLHImagSurface_a0_n": 0.8782273060272116,
    "WLHRealSpinOrbit_V0_p": 9.486033124758661,
    "WLHRealSpinOrbit_V1_p": 0.008275036526132824,
    "WLHRealSpinOrbit_r0_p": 1.2627410722894976,
    "WLHRealSpinOrbit_r1_p": 0.8536891089382543,
    "WLHRealSpinOrbit_a0_p": 0.7912942376155945,
    "WLHRealSpinOrbit_a1_p": 0.0003349719981988419,
    "WLHRealSpinOrbit_V0_n": 9.377929634793162,
    "WLHRealSpinOrbit_V1_n": 0.008837251172312481,
    "WLHRealSpinOrbit_r0_n": 1.3299693321266175,
    "WLHRealSpinOrbit_r1_n": 0.9564396087528689,
    "WLHRealSpinOrbit_a0_n": 0.8478571931512386,
    "WLHRealSpinOrbit_a1_n": 0.0003408228480636399
}