{
    "WLHReal_V0_p": 51.0895913701848,
    "WLHReal_V1_p": 0.2987861174366476,
    "WLHReal_V2_p": -0.0002074559087769729,
    "WLHReal_V3_p": 2.659108390172436e-06,
    "WLHReal_V4_p": 12.255889759144203,
    "WLHReal_V5_p": 0.12262633217198424,
    "WLHReal_V6_p": 0.0003181143106777405,
    "WLHReal_r0_p": 1.3280146414499316,
    "WLHReal_r1_p": 0.286485524784398,
    "WLHReal_r2_p": 0.0007701499288433261,
    "WLHReal_r3_p": 7.129504578508422e-06,
    "WLHReal_a0_p": 0.7787710717735974,
    "WLHReal_a1_p": -2.4481728494450092e-05,
    "WLHReal_a2_p": 6.817798044026108e-06,
    "WLHReal_a3_p": 0.021412042220705887,
    "WLHReal_a4_p": 0.5211712808823297,
    "WLHReal_V0_n": 50.319680292095036,
    "WLHReal_V1_n": 0.29002272032901005,
    "WLHReal_V2_n": -0.0009175105311080916,
    "WLHReal_V3_n": 5.3151845072511615e-06,
    "WLHReal_V4_n": 19.89135776391997,
    "WLHReal_V5_n": 0.33048288395619785,
    "WLHReal_V6_n": 0.0016757137772744541,
    "WLHReal_r0_n": 1.3548496181146676,
    "WLHReal_r1_n": 0.3201163514585714,
    "WLHReal_r2_n": 0.0013330373900484656,
    "WLHReal_r3_n": 1.587127527032452e-05,
    "WLHReal_a0_n": 0.7744288805879984,
    "WLHReal_a1_n": 0.0014579181184743157,
    "WLHReal_a2_n": 2.046947327349934e-05,
    "WLHReal_a3_n": 0.34086381647800795,
    "WLHReal_a4_n": 1.0875776429913016,
    "WLHImagVolume_W0_p": 4.062688087536227,
    "WLHImagVolume_W1_p": 0.18012948598079184,
    "WLHImagVolume_W2_p": 0.00034204480113551866,
    "WLHImagVolume_W3_p": 9.700047165817239,
    "WLHImagVolume_W4_p": 0.06478725683180404,
    "WLHImagVolume_r0_p": 0.5927569733506901,
    "WLHImagVolume_r1_p": 59.98037753321396,
    "WLHImagVolume_r2_p": 0.705433929693545,
    "WLHImagVolume_r3_p": 70.24535281289515,
    "WLHImagVolume_r4_p": 0.5138246272663056,
    "WLHImagVolume_r5_p": 9.162623014951151e-07,
    "WLHImagVolume_a0_p": 0.5372066697067591,
    "WLHImagVolume_a1_p": 0.31073029317440387,
    "WLHImagVolume_a2_p": 18.220289630350358,
    "WLHImagVolume_a3_p": 0.37579317028914483,
    "WLHImagVolume_a4_p": 0.0018702672914663898,
    "WLHImagVolume_W0_n": 3.6837689738633594,
    "WLHImagVolume_W1_n": 0.28097236765833866,
    "WLHImagVolume_W2_n": 0.0007874273783246824,
    "WLHImagVolume_W3_n": 9.597275284524917,
    "WLHImagVolume_W4_n": 0.014271900092895373,
    "WLHImagVolume_r0_n": 0.5318560474445637,
    "WLHImagVolume_r1_n": 101.05811155862037,
    "WLHImagVolume_r2_n": 0.8173158970580843,
    "WLHImagVolume_r3_n": 110.41109109019456,
    "WLHImagVolume_r4_n": 0.8332358978205722,
    "WLHImagVolume_r5_n": 4.411566310813262e-06,
    "WLHImagVolume_a0_n": 0.28247412989442827,
    "WLHImagVolume_a1_n": 0.552569158446737,
    "WLHImagVolume_a2_n": 3.673808280346655,
    "WLHImagVolume_a3_n": 0.03334568266307865,
    "WLHImagVolume_a4_n": 0.00016910003720335752,
    "WLHImagSurface_W0_p": 1.0751021265061524,
    "WLHImagSurface_W1_p": 0.051905062909224184,
    "WLHImagSurface_W2_p": 1.1200354152919711,
    "WLHImagSurface_W3_p": 0.17719918027966253,
    "WLHImagSurface_r0_p": 1.019394745362767,
    "WLHImagSurface_r1_p": 0.3276089032011775,
    "WLHImagSurface_r2_p": 0.0034897362229326647,
    "WLHImagSurface_a0_p": 0.8754612349049298,
    "WLHImagSurface_W0_n": 1.9134383953672487,
    "WLHImagSurface_W1_n": 0.06740642696853605,
    "WLHImagSurface_W2_n": 3.057550226294593,
    "WLHImagSurface_W3_n": 0.23089367722315338,
    "WLHImagSurface_r0_n": 1.328359424149034,
    "WLHImagSurface_r1_n": 1.7234052783330238,
    "WLHImagSurface_r2_n": 0.002069746847464594,
    "WLHImagSurface_a0_n": 0.8815764629881714,
    "WLHRealSpinOrbit_V0_p": 9.09989992955235,
    "WLHRealSpinOrbit_V1_p": 0.008182829611443563,
    "WLHRealSpinOrbit_r0_p": 1.301479918195044,
    "WLHRealSpinOrbit_r1_p": 0.8949274758136737,
    "WLHRealSpinOrbit_a0_p": 0.814727820474753,
    "WLHRealSpinOrbit_a1_p": 0.00037064634467235574,
    "WLHRealSpinOrbit_V0_n": 9.04060691058781,
    "WLHRealSpinOrbit_V1_n": 0.008641646195934728,
    "WLHRealSpinOrbit_r0_n": 1.343095853556193,
    "WLHRealSpinOrbit_r1_n": 0.9774588711181522,
    "WLHRealSpinOrbit_a0_n": 0.8553093097057135,
    "WLHRealSpinOrbit_a1_n": 0.00033856517347459686
}