{
    "WLHReal_V0_p": 54.57989837490052,
    "WLHReal_V1_p": 0.2711020211077227,
    "WLHReal_V2_p": 0.00042118854737177916,
    "WLHReal_V3_p": -4.2073351001161606e-07,
    "WLHReal_V4_p": 16.162040322983604,
    "WLHReal_V5_p": 0.10903218897643904,
    "WLHReal_V6_p": 0.00011899211960985929,
    "WLHReal_r0_p": 1.207326494299937,
    "WLHReal_r1_p": 0.1666778364326775,
    "WLHReal_r2_p": 0.0006844122661439066,
    "WLHReal_r3_p": 5.232105707533841e-06,
    "WLHReal_a0_p": 0.7370860393264167,
    "WLHReal_a1_p": 8.872232983118231e-05,
    "WLHReal_a2_p": 3.2531920309174495e-06,
    "WLHReal_a3_p": 0.06064036763096355,
    "WLHReal_a4_p": 0.5264489507306062,
    "WLHReal_V0_n": 53.35690887782835,
    "WLHReal_V1_n": 0.31208314899130496,
    "WLHReal_V2_n": -0.0003711925764440651,
    "WLHReal_V3_n": 3.5110611090368997e-06,
    "WLHReal_V4_n": 19.9354506132763,
    "WLHReal_V5_n": 0.30406150796264075,
    "WLHReal_V6_n": 0.0011786050002654581,
    "WLHReal_r0_n": 1.3288637755835422,
    "WLHReal_r1_n": 0.38353654126905923,
    "WLHReal_r2_n": 0.0009259137429558071,
    "WLHReal_r3_n": 9.007667751434102e-06,
    "WLHReal_a0_n": 0.7495722200730139,
    "WLHReal_a1_n": 0.0008853622778931379,
    "WLHReal_a2_n": 1.0280448096443184e-05,
    "WLHReal_a3_n": 0.23063822268846249,
    "WLHReal_a4_n": 0.8313611891451008,
    "WLHImagVolume_W0_p": 2.7326108139264114,
    "WLHImagVolume_W1_p": 0.1520441394201598,
    "WLHImagVolume_W2_p": -9.365229776574756e-05,
    "WLHImagVolume_W3_p": 10.917849925579539,
    "WLHImagVolume_W4_p": 0.048561506132252547,
    "WLHImagVolume_r0_p": 0.8455807155968358,
    "WLHImagVolume_r1_p": 19.59700844153936,
    "WLHImagVolume_r2_p": 0.32955389044892514,
    "WLHImagVolume_r3_p": 39.09972974608192,
    "WLHImagVolume_r4_p": 0.9023750203164912,
    "WLHImagVolume_r5_p": 2.1607223986148206e-06,
    "WLHImagVolume_a0_p": 0.5252401358265396,
    "WLHImagVolume_a1_p": 0.2291379425218102,
    "WLHImagVolume_a2_p": 10.18509630856321,
    "WLHImagVolume_a3_p": 0.3968743712127726,
    "WLHImagVolume_a4_p": 0.0019753168460985328,
    "WLHImagVolume_W0_n": 3.2552770263790185,
    "WLHImagVolume_W1_n": 0.3103094594119513,
    "WLHImagVolume_W2_n": 0.000839518676742488,
    "WLHImagVolume_W3_n": 9.232797461192964,
    "WLHImagVolume_W4_n": 0.050458812817637165,
    "WLHImagVolume_r0_n": 0.4774469813441818,
    "WLHImagVolume_r1_n": 96.64493224585644,
    "WLHImagVolume_r2_n": 0.8423977507319832,
    "WLHImagVolume_r3_n": 100.59540433499293,
    "WLHImagVolume_r4_n": 0.8134150131227234,
    "WLHImagVolume_r5_n": 3.036282508571055e-06,
    "WLHImagVolume_a0_n": 0.24797492942695257,
    "WLHImagVolume_a1_n": 0.5908193011173539,
    "WLHImagVolume_a2_n": 4.985189665014817,
    "WLHImagVolume_a3_n": 0.03548325417887848,
    "WLHImagVolume_a4_n": 0.00043341682542976116,
    "WLHImagSurface_W0_p": 0.8223711421760609,
    "WLHImagSurface_W1_p": 0.008784439919840556,
    "WLHImagSurface_W2_p": 0.4234498536738579,
    "WLHImagSurface_W3_p": 0.005098920614001745,
    "WLHImagSurface_r0_p": 0.9595989073311318,
    "WLHImagSurface_r1_p": 0.5274614652943554,
    "WLHImagSurface_r2_p": 0.007671453164566367,
    "WLHImagSurface_a0_p": 0.7015572031147556,
    "WLHImagSurface_W0_n": 2.1993455265543953,
    "WLHImagSurface_W1_n": 0.06452606060376156,
    "WLHImagSurface_W2_n": 3.776186245581614,
    "WLHImagSurface_W3_n": 0.22057471033759538,
    "WLHImagSurface_r0_n": 1.320593394321601,
    "WLHImagSurface_r1_n": 1.6743051545020895,
    "WLHImagSurface_r2_n": 0.003186493360245557,
    "WLHImagSurface_a0_n": 0.8539022192439609,
    "WLHRealSpinOrbit_V0_p": 10.63325645781717,
    "WLHRealSpinOrbit_V1_p": 0.008808613764656314,
    "WLHRealSpinOrbit_r0_p": 1.204013074266776,
    "WLHRealSpinOrbit_r1_p": 0.7605028764718899,
    "WLHRealSpinOrbit_a0_p": 0.7555714044590349,
    "WLHRealSpinOrbit_a1_p": 0.0003552142887874652,
    "WLHRealSpinOrbit_V0_n": 9.16025883946832,
    "WLHRealSpinOrbit_V1_n": 0.0083048588841793,
    "WLHRealSpinOrbit_r0_n": 1.3002843889728048,
    "WLHRealSpinOrbit_r1_n": 0.906869011652015,
    "WLHRealSpinOrbit_a0_n": 0.81842852483957,
    "WLHRealSpinOrbit_a1_n": 0.00034486547095115896
}