{
    "WLHReal_V0_p": 55.43266912027352,
    "WLHReal_V1_p": 0.3175939342835411,
    "WLHReal_V2_p": 0.0005563936137044838,
    "WLHReal_V3_p": 3.866921822632979e-07,
    "WLHReal_V4_p": 14.17905006927768,
    "WLHReal_V5_p": 0.12957032392927373,
    "WLHReal_V6_p": 9.531147936381784e-05,
    "WLHReal_r0_p": 1.2571172436659535,
    "WLHReal_r1_p": 0.30800114377581295,
    "WLHReal_r2_p": 0.0005497776794729612,
    "WLHReal_r3_p": 1.5070272638327363e-06,
    "WLHReal_a0_p": 0.7523634723667327,
    "WLHReal_a1_p": 0.00013736822264573655,
    "WLHReal_a2_p": 5.159285244364559e-07,
    "WLHReal_a3_p": 0.1029093266963741,
    "WLHReal_a4_p": 0.559706378245264,
    "WLHReal_V0_n": 52.59954145237528,
    "WLHReal_V1_n": 0.2619249574349405,
    "WLHReal_V2_n": -0.00048557724067889023,
    "WLHReal_V3_n": 2.4567206292510478e-06,
    "WLHReal_V4_n": 22.15415135665816,
    "WLHReal_V5_n": 0.288704708178621,
    "WLHReal_V6_n": 0.0013307159564871556,
    "WLHReal_r0_n": 1.2643165295921648,
    "WLHReal_r1_n": 0.1949375477446355,
    "WLHReal_r2_n": 0.0011606722652944452,
    "WLHReal_r3_n": 1.4324322820331346e-05,
    "WLHReal_a0_n": 0.7520971009315571,
    "WLHReal_a1_n": 0.00107188717780154,
    "WLHReal_a2_n": 1.5826741572557105e-05,
    "WLHReal_a3_n": 0.39321134532375035,
    "WLHReal_a4_n": 1.1063266699718852,
    "WLHImagVolume_W0_p": 3.0061045677825327,
    "WLHImagVolume_W1_p": 0.2112073937857508,
    "WLHImagVolume_W2_p": 0.0003949891673829315,
    "WLHImagVolume_W3_p": 12.649800113041314,
    "WLHImagVolume_W4_p": 0.06070498847927744,
    "WLHImagVolume_r0_p": 0.48779148429524855,
    "WLHImagVolume_r1_p": 63.3570227197783,
    "WLHImagVolume_r2_p": 0.7239174226928701,
    "WLHImagVolume_r3_p": 69.76455189023993,
    "WLHImagVolume_r4_p": 0.5468008764964352,
    "WLHImagVolume_r5_p": 1.3995454097541869e-06,
    "WLHImagVolume_a0_p": 0.49061571278724153,
    "WLHImagVolume_a1_p": 0.31281964777385,
    "WLHImagVolume_a2_p": 17.24116310360457,
    "WLHImagVolume_a3_p": 0.3532517924075962,
    "WLHImagVolume_a4_p": 0.0013377921022082442,
    "WLHImagVolume_W0_n": 3.4606361346130554,
    "WLHImagVolume_W1_n": 0.22113232329333035,
    "WLHImagVolume_W2_n": 0.00018306248620484305,
    "WLHImagVolume_W3_n": 10.066874939804691,
    "WLHImagVolume_W4_n": 0.00208413915464813,
    "WLHImagVolume_r0_n": 0.7326249371573889,
    "WLHImagVolume_r1_n": 50.94829353075068,
    "WLHImagVolume_r2_n": 0.5301868358585229,
    "WLHImagVolume_r3_n": 72.74848131999086,
    "WLHImagVolume_r4_n": 1.11575148742846,
    "WLHImagVolume_r5_n": 4.718735547755724e-06,
    "WLHImagVolume_a0_n": 0.2704586471424087,
    "WLHImagVolume_a1_n": 0.5338450866603027,
    "WLHImagVolume_a2_n": 6.117082588600899,
    "WLHImagVolume_a3_n": 0.03578319884161697,
    "WLHImagVolume_a4_n": 0.0004993709956900977,
    "WLHImagSurface_W0_p": 1.352770527809726,
    "WLHImagSurface_W1_p": 0.06953068344876598,
    "WLHImagSurface_W2_p": 1.8036326753674319,
    "WLHImagSurface_W3_p": 0.24333204322850702,
    "WLHImagSurface_r0_p": 1.1585497548186923,
    "WLHImagSurface_r1_p": 0.8800040328352929,
    "WLHImagSurface_r2_p": 0.008274781066367629,
    "WLHImagSurface_a0_p": 0.8517125181737522,
    "WLHImagSurface_W0_n": 1.1599967530214395,
    "WLHImagSurface_W1_n": 0.022366472899546363,
    "WLHImagSurface_W2_n": 0.6199429592269683,
    "WLHImagSurface_W3_n": 0.07365561086327335,
    "WLHImagSurface_r0_n": 1.23344575018478,
    "WLHImagSurface_r1_n": 1.3429686389949667,
    "WLHImagSurface_r2_n": 0.00252796834917445,
    "WLHImagSurface_a0_n": 0.856024359271156,
    "WLHRealSpinOrbit_V0_p": 9.762465783591677,
    "WLHRealSpinOrbit_V1_p": 0.008035557622949944,
    "WLHRealSpinOrbit_r0_p": 1.217957280515415,
    "WLHRealSpinOrbit_r1_p": 0.7721929474964099,
    "WLHRealSpinOrbit_a0_p": 0.7534970996588707,
    "WLHRealSpinOrbit_a1_p": 0.0003643542162035751,
    "WLHRealSpinOrbit_V0_n": 10.35273698012098,
    "WLHRealSpinOrbit_V1_n": 0.009289965349771436,
    "WLHRealSpinOrbit_r0_n": 1.2697021678223321,
    "WLHRealSpinOrbit_r1_n": 0.8801534215084491,
    "WLHRealSpinOrbit_a0_n": 0.8140278330762134,
    "WLHRealSpinOrbit_a1_n": 0.0003212036055230787
}