{
    "WLHReal_V0_p": 47.7531666549045,
    "WLHReal_V1_p": 0.27456114332029674,
    "WLHReal_V2_p": -0.0008151747699221736,
    "WLHReal_V3_p": 4.799535521228557e-06,
    "WLHReal_V4_p": 11.252655931406634,
    "WLHReal_V5_p": 0.11323779550677536,
    "WLHReal_V6_p": 0.0004942544090600363,
    "WLHReal_r0_p": 1.3695048251743507,
    "WLHReal_r1_p": 0.2383034644615951,
    "WLHReal_r2_p": 0.0009747297228359627,
    "WLHReal_r3_p": 1.1714290068009666e-05,
    "WLHReal_a0_p": 0.7957406336951685,
    "WLHReal_a1_p": -0.0001507360956922307,
    "WLHReal_a2_p": 1.1857289846845888e-05,
    "WLHReal_a3_p": -0.04853368635516271,
    "WLHReal_a4_p": 0.4879928988041917,
    "WLHReal_V0_n": 56.86407647411126,
    "WLHReal_V1_n": 0.31616061096535714,
    "WLHReal_V2_n": -0.00020242945003815047,
    "WLHReal_V3_n": 2.3893754228262607e-06,
    "WLHReal_V4_n": 20.694006870000383,
    "WLHReal_V5_n": 0.29789274685111944,
    "WLHReal_V6_n": 0.0010849578199224866,
    "WLHReal_r0_n": 1.2833291293623053,
    "WLHReal_r1_n": 0.3581064831672824,
    "WLHReal_r2_n": 0.0008523275193337613,
    "WLHReal_r3_n": 7.71842348738201e-06,
    "WLHReal_a0_n": 0.744579925481906,
    "WLHReal_a1_n": 0.0006123790327734234,
    "WLHReal_a2_n": 7.625692108077898e-06,
    "WLHReal_a3_n": 0.22552902838035996,
    "WLHReal_a4_n": 0.8181783331458714,
    "WLHImagVolume_W0_p": 4.834755914187331,
    "WLHImagVolume_W1_p": 0.14663146558882986,
    "WLHImagVolume_W2_p": 0.00019529075929643764,
    "WLHImagVolume_W3_p": 7.197185419187791,
    "WLHImagVolume_W4_p": 0.06604335725397592,
    "WLHImagVolume_r0_p": 0.7560355664721072,
    "WLHImagVolume_r1_p": 46.95666512269226,
    "WLHImagVolume_r2_p": 0.5980556783120013,
    "WLHImagVolume_r3_p": 63.23878580397462,
    "WLHImagVolume_r4_p": 0.5757670858029219,
    "WLHImagVolume_r5_p": 8.25088116196565e-07,
    "WLHImagVolume_a0_p": 0.5820229713342997,
    "WLHImagVolume_a1_p": 0.2882125774946575,
    "WLHImagVolume_a2_p": 17.178698669215926,
    "WLHImagVolume_a3_p": 0.4053592100885566,
    "WLHImagVolume_a4_p": 0.0024533731236704827,
    "WLHImagVolume_W0_n": 3.845661720926977,
    "WLHImagVolume_W1_n": 0.35136327184489247,
    "WLHImagVolume_W2_n": 0.0007147588760480111,
    "WLHImagVolume_W3_n": 11.045201622853588,
    "WLHImagVolume_W4_n": 0.07505911669116082,
    "WLHImagVolume_r0_n": 0.5980520712534347,
    "WLHImagVolume_r1_n": 61.676990145119106,
    "WLHImagVolume_r2_n": 0.6796319440489187,
    "WLHImagVolume_r3_n": 80.00572122358702,
    "WLHImagVolume_r4_n": 1.0167812561633944,
    "WLHImagVolume_r5_n": 3.820625840404683e-06,
    "WLHImagVolume_a0_n": 0.267601765759935,
    "WLHImagVolume_a1_n": 0.5645676791659539,
    "WLHImagVolume_a2_n": 4.28807760929959,
    "WLHImagVolume_a3_n": 0.009391215438365429,
    "WLHImagVolume_a4_n": 0.0006363789017272655,
    "WLHImagSurface_W0_p": 0.7320360500939342,
    "WLHImagSurface_W1_p": 0.02366207923188187,
    "WLHImagSurface_W2_p": 0.2588274083945613,
    "WLHImagSurface_W3_p": 0.06925102177811035,
    "WLHImagSurface_r0_p": 0.8648431699884036,
    "WLHImagSurface_r1_p": -0.1660270800026004,
    "WLHImagSurface_r2_p": -0.0002857999622214221,
    "WLHImagSurface_a0_p": 0.8544461552639724,
    "WLHImagSurface_W0_n": 2.172070567475643,
    "WLHImagSurface_W1_n": 0.05393924766083066,
    "WLHImagSurface_W2_n": 3.1381119064209106,
    "WLHImagSurface_W3_n": 0.17037809725337352,
    "WLHImagSurface_r0_n": 1.2566472716063561,
    "WLHImagSurface_r1_n": 1.5691208978844244,
    "WLHImagSurface_r2_n": 0.003571022175795833,
    "WLHImagSurface_a0_n": 0.8357630342495093,
    "WLHRealSpinOrbit_V0_p": 8.820205078764005,
    "WLHRealSpinOrbit_V1_p": 0.008489401269764121,
    "WLHRealSpinOrbit_r0_p": 1.3605815318575112,
    "WLHRealSpinOrbit_r1_p": 0.9847098242878989,
    "WLHRealSpinOrbit_a0_p": 0.8613397230127341,
    "WLHRealSpinOrbit_a1_p": 0.0003711253204232748,
    "WLHRealSpinOrbit_V0_n": 9.963419381505021,
    "WLHRealSpinOrbit_V1_n": 0.008813318707840653,
    "WLHRealSpinOrbit_r0_n": 1.2599706208673929,
    "WLHRealSpinOrbit_r1_n": 0.8663035505824646,
    "WLHRealSpinOrbit_a0_n": 0.8005879227430884,
    "WLHRealSpinOrbit_a1_n": 0.00031230152116595795
}