{
    "WLHReal_V0_p": 56.40882124710004,
    "WLHReal_V1_p": 0.29863673472943386,
    "WLHReal_V2_p": 0.0001465107314170477,
    "WLHReal_V3_p": 9.463409364229619e-07,
    "WLHReal_V4_p": 14.17017069368028,
    "WLHReal_V5_p": 0.14516770133722562,
    "WLHReal_V6_p": 0.0002898080777186068,
    "WLHReal_r0_p": 1.2706428236485556,
    "WLHReal_r1_p": 0.3172041028663736,
    "WLHReal_r2_p": 0.0007039743390889467,
    "WLHReal_r3_p": 4.773522336998546e-06,
    "WLHReal_a0_p": 0.7710349660120686,
    "WLHReal_a1_p": 0.0002698381557326106,
    "WLHReal_a2_p": 2.568380101855113e-06,
    "WLHReal_a3_p": 0.07707931089832046,
    "WLHReal_a4_p": 0.5687059182306915,
    "WLHReal_V0_n": 49.12588425891602,
    "WLHReal_V1_n": 0.26063088423879743,
    "WLHReal_V2_n": -0.0006906625059047773,
    "WLHReal_V3_n": 4.284933368381337e-06,
    "WLHReal_V4_n": 20.90418590212133,
    "WLHReal_V5_n": 0.3038876521134539,
    "WLHReal_V6_n": 0.0014147610360947455,
    "WLHReal_r0_n": 1.336377596642649,
    "WLHReal_r1_n": 0.2943815009835747,
    "WLHReal_r2_n": 0.0011594736070678177,
    "WLHReal_r3_n": 1.336785526545849e-05,
    "WLHReal_a0_n": 0.7581820626134402,
    "WLHReal_a1_n": 0.0012702335978666429,
    "WLHReal_a2_n": 1.656932201489307e-05,
    "WLHReal_a3_n": 0.34440185612471275,
    "WLHReal_a4_n": 1.019503751825529,
    "WLHImagVolume_W0_p": 4.211345488373816,
    "WLHImagVolume_W1_p": 0.2596222521036452,
    "WLHImagVolume_W2_p": 0.0003064704289079092,
    "WLHImagVolume_W3_p": 12.953834654533111,
    "WLHImagVolume_W4_p": 0.08360314134187564,
    "WLHImagVolume_r0_p": 0.6784667700742304,
    "WLHImagVolume_r1_p": 34.117731767979215,
    "WLHImagVolume_r2_p": 0.537402314356998,
    "WLHImagVolume_r3_p": 46.06683594667225,
    "WLHImagVolume_r4_p": 0.7426598689508809,
    "WLHImagVolume_r5_p": 2.1569477733993693e-06,
    "WLHImagVolume_a0_p": 0.5676187249110177,
    "WLHImagVolume_a1_p": 0.23942190902024982,
    "WLHImagVolume_a2_p": 10.979635336228718,
    "WLHImagVolume_a3_p": 0.4439228989219102,
    "WLHImagVolume_a4_p": 0.00270755637222055,
    "WLHImagVolume_W0_n": 2.7861866617513074,
    "WLHImagVolume_W1_n": 0.206949514425993,
    "WLHImagVolume_W2_n": 0.00045805695774590584,
    "WLHImagVolume_W3_n": 8.000753981451705,
    "WLHImagVolume_W4_n": -0.012362015018095165,
    "WLHImagVolume_r0_n": 0.5553022408000697,
    "WLHImagVolume_r1_n": 94.36563822081948,
    "WLHImagVolume_r2_n": 0.7712883907148405,
    "WLHImagVolume_r3_n": 99.18254090746974,
    "WLHImagVolume_r4_n": 0.8708329707681922,
    "WLHImagVolume_r5_n": 4.714960249872249e-06,
    "WLHImagVolume_a0_n": 0.2560478750466159,
    "WLHImagVolume_a1_n": 0.5726761914519934,
    "WLHImagVolume_a2_n": 6.616920910882093,
    "WLHImagVolume_a3_n": 0.07229742565244895,
    "WLHImagVolume_a4_n": 0.0004674595435816271,
    "WLHImagSurface_W0_p": 0.87225964491134,
    "WLHImagSurface_W1_p": 0.031067684375242616,
    "WLHImagSurface_W2_p": 0.9800644232003166,
    "WLHImagSurface_W3_p": 0.11340671944628813,
    "WLHImagSurface_r0_p": 0.9303605799733883,
    "WLHImagSurface_r1_p": 0.6613541722017511,
    "WLHImagSurface_r2_p": 0.005726213108382429,
    "WLHImagSurface_a0_p": 0.6593860193059515,
    "WLHImagSurface_W0_n": 1.3602466846135315,
    "WLHImagSurface_W1_n": 0.041750780649606814,
    "WLHImagSurface_W2_n": 2.035526567095365,
    "WLHImagSurface_W3_n": 0.16102055840836121,
    "WLHImagSurface_r0_n": 1.315740383103967,
    "WLHImagSurface_r1_n": 1.5263052215321515,
    "WLHImagSurface_r2_n": 0.002172784313091446,
    "WLHImagSurface_a0_n": 0.8765056984471779,
    "WLHRealSpinOrbit_V0_p": 10.158851557888232,
    "WLHRealSpinOrbit_V1_p": 0.008681607271747063,
    "WLHRealSpinOrbit_r0_p": 1.2373660278842251,
    "WLHRealSpinOrbit_r1_p": 0.8139323013122102,
    "WLHRealSpinOrbit_a0_p": 0.7780714652413486,
    "WLHRealSpinOrbit_a1_p": 0.00034314355430839787,
    "WLHRealSpinOrbit_V0_n": 9.233208254771014,
    "WLHRealSpinOrbit_V1_n": 0.008552489749861728,
    "WLHRealSpinOrbit_r0_n": 1.3245530264592953,
    "WLHRealSpinOrbit_r1_n": 0.9321785255846392,
    "WLHRealSpinOrbit_a0_n": 0.8364593656653942,
    "WLHRealSpinOrbit_a1_n": 0.0003676686975335326
}