{
    "WLHReal_V0_p": 53.77640250456152,
    "WLHReal_V1_p": 0.2781118625177055,
    "WLHReal_V2_p": -0.000565855330527074,
    "WLHReal_V3_p": 2.7414212296953213e-06,
    "WLHReal_V4_p": 12.895638595284494,
    "WLHReal_V5_p": 0.13683830362186206,
    "WLHReal_V6_p": 0.0005110987027056433,
    "WLHReal_r0_p": 1.310537015082235,
    "WLHReal_r1_p": 0.2546408483940407,
    "WLHReal_r2_p": 0.0010355543385380077,
    "WLHReal_r3_p": 1.1430823208118936e-05,
    "WLHReal_a0_p": 0.7954848444846082,
    "WLHReal_a1_p": 0.00017956439405731014,
    "WLHReal_a2_p": 8.933741560433279e-06,
    "WLHReal_a3_p": 0.00842684047625284,
    "WLHReal_a4_p": 0.5705309984753966,
    "WLHReal_V0_n": 45.27413981923158,
    "WLHReal_V1_n": 0.1971895508059319,
    "WLHReal_V2_n": -0.00099530954477489,
    "WLHReal_V3_n": 4.389857285375016e-06,
    "WLHReal_V4_n": 21.523938543792354,
    "WLHReal_V5_n": 0.3132698897491618,
    "WLHReal_V6_n": 0.0015239546456978742,
    "WLHReal_r0_n": 1.3858159701234174,
    "WLHReal_r1_n": 0.357340124245061,
    "WLHReal_r2_n": 0.0011394599741365297,
    "WLHReal_r3_n": 1.3945118285907414e-05,
    "WLHReal_a0_n": 0.7623484458030391,
    "WLHReal_a1_n": 0.0013388845751810552,
    "WLHReal_a2_n": 1.7264031887100537e-05,
    "WLHReal_a3_n": 0.3394832537223398,
    "WLHReal_a4_n": 0.9517188584160742,
    "WLHImagVolume_W0_p": 5.440367759504923,
    "WLHImagVolume_W1_p": 0.25215358126028303,
    "WLHImagVolume_W2_p": 0.00018379109703668347,
    "WLHImagVolume_W3_p": 11.254767213660328,
    "WLHImagVolume_W4_p": 0.09298928767108212,
    "WLHImagVolume_r0_p": 0.8897760867601241,
    "WLHImagVolume_r1_p": 15.649096108261634,
    "WLHImagVolume_r2_p": 0.3815458497408275,
    "WLHImagVolume_r3_p": 36.0552324074787,
    "WLHImagVolume_r4_p": 0.86807816510683,
    "WLHImagVolume_r5_p": 2.4247454027697255e-06,
    "WLHImagVolume_a0_p": 0.6336198353505241,
    "WLHImagVolume_a1_p": 0.19844557134798127,
    "WLHImagVolume_a2_p": 8.428004423135192,
    "WLHImagVolume_a3_p": 0.49942592632887883,
    "WLHImagVolume_a4_p": 0.0036748513218324056,
    "WLHImagVolume_W0_n": 1.9119783457227142,
    "WLHImagVolume_W1_n": 0.14196560393368346,
    "WLHImagVolume_W2_n": 0.00020528971290111698,
    "WLHImagVolume_W3_n": 6.041760456162673,
    "WLHImagVolume_W4_n": -0.06035034010830949,
    "WLHImagVolume_r0_n": 0.5633779500395322,
    "WLHImagVolume_r1_n": 95.47151696318869,
    "WLHImagVolume_r2_n": 0.7990028687323634,
    "WLHImagVolume_r3_n": 99.01844839980623,
    "WLHImagVolume_r4_n": 0.935083311511583,
    "WLHImagVolume_r5_n": 5.8338066944859545e-06,
    "WLHImagVolume_a0_n": 0.2766078137573218,
    "WLHImagVolume_a1_n": 0.5803226601266567,
    "WLHImagVolume_a2_n": 8.91997435185391,
    "WLHImagVolume_a3_n": 0.1466484909691017,
    "WLHImagVolume_a4_n": 0.0011496902358483997,
    "WLHImagSurface_W0_p": 0.35124634491590045,
    "WLHImagSurface_W1_p": -0.013189088811511651,
    "WLHImagSurface_W2_p": -0.39107080047586784,
    "WLHImagSurface_W3_p": -0.053250884677685906,
    "WLHImagSurface_r0_p": 0.718828065975128,
    "WLHImagSurface_r1_p": 0.11849516226269774,
    "WLHImagSurface_r2_p": 0.0010761896278399415,
    "WLHImagSurface_a0_p": 0.6041514568852753,
    "WLHImagSurface_W0_n": 0.5811303186202066,
    "WLHImagSurface_W1_n": 0.022522936782748172,
    "WLHImagSurface_W2_n": 1.28848334967377,
    "WLHImagSurface_W3_n": 0.1360718617947775,
    "WLHImagSurface_r0_n": 1.3241992053969873,
    "WLHImagSurface_r1_n": 1.4269383209150197,
    "WLHImagSurface_r2_n": 0.0012663982816378727,
    "WLHImagSurface_a0_n": 0.8991412786855527,
    "WLHRealSpinOrbit_V0_p": 10.038109847144673,
    "WLHRealSpinOrbit_V1_p": 0.00922097503677225,
    "WLHRealSpinOrbit_r0_p": 1.2980933199037887,
    "WLHRealSpinOrbit_r1_p": 0.9168850812272282,
    "WLHRealSpinOrbit_a0_p": 0.8314263144205826,
    "WLHRealSpinOrbit_a1_p": 0.0003269752215590731,
    "WLHRealSpinOrbit_V0_n": 8.93542658581553,
    "WLHRealSpinOrbit_V1_n": 0.00844138272253891,
    "WLHRealSpinOrbit_r0_n": 1.365262174153583,
    "WLHRealSpinOrbit_r1_n": 0.9553119579056277,
    "WLHRealSpinOrbit_a0_n": 0.8540178973673722,
    "WLHRealSpinOrbit_a1_n": 0.0004280476230010386
}