{
    "ECS_p": 0.243906,
    "ECS_n": 0.481378,
    "APower_p": 0.797952,
    "APower_n": 0.361191
}