{
    "WLHReal_V0_p": 45.96752638956663,
    "WLHReal_V1_p": 0.27082588277269487,
    "WLHReal_V2_p": -0.0007874042974942087,
    "WLHReal_V3_p": 5.083018451604057e-06,
    "WLHReal_V4_p": 10.96010665905161,
    "WLHReal_V5_p": 0.12130109890791657,
    "WLHReal_V6_p": 0.00048108382584364714,
    "WLHReal_r0_p": 1.4050479160730707,
    "WLHReal_r1_p": 0.31636844696742716,
    "WLHReal_r2_p": 0.0007185381310271327,
    "WLHReal_r3_p": 8.853735787899653e-06,
    "WLHReal_a0_p": 0.7933690281029523,
    "WLHReal_a1_p": -0.0002011157208921711,
    "WLHReal_a2_p": 9.969151089174906e-06,
    "WLHReal_a3_p": -0.06042762085038844,
    "WLHReal_a4_p": 0.41190814192823477,
    "WLHReal_V0_n": 51.14308061075035,
    "WLHReal_V1_n": 0.26713715020294443,
    "WLHReal_V2_n": 2.3421885374561458e-05,
    "WLHReal_V3_n": 1.9642405035218763e-06,
    "WLHReal_V4_n": 21.722114683897356,
    "WLHReal_V5_n": 0.2550008126858677,
    "WLHReal_V6_n": 0.0007603590175850779,
    "WLHReal_r0_n": 1.2851459553773326,
    "WLHReal_r1_n": 0.2938129912246833,
    "WLHReal_r2_n": 0.0007020093691790639,
    "WLHReal_r3_n": 6.107643994629517e-06,
    "WLHReal_a0_n": 0.7226909216147612,
    "WLHReal_a1_n": 0.0006628008197868352,
    "WLHReal_a2_n": 6.234120200516192e-06,
    "WLHReal_a3_n": 0.2712903324423606,
    "WLHReal_a4_n": 0.7901843665466701,
    "WLHImagVolume_W0_p": 4.414336032472357,
    "WLHImagVolume_W1_p": 0.11457515482373219,
    "WLHImagVolume_W2_p": 0.00025167819196906583,
    "WLHImagVolume_W3_p": 5.449181486263511,
    "WLHImagVolume_W4_p": 0.058932846808197256,
    "WLHImagVolume_r0_p": 0.6114967241560105,
    "WLHImagVolume_r1_p": 63.15194262913536,
    "WLHImagVolume_r2_p": 0.7706371753220621,
    "WLHImagVolume_r3_p": 72.0374589096273,
    "WLHImagVolume_r4_p": 0.37442735762547713,
    "WLHImagVolume_r5_p": 1.0327902932033196e-07,
    "WLHImagVolume_a0_p": 0.5544900074240128,
    "WLHImagVolume_a1_p": 0.33311094301164157,
    "WLHImagVolume_a2_p": 21.018095503220792,
    "WLHImagVolume_a3_p": 0.3644087597808724,
    "WLHImagVolume_a4_p": 0.0018908036250860761,
    "WLHImagVolume_W0_n": 1.8158877021625413,
    "WLHImagVolume_W1_n": 0.17118739807228517,
    "WLHImagVolume_W2_n": 0.0002493117837796976,
    "WLHImagVolume_W3_n": 6.647683820589755,
    "WLHImagVolume_W4_n": 0.000676452688404737,
    "WLHImagVolume_r0_n": 0.5305756068471256,
    "WLHImagVolume_r1_n": 86.08262654769891,
    "WLHImagVolume_r2_n": 0.7425301268327539,
    "WLHImagVolume_r3_n": 81.95262293132322,
    "WLHImagVolume_r4_n": 0.8616235710963143,
    "WLHImagVolume_r5_n": 2.4598018237741763e-06,
    "WLHImagVolume_a0_n": 0.1962973280838489,
    "WLHImagVolume_a1_n": 0.6196247139724748,
    "WLHImagVolume_a2_n": 9.845073601980397,
    "WLHImagVolume_a3_n": 0.09055122547347003,
    "WLHImagVolume_a4_n": 0.0007212065412803834,
    "WLHImagSurface_W0_p": 1.1132421421039425,
    "WLHImagSurface_W1_p": 0.06486245178819468,
    "WLHImagSurface_W2_p": 1.5132619151385762,
    "WLHImagSurface_W3_p": 0.22867549709239132,
    "WLHImagSurface_r0_p": 0.9626425625775393,
    "WLHImagSurface_r1_p": -0.1028074077714361,
    "WLHImagSurface_r2_p": 0.00033916720484173345,
    "WLHImagSurface_a0_p": 0.9215675237293859,
    "WLHImagSurface_W0_n": 1.2584002270867727,
    "WLHImagSurface_W1_n": 0.020433160544235142,
    "WLHImagSurface_W2_n": 1.7878316497072744,
    "WLHImagSurface_W3_n": 0.09333702587395683,
    "WLHImagSurface_r0_n": 1.2982747189319392,
    "WLHImagSurface_r1_n": 1.328585581587976,
    "WLHImagSurface_r2_n": 0.003355719194258134,
    "WLHImagSurface_a0_n": 0.845097251752851,
    "WLHRealSpinOrbit_V0_p": 8.195616378601796,
    "WLHRealSpinOrbit_V1_p": 0.007939137168617914,
    "WLHRealSpinOrbit_r0_p": 1.381288867452967,
    "WLHRealSpinOrbit_r1_p": 0.9912213157225076,
    "WLHRealSpinOrbit_a0_p": 0.8629732278733795,
    "WLHRealSpinOrbit_a1_p": 0.0004083622172515054,
    "WLHRealSpinOrbit_V0_n": 9.567146156589951,
    "WLHRealSpinOrbit_V1_n": 0.008228686820692145,
    "WLHRealSpinOrbit_r0_n": 1.263832312312988,
    "WLHRealSpinOrbit_r1_n": 0.8300844461027798,
    "WLHRealSpinOrbit_a0_n": 0.786024833801648,
    "WLHRealSpinOrbit_a1_n": 0.00038456504778156155
}