{
    "WLHReal_V0_p": 58.0471945491707,
    "WLHReal_V1_p": 0.30648841291347845,
    "WLHReal_V2_p": 0.0006205487434098827,
    "WLHReal_V3_p": -2.648297442311552e-07,
    "WLHReal_V4_p": 15.311260303512189,
    "WLHReal_V5_p": 0.1475470339516345,
    "WLHReal_V6_p": 0.000138547425112381,
    "WLHReal_r0_p": 1.2363276830398349,
    "WLHReal_r1_p": 0.33956249442888137,
    "WLHReal_r2_p": 0.0004943660475801241,
    "WLHReal_r3_p": 5.951701213737441e-07,
    "WLHReal_a0_p": 0.7518751284965961,
    "WLHReal_a1_p": 0.00032135329903484715,
    "WLHReal_a2_p": -1.4093460752523876e-06,
    "WLHReal_a3_p": 0.11828057227347291,
    "WLHReal_a4_p": 0.5625623763897759,
    "WLHReal_V0_n": 46.165153378791366,
    "WLHReal_V1_n": 0.22579842697104993,
    "WLHReal_V2_n": -0.0014674120307423858,
    "WLHReal_V3_n": 6.624272913078146e-06,
    "WLHReal_V4_n": 20.795432231838692,
    "WLHReal_V5_n": 0.3496427252127066,
    "WLHReal_V6_n": 0.0020873389081212954,
    "WLHReal_r0_n": 1.3845747223458378,
    "WLHReal_r1_n": 0.27771131692353485,
    "WLHReal_r2_n": 0.0016222265364488168,
    "WLHReal_r3_n": 2.198264060358462e-05,
    "WLHReal_a0_n": 0.7930550539656493,
    "WLHReal_a1_n": 0.0018775653689824666,
    "WLHReal_a2_n": 2.7702157130371035e-05,
    "WLHReal_a3_n": 0.44146138735757945,
    "WLHReal_a4_n": 1.2645397423623335,
    "WLHImagVolume_W0_p": 3.3108093249574404,
    "WLHImagVolume_W1_p": 0.2551807076459402,
    "WLHImagVolume_W2_p": 0.00032274833273249285,
    "WLHImagVolume_W3_p": 13.853607185674079,
    "WLHImagVolume_W4_p": 0.0749766979844713,
    "WLHImagVolume_r0_p": 0.5807496452041772,
    "WLHImagVolume_r1_p": 41.22037090966477,
    "WLHImagVolume_r2_p": 0.5923489715313511,
    "WLHImagVolume_r3_p": 49.13827263545717,
    "WLHImagVolume_r4_p": 0.7026486388029084,
    "WLHImagVolume_r5_p": 2.106794577471823e-06,
    "WLHImagVolume_a0_p": 0.5258633555599032,
    "WLHImagVolume_a1_p": 0.25727329938647503,
    "WLHImagVolume_a2_p": 11.874856265234508,
    "WLHImagVolume_a3_p": 0.4101953567678356,
    "WLHImagVolume_a4_p": 0.0021073357020623008,
    "WLHImagVolume_W0_n": 3.515636204536398,
    "WLHImagVolume_W1_n": 0.2073530051577147,
    "WLHImagVolume_W2_n": 0.00044483609836956417,
    "WLHImagVolume_W3_n": 8.968446426544336,
    "WLHImagVolume_W4_n": -0.04655458844082433,
    "WLHImagVolume_r0_n": 0.6379760585056794,
    "WLHImagVolume_r1_n": 91.27565756235082,
    "WLHImagVolume_r2_n": 0.736344346073107,
    "WLHImagVolume_r3_n": 108.60003242058144,
    "WLHImagVolume_r4_n": 0.9717574197903802,
    "WLHImagVolume_r5_n": 6.332134121688605e-06,
    "WLHImagVolume_a0_n": 0.3246104189749437,
    "WLHImagVolume_a1_n": 0.5180981068915842,
    "WLHImagVolume_a2_n": 4.438623707062909,
    "WLHImagVolume_a3_n": 0.07617432664554798,
    "WLHImagVolume_a4_n": 0.00046856325025704005,
    "WLHImagSurface_W0_p": 1.1627558664362039,
    "WLHImagSurface_W1_p": 0.053489264003508175,
    "WLHImagSurface_W2_p": 1.735917947150532,
    "WLHImagSurface_W3_p": 0.19614236502157745,
    "WLHImagSurface_r0_p": 1.051401554090021,
    "WLHImagSurface_r1_p": 0.9849875649694,
    "WLHImagSurface_r2_p": 0.008853594540907849,
    "WLHImagSurface_a0_p": 0.6805266778921721,
    "WLHImagSurface_W0_n": 1.0197998350573263,
    "WLHImagSurface_W1_n": 0.04725903580356254,
    "WLHImagSurface_W2_n": 1.4030809331979865,
    "WLHImagSurface_W3_n": 0.1860076165514858,
    "WLHImagSurface_r0_n": 1.3136237484521807,
    "WLHImagSurface_r1_n": 1.6124383026154376,
    "WLHImagSurface_r2_n": 0.0006840776672592855,
    "WLHImagSurface_a0_n": 0.9121401373923153,
    "WLHRealSpinOrbit_V0_p": 10.35263736653554,
    "WLHRealSpinOrbit_V1_p": 0.008409607737146657,
    "WLHRealSpinOrbit_r0_p": 1.1938143435673738,
    "WLHRealSpinOrbit_r1_p": 0.7415466859627959,
    "WLHRealSpinOrbit_a0_p": 0.7416245001514701,
    "WLHRealSpinOrbit_a1_p": 0.00035349939504737964,
    "WLHRealSpinOrbit_V0_n": 9.109956308830775,
    "WLHRealSpinOrbit_V1_n": 0.009046855266709862,
    "WLHRealSpinOrbit_r0_n": 1.385673608430042,
    "WLHRealSpinOrbit_r1_n": 1.0275809696987894,
    "WLHRealSpinOrbit_a0_n": 0.887298646402635,
    "WLHRealSpinOrbit_a1_n": 0.0003639425068650656
}