{
    "WLHReal_V0_p": 55.144322736108464,
    "WLHReal_V1_p": 0.29683544846171045,
    "WLHReal_V2_p": 2.287421682288667e-05,
    "WLHReal_V3_p": 1.1839078973088637e-06,
    "WLHReal_V4_p": 13.829006704505266,
    "WLHReal_V5_p": 0.12987353081074793,
    "WLHReal_V6_p": 0.00029344949901790294,
    "WLHReal_r0_p": 1.2685212474246792,
    "WLHReal_r1_p": 0.25401158069927754,
    "WLHReal_r2_p": 0.0008490598665599829,
    "WLHReal_r3_p": 7.223029785774471e-06,
    "WLHReal_a0_p": 0.7718399579216798,
    "WLHReal_a1_p": 0.00017141266928666528,
    "WLHReal_a2_p": 4.6515952188981555e-06,
    "WLHReal_a3_p": 0.059860106140288014,
    "WLHReal_a4_p": 0.5823947262358439,
    "WLHReal_V0_n": 58.98660420787915,
    "WLHReal_V1_n": 0.35175704877819575,
    "WLHReal_V2_n": 0.00036070553095925964,
    "WLHReal_V3_n": 9.761431398764408e-07,
    "WLHReal_V4_n": 20.623808962316684,
    "WLHReal_V5_n": 0.26383480746505705,
    "WLHReal_V6_n": 0.0006320516353594621,
    "WLHReal_r0_n": 1.241534953839777,
    "WLHReal_r1_n": 0.3389499990458238,
    "WLHReal_r2_n": 0.0005833599926118357,
    "WLHReal_r3_n": 2.0604793008975126e-06,
    "WLHReal_a0_n": 0.7210139874388924,
    "WLHReal_a1_n": 0.0002667104629411719,
    "WLHReal_a2_n": 1.0911160409808542e-06,
    "WLHReal_a3_n": 0.17838395620205316,
    "WLHReal_a4_n": 0.7008626491152949,
    "WLHImagVolume_W0_p": 4.229807754708753,
    "WLHImagVolume_W1_p": 0.23558287860611637,
    "WLHImagVolume_W2_p": 0.0002470159658516965,
    "WLHImagVolume_W3_p": 12.374752663124667,
    "WLHImagVolume_W4_p": 0.07701681875404708,
    "WLHImagVolume_r0_p": 0.73841257060917,
    "WLHImagVolume_r1_p": 33.483750988313666,
    "WLHImagVolume_r2_p": 0.48996834457049926,
    "WLHImagVolume_r3_p": 49.23569009542709,
    "WLHImagVolume_r4_p": 0.7764899669197575,
    "WLHImagVolume_r5_p": 2.0057776507218118e-06,
    "WLHImagVolume_a0_p": 0.5671939589448689,
    "WLHImagVolume_a1_p": 0.24101148504725237,
    "WLHImagVolume_a2_p": 11.538291799937785,
    "WLHImagVolume_a3_p": 0.4359931911956016,
    "WLHImagVolume_a4_p": 0.002629046060880435,
    "WLHImagVolume_W0_n": 3.457492216117072,
    "WLHImagVolume_W1_n": 0.34943139223057346,
    "WLHImagVolume_W2_n": 0.0007604149391608644,
    "WLHImagVolume_W3_n": 10.54367773581043,
    "WLHImagVolume_W4_n": 0.10064166798267003,
    "WLHImagVolume_r0_n": 0.5336635508796017,
    "WLHImagVolume_r1_n": 67.95038388428497,
    "WLHImagVolume_r2_n": 0.706293120057724,
    "WLHImagVolume_r3_n": 76.11144308700644,
    "WLHImagVolume_r4_n": 0.9071115284721885,
    "WLHImagVolume_r5_n": 1.4404255963494183e-06,
    "WLHImagVolume_a0_n": 0.21185018349688092,
    "WLHImagVolume_a1_n": 0.6009152869833216,
    "WLHImagVolume_a2_n": 5.434513249882187,
    "WLHImagVolume_a3_n": -0.007389160262117486,
    "WLHImagVolume_a4_n": 0.0003961120887855795,
    "WLHImagSurface_W0_p": 0.7488173785703388,
    "WLHImagSurface_W1_p": 0.015929227358217387,
    "WLHImagSurface_W2_p": 0.364625632576399,
    "WLHImagSurface_W3_p": 0.04695024574278035,
    "WLHImagSurface_r0_p": 0.913300213240651,
    "WLHImagSurface_r1_p": 0.4901077949957014,
    "WLHImagSurface_r2_p": 0.004759344403124519,
    "WLHImagSurface_a0_p": 0.7049506157947251,
    "WLHImagSurface_W0_n": 2.525763199283319,
    "WLHImagSurface_W1_n": 0.05400756039688774,
    "WLHImagSurface_W2_n": 3.624930266031307,
    "WLHImagSurface_W3_n": 0.15825101687613963,
    "WLHImagSurface_r0_n": 1.2635024961888635,
    "WLHImagSurface_r1_n": 1.5313767189839147,
    "WLHImagSurface_r2_n": 0.004681022753033946,
    "WLHImagSurface_a0_n": 0.8098695481442574,
    "WLHRealSpinOrbit_V0_p": 10.128688415992645,
    "WLHRealSpinOrbit_V1_p": 0.008790315999326044,
    "WLHRealSpinOrbit_r0_p": 1.2479684142185365,
    "WLHRealSpinOrbit_r1_p": 0.8357266538947038,
    "WLHRealSpinOrbit_a0_p": 0.7889037717012776,
    "WLHRealSpinOrbit_a1_p": 0.0003362341648010695,
    "WLHRealSpinOrbit_V0_n": 10.044516672095476,
    "WLHRealSpinOrbit_V1_n": 0.008473607482744469,
    "WLHRealSpinOrbit_r0_n": 1.213903245314399,
    "WLHRealSpinOrbit_r1_n": 0.8021113868129384,
    "WLHRealSpinOrbit_a0_n": 0.7649278472980242,
    "WLHRealSpinOrbit_a1_n": 0.00030406547653099724
}