{
    "ECS_p": 0.713036,
    "ECS_n": 0.408362,
    "APower_p": 0.801535,
    "APower_n": 0.352921
}