{
    "WLHReal_V0_p": 50.80655325695466,
    "WLHReal_V1_p": 0.2738596886284315,
    "WLHReal_V2_p": 0.000207767731006693,
    "WLHReal_V3_p": 1.4361548496394069e-06,
    "WLHReal_V4_p": 14.266242427872747,
    "WLHReal_V5_p": 0.1342780475658059,
    "WLHReal_V6_p": 0.0001993404414435464,
    "WLHReal_r0_p": 1.3150134077725655,
    "WLHReal_r1_p": 0.36209632948283227,
    "WLHReal_r2_p": 0.00027204466302028693,
    "WLHReal_r3_p": 4.662413226773507e-07,
    "WLHReal_a0_p": 0.7515635623194948,
    "WLHReal_a1_p": 9.598906448626783e-06,
    "WLHReal_a2_p": 1.5965016100863707e-06,
    "WLHReal_a3_p": 0.027846566541760886,
    "WLHReal_a4_p": 0.39644693285267296,
    "WLHReal_V0_n": 48.04857547640179,
    "WLHReal_V1_n": 0.29652365456717017,
    "WLHReal_V2_n": -0.0012679366773608607,
    "WLHReal_V3_n": 7.045687094239644e-06,
    "WLHReal_V4_n": 18.792009371191767,
    "WLHReal_V5_n": 0.35600347517821734,
    "WLHReal_V6_n": 0.0019695026013117818,
    "WLHReal_r0_n": 1.4063076922529343,
    "WLHReal_r1_n": 0.35835193141654725,
    "WLHReal_r2_n": 0.001527724061890196,
    "WLHReal_r3_n": 1.8948318807330245e-05,
    "WLHReal_a0_n": 0.791272088072645,
    "WLHReal_a1_n": 0.0018180103768579404,
    "WLHReal_a2_n": 2.5112337899393734e-05,
    "WLHReal_a3_n": 0.3496642631935936,
    "WLHReal_a4_n": 1.1526838834562554,
    "WLHImagVolume_W0_p": 2.7092462570136395,
    "WLHImagVolume_W1_p": 0.12399300791039722,
    "WLHImagVolume_W2_p": 0.00017458230917607675,
    "WLHImagVolume_W3_p": 7.792605547936793,
    "WLHImagVolume_W4_p": 0.048177698582786706,
    "WLHImagVolume_r0_p": 0.5159984141427445,
    "WLHImagVolume_r1_p": 58.3277506746372,
    "WLHImagVolume_r2_p": 0.7497157766323028,
    "WLHImagVolume_r3_p": 61.63534249383853,
    "WLHImagVolume_r4_p": 0.43547591699884847,
    "WLHImagVolume_r5_p": 5.890366476852247e-07,
    "WLHImagVolume_a0_p": 0.49473258153457533,
    "WLHImagVolume_a1_p": 0.32465166502083287,
    "WLHImagVolume_a2_p": 18.635911316190825,
    "WLHImagVolume_a3_p": 0.3355596240388476,
    "WLHImagVolume_a4_p": 0.0012109743005954796,
    "WLHImagVolume_W0_n": 3.8158125185470064,
    "WLHImagVolume_W1_n": 0.2928464946378632,
    "WLHImagVolume_W2_n": 0.0010524331466417042,
    "WLHImagVolume_W3_n": 9.24463563952108,
    "WLHImagVolume_W4_n": 0.006592191169311052,
    "WLHImagVolume_r0_n": 0.4424177676243084,
    "WLHImagVolume_r1_n": 128.98247103655453,
    "WLHImagVolume_r2_n": 0.9571017051396444,
    "WLHImagVolume_r3_n": 132.2531910535842,
    "WLHImagVolume_r4_n": 0.6854144665938868,
    "WLHImagVolume_r5_n": 4.409654332695836e-06,
    "WLHImagVolume_a0_n": 0.2932385505092347,
    "WLHImagVolume_a1_n": 0.5541900946587479,
    "WLHImagVolume_a2_n": 2.3570538031300714,
    "WLHImagVolume_a3_n": 0.03443004573416708,
    "WLHImagVolume_a4_n": -8.87077412556114e-05,
    "WLHImagSurface_W0_p": 1.5227052000005505,
    "WLHImagSurface_W1_p": 0.09291188630395227,
    "WLHImagSurface_W2_p": 2.8374099843820337,
    "WLHImagSurface_W3_p": 0.33752620852833337,
    "WLHImagSurface_r0_p": 1.119317280865711,
    "WLHImagSurface_r1_p": 0.5781852049970286,
    "WLHImagSurface_r2_p": 0.007040191228340681,
    "WLHImagSurface_a0_p": 0.8406107594988701,
    "WLHImagSurface_W0_n": 2.1734001427553973,
    "WLHImagSurface_W1_n": 0.0892407108292777,
    "WLHImagSurface_W2_n": 4.0067744218866865,
    "WLHImagSurface_W3_n": 0.3084607675556663,
    "WLHImagSurface_r0_n": 1.3805841236587357,
    "WLHImagSurface_r1_n": 1.915785310563356,
    "WLHImagSurface_r2_n": 0.0015313712029018489,
    "WLHImagSurface_a0_n": 0.9022883643624852,
    "WLHRealSpinOrbit_V0_p": 9.071771032364586,
    "WLHRealSpinOrbit_V1_p": 0.007710807807244014,
    "WLHRealSpinOrbit_r0_p": 1.275146488743963,
    "WLHRealSpinOrbit_r1_p": 0.8221318778042879,
    "WLHRealSpinOrbit_a0_p": 0.781084315555997,
    "WLHRealSpinOrbit_a1_p": 0.00042150571981900613,
    "WLHRealSpinOrbit_V0_n": 8.33227631121073,
    "WLHRealSpinOrbit_V1_n": 0.008379814675703812,
    "WLHRealSpinOrbit_r0_n": 1.3912431245754422,
    "WLHRealSpinOrbit_r1_n": 1.0435909128659617,
    "WLHRealSpinOrbit_a0_n": 0.8851823951191127,
    "WLHRealSpinOrbit_a1_n": 0.0003480393385371475
}