{
    "ECS_p": 0.439186,
    "ECS_n": 0.321188,
    "APower_p": 0.917282,
    "APower_n": 0.512318
}