{
    "CH89RealCentral": {
        "V_0": 56.6536,
        "V_t": 20.0396,
        "V_e": -0.340761,
        "r_o": 1.1353,
        "r_o_0": 0.0313439,
        "a_0": 0.74659
    },
    "CH89Coulomb": {
        "r_c": 1.14088,
        "r_c_0": 0.279274
    },
    "CH89SpinOrbit": {
        "V_so": 5.8885,
        "r_so": 1.18164,
        "r_so_0": -0.34652,
        "a_so": 0.568757
    },
    "CH89ImagCentral": {
        "W_v0": 9.09966,
        "W_ve0": 26.4444,
        "W_vew": 7.35986,
        "W_s0": 12.2246,
        "W_st": 24.2355,
        "W_se0": 29.8198,
        "W_sew": 32.9986,
        "r_w": 1.28722,
        "r_w0": -0.390985,
        "a_w": 0.700879
    }
}