{
    "WLHReal_V0_p": 53.054819767563274,
    "WLHReal_V1_p": 0.2995249160016246,
    "WLHReal_V2_p": 0.00012056251558001583,
    "WLHReal_V3_p": 1.6545396821509853e-06,
    "WLHReal_V4_p": 13.58756182225983,
    "WLHReal_V5_p": 0.1154325429921288,
    "WLHReal_V6_p": 0.00020867353896931396,
    "WLHReal_r0_p": 1.2741652732076287,
    "WLHReal_r1_p": 0.23448210235839567,
    "WLHReal_r2_p": 0.0007745459866262614,
    "WLHReal_r3_p": 5.857679695266845e-06,
    "WLHReal_a0_p": 0.762500876723054,
    "WLHReal_a1_p": 2.4159502079327695e-05,
    "WLHReal_a2_p": 5.323910463296895e-06,
    "WLHReal_a3_p": 0.05188961206869567,
    "WLHReal_a4_p": 0.5524018279319766,
    "WLHReal_V0_n": 50.38230291982199,
    "WLHReal_V1_n": 0.24560548982894226,
    "WLHReal_V2_n": -2.7146813885369744e-05,
    "WLHReal_V3_n": 9.434830436936069e-07,
    "WLHReal_V4_n": 22.916175239995635,
    "WLHReal_V5_n": 0.2427947183171049,
    "WLHReal_V6_n": 0.0008622886779685343,
    "WLHReal_r0_n": 1.2411729197465693,
    "WLHReal_r1_n": 0.1512534420217897,
    "WLHReal_r2_n": 0.0008924388423051092,
    "WLHReal_r3_n": 1.0186236878005658e-05,
    "WLHReal_a0_n": 0.7245032099394273,
    "WLHReal_a1_n": 0.0008623898269527772,
    "WLHReal_a2_n": 1.1513412207874225e-05,
    "WLHReal_a3_n": 0.38979508367448,
    "WLHReal_a4_n": 1.0049624258110708,
    "WLHImagVolume_W0_p": 3.5269254239327417,
    "WLHImagVolume_W1_p": 0.18153787483954287,
    "WLHImagVolume_W2_p": 0.0002434954158411961,
    "WLHImagVolume_W3_p": 10.99618893907328,
    "WLHImagVolume_W4_p": 0.05904919684410426,
    "WLHImagVolume_r0_p": 0.6531362330096466,
    "WLHImagVolume_r1_p": 50.24745792266186,
    "WLHImagVolume_r2_p": 0.5920665383819992,
    "WLHImagVolume_r3_p": 63.63796509549906,
    "WLHImagVolume_r4_p": 0.6465732484030335,
    "WLHImagVolume_r5_p": 1.5143076390047873e-06,
    "WLHImagVolume_a0_p": 0.5238152348252914,
    "WLHImagVolume_a1_p": 0.28852315355265296,
    "WLHImagVolume_a2_p": 15.881400834452915,
    "WLHImagVolume_a3_p": 0.3763879330758253,
    "WLHImagVolume_a4_p": 0.0017792722388755436,
    "WLHImagVolume_W0_n": 1.9579100890663041,
    "WLHImagVolume_W1_n": 0.10831417251423756,
    "WLHImagVolume_W2_n": -0.00012086794666852458,
    "WLHImagVolume_W3_n": 7.081165122234052,
    "WLHImagVolume_W4_n": -0.030421916311933337,
    "WLHImagVolume_r0_n": 0.6697753265537518,
    "WLHImagVolume_r1_n": 64.90794149557962,
    "WLHImagVolume_r2_n": 0.5669531017704318,
    "WLHImagVolume_r3_n": 68.7696600385905,
    "WLHImagVolume_r4_n": 0.9923116819034674,
    "WLHImagVolume_r5_n": 3.949757054451859e-06,
    "WLHImagVolume_a0_n": 0.1993557930079024,
    "WLHImagVolume_a1_n": 0.5867646363209229,
    "WLHImagVolume_a2_n": 10.389627766231502,
    "WLHImagVolume_a3_n": 0.08162078344240295,
    "WLHImagVolume_a4_n": 0.0005329729470452003,
    "WLHImagSurface_W0_p": 1.0101341457567214,
    "WLHImagSurface_W1_p": 0.0370273230069927,
    "WLHImagSurface_W2_p": 0.7816728873370401,
    "WLHImagSurface_W3_p": 0.11508697073987202,
    "WLHImagSurface_r0_p": 1.0314330628106507,
    "WLHImagSurface_r1_p": 0.4779291396884479,
    "WLHImagSurface_r2_p": 0.005446994142957859,
    "WLHImagSurface_a0_p": 0.8386308090464238,
    "WLHImagSurface_W0_n": 0.7127246693659676,
    "WLHImagSurface_W1_n": -0.0018388929545354246,
    "WLHImagSurface_W2_n": -0.07945219714088791,
    "WLHImagSurface_W3_n": 0.00997481977061343,
    "WLHImagSurface_r0_n": 1.2553238722096374,
    "WLHImagSurface_r1_n": 1.1476757324481737,
    "WLHImagSurface_r2_n": 0.00299767484571032,
    "WLHImagSurface_a0_n": 0.8466515334287066,
    "WLHRealSpinOrbit_V0_p": 9.71325178456499,
    "WLHRealSpinOrbit_V1_p": 0.00838703501899634,
    "WLHRealSpinOrbit_r0_p": 1.2550353390983995,
    "WLHRealSpinOrbit_r1_p": 0.8345792779939808,
    "WLHRealSpinOrbit_a0_p": 0.786429592005327,
    "WLHRealSpinOrbit_a1_p": 0.0003569098253932296,
    "WLHRealSpinOrbit_V0_n": 10.22708442323431,
    "WLHRealSpinOrbit_V1_n": 0.008782158792572593,
    "WLHRealSpinOrbit_r0_n": 1.2444704265374638,
    "WLHRealSpinOrbit_r1_n": 0.8171669445017424,
    "WLHRealSpinOrbit_a0_n": 0.7836788749590531,
    "WLHRealSpinOrbit_a1_n": 0.00036431896368653094
}