{
    "CH89RealCentral": {
        "V_0": 58.4697,
        "V_t": 12.9633,
        "V_e": -0.379074,
        "r_o": 1.15499,
        "r_o_0": -0.0435874,
        "a_0": 0.752097
    },
    "CH89Coulomb": {
        "r_c": 1.29753,
        "r_c_0": 0.149601
    },
    "CH89SpinOrbit": {
        "V_so": 6.58343,
        "r_so": 1.31028,
        "r_so_0": -1.03937,
        "a_so": 0.668364
    },
    "CH89ImagCentral": {
        "W_v0": 12.2318,
        "W_ve0": 25.0393,
        "W_vew": 38.2584,
        "W_s0": 10.8489,
        "W_st": 30.2183,
        "W_se0": -12.6156,
        "W_sew": 41.0765,
        "r_w": 1.33124,
        "r_w0": -0.406981,
        "a_w": 0.700182
    }
}