{
    "WLHReal_V0_p": 52.88910123166098,
    "WLHReal_V1_p": 0.33279149920940615,
    "WLHReal_V2_p": -0.0006815867849276458,
    "WLHReal_V3_p": 4.316785293016431e-06,
    "WLHReal_V4_p": 9.883735791313146,
    "WLHReal_V5_p": 0.12337790361862282,
    "WLHReal_V6_p": 0.0004930075221099823,
    "WLHReal_r0_p": 1.3478664342732651,
    "WLHReal_r1_p": 0.24602390960768397,
    "WLHReal_r2_p": 0.0013203731465656282,
    "WLHReal_r3_p": 1.4024057521196956e-05,
    "WLHReal_a0_p": 0.816573477871108,
    "WLHReal_a1_p": 4.18820099755029e-05,
    "WLHReal_a2_p": 1.1802405323800202e-05,
    "WLHReal_a3_p": 0.028082080418945318,
    "WLHReal_a4_p": 0.6795732648090959,
    "WLHReal_V0_n": 52.22972262526148,
    "WLHReal_V1_n": 0.26985835825085713,
    "WLHReal_V2_n": 0.0006344797119204563,
    "WLHReal_V3_n": -1.326724401710752e-06,
    "WLHReal_V4_n": 22.793603940430753,
    "WLHReal_V5_n": 0.205340252194112,
    "WLHReal_V6_n": 0.00023839018886060782,
    "WLHReal_r0_n": 1.2208578880136145,
    "WLHReal_r1_n": 0.21645481236738834,
    "WLHReal_r2_n": 0.00041518826876183737,
    "WLHReal_r3_n": 9.796592392981227e-07,
    "WLHReal_a0_n": 0.6926918290980861,
    "WLHReal_a1_n": 0.0002839425727446383,
    "WLHReal_a2_n": -3.791495715435722e-07,
    "WLHReal_a3_n": 0.26979558342772453,
    "WLHReal_a4_n": 0.7107866207240325,
    "WLHImagVolume_W0_p": 5.999057542186911,
    "WLHImagVolume_W1_p": 0.2857262066494317,
    "WLHImagVolume_W2_p": 0.0006184181822009478,
    "WLHImagVolume_W3_p": 12.94925201572325,
    "WLHImagVolume_W4_p": 0.0961950882081694,
    "WLHImagVolume_r0_p": 0.658029123153757,
    "WLHImagVolume_r1_p": 59.7314404782651,
    "WLHImagVolume_r2_p": 0.6710678404954242,
    "WLHImagVolume_r3_p": 76.32352227536707,
    "WLHImagVolume_r4_p": 0.6097761949296616,
    "WLHImagVolume_r5_p": 1.1751085367920715e-06,
    "WLHImagVolume_a0_p": 0.6029436379232956,
    "WLHImagVolume_a1_p": 0.28228697285918297,
    "WLHImagVolume_a2_p": 16.41378559144364,
    "WLHImagVolume_a3_p": 0.4476933753692202,
    "WLHImagVolume_a4_p": 0.0029829897023535665,
    "WLHImagVolume_W0_n": 1.0063141132621145,
    "WLHImagVolume_W1_n": 0.1059027464243158,
    "WLHImagVolume_W2_n": -6.196105264887899e-05,
    "WLHImagVolume_W3_n": 5.503066965040186,
    "WLHImagVolume_W4_n": -0.003059598588051368,
    "WLHImagVolume_r0_n": 0.5499384562363046,
    "WLHImagVolume_r1_n": 76.19429650675778,
    "WLHImagVolume_r2_n": 0.661950840705948,
    "WLHImagVolume_r3_n": 64.88626240115127,
    "WLHImagVolume_r4_n": 0.8618295084667363,
    "WLHImagVolume_r5_n": 1.7524172928850224e-06,
    "WLHImagVolume_a0_n": 0.13691910655721595,
    "WLHImagVolume_a1_n": 0.64970613855314,
    "WLHImagVolume_a2_n": 12.840923906077077,
    "WLHImagVolume_a3_n": 0.09790087434400646,
    "WLHImagVolume_a4_n": 0.0007011532960050927,
    "WLHImagSurface_W0_p": 0.5379017454587465,
    "WLHImagSurface_W1_p": 0.006845794357460591,
    "WLHImagSurface_W2_p": -0.7004776597091673,
    "WLHImagSurface_W3_p": 0.010228447778606306,
    "WLHImagSurface_r0_p": 0.8776747627072868,
    "WLHImagSurface_r1_p": 0.13888555458884122,
    "WLHImagSurface_r2_p": -0.0005965773831935889,
    "WLHImagSurface_a0_p": 0.857489765096014,
    "WLHImagSurface_W0_n": 1.0030846701848044,
    "WLHImagSurface_W1_n": -0.00472214336845668,
    "WLHImagSurface_W2_n": 0.8623615929428212,
    "WLHImagSurface_W3_n": 0.005800702706293348,
    "WLHImagSurface_r0_n": 1.2750058504018613,
    "WLHImagSurface_r1_n": 1.09897066785048,
    "WLHImagSurface_r2_n": 0.00425738389052447,
    "WLHImagSurface_a0_n": 0.819188559490068,
    "WLHRealSpinOrbit_V0_p": 9.223422301953864,
    "WLHRealSpinOrbit_V1_p": 0.008788505688091627,
    "WLHRealSpinOrbit_r0_p": 1.3275807850292347,
    "WLHRealSpinOrbit_r1_p": 0.9751595481332285,
    "WLHRealSpinOrbit_a0_p": 0.851558918984876,
    "WLHRealSpinOrbit_a1_p": 0.00030511506400234846,
    "WLHRealSpinOrbit_V0_n": 10.051495605130093,
    "WLHRealSpinOrbit_V1_n": 0.008118530968601483,
    "WLHRealSpinOrbit_r0_n": 1.2038577169932074,
    "WLHRealSpinOrbit_r1_n": 0.7392414691066533,
    "WLHRealSpinOrbit_a0_n": 0.7418197743423879,
    "WLHRealSpinOrbit_a1_n": 0.0003881015238619364
}