{
    "ECS_p": 0.271532,
    "ECS_n": 0.537499,
    "APower_p": 0.907533,
    "APower_n": 0.399522
}