{
    "WLHReal_V0_p": 57.92222661754997,
    "WLHReal_V1_p": 0.32343087839220575,
    "WLHReal_V2_p": 0.000807473490850026,
    "WLHReal_V3_p": -4.699475951165008e-07,
    "WLHReal_V4_p": 14.772088095898862,
    "WLHReal_V5_p": 0.15841372322511885,
    "WLHReal_V6_p": 8.177191641614128e-05,
    "WLHReal_r0_p": 1.2606575132321616,
    "WLHReal_r1_p": 0.4286247116000287,
    "WLHReal_r2_p": 0.0002776434876296301,
    "WLHReal_r3_p": -2.903230577148327e-06,
    "WLHReal_a0_p": 0.7509042962510172,
    "WLHReal_a1_p": 0.00032474709707602366,
    "WLHReal_a2_p": -3.91230109320398e-06,
    "WLHReal_a3_p": 0.13848861537525203,
    "WLHReal_a4_p": 0.5384779750029933,
    "WLHReal_V0_n": 51.0930069896569,
    "WLHReal_V1_n": 0.27240289689406993,
    "WLHReal_V2_n": -0.00029651420983176465,
    "WLHReal_V3_n": 2.905090779235704e-06,
    "WLHReal_V4_n": 21.234805933167923,
    "WLHReal_V5_n": 0.28047085652830667,
    "WLHReal_V6_n": 0.0010743014633581487,
    "WLHReal_r0_n": 1.304713461987984,
    "WLHReal_r1_n": 0.29846813949852236,
    "WLHReal_r2_n": 0.0009165765219922929,
    "WLHReal_r3_n": 9.34141743363986e-06,
    "WLHReal_a0_n": 0.7402547634903385,
    "WLHReal_a1_n": 0.0009146632971478228,
    "WLHReal_a2_n": 1.0823195891503828e-05,
    "WLHReal_a3_n": 0.2979338949701397,
    "WLHReal_a4_n": 0.8950235422739268,
    "WLHImagVolume_W0_p": 2.963988568081648,
    "WLHImagVolume_W1_p": 0.2590040202009729,
    "WLHImagVolume_W2_p": 0.000524419051560604,
    "WLHImagVolume_W3_p": 13.888743708119113,
    "WLHImagVolume_W4_p": 0.07326949302740607,
    "WLHImagVolume_r0_p": 0.3628072991812045,
    "WLHImagVolume_r1_p": 66.19485394321796,
    "WLHImagVolume_r2_p": 0.8248834119656531,
    "WLHImagVolume_r3_p": 65.12721161016853,
    "WLHImagVolume_r4_p": 0.474177647130171,
    "WLHImagVolume_r5_p": 1.5061560427234706e-06,
    "WLHImagVolume_a0_p": 0.4891767945854048,
    "WLHImagVolume_a1_p": 0.31277269826629406,
    "WLHImagVolume_a2_p": 16.430969529831952,
    "WLHImagVolume_a3_p": 0.36599084210071947,
    "WLHImagVolume_a4_p": 0.001449680680111246,
    "WLHImagVolume_W0_n": 2.5013834145509715,
    "WLHImagVolume_W1_n": 0.20967723861238058,
    "WLHImagVolume_W2_n": 0.0004005444531542492,
    "WLHImagVolume_W3_n": 7.815964041913821,
    "WLHImagVolume_W4_n": 0.005475799860971062,
    "WLHImagVolume_r0_n": 0.5493760352900725,
    "WLHImagVolume_r1_n": 86.62675965297744,
    "WLHImagVolume_r2_n": 0.7455637998206247,
    "WLHImagVolume_r3_n": 89.02708934135698,
    "WLHImagVolume_r4_n": 0.8818450056009718,
    "WLHImagVolume_r5_n": 3.7561257174073576e-06,
    "WLHImagVolume_a0_n": 0.22937053155329898,
    "WLHImagVolume_a1_n": 0.5926944305902229,
    "WLHImagVolume_a2_n": 7.732127832998768,
    "WLHImagVolume_a3_n": 0.07039418310559115,
    "WLHImagVolume_a4_n": 0.0005759529982680329,
    "WLHImagSurface_W0_p": 1.6014306584588476,
    "WLHImagSurface_W1_p": 0.0995102457973883,
    "WLHImagSurface_W2_p": 2.982236238611299,
    "WLHImagSurface_W3_p": 0.3738040373532646,
    "WLHImagSurface_r0_p": 1.2001371778585554,
    "WLHImagSurface_r1_p": 1.221041365700012,
    "WLHImagSurface_r2_p": 0.010179762633881205,
    "WLHImagSurface_a0_p": 0.7731673344925499,
    "WLHImagSurface_W0_n": 1.4357218047332005,
    "WLHImagSurface_W1_n": 0.034077224643685455,
    "WLHImagSurface_W2_n": 2.0708217874579757,
    "WLHImagSurface_W3_n": 0.13179144268282048,
    "WLHImagSurface_r0_n": 1.3003441188219145,
    "WLHImagSurface_r1_n": 1.444041494498257,
    "WLHImagSurface_r2_n": 0.00290923474506384,
    "WLHImagSurface_a0_n": 0.8565644264731977,
    "WLHRealSpinOrbit_V0_p": 9.808396656452095,
    "WLHRealSpinOrbit_V1_p": 0.007810837275713452,
    "WLHRealSpinOrbit_r0_p": 1.1966600655743311,
    "WLHRealSpinOrbit_r1_p": 0.7295945191517484,
    "WLHRealSpinOrbit_a0_p": 0.7320084104841518,
    "WLHRealSpinOrbit_a1_p": 0.0003764850075131173,
    "WLHRealSpinOrbit_V0_n": 9.485347352512349,
    "WLHRealSpinOrbit_V1_n": 0.008442382457666547,
    "WLHRealSpinOrbit_r0_n": 1.2876659474120413,
    "WLHRealSpinOrbit_r1_n": 0.8769714526323649,
    "WLHRealSpinOrbit_a0_n": 0.8085837240204049,
    "WLHRealSpinOrbit_a1_n": 0.00036623365044702007
}