{
    "WLHReal_V0_p": 56.13647511455127,
    "WLHReal_V1_p": 0.3005415852962766,
    "WLHReal_V2_p": 0.0006581527784463666,
    "WLHReal_V3_p": -2.091685785257184e-07,
    "WLHReal_V4_p": 15.197743319264871,
    "WLHReal_V5_p": 0.1490892723624921,
    "WLHReal_V6_p": 0.0001101324816216749,
    "WLHReal_r0_p": 1.2611400770360657,
    "WLHReal_r1_p": 0.3854981159295243,
    "WLHReal_r2_p": 0.00028553739976086665,
    "WLHReal_r3_p": -1.3088479789597953e-06,
    "WLHReal_a0_p": 0.7465537793362044,
    "WLHReal_a1_p": 0.0002459378253976192,
    "WLHReal_a2_p": -1.7917085591574774e-06,
    "WLHReal_a3_p": 0.10426649860667722,
    "WLHReal_a4_p": 0.4936009252840715,
    "WLHReal_V0_n": 51.27237622721793,
    "WLHReal_V1_n": 0.28105063118960466,
    "WLHReal_V2_n": -0.0007287287238890597,
    "WLHReal_V3_n": 4.651094406367932e-06,
    "WLHReal_V4_n": 20.555817697288838,
    "WLHReal_V5_n": 0.3159459511909735,
    "WLHReal_V6_n": 0.0015015560419796516,
    "WLHReal_r0_n": 1.3305684041963544,
    "WLHReal_r1_n": 0.308011949859146,
    "WLHReal_r2_n": 0.001204922863052624,
    "WLHReal_r3_n": 1.4003141496094644e-05,
    "WLHReal_a0_n": 0.764338399912795,
    "WLHReal_a1_n": 0.0012421899138814873,
    "WLHReal_a2_n": 1.7696966530455515e-05,
    "WLHReal_a3_n": 0.3307159344459475,
    "WLHReal_a4_n": 1.033275224590764,
    "WLHImagVolume_W0_p": 2.7956757250693975,
    "WLHImagVolume_W1_p": 0.21341859343791317,
    "WLHImagVolume_W2_p": 0.00032738831324408325,
    "WLHImagVolume_W3_p": 12.051444426625302,
    "WLHImagVolume_W4_p": 0.06439805136436834,
    "WLHImagVolume_r0_p": 0.4760482544654622,
    "WLHImagVolume_r1_p": 54.20668172083293,
    "WLHImagVolume_r2_p": 0.7194008809294056,
    "WLHImagVolume_r3_p": 56.80308156173058,
    "WLHImagVolume_r4_p": 0.5440010313800185,
    "WLHImagVolume_r5_p": 1.4112619826139658e-06,
    "WLHImagVolume_a0_p": 0.49705521006520914,
    "WLHImagVolume_a1_p": 0.2964712329015363,
    "WLHImagVolume_a2_p": 15.289901980099952,
    "WLHImagVolume_a3_p": 0.3680935086756927,
    "WLHImagVolume_a4_p": 0.001523777379127858,
    "WLHImagVolume_W0_n": 3.489818872304747,
    "WLHImagVolume_W1_n": 0.2681414935024079,
    "WLHImagVolume_W2_n": 0.0006186002641963076,
    "WLHImagVolume_W3_n": 9.54302240076085,
    "WLHImagVolume_W4_n": 0.01490116609074579,
    "WLHImagVolume_r0_n": 0.5777064719236,
    "WLHImagVolume_r1_n": 86.0864075361247,
    "WLHImagVolume_r2_n": 0.746255420467139,
    "WLHImagVolume_r3_n": 98.1423459023863,
    "WLHImagVolume_r4_n": 0.9169077499579378,
    "WLHImagVolume_r5_n": 4.857524038685876e-06,
    "WLHImagVolume_a0_n": 0.2763371396162564,
    "WLHImagVolume_a1_n": 0.5547636482220012,
    "WLHImagVolume_a2_n": 4.718686607331888,
    "WLHImagVolume_a3_n": 0.0407243772775747,
    "WLHImagVolume_a4_n": 0.0003872311821725415,
    "WLHImagSurface_W0_p": 1.4800269222078188,
    "WLHImagSurface_W1_p": 0.0858456404684784,
    "WLHImagSurface_W2_p": 2.7095126667745326,
    "WLHImagSurface_W3_p": 0.31808178350229327,
    "WLHImagSurface_r0_p": 1.139517670600198,
    "WLHImagSurface_r1_p": 1.0072091615540786,
    "WLHImagSurface_r2_p": 0.009478537696967156,
    "WLHImagSurface_a0_p": 0.7508592643230428,
    "WLHImagSurface_W0_n": 1.703940829606347,
    "WLHImagSurface_W1_n": 0.05333239016071538,
    "WLHImagSurface_W2_n": 2.495950964290377,
    "WLHImagSurface_W3_n": 0.18542694443934754,
    "WLHImagSurface_r0_n": 1.3009612577442218,
    "WLHImagSurface_r1_n": 1.6054647176685388,
    "WLHImagSurface_r2_n": 0.0023258209509521618,
    "WLHImagSurface_a0_n": 0.8713099072481835,
    "WLHRealSpinOrbit_V0_p": 9.842567387027083,
    "WLHRealSpinOrbit_V1_p": 0.00794752721806032,
    "WLHRealSpinOrbit_r0_p": 1.210056789404201,
    "WLHRealSpinOrbit_r1_p": 0.7447346691180357,
    "WLHRealSpinOrbit_a0_p": 0.7421540746810993,
    "WLHRealSpinOrbit_a1_p": 0.0003864466199131155,
    "WLHRealSpinOrbit_V0_n": 9.39681301590365,
    "WLHRealSpinOrbit_V1_n": 0.00875072195169657,
    "WLHRealSpinOrbit_r0_n": 1.3189693846492427,
    "WLHRealSpinOrbit_r1_n": 0.9402349047945795,
    "WLHRealSpinOrbit_a0_n": 0.8389506334679862,
    "WLHRealSpinOrbit_a1_n": 0.00034002674899412107
}