{
    "ECS_p": 0.368313,
    "ECS_n": 0.53875,
    "APower_p": 1.03366,
    "APower_n": 0.391801
}