{
    "CH89RealCentral": {
        "V_0": 56.7595,
        "V_t": 15.7956,
        "V_e": -0.373247,
        "r_o": 1.20735,
        "r_o_0": -0.283537,
        "a_0": 0.757747
    },
    "CH89Coulomb": {
        "r_c": 1.16716,
        "r_c_0": 0.00477387
    },
    "CH89SpinOrbit": {
        "V_so": 6.60617,
        "r_so": 1.37624,
        "r_so_0": -1.63862,
        "a_so": 0.583141
    },
    "CH89ImagCentral": {
        "W_v0": 7.73407,
        "W_ve0": 4.723,
        "W_vew": 33.5499,
        "W_s0": 4.70806,
        "W_st": 22.4884,
        "W_se0": 47.0329,
        "W_sew": 22.2722,
        "r_w": 1.20453,
        "r_w0": 0.315765,
        "a_w": 0.702679
    }
}