{
    "CH89RealCentral": {
        "V_0": 55.5962,
        "V_t": 18.084,
        "V_e": -0.348648,
        "r_o": 1.18328,
        "r_o_0": -0.106258,
        "a_0": 0.721785
    },
    "CH89Coulomb": {
        "r_c": 1.23806,
        "r_c_0": 0.0658427
    },
    "CH89SpinOrbit": {
        "V_so": 4.73947,
        "r_so": 1.37253,
        "r_so_0": -1.45434,
        "a_so": 0.580193
    },
    "CH89ImagCentral": {
        "W_v0": 5.60673,
        "W_ve0": 13.1607,
        "W_vew": 15.3135,
        "W_s0": 15.8641,
        "W_st": 28.5842,
        "W_se0": -8.20601,
        "W_sew": 71.3497,
        "r_w": 1.22876,
        "r_w0": -0.106066,
        "a_w": 0.651071
    }
}