{
    "WLHReal_V0_p": 50.93816481248394,
    "WLHReal_V1_p": 0.2994356882551744,
    "WLHReal_V2_p": -0.00016302179792720959,
    "WLHReal_V3_p": 2.3335969693949443e-06,
    "WLHReal_V4_p": 12.318858670993148,
    "WLHReal_V5_p": 0.12041520477933933,
    "WLHReal_V6_p": 0.0002962950871948296,
    "WLHReal_r0_p": 1.3253581895862458,
    "WLHReal_r1_p": 0.28242149082020257,
    "WLHReal_r2_p": 0.0007521860177708685,
    "WLHReal_r3_p": 6.526094087267343e-06,
    "WLHReal_a0_p": 0.77612021193416,
    "WLHReal_a1_p": -4.1468868563373585e-05,
    "WLHReal_a2_p": 6.777335057040314e-06,
    "WLHReal_a3_p": 0.02299392111875982,
    "WLHReal_a4_p": 0.5180140927353101,
    "WLHReal_V0_n": 54.699396935344,
    "WLHReal_V1_n": 0.3252446524732357,
    "WLHReal_V2_n": -9.297198334140268e-05,
    "WLHReal_V3_n": 2.4551184432588157e-06,
    "WLHReal_V4_n": 20.279472422590874,
    "WLHReal_V5_n": 0.28425774675532994,
    "WLHReal_V6_n": 0.0009778998191438814,
    "WLHReal_r0_n": 1.2917703711223891,
    "WLHReal_r1_n": 0.3354516414108037,
    "WLHReal_r2_n": 0.0008376162329190599,
    "WLHReal_r3_n": 6.860736561614407e-06,
    "WLHReal_a0_n": 0.7383074902375899,
    "WLHReal_a1_n": 0.0007356171300989206,
    "WLHReal_a2_n": 7.99442689402491e-06,
    "WLHReal_a3_n": 0.2368556551543823,
    "WLHReal_a4_n": 0.8284784976207337,
    "WLHImagVolume_W0_p": 3.9110801540593663,
    "WLHImagVolume_W1_p": 0.17250490390877893,
    "WLHImagVolume_W2_p": 0.0003379974008037991,
    "WLHImagVolume_W3_p": 9.592508101911868,
    "WLHImagVolume_W4_p": 0.061750664342193104,
    "WLHImagVolume_r0_p": 0.5800944195724024,
    "WLHImagVolume_r1_p": 62.13361402236164,
    "WLHImagVolume_r2_p": 0.7167201231162705,
    "WLHImagVolume_r3_p": 72.0598091240621,
    "WLHImagVolume_r4_p": 0.4999778014792988,
    "WLHImagVolume_r5_p": 6.595116475926204e-07,
    "WLHImagVolume_a0_p": 0.529180844345315,
    "WLHImagVolume_a1_p": 0.31699652995176414,
    "WLHImagVolume_a2_p": 18.754406528748707,
    "WLHImagVolume_a3_p": 0.36638198879483425,
    "WLHImagVolume_a4_p": 0.0017279710861694741,
    "WLHImagVolume_W0_n": 3.2045056414104423,
    "WLHImagVolume_W1_n": 0.3008907263977463,
    "WLHImagVolume_W2_n": 0.0007596716907622875,
    "WLHImagVolume_W3_n": 9.382698780659393,
    "WLHImagVolume_W4_n": 0.059030716121596064,
    "WLHImagVolume_r0_n": 0.49693862772178327,
    "WLHImagVolume_r1_n": 89.80739663459256,
    "WLHImagVolume_r2_n": 0.790266165553003,
    "WLHImagVolume_r3_n": 92.88255268808362,
    "WLHImagVolume_r4_n": 0.8195322555403338,
    "WLHImagVolume_r5_n": 2.6507120224019566e-06,
    "WLHImagVolume_a0_n": 0.22494698055560902,
    "WLHImagVolume_a1_n": 0.5961547298270388,
    "WLHImagVolume_a2_n": 5.512145511573387,
    "WLHImagVolume_a3_n": 0.020574789547255473,
    "WLHImagVolume_a4_n": 0.0002886354300495245,
    "WLHImagSurface_W0_p": 1.1188228469241792,
    "WLHImagSurface_W1_p": 0.05499971629320534,
    "WLHImagSurface_W2_p": 1.1907428099266928,
    "WLHImagSurface_W3_p": 0.18697737488975735,
    "WLHImagSurface_r0_p": 1.0404614340373761,
    "WLHImagSurface_r1_p": 0.3434484065777372,
    "WLHImagSurface_r2_p": 0.0037763815350916586,
    "WLHImagSurface_a0_p": 0.8931185650892906,
    "WLHImagSurface_W0_n": 2.243810726419665,
    "WLHImagSurface_W1_n": 0.05815651984437477,
    "WLHImagSurface_W2_n": 3.4812395523816093,
    "WLHImagSurface_W3_n": 0.18862909770086722,
    "WLHImagSurface_r0_n": 1.3047867845050696,
    "WLHImagSurface_r1_n": 1.6010691296611017,
    "WLHImagSurface_r2_n": 0.0036851859360588343,
    "WLHImagSurface_a0_n": 0.8393882830648489,
    "WLHRealSpinOrbit_V0_p": 9.074678338470463,
    "WLHRealSpinOrbit_V1_p": 0.008125698567769384,
    "WLHRealSpinOrbit_r0_p": 1.299005904283389,
    "WLHRealSpinOrbit_r1_p": 0.8897120195380048,
    "WLHRealSpinOrbit_a0_p": 0.8119292589018425,
    "WLHRealSpinOrbit_a1_p": 0.0003731023641107088,
    "WLHRealSpinOrbit_V0_n": 9.469649250693461,
    "WLHRealSpinOrbit_V1_n": 0.008350451341407886,
    "WLHRealSpinOrbit_r0_n": 1.2680319257329355,
    "WLHRealSpinOrbit_r1_n": 0.8680692829032335,
    "WLHRealSpinOrbit_a0_n": 0.7985678295981884,
    "WLHRealSpinOrbit_a1_n": 0.00033073956857652113
}