{
    "CH89RealCentral": {
        "V_0": 54.9737,
        "V_t": 19.7373,
        "V_e": -0.330179,
        "r_o": 1.20944,
        "r_o_0": -0.233269,
        "a_0": 0.702324
    },
    "CH89Coulomb": {
        "r_c": 1.2963,
        "r_c_0": -0.129748
    },
    "CH89SpinOrbit": {
        "V_so": 5.40757,
        "r_so": 1.28123,
        "r_so_0": -1.25721,
        "a_so": 0.62416
    },
    "CH89ImagCentral": {
        "W_v0": 6.41317,
        "W_ve0": 37.3297,
        "W_vew": 6.70688,
        "W_s0": 16.8293,
        "W_st": 14.8371,
        "W_se0": -3.25642,
        "W_sew": 56.3972,
        "r_w": 1.28992,
        "r_w0": -0.431145,
        "a_w": 0.752526
    }
}