{
    "WLHReal_V0_p": 54.976184369728095,
    "WLHReal_V1_p": 0.2968525241962794,
    "WLHReal_V2_p": 0.0005790636907151963,
    "WLHReal_V3_p": -4.110637843021952e-07,
    "WLHReal_V4_p": 15.161812441172025,
    "WLHReal_V5_p": 0.12734607004274573,
    "WLHReal_V6_p": 8.793207788551291e-05,
    "WLHReal_r0_p": 1.2437676294250004,
    "WLHReal_r1_p": 0.28880206933872826,
    "WLHReal_r2_p": 0.0004712626852262991,
    "WLHReal_r3_p": 1.3390350193711956e-06,
    "WLHReal_a0_p": 0.7429501399636335,
    "WLHReal_a1_p": 0.00013123332295120557,
    "WLHReal_a2_p": 4.5277368957944157e-07,
    "WLHReal_a3_p": 0.08854989659271195,
    "WLHReal_a4_p": 0.5166387291029921,
    "WLHReal_V0_n": 55.098650474819216,
    "WLHReal_V1_n": 0.2637075569868939,
    "WLHReal_V2_n": 0.0005927782721100811,
    "WLHReal_V3_n": -9.147571689447015e-07,
    "WLHReal_V4_n": 23.109979272055163,
    "WLHReal_V5_n": 0.218749977433845,
    "WLHReal_V6_n": 0.0002681623987480263,
    "WLHReal_r0_n": 1.2161536274910827,
    "WLHReal_r1_n": 0.27680186496157033,
    "WLHReal_r2_n": 0.0003361363700714005,
    "WLHReal_r3_n": -2.0138315344104632e-07,
    "WLHReal_a0_n": 0.6956802238591213,
    "WLHReal_a1_n": 2.5975436627054737e-05,
    "WLHReal_a2_n": -2.4548273228192363e-06,
    "WLHReal_a3_n": 0.22096231054878263,
    "WLHReal_a4_n": 0.6221934180633812,
    "WLHImagVolume_W0_p": 2.6698417683996833,
    "WLHImagVolume_W1_p": 0.1809389940674892,
    "WLHImagVolume_W2_p": 0.00021223613974196331,
    "WLHImagVolume_W3_p": 11.56241982104683,
    "WLHImagVolume_W4_p": 0.05411936300034128,
    "WLHImagVolume_r0_p": 0.5770199389938282,
    "WLHImagVolume_r1_p": 49.728310247583806,
    "WLHImagVolume_r2_p": 0.6201397420158162,
    "WLHImagVolume_r3_p": 58.2585904681128,
    "WLHImagVolume_r4_p": 0.6292271827021565,
    "WLHImagVolume_r5_p": 1.8130908031674108e-06,
    "WLHImagVolume_a0_p": 0.4939327867011074,
    "WLHImagVolume_a1_p": 0.290741349971901,
    "WLHImagVolume_a2_p": 15.228049832087764,
    "WLHImagVolume_a3_p": 0.35909543288868406,
    "WLHImagVolume_a4_p": 0.00141490219852088,
    "WLHImagVolume_W0_n": 1.5989332316279916,
    "WLHImagVolume_W1_n": 0.17421406772871134,
    "WLHImagVolume_W2_n": -5.728561167962429e-05,
    "WLHImagVolume_W3_n": 7.162398640444705,
    "WLHImagVolume_W4_n": 0.023445578264493793,
    "WLHImagVolume_r0_n": 0.6338804243443952,
    "WLHImagVolume_r1_n": 47.15907250596531,
    "WLHImagVolume_r2_n": 0.569788937660564,
    "WLHImagVolume_r3_n": 50.85864422062624,
    "WLHImagVolume_r4_n": 1.0632060028520922,
    "WLHImagVolume_r5_n": 3.072423543552396e-06,
    "WLHImagVolume_a0_n": 0.17981686108649278,
    "WLHImagVolume_a1_n": 0.625686371610953,
    "WLHImagVolume_a2_n": 11.69031759393398,
    "WLHImagVolume_a3_n": 0.09029220504684032,
    "WLHImagVolume_a4_n": 0.0011933137238662743,
    "WLHImagSurface_W0_p": 1.2949786801391805,
    "WLHImagSurface_W1_p": 0.06148550856952498,
    "WLHImagSurface_W2_p": 1.8165182305487684,
    "WLHImagSurface_W3_p": 0.21260072303810545,
    "WLHImagSurface_r0_p": 1.1156583845244585,
    "WLHImagSurface_r1_p": 0.8172656531483901,
    "WLHImagSurface_r2_p": 0.008734517571263034,
    "WLHImagSurface_a0_p": 0.7952329935610829,
    "WLHImagSurface_W0_n": 1.0180945924961162,
    "WLHImagSurface_W1_n": -0.007334393217353061,
    "WLHImagSurface_W2_n": 0.8463706401587114,
    "WLHImagSurface_W3_n": -0.004617757462037131,
    "WLHImagSurface_r0_n": 1.226606837207634,
    "WLHImagSurface_r1_n": 1.078731662852905,
    "WLHImagSurface_r2_n": 0.004322062704051839,
    "WLHImagSurface_a0_n": 0.8114408574660013,
    "WLHRealSpinOrbit_V0_p": 9.978752418099507,
    "WLHRealSpinOrbit_V1_p": 0.008153844598606774,
    "WLHRealSpinOrbit_r0_p": 1.2116425827020585,
    "WLHRealSpinOrbit_r1_p": 0.7568853561255519,
    "WLHRealSpinOrbit_a0_p": 0.7488583846540328,
    "WLHRealSpinOrbit_a1_p": 0.00037485832422824136,
    "WLHRealSpinOrbit_V0_n": 10.511268778925967,
    "WLHRealSpinOrbit_V1_n": 0.008494825775243832,
    "WLHRealSpinOrbit_r0_n": 1.192716651975567,
    "WLHRealSpinOrbit_r1_n": 0.7289820456424232,
    "WLHRealSpinOrbit_a0_n": 0.73933054055958,
    "WLHRealSpinOrbit_a1_n": 0.0003736837519217652
}