{
    "ECS_p": 0.381201,
    "ECS_n": 0.329961,
    "APower_p": 1.00703,
    "APower_n": 0.661571
}