{
    "CH89RealCentral": {
        "V_0": 59.0905,
        "V_t": 22.65,
        "V_e": -0.326807,
        "r_o": 1.16511,
        "r_o_0": -0.24364,
        "a_0": 0.722134
    },
    "CH89Coulomb": {
        "r_c": 1.02164,
        "r_c_0": 0.164687
    },
    "CH89SpinOrbit": {
        "V_so": 4.71153,
        "r_so": 1.27247,
        "r_so_0": -0.881638,
        "a_so": 0.518552
    },
    "CH89ImagCentral": {
        "W_v0": 7.39225,
        "W_ve0": 30.947,
        "W_vew": 3.21014,
        "W_s0": 14.7412,
        "W_st": 14.0045,
        "W_se0": 12.4053,
        "W_sew": 39.0389,
        "r_w": 1.29393,
        "r_w0": -0.36315,
        "a_w": 0.801585
    }
}