{
    "WLHReal_V0_p": 55.97980094777103,
    "WLHReal_V1_p": 0.34355371173720806,
    "WLHReal_V2_p": -0.0002586998775120546,
    "WLHReal_V3_p": 3.45200056532721e-06,
    "WLHReal_V4_p": 10.72433088616517,
    "WLHReal_V5_p": 0.15855626563594663,
    "WLHReal_V6_p": 0.00043374677914761003,
    "WLHReal_r0_p": 1.3492550714282816,
    "WLHReal_r1_p": 0.40463553252320483,
    "WLHReal_r2_p": 0.00092038740637155,
    "WLHReal_r3_p": 6.820599052579203e-06,
    "WLHReal_a0_p": 0.8102288545319764,
    "WLHReal_a1_p": 0.0002637053957554557,
    "WLHReal_a2_p": 5.146622100947184e-06,
    "WLHReal_a3_p": 0.08029858946485685,
    "WLHReal_a4_p": 0.6469022096544425,
    "WLHReal_V0_n": 54.825646662040775,
    "WLHReal_V1_n": 0.31081469323226507,
    "WLHReal_V2_n": -0.00018754938775257876,
    "WLHReal_V3_n": 2.6924595331618173e-06,
    "WLHReal_V4_n": 20.44165544308711,
    "WLHReal_V5_n": 0.29246903304543426,
    "WLHReal_V6_n": 0.0010244438864738562,
    "WLHReal_r0_n": 1.3035596141510668,
    "WLHReal_r1_n": 0.3739040357726686,
    "WLHReal_r2_n": 0.0008126417836731015,
    "WLHReal_r3_n": 6.478884117392429e-06,
    "WLHReal_a0_n": 0.7410815057803778,
    "WLHReal_a1_n": 0.0006739988317331785,
    "WLHReal_a2_n": 7.598416754931183e-06,
    "WLHReal_a3_n": 0.2171675996517562,
    "WLHReal_a4_n": 0.7833819102585883,
    "WLHImagVolume_W0_p": 5.671130395970918,
    "WLHImagVolume_W1_p": 0.33778622852892026,
    "WLHImagVolume_W2_p": 0.0008010368141051075,
    "WLHImagVolume_W3_p": 14.480127923945954,
    "WLHImagVolume_W4_p": 0.10781325594752178,
    "WLHImagVolume_r0_p": 0.4546625766002024,
    "WLHImagVolume_r1_p": 69.08087788883321,
    "WLHImagVolume_r2_p": 0.840886931605916,
    "WLHImagVolume_r3_p": 74.59231097214294,
    "WLHImagVolume_r4_p": 0.4746956363038495,
    "WLHImagVolume_r5_p": 1.206591310749594e-06,
    "WLHImagVolume_a0_p": 0.5848659797043022,
    "WLHImagVolume_a1_p": 0.29678468128965374,
    "WLHImagVolume_a2_p": 16.567285872023827,
    "WLHImagVolume_a3_p": 0.44574690528925714,
    "WLHImagVolume_a4_p": 0.0028458725728250952,
    "WLHImagVolume_W0_n": 3.2418686932151077,
    "WLHImagVolume_W1_n": 0.3135134990012489,
    "WLHImagVolume_W2_n": 0.0007287179168490627,
    "WLHImagVolume_W3_n": 9.548034714256756,
    "WLHImagVolume_W4_n": 0.05874233869755241,
    "WLHImagVolume_r0_n": 0.5215473735749908,
    "WLHImagVolume_r1_n": 81.51889669623945,
    "WLHImagVolume_r2_n": 0.7732442258613212,
    "WLHImagVolume_r3_n": 89.22319842311158,
    "WLHImagVolume_r4_n": 0.8943356583123679,
    "WLHImagVolume_r5_n": 3.4124342683955385e-06,
    "WLHImagVolume_a0_n": 0.24489632614848003,
    "WLHImagVolume_a1_n": 0.5897643602081435,
    "WLHImagVolume_a2_n": 5.494292524732509,
    "WLHImagVolume_a3_n": 0.03320392932779527,
    "WLHImagVolume_a4_n": 0.0005922007600483618,
    "WLHImagSurface_W0_p": 0.9700012302430653,
    "WLHImagSurface_W1_p": 0.05477318980058031,
    "WLHImagSurface_W2_p": 1.0533038684956704,
    "WLHImagSurface_W3_p": 0.21105275806051377,
    "WLHImagSurface_r0_p": 0.9795694559566603,
    "WLHImagSurface_r1_p": 0.6377052207701197,
    "WLHImagSurface_r2_p": 0.0025091822362203345,
    "WLHImagSurface_a0_p": 0.790561406010361,
    "WLHImagSurface_W0_n": 2.1125814035537522,
    "WLHImagSurface_W1_n": 0.054808684278405705,
    "WLHImagSurface_W2_n": 3.402150050798561,
    "WLHImagSurface_W3_n": 0.1852251605081503,
    "WLHImagSurface_r0_n": 1.2927348444476603,
    "WLHImagSurface_r1_n": 1.5865893233602362,
    "WLHImagSurface_r2_n": 0.003500640457053265,
    "WLHImagSurface_a0_n": 0.8423175516183682,
    "WLHRealSpinOrbit_V0_p": 9.209223474310635,
    "WLHRealSpinOrbit_V1_p": 0.008355349563002532,
    "WLHRealSpinOrbit_r0_p": 1.294829192950485,
    "WLHRealSpinOrbit_r1_p": 0.9087550803539117,
    "WLHRealSpinOrbit_a0_p": 0.8174643165397278,
    "WLHRealSpinOrbit_a1_p": 0.0003260924890265187,
    "WLHRealSpinOrbit_V0_n": 9.524795293013867,
    "WLHRealSpinOrbit_V1_n": 0.008438778061833893,
    "WLHRealSpinOrbit_r0_n": 1.2752079109556902,
    "WLHRealSpinOrbit_r1_n": 0.8728344093781718,
    "WLHRealSpinOrbit_a0_n": 0.8028761871732374,
    "WLHRealSpinOrbit_a1_n": 0.00033850161441807176
}