{
    "WLHReal_V0_p": 58.81362892621925,
    "WLHReal_V1_p": 0.31350742365773154,
    "WLHReal_V2_p": 0.0006655772008439615,
    "WLHReal_V3_p": -6.163126285180805e-07,
    "WLHReal_V4_p": 15.288223792951428,
    "WLHReal_V5_p": 0.14578208180631327,
    "WLHReal_V6_p": 0.00012437249601046844,
    "WLHReal_r0_p": 1.2255203328716189,
    "WLHReal_r1_p": 0.3242958529579864,
    "WLHReal_r2_p": 0.0005590621099807269,
    "WLHReal_r3_p": 1.258672470344427e-06,
    "WLHReal_a0_p": 0.7523507512985723,
    "WLHReal_a1_p": 0.00033989546622350836,
    "WLHReal_a2_p": -1.3561169562034113e-06,
    "WLHReal_a3_p": 0.12980324516052125,
    "WLHReal_a4_p": 0.5931166831084577,
    "WLHReal_V0_n": 54.775094693192145,
    "WLHReal_V1_n": 0.33628311282517453,
    "WLHReal_V2_n": -0.0001672820716265776,
    "WLHReal_V3_n": 3.624393863553173e-06,
    "WLHReal_V4_n": 19.66275725152338,
    "WLHReal_V5_n": 0.295356832269482,
    "WLHReal_V6_n": 0.0010374524121700753,
    "WLHReal_r0_n": 1.3130048439646171,
    "WLHReal_r1_n": 0.38075755021410423,
    "WLHReal_r2_n": 0.0008458183681300832,
    "WLHReal_r3_n": 6.378193971135415e-06,
    "WLHReal_a0_n": 0.7429431777730906,
    "WLHReal_a1_n": 0.0007666624896761338,
    "WLHReal_a2_n": 8.220278703054097e-06,
    "WLHReal_a3_n": 0.2079237404975407,
    "WLHReal_a4_n": 0.795265143042977,
    "WLHImagVolume_W0_p": 3.3898302887353555,
    "WLHImagVolume_W1_p": 0.26989814838197457,
    "WLHImagVolume_W2_p": 0.0003525028159744819,
    "WLHImagVolume_W3_p": 14.688019712710545,
    "WLHImagVolume_W4_p": 0.07718509391997647,
    "WLHImagVolume_r0_p": 0.5869953067529358,
    "WLHImagVolume_r1_p": 41.08464059271279,
    "WLHImagVolume_r2_p": 0.5769384450337302,
    "WLHImagVolume_r3_p": 50.06405276930951,
    "WLHImagVolume_r4_p": 0.7325294789122736,
    "WLHImagVolume_r5_p": 2.455128202206363e-06,
    "WLHImagVolume_a0_p": 0.5270467646608744,
    "WLHImagVolume_a1_p": 0.25293189544958783,
    "WLHImagVolume_a2_p": 11.464732358719436,
    "WLHImagVolume_a3_p": 0.4151905624600554,
    "WLHImagVolume_a4_p": 0.0021602674961501284,
    "WLHImagVolume_W0_n": 3.338601945351181,
    "WLHImagVolume_W1_n": 0.3306612998341186,
    "WLHImagVolume_W2_n": 0.0009434968534854332,
    "WLHImagVolume_W3_n": 9.495948994160436,
    "WLHImagVolume_W4_n": 0.07014458653903283,
    "WLHImagVolume_r0_n": 0.4463418224018094,
    "WLHImagVolume_r1_n": 99.96938751750875,
    "WLHImagVolume_r2_n": 0.8607111431747685,
    "WLHImagVolume_r3_n": 101.0255953665784,
    "WLHImagVolume_r4_n": 0.7610493637722807,
    "WLHImagVolume_r5_n": 2.732358657287046e-06,
    "WLHImagVolume_a0_n": 0.23029944142400777,
    "WLHImagVolume_a1_n": 0.6010899213499018,
    "WLHImagVolume_a2_n": 4.700640232269057,
    "WLHImagVolume_a3_n": 0.016516113689692413,
    "WLHImagVolume_a4_n": 0.0002527082466117733,
    "WLHImagSurface_W0_p": 1.1082930627868164,
    "WLHImagSurface_W1_p": 0.046827366557467456,
    "WLHImagSurface_W2_p": 1.4752647149534597,
    "WLHImagSurface_W3_p": 0.16951894557378608,
    "WLHImagSurface_r0_p": 1.0507054379626795,
    "WLHImagSurface_r1_p": 1.0201354259404456,
    "WLHImagSurface_r2_p": 0.00894993005086188,
    "WLHImagSurface_a0_p": 0.6802939993422384,
    "WLHImagSurface_W0_n": 2.506716080981729,
    "WLHImagSurface_W1_n": 0.07097616861136347,
    "WLHImagSurface_W2_n": 4.2463554814814986,
    "WLHImagSurface_W3_n": 0.23172968292717372,
    "WLHImagSurface_r0_n": 1.324671313088828,
    "WLHImagSurface_r1_n": 1.7055015062738452,
    "WLHImagSurface_r2_n": 0.0036806146352540694,
    "WLHImagSurface_a0_n": 0.8427492424314038,
    "WLHRealSpinOrbit_V0_p": 10.492109737623254,
    "WLHRealSpinOrbit_V1_p": 0.008496833177228207,
    "WLHRealSpinOrbit_r0_p": 1.1844603872193993,
    "WLHRealSpinOrbit_r1_p": 0.7347966645826814,
    "WLHRealSpinOrbit_a0_p": 0.7379162276710234,
    "WLHRealSpinOrbit_a1_p": 0.0003418459154422806,
    "WLHRealSpinOrbit_V0_n": 9.17617122435141,
    "WLHRealSpinOrbit_V1_n": 0.00819282363682978,
    "WLHRealSpinOrbit_r0_n": 1.2826763536890704,
    "WLHRealSpinOrbit_r1_n": 0.8880729531075546,
    "WLHRealSpinOrbit_a0_n": 0.8064897278799387,
    "WLHRealSpinOrbit_a1_n": 0.00033221229360833727
}