{
    "WLHReal_V0_p": 53.39205898364175,
    "WLHReal_V1_p": 0.3010958612114136,
    "WLHReal_V2_p": 0.00013633263007635372,
    "WLHReal_V3_p": 1.4506055220790689e-06,
    "WLHReal_V4_p": 13.44513025002099,
    "WLHReal_V5_p": 0.13100462616338202,
    "WLHReal_V6_p": 0.00023398463762210094,
    "WLHReal_r0_p": 1.2948093723109466,
    "WLHReal_r1_p": 0.31002219744710247,
    "WLHReal_r2_p": 0.0006279605682724698,
    "WLHReal_r3_p": 4.168299583882764e-06,
    "WLHReal_a0_p": 0.7663031774334585,
    "WLHReal_a1_p": 8.749761132878116e-05,
    "WLHReal_a2_p": 3.552667341959666e-06,
    "WLHReal_a3_p": 0.05707974018851569,
    "WLHReal_a4_p": 0.5257906904218778,
    "WLHReal_V0_n": 51.74413712364372,
    "WLHReal_V1_n": 0.27319710884690707,
    "WLHReal_V2_n": -0.00040489827867857815,
    "WLHReal_V3_n": 2.9919003279394384e-06,
    "WLHReal_V4_n": 21.184943917246848,
    "WLHReal_V5_n": 0.290858102024646,
    "WLHReal_V6_n": 0.0011843596704407295,
    "WLHReal_r0_n": 1.3070066023914368,
    "WLHReal_r1_n": 0.30525839416494166,
    "WLHReal_r2_n": 0.000977830274602267,
    "WLHReal_r3_n": 1.0078522263731416e-05,
    "WLHReal_a0_n": 0.7465751510916004,
    "WLHReal_a1_n": 0.0009481217121911535,
    "WLHReal_a2_n": 1.2437879683193025e-05,
    "WLHReal_a3_n": 0.3014285869259979,
    "WLHReal_a4_n": 0.9209219537012255,
    "WLHImagVolume_W0_p": 3.6227286093791973,
    "WLHImagVolume_W1_p": 0.19861870896898792,
    "WLHImagVolume_W2_p": 0.0003310876370134367,
    "WLHImagVolume_W3_p": 10.97165982014986,
    "WLHImagVolume_W4_p": 0.06551516650416898,
    "WLHImagVolume_r0_p": 0.5685466251675071,
    "WLHImagVolume_r1_p": 55.60827149219988,
    "WLHImagVolume_r2_p": 0.6841668782881216,
    "WLHImagVolume_r3_p": 64.13118593873354,
    "WLHImagVolume_r4_p": 0.5580883889754457,
    "WLHImagVolume_r5_p": 1.0764969267267732e-06,
    "WLHImagVolume_a0_p": 0.5247238134360577,
    "WLHImagVolume_a1_p": 0.2987987345580131,
    "WLHImagVolume_a2_p": 16.533198673002286,
    "WLHImagVolume_a3_p": 0.37819241555630306,
    "WLHImagVolume_a4_p": 0.0018061257388202424,
    "WLHImagVolume_W0_n": 2.8762026809902106,
    "WLHImagVolume_W1_n": 0.2354577837184624,
    "WLHImagVolume_W2_n": 0.00043956021917718966,
    "WLHImagVolume_W3_n": 8.61329035037372,
    "WLHImagVolume_W4_n": 0.012391522549860796,
    "WLHImagVolume_r0_n": 0.5795670907527001,
    "WLHImagVolume_r1_n": 79.58258871862311,
    "WLHImagVolume_r2_n": 0.7182762154829205,
    "WLHImagVolume_r3_n": 87.71283769904763,
    "WLHImagVolume_r4_n": 0.9361919511676463,
    "WLHImagVolume_r5_n": 4.008589175795398e-06,
    "WLHImagVolume_a0_n": 0.2490084991788135,
    "WLHImagVolume_a1_n": 0.5771723898463473,
    "WLHImagVolume_a2_n": 6.774630280749352,
    "WLHImagVolume_a3_n": 0.060222503867278836,
    "WLHImagVolume_a4_n": 0.0006112649468274059,
    "WLHImagSurface_W0_p": 1.1730878866514591,
    "WLHImagSurface_W1_p": 0.05831937977018363,
    "WLHImagSurface_W2_p": 1.5184633242172834,
    "WLHImagSurface_W3_p": 0.2052273577661762,
    "WLHImagSurface_r0_p": 1.0542619634471282,
    "WLHImagSurface_r1_p": 0.5879554379695441,
    "WLHImagSurface_r2_p": 0.005769434402186257,
    "WLHImagSurface_a0_p": 0.819951051357186,
    "WLHImagSurface_W0_n": 1.4889219454050957,
    "WLHImagSurface_W1_n": 0.037357095244545634,
    "WLHImagSurface_W2_n": 2.0919902658521523,
    "WLHImagSurface_W3_n": 0.13882450966692042,
    "WLHImagSurface_r0_n": 1.2884948816454815,
    "WLHImagSurface_r1_n": 1.4711552406516708,
    "WLHImagSurface_r2_n": 0.0027817015692892812,
    "WLHImagSurface_a0_n": 0.8581879319390112,
    "WLHRealSpinOrbit_V0_p": 9.497348634930116,
    "WLHRealSpinOrbit_V1_p": 0.00817884903818096,
    "WLHRealSpinOrbit_r0_p": 1.2612913472065928,
    "WLHRealSpinOrbit_r1_p": 0.8340965464547857,
    "WLHRealSpinOrbit_a0_p": 0.785458874463971,
    "WLHRealSpinOrbit_a1_p": 0.00036959182930044684,
    "WLHRealSpinOrbit_V0_n": 9.593725282650796,
    "WLHRealSpinOrbit_V1_n": 0.0086194183974223,
    "WLHRealSpinOrbit_r0_n": 1.2912400642655815,
    "WLHRealSpinOrbit_r1_n": 0.8888662538596928,
    "WLHRealSpinOrbit_a0_n": 0.8148665524654,
    "WLHRealSpinOrbit_a1_n": 0.00035533860440117035
}