{
    "ECS_p": 0.218143,
    "ECS_n": 0.236514,
    "APower_p": 0.620295,
    "APower_n": 0.541135
}