{
    "CH89RealCentral": {
        "V_0": 55.7346,
        "V_t": 15.4765,
        "V_e": -0.30204,
        "r_o": 1.1582,
        "r_o_0": -0.0168425,
        "a_0": 0.73641
    },
    "CH89Coulomb": {
        "r_c": 1.43937,
        "r_c_0": 0.115769
    },
    "CH89SpinOrbit": {
        "V_so": 4.81339,
        "r_so": 1.47102,
        "r_so_0": -1.76722,
        "a_so": 0.584406
    },
    "CH89ImagCentral": {
        "W_v0": 14.3289,
        "W_ve0": 53.6043,
        "W_vew": 25.8269,
        "W_s0": 11.3796,
        "W_st": 24.1256,
        "W_se0": 34.3683,
        "W_sew": 30.9606,
        "r_w": 1.31641,
        "r_w0": -0.562997,
        "a_w": 0.625893
    }
}