{
    "WLHReal_V0_p": 50.151931921896974,
    "WLHReal_V1_p": 0.24648466631680355,
    "WLHReal_V2_p": -8.411351317839028e-05,
    "WLHReal_V3_p": 1.7379751330095906e-06,
    "WLHReal_V4_p": 14.82470425347656,
    "WLHReal_V5_p": 0.12701560203137735,
    "WLHReal_V6_p": 0.0002961381296121751,
    "WLHReal_r0_p": 1.3045921630564106,
    "WLHReal_r1_p": 0.29008500851837843,
    "WLHReal_r2_p": 0.00043697062069487144,
    "WLHReal_r3_p": 3.853635712349412e-06,
    "WLHReal_a0_p": 0.7543225788340169,
    "WLHReal_a1_p": -1.0865687422035024e-06,
    "WLHReal_a2_p": 3.7682556354893492e-06,
    "WLHReal_a3_p": -0.009111477116119468,
    "WLHReal_a4_p": 0.38711972130578454,
    "WLHReal_V0_n": 54.4599306199703,
    "WLHReal_V1_n": 0.27030085221874073,
    "WLHReal_V2_n": -0.0003137209473667715,
    "WLHReal_V3_n": 2.9315057666242546e-06,
    "WLHReal_V4_n": 21.190458471117207,
    "WLHReal_V5_n": 0.29898372028062475,
    "WLHReal_V6_n": 0.0010486954506048094,
    "WLHReal_r0_n": 1.3178083443943094,
    "WLHReal_r1_n": 0.42650793243581986,
    "WLHReal_r2_n": 0.0007326952107967067,
    "WLHReal_r3_n": 6.001528916921014e-06,
    "WLHReal_a0_n": 0.7417301866058685,
    "WLHReal_a1_n": 0.0005259980910377138,
    "WLHReal_a2_n": 6.054809362288033e-06,
    "WLHReal_a3_n": 0.19298825143595055,
    "WLHReal_a4_n": 0.6971616872354156,
    "WLHImagVolume_W0_p": 3.116329654773316,
    "WLHImagVolume_W1_p": 0.10886598630735111,
    "WLHImagVolume_W2_p": -7.305998171656822e-05,
    "WLHImagVolume_W3_p": 6.83094807728193,
    "WLHImagVolume_W4_p": 0.05006862196800861,
    "WLHImagVolume_r0_p": 0.752156812149511,
    "WLHImagVolume_r1_p": 29.818397683514398,
    "WLHImagVolume_r2_p": 0.5101654283345283,
    "WLHImagVolume_r3_p": 41.68547791711332,
    "WLHImagVolume_r4_p": 0.6553188189132044,
    "WLHImagVolume_r5_p": 1.232352365485408e-06,
    "WLHImagVolume_a0_p": 0.5396792133745711,
    "WLHImagVolume_a1_p": 0.26492666160519207,
    "WLHImagVolume_a2_p": 13.77377101075734,
    "WLHImagVolume_a3_p": 0.3852274025270357,
    "WLHImagVolume_a4_p": 0.0019777387326093934,
    "WLHImagVolume_W0_n": 3.0180304959531354,
    "WLHImagVolume_W1_n": 0.30581620871788684,
    "WLHImagVolume_W2_n": 0.0005275692868679952,
    "WLHImagVolume_W3_n": 9.333746936380656,
    "WLHImagVolume_W4_n": 0.045088841974057964,
    "WLHImagVolume_r0_n": 0.5882814077443548,
    "WLHImagVolume_r1_n": 62.08256895166345,
    "WLHImagVolume_r2_n": 0.7118589016688212,
    "WLHImagVolume_r3_n": 77.7596252926793,
    "WLHImagVolume_r4_n": 1.0602567838320023,
    "WLHImagVolume_r5_n": 4.831728145758691e-06,
    "WLHImagVolume_a0_n": 0.2752660010865877,
    "WLHImagVolume_a1_n": 0.5810320607567523,
    "WLHImagVolume_a2_n": 6.4969037314926315,
    "WLHImagVolume_a3_n": 0.07073318433401932,
    "WLHImagVolume_a4_n": 0.0012554709895942866,
    "WLHImagSurface_W0_p": 1.0831282827714084,
    "WLHImagSurface_W1_p": 0.04931150364558026,
    "WLHImagSurface_W2_p": 1.7709675674982095,
    "WLHImagSurface_W3_p": 0.17237748447640572,
    "WLHImagSurface_r0_p": 0.9424300390504041,
    "WLHImagSurface_r1_p": 0.270869709014606,
    "WLHImagSurface_r2_p": 0.0052657865516978425,
    "WLHImagSurface_a0_p": 0.7251556776992751,
    "WLHImagSurface_W0_n": 1.6154510088496552,
    "WLHImagSurface_W1_n": 0.0378813263959539,
    "WLHImagSurface_W2_n": 2.733736508748992,
    "WLHImagSurface_W3_n": 0.1487214409314437,
    "WLHImagSurface_r0_n": 1.2627188912738447,
    "WLHImagSurface_r1_n": 1.4785854769111726,
    "WLHImagSurface_r2_n": 0.0031134792293239203,
    "WLHImagSurface_a0_n": 0.8473867911668351,
    "WLHRealSpinOrbit_V0_p": 9.506540530259525,
    "WLHRealSpinOrbit_V1_p": 0.008293755080038571,
    "WLHRealSpinOrbit_r0_p": 1.2855920879268268,
    "WLHRealSpinOrbit_r1_p": 0.8474350028506269,
    "WLHRealSpinOrbit_a0_p": 0.7982219227260675,
    "WLHRealSpinOrbit_a1_p": 0.00040841600047715487,
    "WLHRealSpinOrbit_V0_n": 9.736503767567172,
    "WLHRealSpinOrbit_V1_n": 0.008626861610955626,
    "WLHRealSpinOrbit_r0_n": 1.282880091559629,
    "WLHRealSpinOrbit_r1_n": 0.867872139732115,
    "WLHRealSpinOrbit_a0_n": 0.8057766219541337,
    "WLHRealSpinOrbit_a1_n": 0.00036314917101979024
}