{
    "WLHReal_V0_p": 56.69657946207907,
    "WLHReal_V1_p": 0.30916502339875157,
    "WLHReal_V2_p": 0.00017454659652035617,
    "WLHReal_V3_p": 9.853142672050191e-07,
    "WLHReal_V4_p": 13.793528508763721,
    "WLHReal_V5_p": 0.14528919153780612,
    "WLHReal_V6_p": 0.0002782911737840283,
    "WLHReal_r0_p": 1.2733054229047127,
    "WLHReal_r1_p": 0.323739445335429,
    "WLHReal_r2_p": 0.0007311296834884666,
    "WLHReal_r3_p": 4.961525523208133e-06,
    "WLHReal_a0_p": 0.7736108018833668,
    "WLHReal_a1_p": 0.00027052798582501874,
    "WLHReal_a2_p": 2.8160763170150615e-06,
    "WLHReal_a3_p": 0.08680156489338259,
    "WLHReal_a4_p": 0.5896230883205763,
    "WLHReal_V0_n": 51.26230314281813,
    "WLHReal_V1_n": 0.2996156127772727,
    "WLHReal_V2_n": -0.0013015489001342055,
    "WLHReal_V3_n": 7.097850223807411e-06,
    "WLHReal_V4_n": 19.079533055028772,
    "WLHReal_V5_n": 0.36834947861410017,
    "WLHReal_V6_n": 0.0020329427320163133,
    "WLHReal_r0_n": 1.389707397450306,
    "WLHReal_r1_n": 0.38385475377223166,
    "WLHReal_r2_n": 0.0015124844602662341,
    "WLHReal_r3_n": 1.905383590125049e-05,
    "WLHReal_a0_n": 0.7958290955581476,
    "WLHReal_a1_n": 0.0016278695877873796,
    "WLHReal_a2_n": 2.4016469975787422e-05,
    "WLHReal_a3_n": 0.3253435402700331,
    "WLHReal_a4_n": 1.1261356577192818,
    "WLHImagVolume_W0_p": 4.280494523688016,
    "WLHImagVolume_W1_p": 0.2717126597557734,
    "WLHImagVolume_W2_p": 0.00039028682263551656,
    "WLHImagVolume_W3_p": 13.518726295447774,
    "WLHImagVolume_W4_p": 0.0853448242327163,
    "WLHImagVolume_r0_p": 0.6306771051254927,
    "WLHImagVolume_r1_p": 41.273581488925025,
    "WLHImagVolume_r2_p": 0.5886881536102259,
    "WLHImagVolume_r3_p": 52.09484288485796,
    "WLHImagVolume_r4_p": 0.702014011847174,
    "WLHImagVolume_r5_p": 1.7204629827978536e-06,
    "WLHImagVolume_a0_p": 0.561737388847231,
    "WLHImagVolume_a1_p": 0.2518623257394821,
    "WLHImagVolume_a2_p": 12.070863457104172,
    "WLHImagVolume_a3_p": 0.43708671528612253,
    "WLHImagVolume_a4_p": 0.002603234020625637,
    "WLHImagVolume_W0_n": 4.625061091059938,
    "WLHImagVolume_W1_n": 0.3635815123673324,
    "WLHImagVolume_W2_n": 0.0010683387089512407,
    "WLHImagVolume_W3_n": 11.332905184185027,
    "WLHImagVolume_W4_n": 0.035776998703370394,
    "WLHImagVolume_r0_n": 0.5404449321095979,
    "WLHImagVolume_r1_n": 99.06431739837808,
    "WLHImagVolume_r2_n": 0.8429632554854879,
    "WLHImagVolume_r3_n": 118.3900383967919,
    "WLHImagVolume_r4_n": 0.8811775826673292,
    "WLHImagVolume_r5_n": 5.380839118042037e-06,
    "WLHImagVolume_a0_n": 0.3340006714752383,
    "WLHImagVolume_a1_n": 0.5225829580224385,
    "WLHImagVolume_a2_n": 0.693133998968201,
    "WLHImagVolume_a3_n": 0.010535830349637558,
    "WLHImagVolume_a4_n": 0.00020172231073143493,
    "WLHImagSurface_W0_p": 0.9199113614321982,
    "WLHImagSurface_W1_p": 0.03601546576004302,
    "WLHImagSurface_W2_p": 1.0037029345782587,
    "WLHImagSurface_W3_p": 0.13134284005088565,
    "WLHImagSurface_r0_p": 0.9618201079290206,
    "WLHImagSurface_r1_p": 0.7111265624451364,
    "WLHImagSurface_r2_p": 0.005753448657788747,
    "WLHImagSurface_a0_p": 0.6919044615136135,
    "WLHImagSurface_W0_n": 2.270447705876752,
    "WLHImagSurface_W1_n": 0.08884960695356935,
    "WLHImagSurface_W2_n": 3.8989607136252076,
    "WLHImagSurface_W3_n": 0.2965434176817169,
    "WLHImagSurface_r0_n": 1.3286391235435717,
    "WLHImagSurface_r1_n": 1.9041643782471733,
    "WLHImagSurface_r2_n": 0.001641879466389835,
    "WLHImagSurface_a0_n": 0.8928638025954316,
    "WLHRealSpinOrbit_V0_p": 10.073651372570378,
    "WLHRealSpinOrbit_V1_p": 0.008606082942567884,
    "WLHRealSpinOrbit_r0_p": 1.2367204265975402,
    "WLHRealSpinOrbit_r1_p": 0.8154743833411564,
    "WLHRealSpinOrbit_a0_p": 0.7773778346972465,
    "WLHRealSpinOrbit_a1_p": 0.00033872002613944844,
    "WLHRealSpinOrbit_V0_n": 8.890867873866288,
    "WLHRealSpinOrbit_V1_n": 0.008851903723723069,
    "WLHRealSpinOrbit_r0_n": 1.3742029412285306,
    "WLHRealSpinOrbit_r1_n": 1.0343180542732717,
    "WLHRealSpinOrbit_a0_n": 0.8823982372564254,
    "WLHRealSpinOrbit_a1_n": 0.00031926491005098003
}