{
    "ECS_p": 0.321135,
    "ECS_n": 0.423784,
    "APower_p": 0.865413,
    "APower_n": 0.267428
}