{
    "CH89RealCentral": {
        "V_0": 52.157,
        "V_t": 12.5052,
        "V_e": -0.312118,
        "r_o": 1.18504,
        "r_o_0": 0.063709,
        "a_0": 0.711562
    },
    "CH89Coulomb": {
        "r_c": 1.23758,
        "r_c_0": 0.175967
    },
    "CH89SpinOrbit": {
        "V_so": 4.80945,
        "r_so": 1.49895,
        "r_so_0": -1.59264,
        "a_so": 0.650606
    },
    "CH89ImagCentral": {
        "W_v0": 12.8928,
        "W_ve0": 56.7096,
        "W_vew": 33.0366,
        "W_s0": 11.623,
        "W_st": 33.8335,
        "W_se0": 9.37065,
        "W_sew": 51.914,
        "r_w": 1.25495,
        "r_w0": -0.2493,
        "a_w": 0.713092
    }
}