{
    "WLHReal_V0_p": 57.27836958957913,
    "WLHReal_V1_p": 0.32297963492748694,
    "WLHReal_V2_p": 0.000375200097376997,
    "WLHReal_V3_p": 5.9141156841459255e-08,
    "WLHReal_V4_p": 13.979361445685916,
    "WLHReal_V5_p": 0.12609992458073743,
    "WLHReal_V6_p": 0.00017130128267890012,
    "WLHReal_r0_p": 1.235729545017529,
    "WLHReal_r1_p": 0.24159625462699102,
    "WLHReal_r2_p": 0.0008736291506318627,
    "WLHReal_r3_p": 5.499384592680954e-06,
    "WLHReal_a0_p": 0.7642387175486215,
    "WLHReal_a1_p": 0.00021000311174788954,
    "WLHReal_a2_p": 2.801365332062919e-06,
    "WLHReal_a3_p": 0.10826313488408125,
    "WLHReal_a4_p": 0.6478750779994664,
    "WLHReal_V0_n": 48.71973835940683,
    "WLHReal_V1_n": 0.26805471266918063,
    "WLHReal_V2_n": -0.000776780569138942,
    "WLHReal_V3_n": 4.598258054686821e-06,
    "WLHReal_V4_n": 20.423038191952244,
    "WLHReal_V5_n": 0.3123684608183272,
    "WLHReal_V6_n": 0.0014889457467432967,
    "WLHReal_r0_n": 1.3535705126847446,
    "WLHReal_r1_n": 0.3162958170344009,
    "WLHReal_r2_n": 0.0012021718484712682,
    "WLHReal_r3_n": 1.4338482401090737e-05,
    "WLHReal_a0_n": 0.762940387421708,
    "WLHReal_a1_n": 0.001356889171774154,
    "WLHReal_a2_n": 1.8159116964570272e-05,
    "WLHReal_a3_n": 0.3360294703770689,
    "WLHReal_a4_n": 1.0225239968224382,
    "WLHImagVolume_W0_p": 3.888814366716972,
    "WLHImagVolume_W1_p": 0.2628240506090208,
    "WLHImagVolume_W2_p": 0.0003829057228768205,
    "WLHImagVolume_W3_p": 14.610473039648626,
    "WLHImagVolume_W4_p": 0.0757462924046295,
    "WLHImagVolume_r0_p": 0.6458430698988576,
    "WLHImagVolume_r1_p": 45.557178825395575,
    "WLHImagVolume_r2_p": 0.5507144966665748,
    "WLHImagVolume_r3_p": 59.82493904806333,
    "WLHImagVolume_r4_p": 0.7544162721326675,
    "WLHImagVolume_r5_p": 2.0829132684653974e-06,
    "WLHImagVolume_a0_p": 0.5373000699493156,
    "WLHImagVolume_a1_p": 0.2600311965516411,
    "WLHImagVolume_a2_p": 12.84653286327299,
    "WLHImagVolume_a3_p": 0.4136899824436846,
    "WLHImagVolume_a4_p": 0.0022133973146803904,
    "WLHImagVolume_W0_n": 2.8619490765176767,
    "WLHImagVolume_W1_n": 0.2202120959729765,
    "WLHImagVolume_W2_n": 0.000587428167118622,
    "WLHImagVolume_W3_n": 7.962448461696501,
    "WLHImagVolume_W4_n": -0.009108916143488816,
    "WLHImagVolume_r0_n": 0.514635161006265,
    "WLHImagVolume_r1_n": 104.75474994893906,
    "WLHImagVolume_r2_n": 0.828817896117378,
    "WLHImagVolume_r3_n": 107.06963286521497,
    "WLHImagVolume_r4_n": 0.8104326704629993,
    "WLHImagVolume_r5_n": 3.8061446205831127e-06,
    "WLHImagVolume_a0_n": 0.2580589225537951,
    "WLHImagVolume_a1_n": 0.575793795766431,
    "WLHImagVolume_a2_n": 6.0357352335441385,
    "WLHImagVolume_a3_n": 0.06943910433739056,
    "WLHImagVolume_a4_n": 0.0003701978518499302,
    "WLHImagSurface_W0_p": 0.8762835312392616,
    "WLHImagSurface_W1_p": 0.022736104618177662,
    "WLHImagSurface_W2_p": 0.36058273281800274,
    "WLHImagSurface_W3_p": 0.06687006999028905,
    "WLHImagSurface_r0_p": 1.0168106967077624,
    "WLHImagSurface_r1_p": 0.7558761060860126,
    "WLHImagSurface_r2_p": 0.006598625314472037,
    "WLHImagSurface_a0_p": 0.7628037486290553,
    "WLHImagSurface_W0_n": 1.5332639592907833,
    "WLHImagSurface_W1_n": 0.051554431824034234,
    "WLHImagSurface_W2_n": 2.5420840611931936,
    "WLHImagSurface_W3_n": 0.19390512533540732,
    "WLHImagSurface_r0_n": 1.3351578114257268,
    "WLHImagSurface_r1_n": 1.6074641050059486,
    "WLHImagSurface_r2_n": 0.0020917710404804897,
    "WLHImagSurface_a0_n": 0.8814439898008971,
    "WLHRealSpinOrbit_V0_p": 10.335440917902122,
    "WLHRealSpinOrbit_V1_p": 0.00868403031753123,
    "WLHRealSpinOrbit_r0_p": 1.2103317071861688,
    "WLHRealSpinOrbit_r1_p": 0.7892252592789188,
    "WLHRealSpinOrbit_a0_p": 0.7633527135534828,
    "WLHRealSpinOrbit_a1_p": 0.0003205428658664275,
    "WLHRealSpinOrbit_V0_n": 8.971855213789796,
    "WLHRealSpinOrbit_V1_n": 0.00842779734926906,
    "WLHRealSpinOrbit_r0_n": 1.3388625117422228,
    "WLHRealSpinOrbit_r1_n": 0.9523248242182939,
    "WLHRealSpinOrbit_a0_n": 0.844853418118029,
    "WLHRealSpinOrbit_a1_n": 0.0003691214428705511
}