{
    "CH89RealCentral": {
        "V_0": 60.4816,
        "V_t": 25.6126,
        "V_e": -0.361435,
        "r_o": 1.14413,
        "r_o_0": -0.238191,
        "a_0": 0.796292
    },
    "CH89Coulomb": {
        "r_c": 1.33097,
        "r_c_0": 0.208575
    },
    "CH89SpinOrbit": {
        "V_so": 5.8751,
        "r_so": 1.37843,
        "r_so_0": -1.62618,
        "a_so": 0.42101
    },
    "CH89ImagCentral": {
        "W_v0": 5.74421,
        "W_ve0": 7.0136,
        "W_vew": 24.5908,
        "W_s0": 9.35983,
        "W_st": 15.6114,
        "W_se0": 48.2237,
        "W_sew": 82.0738,
        "r_w": 1.22543,
        "r_w0": -0.193193,
        "a_w": 0.798231
    }
}