{
    "ECS_p": 0.43921,
    "ECS_n": 0.462435,
    "APower_p": 0.834275,
    "APower_n": 0.358573
}