{
    "CH89RealCentral": {
        "V_0": 55.7235,
        "V_t": 21.0408,
        "V_e": -0.409359,
        "r_o": 1.21569,
        "r_o_0": -0.288278,
        "a_0": 0.732655
    },
    "CH89Coulomb": {
        "r_c": 1.45581,
        "r_c_0": 0.128749
    },
    "CH89SpinOrbit": {
        "V_so": 5.12528,
        "r_so": 1.27558,
        "r_so_0": -1.20587,
        "a_so": 0.545694
    },
    "CH89ImagCentral": {
        "W_v0": 11.8465,
        "W_ve0": 33.2085,
        "W_vew": 13.8971,
        "W_s0": 10.1741,
        "W_st": 25.3989,
        "W_se0": 25.2279,
        "W_sew": 20.9064,
        "r_w": 1.27313,
        "r_w0": -0.361331,
        "a_w": 0.752481
    }
}