{
    "WLHReal_V0_p": 54.14046300700642,
    "WLHReal_V1_p": 0.27383734728071196,
    "WLHReal_V2_p": 3.494448774406651e-05,
    "WLHReal_V3_p": 6.735859128288683e-07,
    "WLHReal_V4_p": 14.836012473148585,
    "WLHReal_V5_p": 0.12129365107184217,
    "WLHReal_V6_p": 0.00027382998348166954,
    "WLHReal_r0_p": 1.251798169588675,
    "WLHReal_r1_p": 0.21082503642756242,
    "WLHReal_r2_p": 0.0007972057377300993,
    "WLHReal_r3_p": 7.466730193918113e-06,
    "WLHReal_a0_p": 0.7601651877781612,
    "WLHReal_a1_p": 0.000122791945783282,
    "WLHReal_a2_p": 4.905581564156026e-06,
    "WLHReal_a3_p": 0.03947569264347001,
    "WLHReal_a4_p": 0.5371315226305581,
    "WLHReal_V0_n": 54.22749855206991,
    "WLHReal_V1_n": 0.27970302164700195,
    "WLHReal_V2_n": -0.0002763865477123996,
    "WLHReal_V3_n": 2.467379516954771e-06,
    "WLHReal_V4_n": 21.382191826062353,
    "WLHReal_V5_n": 0.28996852476616014,
    "WLHReal_V6_n": 0.0010836945641436613,
    "WLHReal_r0_n": 1.2907188788669226,
    "WLHReal_r1_n": 0.3342310650255075,
    "WLHReal_r2_n": 0.0008608421671560307,
    "WLHReal_r3_n": 8.809612058352714e-06,
    "WLHReal_a0_n": 0.7422036854995028,
    "WLHReal_a1_n": 0.0006935818187982282,
    "WLHReal_a2_n": 8.911169639938208e-06,
    "WLHReal_a3_n": 0.26036492505628483,
    "WLHReal_a4_n": 0.839438303559687,
    "WLHImagVolume_W0_p": 3.7738561905062715,
    "WLHImagVolume_W1_p": 0.1899686432100883,
    "WLHImagVolume_W2_p": 2.4985448276134954e-05,
    "WLHImagVolume_W3_p": 10.922097161313724,
    "WLHImagVolume_W4_p": 0.06584115011882069,
    "WLHImagVolume_r0_p": 0.8472097851462213,
    "WLHImagVolume_r1_p": 19.67570195186235,
    "WLHImagVolume_r2_p": 0.36850496995833115,
    "WLHImagVolume_r3_p": 38.72808386776949,
    "WLHImagVolume_r4_p": 0.8684832487511964,
    "WLHImagVolume_r5_p": 2.306522509739643e-06,
    "WLHImagVolume_a0_p": 0.5657857427403336,
    "WLHImagVolume_a1_p": 0.22122949550343646,
    "WLHImagVolume_a2_p": 9.84262544781587,
    "WLHImagVolume_a3_p": 0.43407440771332545,
    "WLHImagVolume_a4_p": 0.0026011565284969336,
    "WLHImagVolume_W0_n": 3.1792310498233562,
    "WLHImagVolume_W1_n": 0.2790353080972224,
    "WLHImagVolume_W2_n": 0.00045158305512128224,
    "WLHImagVolume_W3_n": 9.605596502438342,
    "WLHImagVolume_W4_n": 0.03666544883585415,
    "WLHImagVolume_r0_n": 0.6195250662692848,
    "WLHImagVolume_r1_n": 62.050681919325356,
    "WLHImagVolume_r2_n": 0.6613492182071452,
    "WLHImagVolume_r3_n": 77.3600436957385,
    "WLHImagVolume_r4_n": 1.0381689730930417,
    "WLHImagVolume_r5_n": 3.8881884018401255e-06,
    "WLHImagVolume_a0_n": 0.26142965445972605,
    "WLHImagVolume_a1_n": 0.5703985285872043,
    "WLHImagVolume_a2_n": 6.294264400949873,
    "WLHImagVolume_a3_n": 0.048881161155196466,
    "WLHImagVolume_a4_n": 0.0008437303017241205,
    "WLHImagSurface_W0_p": 0.6741082060960368,
    "WLHImagSurface_W1_p": 0.004338343423008421,
    "WLHImagSurface_W2_p": 0.23186959014182973,
    "WLHImagSurface_W3_p": -0.0012753838825178138,
    "WLHImagSurface_r0_p": 0.8737939794516968,
    "WLHImagSurface_r1_p": 0.37642683835593227,
    "WLHImagSurface_r2_p": 0.005130634560196436,
    "WLHImagSurface_a0_p": 0.6682519340599318,
    "WLHImagSurface_W0_n": 1.5985695276197136,
    "WLHImagSurface_W1_n": 0.035651827321313535,
    "WLHImagSurface_W2_n": 2.185924029940024,
    "WLHImagSurface_W3_n": 0.12761268090713168,
    "WLHImagSurface_r0_n": 1.2579820811216567,
    "WLHImagSurface_r1_n": 1.4464221251143372,
    "WLHImagSurface_r2_n": 0.003131049129883847,
    "WLHImagSurface_a0_n": 0.8458386812190956,
    "WLHRealSpinOrbit_V0_p": 10.338287083919054,
    "WLHRealSpinOrbit_V1_p": 0.008918069483096772,
    "WLHRealSpinOrbit_r0_p": 1.24305076353588,
    "WLHRealSpinOrbit_r1_p": 0.8227830143379478,
    "WLHRealSpinOrbit_a0_p": 0.7856031921845218,
    "WLHRealSpinOrbit_a1_p": 0.0003472506635928404,
    "WLHRealSpinOrbit_V0_n": 9.933296354858978,
    "WLHRealSpinOrbit_V1_n": 0.008786763435647788,
    "WLHRealSpinOrbit_r0_n": 1.2704548905978479,
    "WLHRealSpinOrbit_r1_n": 0.8644267283588992,
    "WLHRealSpinOrbit_a0_n": 0.8033516743701777,
    "WLHRealSpinOrbit_a1_n": 0.000342459416624544
}