{
    "ECS_p": 0.284187,
    "ECS_n": 0.317563,
    "APower_p": 0.993251,
    "APower_n": 0.423689
}