{
    "CH89RealCentral": {
        "V_0": 54.7392,
        "V_t": 20.9052,
        "V_e": -0.322031,
        "r_o": 1.19508,
        "r_o_0": -0.135208,
        "a_0": 0.699378
    },
    "CH89Coulomb": {
        "r_c": 1.25701,
        "r_c_0": 0.196177
    },
    "CH89SpinOrbit": {
        "V_so": 5.29166,
        "r_so": 1.37936,
        "r_so_0": -1.3689,
        "a_so": 0.639909
    },
    "CH89ImagCentral": {
        "W_v0": 9.70935,
        "W_ve0": 24.6089,
        "W_vew": 19.7515,
        "W_s0": 10.7055,
        "W_st": 20.1523,
        "W_se0": 20.4652,
        "W_sew": 40.7441,
        "r_w": 1.30022,
        "r_w0": -0.392571,
        "a_w": 0.675559
    }
}