{
    "WLHReal_V0_p": 53.10943955559872,
    "WLHReal_V1_p": 0.2936698552510224,
    "WLHReal_V2_p": -0.0002118874544869854,
    "WLHReal_V3_p": 2.0801023096876815e-06,
    "WLHReal_V4_p": 12.948023451674233,
    "WLHReal_V5_p": 0.12668545268876688,
    "WLHReal_V6_p": 0.0003512882541782877,
    "WLHReal_r0_p": 1.300967080147029,
    "WLHReal_r1_p": 0.25927491964081273,
    "WLHReal_r2_p": 0.0008787026723146549,
    "WLHReal_r3_p": 8.156257608363661e-06,
    "WLHReal_a0_p": 0.7800057788860255,
    "WLHReal_a1_p": 8.430214142844547e-05,
    "WLHReal_a2_p": 6.4770679746921634e-06,
    "WLHReal_a3_p": 0.03168114450789158,
    "WLHReal_a4_p": 0.5584021776618983,
    "WLHReal_V0_n": 50.22872652678567,
    "WLHReal_V1_n": 0.24642745070777516,
    "WLHReal_V2_n": -0.0009121345243713373,
    "WLHReal_V3_n": 4.231208085448961e-06,
    "WLHReal_V4_n": 21.38351951704054,
    "WLHReal_V5_n": 0.3198670093685074,
    "WLHReal_V6_n": 0.0016341404754202445,
    "WLHReal_r0_n": 1.3285911900571241,
    "WLHReal_r1_n": 0.2787755009495768,
    "WLHReal_r2_n": 0.0012927485225092067,
    "WLHReal_r3_n": 1.6308363749517127e-05,
    "WLHReal_a0_n": 0.7694922682182372,
    "WLHReal_a1_n": 0.00132493457536611,
    "WLHReal_a2_n": 1.986855606445626e-05,
    "WLHReal_a3_n": 0.3762119629868236,
    "WLHReal_a4_n": 1.1004814590012992,
    "WLHImagVolume_W0_p": 4.4381571394164405,
    "WLHImagVolume_W1_p": 0.21508651511749322,
    "WLHImagVolume_W2_p": 0.0002665343891359984,
    "WLHImagVolume_W3_p": 11.031861486560672,
    "WLHImagVolume_W4_p": 0.07502961209902839,
    "WLHImagVolume_r0_p": 0.7204168214291213,
    "WLHImagVolume_r1_p": 40.120949351896336,
    "WLHImagVolume_r2_p": 0.5465068337120846,
    "WLHImagVolume_r3_p": 55.183337445723524,
    "WLHImagVolume_r4_p": 0.6965113398326961,
    "WLHImagVolume_r5_p": 1.4519071719858507e-06,
    "WLHImagVolume_a0_p": 0.569890606972928,
    "WLHImagVolume_a1_p": 0.25957635893013875,
    "WLHImagVolume_a2_p": 13.578783629425804,
    "WLHImagVolume_a3_p": 0.42523086047568515,
    "WLHImagVolume_a4_p": 0.00254961136756138,
    "WLHImagVolume_W0_n": 3.46760588562472,
    "WLHImagVolume_W1_n": 0.2360865685671086,
    "WLHImagVolume_W2_n": 0.0003659657868620457,
    "WLHImagVolume_W3_n": 9.592684325045305,
    "WLHImagVolume_W4_n": -0.010259626298960694,
    "WLHImagVolume_r0_n": 0.6713332967291264,
    "WLHImagVolume_r1_n": 68.88234154475002,
    "WLHImagVolume_r2_n": 0.6486369532816689,
    "WLHImagVolume_r3_n": 88.92487109264778,
    "WLHImagVolume_r4_n": 1.0575710575507695,
    "WLHImagVolume_r5_n": 5.717965778784973e-06,
    "WLHImagVolume_a0_n": 0.3001705301422665,
    "WLHImagVolume_a1_n": 0.532543443170211,
    "WLHImagVolume_a2_n": 5.289859818718043,
    "WLHImagVolume_a3_n": 0.05948739639387239,
    "WLHImagVolume_a4_n": 0.0006580074590778641,
    "WLHImagSurface_W0_p": 0.7749742286782413,
    "WLHImagSurface_W1_p": 0.021874108302800673,
    "WLHImagSurface_W2_p": 0.41703282158366095,
    "WLHImagSurface_W3_p": 0.06818471805507272,
    "WLHImagSurface_r0_p": 0.9108952064664814,
    "WLHImagSurface_r1_p": 0.3249251034750026,
    "WLHImagSurface_r2_p": 0.0033266324378289007,
    "WLHImagSurface_a0_p": 0.7563595724315809,
    "WLHImagSurface_W0_n": 1.179767495952667,
    "WLHImagSurface_W1_n": 0.036442551011872035,
    "WLHImagSurface_W2_n": 1.3527589519996333,
    "WLHImagSurface_W3_n": 0.1378821803554628,
    "WLHImagSurface_r0_n": 1.2711675153874322,
    "WLHImagSurface_r1_n": 1.4899067274057383,
    "WLHImagSurface_r2_n": 0.0017868911323600607,
    "WLHImagSurface_a0_n": 0.8796582062563625,
    "WLHRealSpinOrbit_V0_p": 9.69869605848178,
    "WLHRealSpinOrbit_V1_p": 0.008658746672948291,
    "WLHRealSpinOrbit_r0_p": 1.281314175733462,
    "WLHRealSpinOrbit_r1_p": 0.8796664145804461,
    "WLHRealSpinOrbit_a0_p": 0.809756689812465,
    "WLHRealSpinOrbit_a1_p": 0.0003464548941446597,
    "WLHRealSpinOrbit_V0_n": 9.714005919555648,
    "WLHRealSpinOrbit_V1_n": 0.009096550078044089,
    "WLHRealSpinOrbit_r0_n": 1.3244262798259463,
    "WLHRealSpinOrbit_r1_n": 0.9451642613177429,
    "WLHRealSpinOrbit_a0_n": 0.8461719790120059,
    "WLHRealSpinOrbit_a1_n": 0.000346502314663434
}