{
    "ECS_p": 0.288219,
    "ECS_n": 0.573412,
    "APower_p": 0.783468,
    "APower_n": 1.00804
}