{
    "CH89RealCentral": {
        "V_0": 54.1853,
        "V_t": 11.5304,
        "V_e": -0.386285,
        "r_o": 1.22199,
        "r_o_0": -0.124311,
        "a_0": 0.7018
    },
    "CH89Coulomb": {
        "r_c": 1.23313,
        "r_c_0": 0.0678166
    },
    "CH89SpinOrbit": {
        "V_so": 5.23782,
        "r_so": 1.34311,
        "r_so_0": -1.04157,
        "a_so": 0.641792
    },
    "CH89ImagCentral": {
        "W_v0": 8.89416,
        "W_ve0": 39.7433,
        "W_vew": 18.9689,
        "W_s0": 9.84141,
        "W_st": 11.2672,
        "W_se0": 44.9408,
        "W_sew": 37.2967,
        "r_w": 1.32232,
        "r_w0": -0.422985,
        "a_w": 0.614982
    }
}