{
    "ECS_p": 0.233645,
    "ECS_n": 0.257315,
    "APower_p": 0.880237,
    "APower_n": 0.725154
}