{
    "ECS_p": 0.251753,
    "ECS_n": 0.276894,
    "APower_p": 0.69087,
    "APower_n": 0.693251
}