{
    "CH89RealCentral": {
        "V_0": 54.3431,
        "V_t": 13.5668,
        "V_e": -0.354826,
        "r_o": 1.20951,
        "r_o_0": -0.155874,
        "a_0": 0.698738
    },
    "CH89Coulomb": {
        "r_c": 1.29867,
        "r_c_0": 0.229426
    },
    "CH89SpinOrbit": {
        "V_so": 5.47905,
        "r_so": 1.2944,
        "r_so_0": -1.38319,
        "a_so": 0.569828
    },
    "CH89ImagCentral": {
        "W_v0": 14.9658,
        "W_ve0": 51.7772,
        "W_vew": 28.3869,
        "W_s0": 17.7493,
        "W_st": 42.8686,
        "W_se0": -8.60215,
        "W_sew": 33.7009,
        "r_w": 1.33282,
        "r_w0": -0.270305,
        "a_w": 0.614925
    }
}