{
    "WLHReal_V0_p": 54.052787716940564,
    "WLHReal_V1_p": 0.3119299750948542,
    "WLHReal_V2_p": 0.0006353214979067728,
    "WLHReal_V3_p": 2.5286156631899035e-08,
    "WLHReal_V4_p": 14.463749033237209,
    "WLHReal_V5_p": 0.11630890836356667,
    "WLHReal_V6_p": 3.066713365708888e-05,
    "WLHReal_r0_p": 1.2486364905275626,
    "WLHReal_r1_p": 0.2702153312282555,
    "WLHReal_r2_p": 0.0005118964750327117,
    "WLHReal_r3_p": 9.737071951429906e-07,
    "WLHReal_a0_p": 0.7419367274902193,
    "WLHReal_a1_p": 3.5240822881229554e-05,
    "WLHReal_a2_p": 1.2168639118625813e-06,
    "WLHReal_a3_p": 0.0936984406709239,
    "WLHReal_a4_p": 0.5348953566955119,
    "WLHReal_V0_n": 52.338589981656675,
    "WLHReal_V1_n": 0.2796341913974056,
    "WLHReal_V2_n": -8.743299516013171e-05,
    "WLHReal_V3_n": 2.2742309738173417e-06,
    "WLHReal_V4_n": 21.354025536500615,
    "WLHReal_V5_n": 0.2695730296652372,
    "WLHReal_V6_n": 0.0008898888685430015,
    "WLHReal_r0_n": 1.2903569879855057,
    "WLHReal_r1_n": 0.31252663506404926,
    "WLHReal_r2_n": 0.0007726424048946147,
    "WLHReal_r3_n": 6.349120817623207e-06,
    "WLHReal_a0_n": 0.7308378992726284,
    "WLHReal_a1_n": 0.0007008229999795608,
    "WLHReal_a2_n": 7.4286221250706095e-06,
    "WLHReal_a3_n": 0.2635379183392437,
    "WLHReal_a4_n": 0.8114632753694812,
    "WLHImagVolume_W0_p": 2.4239835418168,
    "WLHImagVolume_W1_p": 0.1649373914668805,
    "WLHImagVolume_W2_p": 0.00030619506653750076,
    "WLHImagVolume_W3_p": 11.531388128456081,
    "WLHImagVolume_W4_p": 0.04599629567097255,
    "WLHImagVolume_r0_p": 0.48881222871761243,
    "WLHImagVolume_r1_p": 67.11617736363729,
    "WLHImagVolume_r2_p": 0.7237053806260693,
    "WLHImagVolume_r3_p": 74.07801872844031,
    "WLHImagVolume_r4_p": 0.5233726575884028,
    "WLHImagVolume_r5_p": 8.965449145510148e-07,
    "WLHImagVolume_a0_p": 0.46488743521626624,
    "WLHImagVolume_a1_p": 0.33040500967746494,
    "WLHImagVolume_a2_p": 18.89949753451653,
    "WLHImagVolume_a3_p": 0.31916773950708177,
    "WLHImagVolume_a4_p": 0.0008450846582900948,
    "WLHImagVolume_W0_n": 2.3756320939229516,
    "WLHImagVolume_W1_n": 0.21873024934269958,
    "WLHImagVolume_W2_n": 0.00039337238956538127,
    "WLHImagVolume_W3_n": 7.784861737422203,
    "WLHImagVolume_W4_n": 0.018273595452631634,
    "WLHImagVolume_r0_n": 0.5424269671847588,
    "WLHImagVolume_r1_n": 82.2248419843934,
    "WLHImagVolume_r2_n": 0.7375216283691185,
    "WLHImagVolume_r3_n": 83.69114849283187,
    "WLHImagVolume_r4_n": 0.8907681767862103,
    "WLHImagVolume_r5_n": 3.328168144578513e-06,
    "WLHImagVolume_a0_n": 0.21743946455512764,
    "WLHImagVolume_a1_n": 0.6039286869075092,
    "WLHImagVolume_a2_n": 8.223066835965296,
    "WLHImagVolume_a3_n": 0.06945406752306091,
    "WLHImagVolume_a4_n": 0.0006711396060258031,
    "WLHImagSurface_W0_p": 1.4497408443930895,
    "WLHImagSurface_W1_p": 0.0739044618817441,
    "WLHImagSurface_W2_p": 1.8743071706919736,
    "WLHImagSurface_W3_p": 0.25033482128495554,
    "WLHImagSurface_r0_p": 1.210320187871106,
    "WLHImagSurface_r1_p": 0.8344937189664663,
    "WLHImagSurface_r2_p": 0.008867322588442032,
    "WLHImagSurface_a0_p": 0.9151083732581795,
    "WLHImagSurface_W0_n": 1.5100439142199595,
    "WLHImagSurface_W1_n": 0.031244226247888522,
    "WLHImagSurface_W2_n": 2.2022166375999523,
    "WLHImagSurface_W3_n": 0.12084914800338797,
    "WLHImagSurface_r0_n": 1.2921467771975017,
    "WLHImagSurface_r1_n": 1.4105154118186831,
    "WLHImagSurface_r2_n": 0.0033228432214553226,
    "WLHImagSurface_a0_n": 0.8454960923651241,
    "WLHRealSpinOrbit_V0_p": 9.666148653050756,
    "WLHRealSpinOrbit_V1_p": 0.007891524590656089,
    "WLHRealSpinOrbit_r0_p": 1.2163049936573997,
    "WLHRealSpinOrbit_r1_p": 0.7634236608800694,
    "WLHRealSpinOrbit_a0_p": 0.7492456494290384,
    "WLHRealSpinOrbit_a1_p": 0.00037659184163411067,
    "WLHRealSpinOrbit_V0_n": 9.604049405093267,
    "WLHRealSpinOrbit_V1_n": 0.008370908495865397,
    "WLHRealSpinOrbit_r0_n": 1.26871493088906,
    "WLHRealSpinOrbit_r1_n": 0.8480167251286463,
    "WLHRealSpinOrbit_a0_n": 0.7938538133813089,
    "WLHRealSpinOrbit_a1_n": 0.00036608827547127246
}