{
    "ECS_p": 0.229925,
    "ECS_n": 0.291148,
    "APower_p": 0.661475,
    "APower_n": 0.423062
}