{
    "CH89RealCentral": {
        "V_0": 56.5103,
        "V_t": 12.7582,
        "V_e": -0.295137,
        "r_o": 1.19956,
        "r_o_0": -0.224878,
        "a_0": 0.737316
    },
    "CH89Coulomb": {
        "r_c": 1.2301,
        "r_c_0": 0.232593
    },
    "CH89SpinOrbit": {
        "V_so": 5.36194,
        "r_so": 1.37205,
        "r_so_0": -1.27704,
        "a_so": 0.633675
    },
    "CH89ImagCentral": {
        "W_v0": 14.7567,
        "W_ve0": 38.7544,
        "W_vew": 23.3665,
        "W_s0": 9.38723,
        "W_st": 23.1531,
        "W_se0": 22.3195,
        "W_sew": 29.9285,
        "r_w": 1.28709,
        "r_w0": -0.327715,
        "a_w": 0.696021
    }
}