{
    "ECS_p": 0.418754,
    "ECS_n": 0.58471,
    "APower_p": 0.692716,
    "APower_n": 0.381049
}