{
    "CH89RealCentral": {
        "V_0": 55.7265,
        "V_t": 13.3271,
        "V_e": -0.355665,
        "r_o": 1.20024,
        "r_o_0": -0.206241,
        "a_0": 0.761757
    },
    "CH89Coulomb": {
        "r_c": 1.52471,
        "r_c_0": -0.00796226
    },
    "CH89SpinOrbit": {
        "V_so": 5.3106,
        "r_so": 1.26618,
        "r_so_0": -1.10147,
        "a_so": 0.562671
    },
    "CH89ImagCentral": {
        "W_v0": 13.5246,
        "W_ve0": 20.731,
        "W_vew": 20.0711,
        "W_s0": 8.37657,
        "W_st": 36.8448,
        "W_se0": 23.4686,
        "W_sew": 12.4615,
        "r_w": 1.37598,
        "r_w0": -0.647636,
        "a_w": 0.63409
    }
}