{
    "CH89RealCentral": {
        "V_0": 57.6739,
        "V_t": 19.5171,
        "V_e": -0.362112,
        "r_o": 1.18349,
        "r_o_0": -0.204247,
        "a_0": 0.738688
    },
    "CH89Coulomb": {
        "r_c": 1.28314,
        "r_c_0": 0.2867
    },
    "CH89SpinOrbit": {
        "V_so": 6.1479,
        "r_so": 1.17062,
        "r_so_0": -0.54159,
        "a_so": 0.64033
    },
    "CH89ImagCentral": {
        "W_v0": 17.0774,
        "W_ve0": 55.1547,
        "W_vew": 34.4441,
        "W_s0": 12.2548,
        "W_st": 25.3679,
        "W_se0": -5.05082,
        "W_sew": 73.3784,
        "r_w": 1.37462,
        "r_w0": -0.892006,
        "a_w": 0.76495
    }
}