{
    "WLHReal_V0_p": 51.036668331838456,
    "WLHReal_V1_p": 0.28189695694226946,
    "WLHReal_V2_p": -4.789050513656885e-05,
    "WLHReal_V3_p": 2.373019841043418e-06,
    "WLHReal_V4_p": 13.441877902818888,
    "WLHReal_V5_p": 0.12353515032211466,
    "WLHReal_V6_p": 0.0002701917337372346,
    "WLHReal_r0_p": 1.3109583394446453,
    "WLHReal_r1_p": 0.2891932196656832,
    "WLHReal_r2_p": 0.0006042934994965803,
    "WLHReal_r3_p": 4.98745716452919e-06,
    "WLHReal_a0_p": 0.7649505063652519,
    "WLHReal_a1_p": -1.2985133190322864e-05,
    "WLHReal_a2_p": 5.172293415349154e-06,
    "WLHReal_a3_p": 0.01958313744029507,
    "WLHReal_a4_p": 0.47139840045794856,
    "WLHReal_V0_n": 52.35959526125955,
    "WLHReal_V1_n": 0.2896046760566757,
    "WLHReal_V2_n": -0.0007207472835691351,
    "WLHReal_V3_n": 4.6643996273156055e-06,
    "WLHReal_V4_n": 20.50894279356348,
    "WLHReal_V5_n": 0.3189091408737552,
    "WLHReal_V6_n": 0.001522503795866812,
    "WLHReal_r0_n": 1.322474103097532,
    "WLHReal_r1_n": 0.30501817502172507,
    "WLHReal_r2_n": 0.0012192381354595937,
    "WLHReal_r3_n": 1.4149546666197786e-05,
    "WLHReal_a0_n": 0.7659357838369634,
    "WLHReal_a1_n": 0.0012155704961535323,
    "WLHReal_a2_n": 1.730193224150767e-05,
    "WLHReal_a3_n": 0.328940022957922,
    "WLHReal_a4_n": 1.0444916663373038,
    "WLHImagVolume_W0_p": 3.478197020937189,
    "WLHImagVolume_W1_p": 0.15055269629516851,
    "WLHImagVolume_W2_p": 0.00019315741130233204,
    "WLHImagVolume_W3_p": 8.824293938255044,
    "WLHImagVolume_W4_p": 0.056466772206467376,
    "WLHImagVolume_r0_p": 0.626871564717152,
    "WLHImagVolume_r1_p": 51.30314545403798,
    "WLHImagVolume_r2_p": 0.648800333684469,
    "WLHImagVolume_r3_p": 61.29274433947955,
    "WLHImagVolume_r4_p": 0.5533456305908466,
    "WLHImagVolume_r5_p": 8.518783325131021e-07,
    "WLHImagVolume_a0_p": 0.5264416465399262,
    "WLHImagVolume_a1_p": 0.3000491216506414,
    "WLHImagVolume_a2_p": 16.989229497543096,
    "WLHImagVolume_a3_p": 0.36869800429711125,
    "WLHImagVolume_a4_p": 0.0017313274019259506,
    "WLHImagVolume_W0_n": 3.8014067567857674,
    "WLHImagVolume_W1_n": 0.2921734778541228,
    "WLHImagVolume_W2_n": 0.0006604494634645012,
    "WLHImagVolume_W3_n": 10.270215451232263,
    "WLHImagVolume_W4_n": 0.02659928909684802,
    "WLHImagVolume_r0_n": 0.5977970387700904,
    "WLHImagVolume_r1_n": 80.05142991783424,
    "WLHImagVolume_r2_n": 0.7200116729909686,
    "WLHImagVolume_r3_n": 95.88012381175436,
    "WLHImagVolume_r4_n": 0.9493268425402618,
    "WLHImagVolume_r5_n": 4.463693673652625e-06,
    "WLHImagVolume_a0_n": 0.28408410987278176,
    "WLHImagVolume_a1_n": 0.5456684567660924,
    "WLHImagVolume_a2_n": 3.972380486237581,
    "WLHImagVolume_a3_n": 0.025625267123575834,
    "WLHImagVolume_a4_n": 0.0003509031979977542,
    "WLHImagSurface_W0_p": 1.1506030048093725,
    "WLHImagSurface_W1_p": 0.0562688533122416,
    "WLHImagSurface_W2_p": 1.5192541040978156,
    "WLHImagSurface_W3_p": 0.19414049536100086,
    "WLHImagSurface_r0_p": 1.0242009953619253,
    "WLHImagSurface_r1_p": 0.378309187379809,
    "WLHImagSurface_r2_p": 0.004877358816786857,
    "WLHImagSurface_a0_p": 0.8327837150425919,
    "WLHImagSurface_W0_n": 1.8269469909539735,
    "WLHImagSurface_W1_n": 0.0564183840114562,
    "WLHImagSurface_W2_n": 2.576206309746608,
    "WLHImagSurface_W3_n": 0.18837591089120642,
    "WLHImagSurface_r0_n": 1.2897391270326048,
    "WLHImagSurface_r1_n": 1.6223185326699858,
    "WLHImagSurface_r2_n": 0.002425009858904187,
    "WLHImagSurface_a0_n": 0.8675198869388682,
    "WLHRealSpinOrbit_V0_p": 9.282679437940946,
    "WLHRealSpinOrbit_V1_p": 0.008150165619514966,
    "WLHRealSpinOrbit_r0_p": 1.2855952269943858,
    "WLHRealSpinOrbit_r1_p": 0.8608491976031198,
    "WLHRealSpinOrbit_a0_p": 0.8001784097673953,
    "WLHRealSpinOrbit_a1_p": 0.00038729392964053397,
    "WLHRealSpinOrbit_V0_n": 9.53939162944402,
    "WLHRealSpinOrbit_V1_n": 0.008873648023707367,
    "WLHRealSpinOrbit_r0_n": 1.3122534376685377,
    "WLHRealSpinOrbit_r1_n": 0.9387765203083656,
    "WLHRealSpinOrbit_a0_n": 0.8378153808063462,
    "WLHRealSpinOrbit_a1_n": 0.00032550441016845856
}