{
    "ECS_p": 0.289523,
    "ECS_n": 0.281138,
    "APower_p": 0.749599,
    "APower_n": 0.369371
}