{
    "CH89RealCentral": {
        "V_0": 55.237,
        "V_t": 10.1755,
        "V_e": -0.36726,
        "r_o": 1.22132,
        "r_o_0": -0.180961,
        "a_0": 0.685757
    },
    "CH89Coulomb": {
        "r_c": 1.28675,
        "r_c_0": -0.0255976
    },
    "CH89SpinOrbit": {
        "V_so": 5.07908,
        "r_so": 1.17714,
        "r_so_0": -0.707283,
        "a_so": 0.597191
    },
    "CH89ImagCentral": {
        "W_v0": 3.95146,
        "W_ve0": 5.17422,
        "W_vew": 9.68682,
        "W_s0": 10.9608,
        "W_st": 27.2981,
        "W_se0": 60.1195,
        "W_sew": 80.093,
        "r_w": 1.29774,
        "r_w0": -0.764477,
        "a_w": 0.680999
    }
}