{
    "ECS_p": 0.297544,
    "ECS_n": 0.450233,
    "APower_p": 0.67638,
    "APower_n": 0.39128
}