{
    "CH89RealCentral": {
        "V_0": 56.7082,
        "V_t": 2.06184,
        "V_e": -0.38187,
        "r_o": 1.20139,
        "r_o_0": -0.15905,
        "a_0": 0.713552
    },
    "CH89Coulomb": {
        "r_c": 1.12664,
        "r_c_0": 0.202918
    },
    "CH89SpinOrbit": {
        "V_so": 5.21034,
        "r_so": 1.14624,
        "r_so_0": -0.433608,
        "a_so": 0.531501
    },
    "CH89ImagCentral": {
        "W_v0": 11.7143,
        "W_ve0": 37.1004,
        "W_vew": 29.3935,
        "W_s0": 15.9745,
        "W_st": 46.2274,
        "W_se0": -16.7327,
        "W_sew": 46.5496,
        "r_w": 1.41743,
        "r_w0": -0.808162,
        "a_w": 0.692421
    }
}