{
    "WLHReal_V0_p": 49.70962939464574,
    "WLHReal_V1_p": 0.25257928213352726,
    "WLHReal_V2_p": -0.002015740445408878,
    "WLHReal_V3_p": 7.672476606342504e-06,
    "WLHReal_V4_p": 9.48476293937473,
    "WLHReal_V5_p": 0.14863411406423646,
    "WLHReal_V6_p": 0.001019725467998948,
    "WLHReal_r0_p": 1.4311215954066436,
    "WLHReal_r1_p": 0.2627496520625121,
    "WLHReal_r2_p": 0.0015454657141545736,
    "WLHReal_r3_p": 2.205803389284167e-05,
    "WLHReal_a0_p": 0.8589897584579276,
    "WLHReal_a1_p": 0.00012844137686044714,
    "WLHReal_a2_p": 1.8818795757490753e-05,
    "WLHReal_a3_p": -0.11084564305366644,
    "WLHReal_a4_p": 0.567834153906736,
    "WLHReal_V0_n": 49.261828946228896,
    "WLHReal_V1_n": 0.3054852128510082,
    "WLHReal_V2_n": -5.9795700905720907e-05,
    "WLHReal_V3_n": 2.8948814655467606e-06,
    "WLHReal_V4_n": 20.09740810510613,
    "WLHReal_V5_n": 0.26449851511639755,
    "WLHReal_V6_n": 0.0008595746990543704,
    "WLHReal_r0_n": 1.3231598563749776,
    "WLHReal_r1_n": 0.31226732920070915,
    "WLHReal_r2_n": 0.0008190263366041322,
    "WLHReal_r3_n": 6.749210558556077e-06,
    "WLHReal_a0_n": 0.7298147227270413,
    "WLHReal_a1_n": 0.0009794622331545796,
    "WLHReal_a2_n": 9.209067970596051e-06,
    "WLHReal_a3_n": 0.26618392094123094,
    "WLHReal_a4_n": 0.8337923328221074,
    "WLHImagVolume_W0_p": 8.43819095372026,
    "WLHImagVolume_W1_p": 0.2948505417131628,
    "WLHImagVolume_W2_p": 0.00019815675209899602,
    "WLHImagVolume_W3_p": 8.794028265327627,
    "WLHImagVolume_W4_p": 0.13003039168032893,
    "WLHImagVolume_r0_p": 1.1415228062755023,
    "WLHImagVolume_r1_p": -7.43434624598585,
    "WLHImagVolume_r2_p": 0.2599450207746593,
    "WLHImagVolume_r3_p": 21.508496826420078,
    "WLHImagVolume_r4_p": 0.9537945703290439,
    "WLHImagVolume_r5_p": 2.5010197360701672e-06,
    "WLHImagVolume_a0_p": 0.7747027030826027,
    "WLHImagVolume_a1_p": 0.13714712520707256,
    "WLHImagVolume_a2_p": 4.785007489081067,
    "WLHImagVolume_a3_p": 0.622227810947072,
    "WLHImagVolume_a4_p": 0.005787396102715609,
    "WLHImagVolume_W0_n": 1.740177310810719,
    "WLHImagVolume_W1_n": 0.1788769952783102,
    "WLHImagVolume_W2_n": 0.0006528147529366328,
    "WLHImagVolume_W3_n": 5.773030750387984,
    "WLHImagVolume_W4_n": 0.005733801491811914,
    "WLHImagVolume_r0_n": 0.35666382156336485,
    "WLHImagVolume_r1_n": 132.43572881820762,
    "WLHImagVolume_r2_n": 0.9577750211062287,
    "WLHImagVolume_r3_n": 111.31935553898118,
    "WLHImagVolume_r4_n": 0.5527974842565162,
    "WLHImagVolume_r5_n": 1.4463606815917112e-06,
    "WLHImagVolume_a0_n": 0.16608938253151698,
    "WLHImagVolume_a1_n": 0.6472718007908718,
    "WLHImagVolume_a2_n": 8.759161220028389,
    "WLHImagVolume_a3_n": 0.07480545789902893,
    "WLHImagVolume_a4_n": 5.5551696616851155e-05,
    "WLHImagSurface_W0_p": -0.46015515514109784,
    "WLHImagSurface_W1_p": -0.06817817293590944,
    "WLHImagSurface_W2_p": -2.104536255794047,
    "WLHImagSurface_W3_p": -0.24227420062726732,
    "WLHImagSurface_r0_p": 0.3326636020740166,
    "WLHImagSurface_r1_p": -0.7616535952534593,
    "WLHImagSurface_r2_p": -0.008258718657477933,
    "WLHImagSurface_a0_p": 0.4750655375858978,
    "WLHImagSurface_W0_n": 1.897277716398981,
    "WLHImagSurface_W1_n": 0.051973107863505355,
    "WLHImagSurface_W2_n": 3.411316347698757,
    "WLHImagSurface_W3_n": 0.1931554691576284,
    "WLHImagSurface_r0_n": 1.3800756837729282,
    "WLHImagSurface_r1_n": 1.5749734189966822,
    "WLHImagSurface_r2_n": 0.003395860381364481,
    "WLHImagSurface_a0_n": 0.855996945217151,
    "WLHRealSpinOrbit_V0_p": 9.3948303963685,
    "WLHRealSpinOrbit_V1_p": 0.009984395312643179,
    "WLHRealSpinOrbit_r0_p": 1.4333191317895835,
    "WLHRealSpinOrbit_r1_p": 1.1345917671362198,
    "WLHRealSpinOrbit_a0_p": 0.941279443685877,
    "WLHRealSpinOrbit_a1_p": 0.00030292691766384023,
    "WLHRealSpinOrbit_V0_n": 8.623725010949292,
    "WLHRealSpinOrbit_V1_n": 0.007619809763617294,
    "WLHRealSpinOrbit_r0_n": 1.2974202363302492,
    "WLHRealSpinOrbit_r1_n": 0.8785504372398847,
    "WLHRealSpinOrbit_a0_n": 0.8026976717557274,
    "WLHRealSpinOrbit_a1_n": 0.00038792307097601015
}