{
    "WLHReal_V0_p": 55.522642708626776,
    "WLHReal_V1_p": 0.2979415684168521,
    "WLHReal_V2_p": 0.0003073495049666209,
    "WLHReal_V3_p": 6.294870719441011e-07,
    "WLHReal_V4_p": 14.427432002218605,
    "WLHReal_V5_p": 0.14062883020880365,
    "WLHReal_V6_p": 0.00021438114342864543,
    "WLHReal_r0_p": 1.2692347814517104,
    "WLHReal_r1_p": 0.3248510309132251,
    "WLHReal_r2_p": 0.0005671316858137004,
    "WLHReal_r3_p": 2.875662103985005e-06,
    "WLHReal_a0_p": 0.7607632294711005,
    "WLHReal_a1_p": 0.00020988352764788292,
    "WLHReal_a2_p": 1.5649616673515248e-06,
    "WLHReal_a3_p": 0.07916073318042718,
    "WLHReal_a4_p": 0.5349226071569202,
    "WLHReal_V0_n": 57.19591434328173,
    "WLHReal_V1_n": 0.332857230547737,
    "WLHReal_V2_n": 0.0003625365924214138,
    "WLHReal_V3_n": 9.423910156558773e-07,
    "WLHReal_V4_n": 20.74182603596367,
    "WLHReal_V5_n": 0.2587969912996055,
    "WLHReal_V6_n": 0.0005608996819599857,
    "WLHReal_r0_n": 1.2599770590869588,
    "WLHReal_r1_n": 0.3663450827174298,
    "WLHReal_r2_n": 0.0005067559196227295,
    "WLHReal_r3_n": 8.913959380651359e-07,
    "WLHReal_a0_n": 0.7166360376285638,
    "WLHReal_a1_n": 0.0002448441474133949,
    "WLHReal_a2_n": -4.4578558959243534e-08,
    "WLHReal_a3_n": 0.16296459384207332,
    "WLHReal_a4_n": 0.6369466383764615,
    "WLHImagVolume_W0_p": 3.5775799506358616,
    "WLHImagVolume_W1_p": 0.22548046342213587,
    "WLHImagVolume_W2_p": 0.0002916100935038284,
    "WLHImagVolume_W3_p": 12.11261358624003,
    "WLHImagVolume_W4_p": 0.07170264281015229,
    "WLHImagVolume_r0_p": 0.607060280022029,
    "WLHImagVolume_r1_p": 43.766915522604826,
    "WLHImagVolume_r2_p": 0.608716869834724,
    "WLHImagVolume_r3_p": 52.7873530491974,
    "WLHImagVolume_r4_p": 0.6548330339809872,
    "WLHImagVolume_r5_p": 1.7192993847513837e-06,
    "WLHImagVolume_a0_p": 0.534992903067598,
    "WLHImagVolume_a1_p": 0.2684839035356505,
    "WLHImagVolume_a2_p": 13.418274711503189,
    "WLHImagVolume_a3_p": 0.40428204567553067,
    "WLHImagVolume_a4_p": 0.0021171626779622793,
    "WLHImagVolume_W0_n": 2.824044684750837,
    "WLHImagVolume_W1_n": 0.31096560721794275,
    "WLHImagVolume_W2_n": 0.000681238600568504,
    "WLHImagVolume_W3_n": 9.142931798789729,
    "WLHImagVolume_W4_n": 0.0817098051125873,
    "WLHImagVolume_r0_n": 0.4945245084549216,
    "WLHImagVolume_r1_n": 77.11463596231312,
    "WLHImagVolume_r2_n": 0.7582541818208596,
    "WLHImagVolume_r3_n": 78.79576995480488,
    "WLHImagVolume_r4_n": 0.863615026927128,
    "WLHImagVolume_r5_n": 1.7135328847264432e-06,
    "WLHImagVolume_a0_n": 0.20027897803064332,
    "WLHImagVolume_a1_n": 0.6206046452710018,
    "WLHImagVolume_a2_n": 6.977532892249793,
    "WLHImagVolume_a3_n": 0.02647639140131199,
    "WLHImagVolume_a4_n": 0.0005946387730182435,
    "WLHImagSurface_W0_p": 1.1098170599688133,
    "WLHImagSurface_W1_p": 0.051322015873853835,
    "WLHImagSurface_W2_p": 1.5553276003491026,
    "WLHImagSurface_W3_p": 0.18512419288273474,
    "WLHImagSurface_r0_p": 1.0199385663517018,
    "WLHImagSurface_r1_p": 0.7338039692278968,
    "WLHImagSurface_r2_p": 0.00692914501611077,
    "WLHImagSurface_a0_p": 0.7248752216058674,
    "WLHImagSurface_W0_n": 2.2821316971693997,
    "WLHImagSurface_W1_n": 0.047226651224648794,
    "WLHImagSurface_W2_n": 3.551602658712535,
    "WLHImagSurface_W3_n": 0.15260784242306874,
    "WLHImagSurface_r0_n": 1.2817691188520008,
    "WLHImagSurface_r1_n": 1.494204470745336,
    "WLHImagSurface_r2_n": 0.0045325316071344775,
    "WLHImagSurface_a0_n": 0.8157710965690784,
    "WLHRealSpinOrbit_V0_p": 9.949835689909403,
    "WLHRealSpinOrbit_V1_p": 0.008367309963716447,
    "WLHRealSpinOrbit_r0_p": 1.2328522562182789,
    "WLHRealSpinOrbit_r1_p": 0.7953668240732084,
    "WLHRealSpinOrbit_a0_p": 0.7680760858602629,
    "WLHRealSpinOrbit_a1_p": 0.00036237518593040043,
    "WLHRealSpinOrbit_V0_n": 9.77936299979328,
    "WLHRealSpinOrbit_V1_n": 0.00822111593627476,
    "WLHRealSpinOrbit_r0_n": 1.2260990714509217,
    "WLHRealSpinOrbit_r1_n": 0.800758144172737,
    "WLHRealSpinOrbit_a0_n": 0.7654304597048454,
    "WLHRealSpinOrbit_a1_n": 0.0003350683389125266
}