{
    "WLHReal_V0_p": 54.80578322477414,
    "WLHReal_V1_p": 0.2949290709483364,
    "WLHReal_V2_p": -0.000337341289924146,
    "WLHReal_V3_p": 2.2119589453835626e-06,
    "WLHReal_V4_p": 12.939384151658206,
    "WLHReal_V5_p": 0.13216983612523864,
    "WLHReal_V6_p": 0.00042374855662811984,
    "WLHReal_r0_p": 1.290825875745359,
    "WLHReal_r1_p": 0.2426170514085809,
    "WLHReal_r2_p": 0.001046193488169935,
    "WLHReal_r3_p": 1.0321001203596779e-05,
    "WLHReal_a0_p": 0.7896342686650039,
    "WLHReal_a1_p": 0.00018157738105329893,
    "WLHReal_a2_p": 7.755839341759152e-06,
    "WLHReal_a3_p": 0.03725395522356087,
    "WLHReal_a4_p": 0.6083714017273826,
    "WLHReal_V0_n": 54.635219967943144,
    "WLHReal_V1_n": 0.29509501423308604,
    "WLHReal_V2_n": -0.00016377143558007223,
    "WLHReal_V3_n": 1.7506620030334285e-06,
    "WLHReal_V4_n": 21.334371903933874,
    "WLHReal_V5_n": 0.28124762983013174,
    "WLHReal_V6_n": 0.0010332689875325726,
    "WLHReal_r0_n": 1.2714569052094942,
    "WLHReal_r1_n": 0.2886711193052229,
    "WLHReal_r2_n": 0.0008855255733734996,
    "WLHReal_r3_n": 8.52847781666622e-06,
    "WLHReal_a0_n": 0.7392013427516946,
    "WLHReal_a1_n": 0.0007262038847467144,
    "WLHReal_a2_n": 9.16431742809071e-06,
    "WLHReal_a3_n": 0.2825258529625805,
    "WLHReal_a4_n": 0.8906791327910358,
    "WLHImagVolume_W0_p": 5.139872192170365,
    "WLHImagVolume_W1_p": 0.26173037756038664,
    "WLHImagVolume_W2_p": 0.00026863642028068075,
    "WLHImagVolume_W3_p": 12.465925920497048,
    "WLHImagVolume_W4_p": 0.08973125083746963,
    "WLHImagVolume_r0_p": 0.8219118329929993,
    "WLHImagVolume_r1_p": 25.46455493403984,
    "WLHImagVolume_r2_p": 0.4322025162078634,
    "WLHImagVolume_r3_p": 44.73373334641355,
    "WLHImagVolume_r4_p": 0.8377716368093856,
    "WLHImagVolume_r5_p": 2.4924475871694023e-06,
    "WLHImagVolume_a0_p": 0.6092834444337385,
    "WLHImagVolume_a1_p": 0.21672078796583244,
    "WLHImagVolume_a2_p": 9.84205545100133,
    "WLHImagVolume_a3_p": 0.47748638659078674,
    "WLHImagVolume_a4_p": 0.0033022027385140153,
    "WLHImagVolume_W0_n": 3.2595296364154533,
    "WLHImagVolume_W1_n": 0.2728994912389314,
    "WLHImagVolume_W2_n": 0.0004632488179188956,
    "WLHImagVolume_W3_n": 9.767010949288291,
    "WLHImagVolume_W4_n": 0.04054089485910125,
    "WLHImagVolume_r0_n": 0.6157749445443139,
    "WLHImagVolume_r1_n": 64.81717397361636,
    "WLHImagVolume_r2_n": 0.6508909126127929,
    "WLHImagVolume_r3_n": 77.95635170919329,
    "WLHImagVolume_r4_n": 0.9955801321039943,
    "WLHImagVolume_r5_n": 3.578726953680149e-06,
    "WLHImagVolume_a0_n": 0.24514467718909866,
    "WLHImagVolume_a1_n": 0.5714421990042639,
    "WLHImagVolume_a2_n": 6.137018395497323,
    "WLHImagVolume_a3_n": 0.03092324924309694,
    "WLHImagVolume_a4_n": 0.0005545756799040409,
    "WLHImagSurface_W0_p": 0.46149342641581276,
    "WLHImagSurface_W1_p": -0.006592250774761381,
    "WLHImagSurface_W2_p": -0.35835948380767535,
    "WLHImagSurface_W3_p": -0.033724261766129277,
    "WLHImagSurface_r0_p": 0.7986652102183078,
    "WLHImagSurface_r1_p": 0.27840896492554484,
    "WLHImagSurface_r2_p": 0.002281594700074498,
    "WLHImagSurface_a0_p": 0.6594748897775778,
    "WLHImagSurface_W0_n": 1.727880199223776,
    "WLHImagSurface_W1_n": 0.03759547920814709,
    "WLHImagSurface_W2_n": 2.150001121006971,
    "WLHImagSurface_W3_n": 0.1233742600894622,
    "WLHImagSurface_r0_n": 1.2598142222313051,
    "WLHImagSurface_r1_n": 1.4462503988457625,
    "WLHImagSurface_r2_n": 0.0033615227813835963,
    "WLHImagSurface_a0_n": 0.8403946183043507,
    "WLHRealSpinOrbit_V0_p": 10.110775083985121,
    "WLHRealSpinOrbit_V1_p": 0.009104738021933494,
    "WLHRealSpinOrbit_r0_p": 1.2758609653500608,
    "WLHRealSpinOrbit_r1_p": 0.8884673116511572,
    "WLHRealSpinOrbit_a0_p": 0.8155049410877472,
    "WLHRealSpinOrbit_a1_p": 0.0003190649369935355,
    "WLHRealSpinOrbit_V0_n": 10.009301765192912,
    "WLHRealSpinOrbit_V1_n": 0.008791098255165778,
    "WLHRealSpinOrbit_r0_n": 1.2572782192291012,
    "WLHRealSpinOrbit_r1_n": 0.8545992470551683,
    "WLHRealSpinOrbit_a0_n": 0.7968637613148087,
    "WLHRealSpinOrbit_a1_n": 0.00032812431705940326
}