{
    "WLHReal_V0_p": 56.95910491257483,
    "WLHReal_V1_p": 0.33144077709913516,
    "WLHReal_V2_p": 8.479288611936743e-06,
    "WLHReal_V3_p": 1.9358078167755e-06,
    "WLHReal_V4_p": 12.403468673640413,
    "WLHReal_V5_p": 0.1422884947154508,
    "WLHReal_V6_p": 0.0003249003832219084,
    "WLHReal_r0_p": 1.2882352196529236,
    "WLHReal_r1_p": 0.31025072264852205,
    "WLHReal_r2_p": 0.0009539786585481812,
    "WLHReal_r3_p": 7.408512791967307e-06,
    "WLHReal_a0_p": 0.7893937982057494,
    "WLHReal_a1_p": 0.0002559189815105086,
    "WLHReal_a2_p": 4.804021703201862e-06,
    "WLHReal_a3_p": 0.09267511324946148,
    "WLHReal_a4_p": 0.659432866586751,
    "WLHReal_V0_n": 51.32786908289739,
    "WLHReal_V1_n": 0.27242235963491623,
    "WLHReal_V2_n": -0.0008178483594496581,
    "WLHReal_V3_n": 4.535031780146319e-06,
    "WLHReal_V4_n": 20.766587075773547,
    "WLHReal_V5_n": 0.3210882894239978,
    "WLHReal_V6_n": 0.0015797600802373876,
    "WLHReal_r0_n": 1.3300555180169487,
    "WLHReal_r1_n": 0.3022622253472457,
    "WLHReal_r2_n": 0.001251791170373305,
    "WLHReal_r3_n": 1.5355704887173917e-05,
    "WLHReal_a0_n": 0.7681978969855934,
    "WLHReal_a1_n": 0.001273293966140043,
    "WLHReal_a2_n": 1.8248427894464157e-05,
    "WLHReal_a3_n": 0.34429064029384915,
    "WLHReal_a4_n": 1.0619425529669395,
    "WLHImagVolume_W0_p": 4.963702905183367,
    "WLHImagVolume_W1_p": 0.3090232116175795,
    "WLHImagVolume_W2_p": 0.0005698099931663506,
    "WLHImagVolume_W3_p": 14.806645065504286,
    "WLHImagVolume_W4_p": 0.09494987257377663,
    "WLHImagVolume_r0_p": 0.5951549372039846,
    "WLHImagVolume_r1_p": 51.56465563178227,
    "WLHImagVolume_r2_p": 0.6471676857886504,
    "WLHImagVolume_r3_p": 63.288953142389374,
    "WLHImagVolume_r4_p": 0.6677719719053958,
    "WLHImagVolume_r5_p": 1.6186814457561482e-06,
    "WLHImagVolume_a0_p": 0.573319979205861,
    "WLHImagVolume_a1_p": 0.26362055403308077,
    "WLHImagVolume_a2_p": 13.452989765319723,
    "WLHImagVolume_a3_p": 0.4452531361095646,
    "WLHImagVolume_a4_p": 0.00275672701093999,
    "WLHImagVolume_W0_n": 3.6492329022691736,
    "WLHImagVolume_W1_n": 0.2709413894740744,
    "WLHImagVolume_W2_n": 0.0005657725360814861,
    "WLHImagVolume_W3_n": 9.917114766181406,
    "WLHImagVolume_W4_n": 0.01154972880006951,
    "WLHImagVolume_r0_n": 0.6169309844968115,
    "WLHImagVolume_r1_n": 78.06221644737899,
    "WLHImagVolume_r2_n": 0.7063374920064428,
    "WLHImagVolume_r3_n": 94.81878978806205,
    "WLHImagVolume_r4_n": 0.9796064670591592,
    "WLHImagVolume_r5_n": 5.1985480767240385e-06,
    "WLHImagVolume_a0_n": 0.2909340365163038,
    "WLHImagVolume_a1_n": 0.542049543027074,
    "WLHImagVolume_a2_n": 4.461650107533871,
    "WLHImagVolume_a3_n": 0.04089555394867871,
    "WLHImagVolume_a4_n": 0.00047532510765519527,
    "WLHImagSurface_W0_p": 0.8111127336840755,
    "WLHImagSurface_W1_p": 0.027971074578571915,
    "WLHImagSurface_W2_p": 0.41528642528196535,
    "WLHImagSurface_W3_p": 0.0990024293995981,
    "WLHImagSurface_r0_p": 0.9584058784138796,
    "WLHImagSurface_r1_p": 0.6587761230796325,
    "WLHImagSurface_r2_p": 0.004176661251289254,
    "WLHImagSurface_a0_p": 0.7467005741039636,
    "WLHImagSurface_W0_n": 1.5879051942920475,
    "WLHImagSurface_W1_n": 0.05005499210241838,
    "WLHImagSurface_W2_n": 2.1912446184851033,
    "WLHImagSurface_W3_n": 0.17486787557503747,
    "WLHImagSurface_r0_n": 1.287126441659954,
    "WLHImagSurface_r1_n": 1.5843040232347092,
    "WLHImagSurface_r2_n": 0.0021395092537401664,
    "WLHImagSurface_a0_n": 0.873833133583404,
    "WLHRealSpinOrbit_V0_p": 9.911110603300742,
    "WLHRealSpinOrbit_V1_p": 0.008675501611063981,
    "WLHRealSpinOrbit_r0_p": 1.2516430293307221,
    "WLHRealSpinOrbit_r1_p": 0.8526652145790592,
    "WLHRealSpinOrbit_a0_p": 0.7929289197215095,
    "WLHRealSpinOrbit_a1_p": 0.00031546589324831637,
    "WLHRealSpinOrbit_V0_n": 9.539656606371954,
    "WLHRealSpinOrbit_V1_n": 0.008923765420575377,
    "WLHRealSpinOrbit_r0_n": 1.321091469307503,
    "WLHRealSpinOrbit_r1_n": 0.945673663915074,
    "WLHRealSpinOrbit_a0_n": 0.8430948715005756,
    "WLHRealSpinOrbit_a1_n": 0.0003367559816271824
}