{
    "WLHReal_V0_p": 50.788790610114305,
    "WLHReal_V1_p": 0.29355335790592296,
    "WLHReal_V2_p": -0.0005550457896132259,
    "WLHReal_V3_p": 4.1772171130182605e-06,
    "WLHReal_V4_p": 11.620777846245954,
    "WLHReal_V5_p": 0.12054701505580737,
    "WLHReal_V6_p": 0.000438000138975034,
    "WLHReal_r0_p": 1.339689687034658,
    "WLHReal_r1_p": 0.24969296900261295,
    "WLHReal_r2_p": 0.0010003309099573118,
    "WLHReal_r3_p": 1.0860755884240809e-05,
    "WLHReal_a0_p": 0.7937536683673538,
    "WLHReal_a1_p": -2.3898923864513382e-05,
    "WLHReal_a2_p": 9.634071751718875e-06,
    "WLHReal_a3_p": -0.0026069303743722974,
    "WLHReal_a4_p": 0.5515495837444706,
    "WLHReal_V0_n": 54.923768393980026,
    "WLHReal_V1_n": 0.32579818550496786,
    "WLHReal_V2_n": 0.0002736546087327709,
    "WLHReal_V3_n": 2.0686309305313516e-06,
    "WLHReal_V4_n": 20.58161006339927,
    "WLHReal_V5_n": 0.25784848244841985,
    "WLHReal_V6_n": 0.0006189353075783008,
    "WLHReal_r0_n": 1.2755987114129026,
    "WLHReal_r1_n": 0.34746097052368446,
    "WLHReal_r2_n": 0.0005814861961484071,
    "WLHReal_r3_n": 2.662209467183298e-06,
    "WLHReal_a0_n": 0.7188540095031472,
    "WLHReal_a1_n": 0.00044107515656364576,
    "WLHReal_a2_n": 2.4302555521010044e-06,
    "WLHReal_a3_n": 0.19202007469062776,
    "WLHReal_a4_n": 0.6888915763846051,
    "WLHImagVolume_W0_p": 4.901157304938567,
    "WLHImagVolume_W1_p": 0.19978506588371542,
    "WLHImagVolume_W2_p": 0.00030934804638947254,
    "WLHImagVolume_W3_p": 9.7772049044961,
    "WLHImagVolume_W4_p": 0.0752658249753983,
    "WLHImagVolume_r0_p": 0.7184932642842026,
    "WLHImagVolume_r1_p": 47.408911834986526,
    "WLHImagVolume_r2_p": 0.5978358356750286,
    "WLHImagVolume_r3_p": 63.087011339086686,
    "WLHImagVolume_r4_p": 0.6232392872347898,
    "WLHImagVolume_r5_p": 1.0079101480405853e-06,
    "WLHImagVolume_a0_p": 0.5805866170275602,
    "WLHImagVolume_a1_p": 0.2774316601143444,
    "WLHImagVolume_a2_p": 15.76393658304514,
    "WLHImagVolume_a3_p": 0.42010210847783525,
    "WLHImagVolume_a4_p": 0.0025771773583163986,
    "WLHImagVolume_W0_n": 2.459904853583741,
    "WLHImagVolume_W1_n": 0.26932922001922543,
    "WLHImagVolume_W2_n": 0.0006642349937207926,
    "WLHImagVolume_W3_n": 8.079373528550937,
    "WLHImagVolume_W4_n": 0.05967157435354069,
    "WLHImagVolume_r0_n": 0.4517794587044526,
    "WLHImagVolume_r1_n": 93.53391283092574,
    "WLHImagVolume_r2_n": 0.8163526861921024,
    "WLHImagVolume_r3_n": 87.84271258617817,
    "WLHImagVolume_r4_n": 0.7673503564846323,
    "WLHImagVolume_r5_n": 2.285022332004643e-06,
    "WLHImagVolume_a0_n": 0.18642664854335608,
    "WLHImagVolume_a1_n": 0.6307574318833121,
    "WLHImagVolume_a2_n": 7.6469497518166305,
    "WLHImagVolume_a3_n": 0.04078418224534811,
    "WLHImagVolume_a4_n": 0.00042712123995625455,
    "WLHImagSurface_W0_p": 0.720644985179186,
    "WLHImagSurface_W1_p": 0.020744848642511533,
    "WLHImagSurface_W2_p": 0.16028445770292976,
    "WLHImagSurface_W3_p": 0.06133765810616062,
    "WLHImagSurface_r0_p": 0.8883579561344954,
    "WLHImagSurface_r1_p": 0.08565384643403112,
    "WLHImagSurface_r2_p": 0.0010617338893029443,
    "WLHImagSurface_a0_p": 0.8198949534652219,
    "WLHImagSurface_W0_n": 2.1693382024629146,
    "WLHImagSurface_W1_n": 0.04782069281264638,
    "WLHImagSurface_W2_n": 3.496413424741704,
    "WLHImagSurface_W3_n": 0.16155621211790844,
    "WLHImagSurface_r0_n": 1.310648822333314,
    "WLHImagSurface_r1_n": 1.509718335648035,
    "WLHImagSurface_r2_n": 0.004255801991021818,
    "WLHImagSurface_a0_n": 0.8261603477546864,
    "WLHRealSpinOrbit_V0_p": 9.221151129492833,
    "WLHRealSpinOrbit_V1_p": 0.008598303449577257,
    "WLHRealSpinOrbit_r0_p": 1.324000421319379,
    "WLHRealSpinOrbit_r1_p": 0.9425244545642523,
    "WLHRealSpinOrbit_a0_p": 0.8395480828295788,
    "WLHRealSpinOrbit_a1_p": 0.0003495153173816881,
    "WLHRealSpinOrbit_V0_n": 9.451142503409365,
    "WLHRealSpinOrbit_V1_n": 0.008026383253292649,
    "WLHRealSpinOrbit_r0_n": 1.244094931989829,
    "WLHRealSpinOrbit_r1_n": 0.8190587629540828,
    "WLHRealSpinOrbit_a0_n": 0.7740283356398563,
    "WLHRealSpinOrbit_a1_n": 0.0003511621684746594
}