{
    "WLHReal_V0_p": 48.43148699942407,
    "WLHReal_V1_p": 0.20690297798711682,
    "WLHReal_V2_p": -0.0009631247812529961,
    "WLHReal_V3_p": 3.5494595386766485e-06,
    "WLHReal_V4_p": 14.184430138844712,
    "WLHReal_V5_p": 0.12883677295462753,
    "WLHReal_V6_p": 0.0006141809535536336,
    "WLHReal_r0_p": 1.3399568311741976,
    "WLHReal_r1_p": 0.22935135093198317,
    "WLHReal_r2_p": 0.0008048236914013718,
    "WLHReal_r3_p": 1.187013336715978e-05,
    "WLHReal_a0_p": 0.7837288059186317,
    "WLHReal_a1_p": 9.851290171057956e-06,
    "WLHReal_a2_p": 1.0298012283062305e-05,
    "WLHReal_a3_p": -0.091371464056053,
    "WLHReal_a4_p": 0.37936586513555715,
    "WLHReal_V0_n": 57.341204386471894,
    "WLHReal_V1_n": 0.3234328827785967,
    "WLHReal_V2_n": 0.0009371587880388451,
    "WLHReal_V3_n": -6.935881817734163e-07,
    "WLHReal_V4_n": 21.785177655131932,
    "WLHReal_V5_n": 0.21079592617132387,
    "WLHReal_V6_n": 1.9274618925479558e-05,
    "WLHReal_r0_n": 1.2142340419644366,
    "WLHReal_r1_n": 0.3268788894517231,
    "WLHReal_r2_n": 0.00016450775063134705,
    "WLHReal_r3_n": -4.7837459578573144e-06,
    "WLHReal_a0_n": 0.6856655400022502,
    "WLHReal_a1_n": -0.0001630379380702701,
    "WLHReal_a2_n": -7.1325146773734455e-06,
    "WLHReal_a3_n": 0.13899188370221766,
    "WLHReal_a4_n": 0.497177096103613,
    "WLHImagVolume_W0_p": 4.8520501902677795,
    "WLHImagVolume_W1_p": 0.12289102358921242,
    "WLHImagVolume_W2_p": -0.000323645783609442,
    "WLHImagVolume_W3_p": 5.174928625983946,
    "WLHImagVolume_W4_p": 0.07088786473359264,
    "WLHImagVolume_r0_p": 1.110311737863959,
    "WLHImagVolume_r1_p": -12.753782732970272,
    "WLHImagVolume_r2_p": 0.19436308570702854,
    "WLHImagVolume_r3_p": 11.478900941337237,
    "WLHImagVolume_r4_p": 0.9430724510310943,
    "WLHImagVolume_r5_p": 2.0902797457893214e-06,
    "WLHImagVolume_a0_p": 0.6511026179257351,
    "WLHImagVolume_a1_p": 0.16797201071825474,
    "WLHImagVolume_a2_p": 6.255813110083039,
    "WLHImagVolume_a3_p": 0.4986611537748168,
    "WLHImagVolume_a4_p": 0.003794689817844545,
    "WLHImagVolume_W0_n": 1.6858377915094453,
    "WLHImagVolume_W1_n": 0.23432387488569942,
    "WLHImagVolume_W2_n": 0.00036033160944541924,
    "WLHImagVolume_W3_n": 7.259760749903451,
    "WLHImagVolume_W4_n": 0.06999569422196003,
    "WLHImagVolume_r0_n": 0.4859382042539859,
    "WLHImagVolume_r1_n": 72.45790023011314,
    "WLHImagVolume_r2_n": 0.7193843768845274,
    "WLHImagVolume_r3_n": 64.00338520834164,
    "WLHImagVolume_r4_n": 0.8461448331913961,
    "WLHImagVolume_r5_n": 1.1193735378345552e-06,
    "WLHImagVolume_a0_n": 0.14068728221279958,
    "WLHImagVolume_a1_n": 0.6618306243450971,
    "WLHImagVolume_a2_n": 10.685816025173606,
    "WLHImagVolume_a3_n": 0.05599331522975922,
    "WLHImagVolume_a4_n": 0.0007685424667724305,
    "WLHImagSurface_W0_p": 0.2654215365333171,
    "WLHImagSurface_W1_p": -0.02048432133090728,
    "WLHImagSurface_W2_p": -0.02453703821642106,
    "WLHImagSurface_W3_p": -0.08089748908327007,
    "WLHImagSurface_r0_p": 0.5825954808797698,
    "WLHImagSurface_r1_p": -0.37486422134933944,
    "WLHImagSurface_r2_p": -0.00026988988844370374,
    "WLHImagSurface_a0_p": 0.5194025551981201,
    "WLHImagSurface_W0_n": 1.9136164118597092,
    "WLHImagSurface_W1_n": 0.020145586059037386,
    "WLHImagSurface_W2_n": 2.7471075429566776,
    "WLHImagSurface_W3_n": 0.07069027916324536,
    "WLHImagSurface_r0_n": 1.2701185429101352,
    "WLHImagSurface_r1_n": 1.262612184906618,
    "WLHImagSurface_r2_n": 0.005308946446418057,
    "WLHImagSurface_a0_n": 0.7945292679053284,
    "WLHRealSpinOrbit_V0_p": 9.801002485722933,
    "WLHRealSpinOrbit_V1_p": 0.00927466509369175,
    "WLHRealSpinOrbit_r0_p": 1.3468476126333246,
    "WLHRealSpinOrbit_r1_p": 0.9566940125084783,
    "WLHRealSpinOrbit_a0_p": 0.8584108073693928,
    "WLHRealSpinOrbit_a1_p": 0.0003828823295098411,
    "WLHRealSpinOrbit_V0_n": 10.060189135686022,
    "WLHRealSpinOrbit_V1_n": 0.007949919850449032,
    "WLHRealSpinOrbit_r0_n": 1.1780378774793896,
    "WLHRealSpinOrbit_r1_n": 0.7142401062664144,
    "WLHRealSpinOrbit_a0_n": 0.7241121279535467,
    "WLHRealSpinOrbit_a1_n": 0.000359987955478629
}