{
    "WLHReal_V0_p": 48.251255917908985,
    "WLHReal_V1_p": 0.25983670436740813,
    "WLHReal_V2_p": -0.0010241570945214206,
    "WLHReal_V3_p": 4.983219966073403e-06,
    "WLHReal_V4_p": 11.506812155937036,
    "WLHReal_V5_p": 0.12029901867181973,
    "WLHReal_V6_p": 0.0005941516425956503,
    "WLHReal_r0_p": 1.3711494763880825,
    "WLHReal_r1_p": 0.23371746438073443,
    "WLHReal_r2_p": 0.0010511484188054537,
    "WLHReal_r3_p": 1.3548614420361402e-05,
    "WLHReal_a0_p": 0.8032540108032735,
    "WLHReal_a1_p": -8.038918466510861e-05,
    "WLHReal_a2_p": 1.2779300206427172e-05,
    "WLHReal_a3_p": -0.06478760447891946,
    "WLHReal_a4_p": 0.4865441970995629,
    "WLHReal_V0_n": 58.22987320000716,
    "WLHReal_V1_n": 0.3084162480254274,
    "WLHReal_V2_n": 0.0007149113414917062,
    "WLHReal_V3_n": -1.193626750106617e-06,
    "WLHReal_V4_n": 22.448832215769155,
    "WLHReal_V5_n": 0.2232544397216658,
    "WLHReal_V6_n": 0.0002599545858557788,
    "WLHReal_r0_n": 1.1955746768157032,
    "WLHReal_r1_n": 0.27295563959671426,
    "WLHReal_r2_n": 0.0003520954011977614,
    "WLHReal_r3_n": -9.76953087301901e-07,
    "WLHReal_a0_n": 0.6973582708006336,
    "WLHReal_a1_n": -4.127611140969823e-05,
    "WLHReal_a2_n": -3.3461468819420863e-06,
    "WLHReal_a3_n": 0.20100057198522892,
    "WLHReal_a4_n": 0.6372361389668203,
    "WLHImagVolume_W0_p": 5.402190606039463,
    "WLHImagVolume_W1_p": 0.1661703549872041,
    "WLHImagVolume_W2_p": 0.00010122727855478499,
    "WLHImagVolume_W3_p": 7.189553446482066,
    "WLHImagVolume_W4_p": 0.07671817687052931,
    "WLHImagVolume_r0_p": 0.8854877479837515,
    "WLHImagVolume_r1_p": 27.476574739888836,
    "WLHImagVolume_r2_p": 0.4655445683314575,
    "WLHImagVolume_r3_p": 47.594576142019264,
    "WLHImagVolume_r4_p": 0.7095509501704984,
    "WLHImagVolume_r5_p": 1.2025759970251897e-06,
    "WLHImagVolume_a0_p": 0.6244185927349905,
    "WLHImagVolume_a1_p": 0.24205236025331245,
    "WLHImagVolume_a2_p": 13.208681777623418,
    "WLHImagVolume_a3_p": 0.45625187414531765,
    "WLHImagVolume_a4_p": 0.003216134229647033,
    "WLHImagVolume_W0_n": 2.408346237473242,
    "WLHImagVolume_W1_n": 0.24855932156123187,
    "WLHImagVolume_W2_n": 0.00020576585317835322,
    "WLHImagVolume_W3_n": 8.931052043850636,
    "WLHImagVolume_W4_n": 0.06574733082615769,
    "WLHImagVolume_r0_n": 0.6246107718278459,
    "WLHImagVolume_r1_n": 44.86534847522522,
    "WLHImagVolume_r2_n": 0.5658553215222992,
    "WLHImagVolume_r3_n": 52.308621348673896,
    "WLHImagVolume_r4_n": 1.0411637800314228,
    "WLHImagVolume_r5_n": 2.5335003335204202e-06,
    "WLHImagVolume_a0_n": 0.18171016250257963,
    "WLHImagVolume_a1_n": 0.6156579926462808,
    "WLHImagVolume_a2_n": 9.40346627650378,
    "WLHImagVolume_a3_n": 0.03775691309669724,
    "WLHImagVolume_a4_n": 0.0008418029514615478,
    "WLHImagSurface_W0_p": 0.4459524290166552,
    "WLHImagSurface_W1_p": -0.0007119463508753615,
    "WLHImagSurface_W2_p": -0.23959123458331555,
    "WLHImagSurface_W3_p": -0.015157330218645432,
    "WLHImagSurface_r0_p": 0.7301057133525738,
    "WLHImagSurface_r1_p": -0.29879368735927697,
    "WLHImagSurface_r2_p": -0.0015326282223417876,
    "WLHImagSurface_a0_p": 0.7368298950301064,
    "WLHImagSurface_W0_n": 1.658704058383432,
    "WLHImagSurface_W1_n": 0.011617345638235278,
    "WLHImagSurface_W2_n": 1.7127948707996403,
    "WLHImagSurface_W3_n": 0.032921538217342505,
    "WLHImagSurface_r0_n": 1.2201081369838076,
    "WLHImagSurface_r1_n": 1.1973077152519966,
    "WLHImagSurface_r2_n": 0.0048748998665085995,
    "WLHImagSurface_a0_n": 0.7978449331123125,
    "WLHRealSpinOrbit_V0_p": 9.115805670210655,
    "WLHRealSpinOrbit_V1_p": 0.008886403601671183,
    "WLHRealSpinOrbit_r0_p": 1.36789238307285,
    "WLHRealSpinOrbit_r1_p": 1.0022395822022945,
    "WLHRealSpinOrbit_a0_p": 0.8728647098237472,
    "WLHRealSpinOrbit_a1_p": 0.00036032752120891833,
    "WLHRealSpinOrbit_V0_n": 10.655242579853637,
    "WLHRealSpinOrbit_V1_n": 0.008591411841304738,
    "WLHRealSpinOrbit_r0_n": 1.1733453387449662,
    "WLHRealSpinOrbit_r1_n": 0.7254108017192674,
    "WLHRealSpinOrbit_a0_n": 0.7332532312115441,
    "WLHRealSpinOrbit_a1_n": 0.00033175086875181047
}