{
    "ECS_p": 0.291772,
    "ECS_n": 0.445766,
    "APower_p": 0.767116,
    "APower_n": 0.18197
}