{
    "CH89RealCentral": {
        "V_0": 58.6735,
        "V_t": 7.81715,
        "V_e": -0.366229,
        "r_o": 1.19382,
        "r_o_0": -0.330292,
        "a_0": 0.782769
    },
    "CH89Coulomb": {
        "r_c": 1.13697,
        "r_c_0": 0.169071
    },
    "CH89SpinOrbit": {
        "V_so": 5.24196,
        "r_so": 1.1647,
        "r_so_0": -0.79547,
        "a_so": 0.568723
    },
    "CH89ImagCentral": {
        "W_v0": 14.6458,
        "W_ve0": 91.1787,
        "W_vew": 40.6165,
        "W_s0": 7.25825,
        "W_st": 13.4964,
        "W_se0": 43.9208,
        "W_sew": 20.7167,
        "r_w": 1.39198,
        "r_w0": -0.47723,
        "a_w": 0.741124
    }
}