{
    "CH89RealCentral": {
        "V_0": 55.4766,
        "V_t": 19.2436,
        "V_e": -0.387892,
        "r_o": 1.19081,
        "r_o_0": -0.130007,
        "a_0": 0.720661
    },
    "CH89Coulomb": {
        "r_c": 1.31007,
        "r_c_0": -0.00979166
    },
    "CH89SpinOrbit": {
        "V_so": 5.30242,
        "r_so": 1.37619,
        "r_so_0": -1.34509,
        "a_so": 0.58959
    },
    "CH89ImagCentral": {
        "W_v0": 8.79833,
        "W_ve0": 38.7311,
        "W_vew": 24.6635,
        "W_s0": 14.2005,
        "W_st": 31.191,
        "W_se0": 10.4567,
        "W_sew": 25.5793,
        "r_w": 1.32759,
        "r_w0": -0.336921,
        "a_w": 0.655977
    }
}