{
    "WLHReal_V0_p": 50.32718453437864,
    "WLHReal_V1_p": 0.27265021325156646,
    "WLHReal_V2_p": -0.0006426887438936861,
    "WLHReal_V3_p": 3.7270374001722986e-06,
    "WLHReal_V4_p": 12.173293729521756,
    "WLHReal_V5_p": 0.1322614003434677,
    "WLHReal_V6_p": 0.0004954741704081705,
    "WLHReal_r0_p": 1.3534156049757557,
    "WLHReal_r1_p": 0.29321593722965933,
    "WLHReal_r2_p": 0.0008513945359929211,
    "WLHReal_r3_p": 9.841906113638866e-06,
    "WLHReal_a0_p": 0.7932543079002479,
    "WLHReal_a1_p": 2.014625734311628e-05,
    "WLHReal_a2_p": 8.973770170384982e-06,
    "WLHReal_a3_p": -0.022032942593214748,
    "WLHReal_a4_p": 0.4890299073265057,
    "WLHReal_V0_n": 48.974344783334836,
    "WLHReal_V1_n": 0.27313300994146283,
    "WLHReal_V2_n": -0.0008941953848840257,
    "WLHReal_V3_n": 4.973891792404619e-06,
    "WLHReal_V4_n": 20.188250680050125,
    "WLHReal_V5_n": 0.3229545022892007,
    "WLHReal_V6_n": 0.0016110839348278652,
    "WLHReal_r0_n": 1.3599340758093068,
    "WLHReal_r1_n": 0.31975136580252195,
    "WLHReal_r2_n": 0.0012843037024917845,
    "WLHReal_r3_n": 1.5175172921762131e-05,
    "WLHReal_a0_n": 0.7699683518447589,
    "WLHReal_a1_n": 0.0014451139948400307,
    "WLHReal_a2_n": 1.94614452260543e-05,
    "WLHReal_a3_n": 0.3435316675300998,
    "WLHReal_a4_n": 1.0616990096615204,
    "WLHImagVolume_W0_p": 4.919956525252546,
    "WLHImagVolume_W1_p": 0.1891408861940515,
    "WLHImagVolume_W2_p": 0.00020506971527290536,
    "WLHImagVolume_W3_p": 8.534620889129464,
    "WLHImagVolume_W4_p": 0.07761855810304909,
    "WLHImagVolume_r0_p": 0.7591028908718048,
    "WLHImagVolume_r1_p": 36.3111637886609,
    "WLHImagVolume_r2_p": 0.5597597132929271,
    "WLHImagVolume_r3_p": 50.872781030688664,
    "WLHImagVolume_r4_p": 0.6412737234479536,
    "WLHImagVolume_r5_p": 1.3564350622299317e-06,
    "WLHImagVolume_a0_p": 0.5972340960129152,
    "WLHImagVolume_a1_p": 0.25829901975687863,
    "WLHImagVolume_a2_p": 13.95156860206075,
    "WLHImagVolume_a3_p": 0.4387335681988637,
    "WLHImagVolume_a4_p": 0.002867843969838657,
    "WLHImagVolume_W0_n": 3.196048071450239,
    "WLHImagVolume_W1_n": 0.24198151500459392,
    "WLHImagVolume_W2_n": 0.0006666218866817834,
    "WLHImagVolume_W3_n": 8.570417973684744,
    "WLHImagVolume_W4_n": -0.003674871198367364,
    "WLHImagVolume_r0_n": 0.522363146348957,
    "WLHImagVolume_r1_n": 104.33111577514553,
    "WLHImagVolume_r2_n": 0.8287339487729972,
    "WLHImagVolume_r3_n": 109.71472167584068,
    "WLHImagVolume_r4_n": 0.8202438914368937,
    "WLHImagVolume_r5_n": 4.257331084676825e-06,
    "WLHImagVolume_a0_n": 0.2719561361013883,
    "WLHImagVolume_a1_n": 0.5642659765506254,
    "WLHImagVolume_a2_n": 5.028893476709467,
    "WLHImagVolume_a3_n": 0.05788084767967685,
    "WLHImagVolume_a4_n": 0.00030079502317647986,
    "WLHImagSurface_W0_p": 0.7229742885190881,
    "WLHImagSurface_W1_p": 0.025116604623855062,
    "WLHImagSurface_W2_p": 0.6147756485163287,
    "WLHImagSurface_W3_p": 0.087163982031053,
    "WLHImagSurface_r0_p": 0.830648490579436,
    "WLHImagSurface_r1_p": 0.04076156980910711,
    "WLHImagSurface_r2_p": 0.000970238845443316,
    "WLHImagSurface_a0_p": 0.7367372199993296,
    "WLHImagSurface_W0_n": 1.6490523933352552,
    "WLHImagSurface_W1_n": 0.0582297890092954,
    "WLHImagSurface_W2_n": 2.720270987355866,
    "WLHImagSurface_W3_n": 0.21167777862733556,
    "WLHImagSurface_r0_n": 1.3347610193061454,
    "WLHImagSurface_r1_n": 1.6611077252199533,
    "WLHImagSurface_r2_n": 0.001957367195795052,
    "WLHImagSurface_a0_n": 0.8848373382193087,
    "WLHRealSpinOrbit_V0_p": 9.21078004272441,
    "WLHRealSpinOrbit_V1_p": 0.008616800784905277,
    "WLHRealSpinOrbit_r0_p": 1.3340924727779961,
    "WLHRealSpinOrbit_r1_p": 0.9455803436266325,
    "WLHRealSpinOrbit_a0_p": 0.843518242971587,
    "WLHRealSpinOrbit_a1_p": 0.0003671355357792954,
    "WLHRealSpinOrbit_V0_n": 8.955724648036291,
    "WLHRealSpinOrbit_V1_n": 0.008522730184380108,
    "WLHRealSpinOrbit_r0_n": 1.3467280251543376,
    "WLHRealSpinOrbit_r1_n": 0.9702585920400033,
    "WLHRealSpinOrbit_a0_n": 0.8532162216810439,
    "WLHRealSpinOrbit_a1_n": 0.00035968943547510596
}