{
    "CH89RealCentral": {
        "V_0": 55.9837,
        "V_t": 19.1317,
        "V_e": -0.382002,
        "r_o": 1.18368,
        "r_o_0": -0.12162,
        "a_0": 0.716065
    },
    "CH89Coulomb": {
        "r_c": 1.1758,
        "r_c_0": 0.0590634
    },
    "CH89SpinOrbit": {
        "V_so": 4.57582,
        "r_so": 1.42607,
        "r_so_0": -1.71912,
        "a_so": 0.586646
    },
    "CH89ImagCentral": {
        "W_v0": 8.15853,
        "W_ve0": 33.7933,
        "W_vew": 6.35499,
        "W_s0": 10.4987,
        "W_st": 10.5437,
        "W_se0": 43.2994,
        "W_sew": 20.3681,
        "r_w": 1.32224,
        "r_w0": -0.652409,
        "a_w": 0.707923
    }
}