{
    "WLHReal_V0_p": 54.96641301175462,
    "WLHReal_V1_p": 0.30087982037457145,
    "WLHReal_V2_p": 0.00029590852931984035,
    "WLHReal_V3_p": 5.961476854627718e-07,
    "WLHReal_V4_p": 14.160776996064687,
    "WLHReal_V5_p": 0.13696975484796425,
    "WLHReal_V6_p": 0.0002050448406636463,
    "WLHReal_r0_p": 1.2742816793036984,
    "WLHReal_r1_p": 0.31966626309106194,
    "WLHReal_r2_p": 0.0005769227259145442,
    "WLHReal_r3_p": 3.0917387311692054e-06,
    "WLHReal_a0_p": 0.7610181240191302,
    "WLHReal_a1_p": 0.0001702570250899085,
    "WLHReal_a2_p": 1.8151651132305581e-06,
    "WLHReal_a3_p": 0.07634517423978104,
    "WLHReal_a4_p": 0.5346331395925167,
    "WLHReal_V0_n": 46.364285147834394,
    "WLHReal_V1_n": 0.20498956521656048,
    "WLHReal_V2_n": -0.0013385858850132899,
    "WLHReal_V3_n": 5.976687442338804e-06,
    "WLHReal_V4_n": 21.293091685396778,
    "WLHReal_V5_n": 0.3411244354768404,
    "WLHReal_V6_n": 0.0019002878113468526,
    "WLHReal_r0_n": 1.3873283416744921,
    "WLHReal_r1_n": 0.3305740384026129,
    "WLHReal_r2_n": 0.001417313501287972,
    "WLHReal_r3_n": 1.8727689755360892e-05,
    "WLHReal_a0_n": 0.7830006322879624,
    "WLHReal_a1_n": 0.0015994101590291704,
    "WLHReal_a2_n": 2.3624553855805643e-05,
    "WLHReal_a3_n": 0.38972392722983096,
    "WLHReal_a4_n": 1.1157448051748415,
    "WLHImagVolume_W0_p": 3.5133803005991275,
    "WLHImagVolume_W1_p": 0.21659350533322458,
    "WLHImagVolume_W2_p": 0.0003127580393744552,
    "WLHImagVolume_W3_p": 11.87130033494606,
    "WLHImagVolume_W4_p": 0.06873160065699764,
    "WLHImagVolume_r0_p": 0.5826932215913512,
    "WLHImagVolume_r1_p": 49.07512940958461,
    "WLHImagVolume_r2_p": 0.6418325230900659,
    "WLHImagVolume_r3_p": 57.612292057329206,
    "WLHImagVolume_r4_p": 0.6168934400433109,
    "WLHImagVolume_r5_p": 1.1241124930300848e-06,
    "WLHImagVolume_a0_p": 0.5269006439941362,
    "WLHImagVolume_a1_p": 0.2815108833371846,
    "WLHImagVolume_a2_p": 14.664069606901323,
    "WLHImagVolume_a3_p": 0.39138703633277505,
    "WLHImagVolume_a4_p": 0.0019417939392259707,
    "WLHImagVolume_W0_n": 3.021708992167644,
    "WLHImagVolume_W1_n": 0.19673350139511692,
    "WLHImagVolume_W2_n": 0.00031412816163090235,
    "WLHImagVolume_W3_n": 8.23287517428161,
    "WLHImagVolume_W4_n": -0.049077680140338045,
    "WLHImagVolume_r0_n": 0.6447682009115894,
    "WLHImagVolume_r1_n": 82.16486833894045,
    "WLHImagVolume_r2_n": 0.7248566602954476,
    "WLHImagVolume_r3_n": 99.62058870050572,
    "WLHImagVolume_r4_n": 1.0395094264597973,
    "WLHImagVolume_r5_n": 6.6515088483113e-06,
    "WLHImagVolume_a0_n": 0.3237014926636596,
    "WLHImagVolume_a1_n": 0.5329861004920133,
    "WLHImagVolume_a2_n": 6.012484907666426,
    "WLHImagVolume_a3_n": 0.10817045183024562,
    "WLHImagVolume_a4_n": 0.000965422049687265,
    "WLHImagSurface_W0_p": 1.1575066658342068,
    "WLHImagSurface_W1_p": 0.05553006188242947,
    "WLHImagSurface_W2_p": 1.5870453173741126,
    "WLHImagSurface_W3_p": 0.19821230765914724,
    "WLHImagSurface_r0_p": 1.0455937144104468,
    "WLHImagSurface_r1_p": 0.715415184151122,
    "WLHImagSurface_r2_p": 0.006813799811287503,
    "WLHImagSurface_a0_p": 0.7637353727394456,
    "WLHImagSurface_W0_n": 0.7523355272468035,
    "WLHImagSurface_W1_n": 0.034042744349436854,
    "WLHImagSurface_W2_n": 1.2030721752472342,
    "WLHImagSurface_W3_n": 0.15769550758634676,
    "WLHImagSurface_r0_n": 1.3002514925329478,
    "WLHImagSurface_r1_n": 1.5175900873516066,
    "WLHImagSurface_r2_n": 0.0008124253716569312,
    "WLHImagSurface_a0_n": 0.9071182986547017,
    "WLHRealSpinOrbit_V0_p": 9.811985577116499,
    "WLHRealSpinOrbit_V1_p": 0.008277555303679927,
    "WLHRealSpinOrbit_r0_p": 1.2382045175770477,
    "WLHRealSpinOrbit_r1_p": 0.8020639991255518,
    "WLHRealSpinOrbit_a0_p": 0.7705861434983988,
    "WLHRealSpinOrbit_a1_p": 0.00036492937118774775,
    "WLHRealSpinOrbit_V0_n": 9.193878653147053,
    "WLHRealSpinOrbit_V1_n": 0.008955043030913129,
    "WLHRealSpinOrbit_r0_n": 1.3779274306524998,
    "WLHRealSpinOrbit_r1_n": 0.9987918126365448,
    "WLHRealSpinOrbit_a0_n": 0.8757157503467707,
    "WLHRealSpinOrbit_a1_n": 0.0003891621696082348
}