{
    "WLHReal_V0_p": 54.10098729433584,
    "WLHReal_V1_p": 0.2820054769932604,
    "WLHReal_V2_p": -0.0005047462412970674,
    "WLHReal_V3_p": 2.7759342538444893e-06,
    "WLHReal_V4_p": 12.995126017845736,
    "WLHReal_V5_p": 0.13182025280174872,
    "WLHReal_V6_p": 0.0004814792977821997,
    "WLHReal_r0_p": 1.297990001248608,
    "WLHReal_r1_p": 0.230471275663122,
    "WLHReal_r2_p": 0.0010813200753567109,
    "WLHReal_r3_p": 1.1717773281965963e-05,
    "WLHReal_a0_p": 0.7928337895162038,
    "WLHReal_a1_p": 0.00017023432146563597,
    "WLHReal_a2_p": 8.743606032538988e-06,
    "WLHReal_a3_p": 0.01582454702508389,
    "WLHReal_a4_p": 0.5897648130435946,
    "WLHReal_V0_n": 48.84609343626493,
    "WLHReal_V1_n": 0.27461597003649413,
    "WLHReal_V2_n": -0.000992717183226708,
    "WLHReal_V3_n": 5.997402958863851e-06,
    "WLHReal_V4_n": 19.34249444049507,
    "WLHReal_V5_n": 0.3407223566219746,
    "WLHReal_V6_n": 0.0016187965564713252,
    "WLHReal_r0_n": 1.4100658768414072,
    "WLHReal_r1_n": 0.45365081281788555,
    "WLHReal_r2_n": 0.0011618825256570209,
    "WLHReal_r3_n": 1.3024186976337036e-05,
    "WLHReal_a0_n": 0.7730626036243637,
    "WLHReal_a1_n": 0.0013286172867238342,
    "WLHReal_a2_n": 1.6508094413143785e-05,
    "WLHReal_a3_n": 0.24980210559394211,
    "WLHReal_a4_n": 0.8874421954799505,
    "WLHImagVolume_W0_p": 5.349156873571309,
    "WLHImagVolume_W1_p": 0.2523638099890459,
    "WLHImagVolume_W2_p": 0.0001799670973509352,
    "WLHImagVolume_W3_p": 11.674560725319827,
    "WLHImagVolume_W4_p": 0.09097514790487515,
    "WLHImagVolume_r0_p": 0.9000567571260903,
    "WLHImagVolume_r1_p": 15.793546335350651,
    "WLHImagVolume_r2_p": 0.36246099515013974,
    "WLHImagVolume_r3_p": 37.40008328310234,
    "WLHImagVolume_r4_p": 0.8932572121653304,
    "WLHImagVolume_r5_p": 2.3674182727672172e-06,
    "WLHImagVolume_a0_p": 0.6284040197208021,
    "WLHImagVolume_a1_p": 0.19783561164075453,
    "WLHImagVolume_a2_p": 8.373072600703967,
    "WLHImagVolume_a3_p": 0.4956897545544312,
    "WLHImagVolume_a4_p": 0.0036026957870610907,
    "WLHImagVolume_W0_n": 3.0421717727781377,
    "WLHImagVolume_W1_n": 0.2880820427371144,
    "WLHImagVolume_W2_n": 0.0009222376010846158,
    "WLHImagVolume_W3_n": 8.096123455197578,
    "WLHImagVolume_W4_n": 0.011924855225535807,
    "WLHImagVolume_r0_n": 0.4256095435830647,
    "WLHImagVolume_r1_n": 118.85666611204944,
    "WLHImagVolume_r2_n": 0.9663424877112308,
    "WLHImagVolume_r3_n": 120.12757847911305,
    "WLHImagVolume_r4_n": 0.7546168503591653,
    "WLHImagVolume_r5_n": 4.504474268096366e-06,
    "WLHImagVolume_a0_n": 0.28445343469307777,
    "WLHImagVolume_a1_n": 0.5850139022042493,
    "WLHImagVolume_a2_n": 4.691015643028791,
    "WLHImagVolume_a3_n": 0.07916665724708724,
    "WLHImagVolume_a4_n": 0.0006358654618919248,
    "WLHImagSurface_W0_p": 0.32357672026435036,
    "WLHImagSurface_W1_p": -0.018498066109438507,
    "WLHImagSurface_W2_p": -0.6077328604027077,
    "WLHImagSurface_W3_p": -0.07702169917404947,
    "WLHImagSurface_r0_p": 0.7290606770500788,
    "WLHImagSurface_r1_p": 0.13583586411666188,
    "WLHImagSurface_r2_p": 0.0013351164507376329,
    "WLHImagSurface_a0_p": 0.6170009903946025,
    "WLHImagSurface_W0_n": 1.9168381733336697,
    "WLHImagSurface_W1_n": 0.07320325977797476,
    "WLHImagSurface_W2_n": 4.0519121737857855,
    "WLHImagSurface_W3_n": 0.2771258688662156,
    "WLHImagSurface_r0_n": 1.3668613178875793,
    "WLHImagSurface_r1_n": 1.7978901159634257,
    "WLHImagSurface_r2_n": 0.0019347920793661003,
    "WLHImagSurface_a0_n": 0.8907158385508656,
    "WLHRealSpinOrbit_V0_p": 10.150679459841447,
    "WLHRealSpinOrbit_V1_p": 0.009269075847860906,
    "WLHRealSpinOrbit_r0_p": 1.2889108095674076,
    "WLHRealSpinOrbit_r1_p": 0.9078173123092477,
    "WLHRealSpinOrbit_a0_p": 0.8267748765016558,
    "WLHRealSpinOrbit_a1_p": 0.0003198998784623722,
    "WLHRealSpinOrbit_V0_n": 8.386888498810602,
    "WLHRealSpinOrbit_V1_n": 0.008130739529712622,
    "WLHRealSpinOrbit_r0_n": 1.3755508578755264,
    "WLHRealSpinOrbit_r1_n": 0.9939154828609165,
    "WLHRealSpinOrbit_a0_n": 0.8633759749183958,
    "WLHRealSpinOrbit_a1_n": 0.00038560092548473
}