{
    "WLHReal_V0_p": 52.829703184644366,
    "WLHReal_V1_p": 0.27065774378004476,
    "WLHReal_V2_p": 8.546363855300261e-05,
    "WLHReal_V3_p": 9.508835675102307e-07,
    "WLHReal_V4_p": 14.751003095592303,
    "WLHReal_V5_p": 0.12434324647020248,
    "WLHReal_V6_p": 0.0002480452045624984,
    "WLHReal_r0_p": 1.271659163742893,
    "WLHReal_r1_p": 0.25540466852899324,
    "WLHReal_r2_p": 0.0006171492703103725,
    "WLHReal_r3_p": 5.1655764880415186e-06,
    "WLHReal_a0_p": 0.7560371486036055,
    "WLHReal_a1_p": 7.58335423094759e-05,
    "WLHReal_a2_p": 4.056296137806628e-06,
    "WLHReal_a3_p": 0.031909914667975506,
    "WLHReal_a4_p": 0.48358510986996567,
    "WLHReal_V0_n": 53.663186296391,
    "WLHReal_V1_n": 0.28159006832292877,
    "WLHReal_V2_n": -0.00027260097919003414,
    "WLHReal_V3_n": 2.4608557278415946e-06,
    "WLHReal_V4_n": 21.432571526446708,
    "WLHReal_V5_n": 0.28572504047660546,
    "WLHReal_V6_n": 0.001100351382278703,
    "WLHReal_r0_n": 1.283396956089866,
    "WLHReal_r1_n": 0.29574443531927297,
    "WLHReal_r2_n": 0.0009184579647788132,
    "WLHReal_r3_n": 9.098633191077943e-06,
    "WLHReal_a0_n": 0.7423759186455757,
    "WLHReal_a1_n": 0.0007905465190701538,
    "WLHReal_a2_n": 1.0349893426493325e-05,
    "WLHReal_a3_n": 0.29087432053217627,
    "WLHReal_a4_n": 0.9005890187495701,
    "WLHImagVolume_W0_p": 3.3671505933745847,
    "WLHImagVolume_W1_p": 0.16127769585391377,
    "WLHImagVolume_W2_p": 4.5911272392864654e-05,
    "WLHImagVolume_W3_p": 9.64318076701277,
    "WLHImagVolume_W4_p": 0.05842124979954323,
    "WLHImagVolume_r0_p": 0.7512954966149727,
    "WLHImagVolume_r1_p": 30.877687844394142,
    "WLHImagVolume_r2_p": 0.4806508643524646,
    "WLHImagVolume_r3_p": 45.125889179927384,
    "WLHImagVolume_r4_p": 0.734401931077763,
    "WLHImagVolume_r5_p": 1.916773039380158e-06,
    "WLHImagVolume_a0_p": 0.5421317024332363,
    "WLHImagVolume_a1_p": 0.25352685311243595,
    "WLHImagVolume_a2_p": 12.60287308531664,
    "WLHImagVolume_a3_p": 0.4007768353465636,
    "WLHImagVolume_a4_p": 0.0021339041208331346,
    "WLHImagVolume_W0_n": 3.1441275310353527,
    "WLHImagVolume_W1_n": 0.25925113737816524,
    "WLHImagVolume_W2_n": 0.00041646747809567943,
    "WLHImagVolume_W3_n": 9.451197807815898,
    "WLHImagVolume_W4_n": 0.028757397582517094,
    "WLHImagVolume_r0_n": 0.621610390155706,
    "WLHImagVolume_r1_n": 65.49527213603078,
    "WLHImagVolume_r2_n": 0.6547404134719116,
    "WLHImagVolume_r3_n": 78.93416576012405,
    "WLHImagVolume_r4_n": 1.0090303999562966,
    "WLHImagVolume_r5_n": 3.790938100272252e-06,
    "WLHImagVolume_a0_n": 0.2524556225670589,
    "WLHImagVolume_a1_n": 0.5693068367386986,
    "WLHImagVolume_a2_n": 6.416345221448057,
    "WLHImagVolume_a3_n": 0.044288506728977356,
    "WLHImagVolume_a4_n": 0.0006580550488696074,
    "WLHImagSurface_W0_p": 0.946438574498163,
    "WLHImagSurface_W1_p": 0.0323684800910192,
    "WLHImagSurface_W2_p": 1.0800306249020695,
    "WLHImagSurface_W3_p": 0.10537271174202151,
    "WLHImagSurface_r0_p": 0.9498407593174182,
    "WLHImagSurface_r1_p": 0.4223706149031683,
    "WLHImagSurface_r2_p": 0.005763376654920599,
    "WLHImagSurface_a0_p": 0.7222857752752926,
    "WLHImagSurface_W0_n": 1.563929808544201,
    "WLHImagSurface_W1_n": 0.03458727930655016,
    "WLHImagSurface_W2_n": 1.9629840319484775,
    "WLHImagSurface_W3_n": 0.12062272321441928,
    "WLHImagSurface_r0_n": 1.2622655127537676,
    "WLHImagSurface_r1_n": 1.4346623230269826,
    "WLHImagSurface_r2_n": 0.003091302035338239,
    "WLHImagSurface_a0_n": 0.8471439611911378,
    "WLHRealSpinOrbit_V0_p": 9.931314169816062,
    "WLHRealSpinOrbit_V1_p": 0.008530125874161045,
    "WLHRealSpinOrbit_r0_p": 1.2542010511439319,
    "WLHRealSpinOrbit_r1_p": 0.8223705698170033,
    "WLHRealSpinOrbit_a0_p": 0.784391268025109,
    "WLHRealSpinOrbit_a1_p": 0.000373478204422647,
    "WLHRealSpinOrbit_V0_n": 9.939449861039893,
    "WLHRealSpinOrbit_V1_n": 0.008800203095808283,
    "WLHRealSpinOrbit_r0_n": 1.268980806628415,
    "WLHRealSpinOrbit_r1_n": 0.8657465487393097,
    "WLHRealSpinOrbit_a0_n": 0.803655159742915,
    "WLHRealSpinOrbit_a1_n": 0.0003381067202712588
}