{
    "CH89RealCentral": {
        "V_0": 58.7833,
        "V_t": 20.4082,
        "V_e": -0.401419,
        "r_o": 1.17761,
        "r_o_0": -0.271512,
        "a_0": 0.77664
    },
    "CH89Coulomb": {
        "r_c": 1.32874,
        "r_c_0": 0.222006
    },
    "CH89SpinOrbit": {
        "V_so": 5.43079,
        "r_so": 1.25257,
        "r_so_0": -0.899318,
        "a_so": 0.586703
    },
    "CH89ImagCentral": {
        "W_v0": 7.1133,
        "W_ve0": 21.7953,
        "W_vew": 16.2123,
        "W_s0": 12.2276,
        "W_st": 23.5801,
        "W_se0": 9.33929,
        "W_sew": 36.0055,
        "r_w": 1.3955,
        "r_w0": -0.396828,
        "a_w": 0.598206
    }
}