{
    "WLHReal_V0_p": 58.844483108482905,
    "WLHReal_V1_p": 0.33678382976031324,
    "WLHReal_V2_p": 0.0009558664383739992,
    "WLHReal_V3_p": -1.3302362477626514e-06,
    "WLHReal_V4_p": 14.975788449254551,
    "WLHReal_V5_p": 0.13616969831039946,
    "WLHReal_V6_p": -7.540646524014554e-06,
    "WLHReal_r0_p": 1.2149333814783971,
    "WLHReal_r1_p": 0.31898023050540186,
    "WLHReal_r2_p": 0.0005153851461721648,
    "WLHReal_r3_p": -7.25514048242366e-07,
    "WLHReal_a0_p": 0.7435822452285813,
    "WLHReal_a1_p": 0.00027286528170596564,
    "WLHReal_a2_p": -2.2347371488999975e-06,
    "WLHReal_a3_p": 0.15886714130863291,
    "WLHReal_a4_p": 0.618564037214203,
    "WLHReal_V0_n": 55.06224241126334,
    "WLHReal_V1_n": 0.3095354747916425,
    "WLHReal_V2_n": -0.0003601681595643712,
    "WLHReal_V3_n": 3.274767536865935e-06,
    "WLHReal_V4_n": 20.670689783342443,
    "WLHReal_V5_n": 0.30130315239371785,
    "WLHReal_V6_n": 0.001234031674114884,
    "WLHReal_r0_n": 1.2899452564944658,
    "WLHReal_r1_n": 0.3130086517776746,
    "WLHReal_r2_n": 0.0010093511978123977,
    "WLHReal_r3_n": 1.0176197194503154e-05,
    "WLHReal_a0_n": 0.7513575475669723,
    "WLHReal_a1_n": 0.0008716804105881275,
    "WLHReal_a2_n": 1.1817601608869293e-05,
    "WLHReal_a3_n": 0.28022404749020924,
    "WLHReal_a4_n": 0.9340173979848446,
    "WLHImagVolume_W0_p": 2.764785107887398,
    "WLHImagVolume_W1_p": 0.25831620982040054,
    "WLHImagVolume_W2_p": 0.0004897298074208343,
    "WLHImagVolume_W3_p": 15.365391850860536,
    "WLHImagVolume_W4_p": 0.06614664002536218,
    "WLHImagVolume_r0_p": 0.43478541087357125,
    "WLHImagVolume_r1_p": 64.44546686838248,
    "WLHImagVolume_r2_p": 0.7252241014308966,
    "WLHImagVolume_r3_p": 69.56321110773479,
    "WLHImagVolume_r4_p": 0.5943556715625079,
    "WLHImagVolume_r5_p": 1.8041541704706827e-06,
    "WLHImagVolume_a0_p": 0.47680088211856875,
    "WLHImagVolume_a1_p": 0.3050901665322642,
    "WLHImagVolume_a2_p": 15.911778327673865,
    "WLHImagVolume_a3_p": 0.35788011694289545,
    "WLHImagVolume_a4_p": 0.0012826692742675964,
    "WLHImagVolume_W0_n": 3.810375709254121,
    "WLHImagVolume_W1_n": 0.3186836346173211,
    "WLHImagVolume_W2_n": 0.0006725743008655839,
    "WLHImagVolume_W3_n": 10.699701502550528,
    "WLHImagVolume_W4_n": 0.05435085401990644,
    "WLHImagVolume_r0_n": 0.5995265882905,
    "WLHImagVolume_r1_n": 69.9200794811017,
    "WLHImagVolume_r2_n": 0.6871947110710733,
    "WLHImagVolume_r3_n": 86.10980845055046,
    "WLHImagVolume_r4_n": 0.9741597347616643,
    "WLHImagVolume_r5_n": 4.1684375507302e-06,
    "WLHImagVolume_a0_n": 0.26609078352046994,
    "WLHImagVolume_a1_n": 0.5578143836158064,
    "WLHImagVolume_a2_n": 4.268106707775488,
    "WLHImagVolume_a3_n": 0.010746314909135121,
    "WLHImagVolume_a4_n": 0.00040807883191337833,
    "WLHImagSurface_W0_p": 1.4130092734512703,
    "WLHImagSurface_W1_p": 0.07126717031108859,
    "WLHImagSurface_W2_p": 1.8839283575615988,
    "WLHImagSurface_W3_p": 0.2516245177029738,
    "WLHImagSurface_r0_p": 1.2130376966659384,
    "WLHImagSurface_r1_p": 1.2117226835989678,
    "WLHImagSurface_r2_p": 0.010556626033611075,
    "WLHImagSurface_a0_p": 0.8208882909713504,
    "WLHImagSurface_W0_n": 2.0423623789211742,
    "WLHImagSurface_W1_n": 0.05401565131758274,
    "WLHImagSurface_W2_n": 2.8021813618506517,
    "WLHImagSurface_W3_n": 0.17096519480463138,
    "WLHImagSurface_r0_n": 1.2700567771197075,
    "WLHImagSurface_r1_n": 1.5775197046310374,
    "WLHImagSurface_r2_n": 0.003188034543086851,
    "WLHImagSurface_a0_n": 0.8465309433809225,
    "WLHRealSpinOrbit_V0_p": 10.247512919322002,
    "WLHRealSpinOrbit_V1_p": 0.008084680739308469,
    "WLHRealSpinOrbit_r0_p": 1.167946651660851,
    "WLHRealSpinOrbit_r1_p": 0.7077137563102942,
    "WLHRealSpinOrbit_a0_p": 0.7207944735640816,
    "WLHRealSpinOrbit_a1_p": 0.0003462316970293743,
    "WLHRealSpinOrbit_V0_n": 9.837203603654693,
    "WLHRealSpinOrbit_V1_n": 0.008842019762781095,
    "WLHRealSpinOrbit_r0_n": 1.275021936900011,
    "WLHRealSpinOrbit_r1_n": 0.8897904794325231,
    "WLHRealSpinOrbit_a0_n": 0.8123537028884985,
    "WLHRealSpinOrbit_a1_n": 0.0003136213958552071
}