{
    "ECS_p": 0.206333,
    "ECS_n": 0.281901,
    "APower_p": 0.680436,
    "APower_n": 0.155094
}