{
    "CH89RealCentral": {
        "V_0": 56.4833,
        "V_t": 15.1632,
        "V_e": -0.363431,
        "r_o": 1.22166,
        "r_o_0": -0.30272,
        "a_0": 0.723951
    },
    "CH89Coulomb": {
        "r_c": 1.29661,
        "r_c_0": 0.0213163
    },
    "CH89SpinOrbit": {
        "V_so": 5.85861,
        "r_so": 1.24591,
        "r_so_0": -0.742037,
        "a_so": 0.619404
    },
    "CH89ImagCentral": {
        "W_v0": 4.70035,
        "W_ve0": 9.84957,
        "W_vew": 19.9503,
        "W_s0": 10.6014,
        "W_st": 27.5865,
        "W_se0": 11.477,
        "W_sew": 65.6296,
        "r_w": 1.36492,
        "r_w0": -0.688372,
        "a_w": 0.726596
    }
}