{
    "WLHReal_V0_p": 53.656789057744255,
    "WLHReal_V1_p": 0.3053950360725326,
    "WLHReal_V2_p": -0.00033155949290605586,
    "WLHReal_V3_p": 3.4727481669272743e-06,
    "WLHReal_V4_p": 12.028453919945893,
    "WLHReal_V5_p": 0.14270876723151882,
    "WLHReal_V6_p": 0.00042355154048902114,
    "WLHReal_r0_p": 1.3324924938051732,
    "WLHReal_r1_p": 0.33135619161076363,
    "WLHReal_r2_p": 0.0008633106462748031,
    "WLHReal_r3_p": 7.820381395459297e-06,
    "WLHReal_a0_p": 0.7945348398353071,
    "WLHReal_a1_p": 0.00015335306487149832,
    "WLHReal_a2_p": 6.077501203648603e-06,
    "WLHReal_a3_p": 0.03707096938526691,
    "WLHReal_a4_p": 0.5689984177248931,
    "WLHReal_V0_n": 55.051514475385844,
    "WLHReal_V1_n": 0.3149155533357952,
    "WLHReal_V2_n": 0.0004032630668392227,
    "WLHReal_V3_n": 6.865043484014689e-07,
    "WLHReal_V4_n": 21.156395759896505,
    "WLHReal_V5_n": 0.24489531432374018,
    "WLHReal_V6_n": 0.000493401280520907,
    "WLHReal_r0_n": 1.2577181451652242,
    "WLHReal_r1_n": 0.32607019975061713,
    "WLHReal_r2_n": 0.0005026794348903828,
    "WLHReal_r3_n": 2.0456391054380798e-06,
    "WLHReal_a0_n": 0.7110948701302688,
    "WLHReal_a1_n": 0.00032208196087543195,
    "WLHReal_a2_n": 8.281388270624095e-07,
    "WLHReal_a3_n": 0.19676234676027543,
    "WLHReal_a4_n": 0.6667313810722273,
    "WLHImagVolume_W0_p": 5.032484509921924,
    "WLHImagVolume_W1_p": 0.2574257692496084,
    "WLHImagVolume_W2_p": 0.00044637321651350284,
    "WLHImagVolume_W3_p": 11.706223534509949,
    "WLHImagVolume_W4_p": 0.08918866156984274,
    "WLHImagVolume_r0_p": 0.6321678107652745,
    "WLHImagVolume_r1_p": 48.46273704596637,
    "WLHImagVolume_r2_p": 0.6561951140289368,
    "WLHImagVolume_r3_p": 59.50587869973704,
    "WLHImagVolume_r4_p": 0.6041448828003058,
    "WLHImagVolume_r5_p": 1.2902124927071109e-06,
    "WLHImagVolume_a0_p": 0.5848729633050471,
    "WLHImagVolume_a1_p": 0.2696350823439382,
    "WLHImagVolume_a2_p": 14.418483427769962,
    "WLHImagVolume_a3_p": 0.44038136962393715,
    "WLHImagVolume_a4_p": 0.0027957966594261835,
    "WLHImagVolume_W0_n": 2.199908978831612,
    "WLHImagVolume_W1_n": 0.2440161446250923,
    "WLHImagVolume_W2_n": 0.0004989632241279491,
    "WLHImagVolume_W3_n": 7.755030966620581,
    "WLHImagVolume_W4_n": 0.05250329809694747,
    "WLHImagVolume_r0_n": 0.48534909374954527,
    "WLHImagVolume_r1_n": 84.38844647671036,
    "WLHImagVolume_r2_n": 0.7643050992055999,
    "WLHImagVolume_r3_n": 79.35443869226322,
    "WLHImagVolume_r4_n": 0.8183433164100372,
    "WLHImagVolume_r5_n": 1.5637927194161398e-06,
    "WLHImagVolume_a0_n": 0.17786073716595516,
    "WLHImagVolume_a1_n": 0.6338439672866617,
    "WLHImagVolume_a2_n": 8.745100462739888,
    "WLHImagVolume_a3_n": 0.05093085240913948,
    "WLHImagVolume_a4_n": 0.0005618786036927353,
    "WLHImagSurface_W0_p": 0.837507733949915,
    "WLHImagSurface_W1_p": 0.035875626303987586,
    "WLHImagSurface_W2_p": 0.7812829812227525,
    "WLHImagSurface_W3_p": 0.1316008883531586,
    "WLHImagSurface_r0_p": 0.9098201084386541,
    "WLHImagSurface_r1_p": 0.3853668314500583,
    "WLHImagSurface_r2_p": 0.002521717832215313,
    "WLHImagSurface_a0_p": 0.748458711533731,
    "WLHImagSurface_W0_n": 1.9322723387056528,
    "WLHImagSurface_W1_n": 0.03499256586817485,
    "WLHImagSurface_W2_n": 2.9180176493320675,
    "WLHImagSurface_W3_n": 0.12173613684321838,
    "WLHImagSurface_r0_n": 1.2934510906616663,
    "WLHImagSurface_r1_n": 1.4057562012554703,
    "WLHImagSurface_r2_n": 0.004373667933220579,
    "WLHImagSurface_a0_n": 0.820563659465673,
    "WLHRealSpinOrbit_V0_p": 9.417501396947326,
    "WLHRealSpinOrbit_V1_p": 0.008541952418966213,
    "WLHRealSpinOrbit_r0_p": 1.2985206901839554,
    "WLHRealSpinOrbit_r1_p": 0.9043962485430526,
    "WLHRealSpinOrbit_a0_p": 0.8200648663676865,
    "WLHRealSpinOrbit_a1_p": 0.00034523674108620587,
    "WLHRealSpinOrbit_V0_n": 9.69073777882033,
    "WLHRealSpinOrbit_V1_n": 0.008090580656244307,
    "WLHRealSpinOrbit_r0_n": 1.228061141188531,
    "WLHRealSpinOrbit_r1_n": 0.7922873624963523,
    "WLHRealSpinOrbit_a0_n": 0.7626219641629067,
    "WLHRealSpinOrbit_a1_n": 0.0003564493276830223
}