{
    "WLHReal_V0_p": 58.684235481754186,
    "WLHReal_V1_p": 0.32220046524065893,
    "WLHReal_V2_p": 0.0005415978606530417,
    "WLHReal_V3_p": -2.3313828624039442e-07,
    "WLHReal_V4_p": 14.573341459258998,
    "WLHReal_V5_p": 0.14228629877336282,
    "WLHReal_V6_p": 0.00015682105872906642,
    "WLHReal_r0_p": 1.233494192779619,
    "WLHReal_r1_p": 0.3073266632714643,
    "WLHReal_r2_p": 0.0006944354530988169,
    "WLHReal_r3_p": 2.839221481274664e-06,
    "WLHReal_a0_p": 0.7607282929639118,
    "WLHReal_a1_p": 0.00031910972050581705,
    "WLHReal_a2_p": 1.218291886085642e-07,
    "WLHReal_a3_p": 0.1272126275551979,
    "WLHReal_a4_p": 0.6266716514155704,
    "WLHReal_V0_n": 45.7413628988226,
    "WLHReal_V1_n": 0.2554492341284234,
    "WLHReal_V2_n": -0.0012140340858222097,
    "WLHReal_V3_n": 6.879574134879077e-06,
    "WLHReal_V4_n": 19.277514192589848,
    "WLHReal_V5_n": 0.34608765255268364,
    "WLHReal_V6_n": 0.0017767068665640938,
    "WLHReal_r0_n": 1.4356872136551597,
    "WLHReal_r1_n": 0.43449076182787494,
    "WLHReal_r2_n": 0.001300471088373468,
    "WLHReal_r3_n": 1.56146298321167e-05,
    "WLHReal_a0_n": 0.7801722566620344,
    "WLHReal_a1_n": 0.0016159414763663965,
    "WLHReal_a2_n": 2.089815834862727e-05,
    "WLHReal_a3_n": 0.29476407617688544,
    "WLHReal_a4_n": 0.9703910284524367,
    "WLHImagVolume_W0_p": 3.763741237600018,
    "WLHImagVolume_W1_p": 0.28394446436074167,
    "WLHImagVolume_W2_p": 0.00041898545969392195,
    "WLHImagVolume_W3_p": 15.134189229371398,
    "WLHImagVolume_W4_p": 0.0813238167394586,
    "WLHImagVolume_r0_p": 0.5903813183698642,
    "WLHImagVolume_r1_p": 44.42179412663058,
    "WLHImagVolume_r2_p": 0.5875478162086442,
    "WLHImagVolume_r3_p": 54.73963972067713,
    "WLHImagVolume_r4_p": 0.7300522559798492,
    "WLHImagVolume_r5_p": 2.168613311160767e-06,
    "WLHImagVolume_a0_p": 0.5358972832597366,
    "WLHImagVolume_a1_p": 0.2556197687507692,
    "WLHImagVolume_a2_p": 11.955642731379196,
    "WLHImagVolume_a3_p": 0.4213650065379465,
    "WLHImagVolume_a4_p": 0.002276859296245644,
    "WLHImagVolume_W0_n": 2.6760884191695586,
    "WLHImagVolume_W1_n": 0.2369212714907973,
    "WLHImagVolume_W2_n": 0.0008625336756049584,
    "WLHImagVolume_W3_n": 6.947443661469964,
    "WLHImagVolume_W4_n": -0.020867997368489637,
    "WLHImagVolume_r0_n": 0.3986987361604793,
    "WLHImagVolume_r1_n": 134.36734527896334,
    "WLHImagVolume_r2_n": 1.0173155529780502,
    "WLHImagVolume_r3_n": 129.9255127809849,
    "WLHImagVolume_r4_n": 0.6820154308158515,
    "WLHImagVolume_r5_n": 4.867633249095974e-06,
    "WLHImagVolume_a0_n": 0.2814487766599724,
    "WLHImagVolume_a1_n": 0.5880960084411923,
    "WLHImagVolume_a2_n": 5.363919238782676,
    "WLHImagVolume_a3_n": 0.10188799265786594,
    "WLHImagVolume_a4_n": 0.0005351673368401649,
    "WLHImagSurface_W0_p": 1.015034460551843,
    "WLHImagSurface_W1_p": 0.038823861912038855,
    "WLHImagSurface_W2_p": 1.0614381863067939,
    "WLHImagSurface_W3_p": 0.13740824916204275,
    "WLHImagSurface_r0_p": 1.03521537313354,
    "WLHImagSurface_r1_p": 0.9499620728193665,
    "WLHImagSurface_r2_p": 0.00790038732239886,
    "WLHImagSurface_a0_p": 0.7057418097344046,
    "WLHImagSurface_W0_n": 1.6562675493192978,
    "WLHImagSurface_W1_n": 0.07159968757989171,
    "WLHImagSurface_W2_n": 3.770075784156606,
    "WLHImagSurface_W3_n": 0.28359608751080934,
    "WLHImagSurface_r0_n": 1.3950725626833258,
    "WLHImagSurface_r1_n": 1.8070278811795384,
    "WLHImagSurface_r2_n": 0.0013591069691269808,
    "WLHImagSurface_a0_n": 0.9081564221615701,
    "WLHRealSpinOrbit_V0_p": 10.418878696139343,
    "WLHRealSpinOrbit_V1_p": 0.00857393318756705,
    "WLHRealSpinOrbit_r0_p": 1.1950535865653835,
    "WLHRealSpinOrbit_r1_p": 0.7588228687546595,
    "WLHRealSpinOrbit_a0_p": 0.7486891408294607,
    "WLHRealSpinOrbit_a1_p": 0.0003298301265471656,
    "WLHRealSpinOrbit_V0_n": 8.031747533092279,
    "WLHRealSpinOrbit_V1_n": 0.008003917873658173,
    "WLHRealSpinOrbit_r0_n": 1.405079133821876,
    "WLHRealSpinOrbit_r1_n": 1.0263315865100684,
    "WLHRealSpinOrbit_a0_n": 0.8802215634918512,
    "WLHRealSpinOrbit_a1_n": 0.00040656609116221853
}