{
    "WLHReal_V0_p": 57.01744830075369,
    "WLHReal_V1_p": 0.3433052977678167,
    "WLHReal_V2_p": 0.00016503622321563824,
    "WLHReal_V3_p": 1.5978262681390146e-06,
    "WLHReal_V4_p": 12.141742429483918,
    "WLHReal_V5_p": 0.14844618886020916,
    "WLHReal_V6_p": 0.0002747573165921311,
    "WLHReal_r0_p": 1.2996977798902367,
    "WLHReal_r1_p": 0.3641010448517402,
    "WLHReal_r2_p": 0.0008111818057425045,
    "WLHReal_r3_p": 4.649861132147393e-06,
    "WLHReal_a0_p": 0.7871977448745905,
    "WLHReal_a1_p": 0.0002583735919565437,
    "WLHReal_a2_p": 2.8285980877033934e-06,
    "WLHReal_a3_p": 0.1090594936885565,
    "WLHReal_a4_p": 0.6467733756796588,
    "WLHReal_V0_n": 59.569780654647786,
    "WLHReal_V1_n": 0.3073716321392081,
    "WLHReal_V2_n": 0.0006757716598123334,
    "WLHReal_V3_n": -1.1637449041444177e-06,
    "WLHReal_V4_n": 22.60085146575745,
    "WLHReal_V5_n": 0.2301637639680667,
    "WLHReal_V6_n": 0.00030555191941301235,
    "WLHReal_r0_n": 1.1900506442174803,
    "WLHReal_r1_n": 0.2861757270986785,
    "WLHReal_r2_n": 0.00035306279645815823,
    "WLHReal_r3_n": -6.612130464975758e-07,
    "WLHReal_a0_n": 0.7002810216523545,
    "WLHReal_a1_n": -0.00011659325740406888,
    "WLHReal_a2_n": -3.659196852703802e-06,
    "WLHReal_a3_n": 0.1914793521421148,
    "WLHReal_a4_n": 0.6278472944048583,
    "WLHImagVolume_W0_p": 4.673349185284313,
    "WLHImagVolume_W1_p": 0.31098350882427095,
    "WLHImagVolume_W2_p": 0.000697859766402014,
    "WLHImagVolume_W3_p": 14.942931273904883,
    "WLHImagVolume_W4_p": 0.0929574102089723,
    "WLHImagVolume_r0_p": 0.4523267991750286,
    "WLHImagVolume_r1_p": 67.94324710868301,
    "WLHImagVolume_r2_p": 0.7954451228276372,
    "WLHImagVolume_r3_p": 73.91060428791232,
    "WLHImagVolume_r4_p": 0.5238024909146972,
    "WLHImagVolume_r5_p": 1.3485478172079483e-06,
    "WLHImagVolume_a0_p": 0.5465539723571854,
    "WLHImagVolume_a1_p": 0.30003193255993327,
    "WLHImagVolume_a2_p": 16.41050410497794,
    "WLHImagVolume_a3_p": 0.41433979731769527,
    "WLHImagVolume_a4_p": 0.0022884241317671842,
    "WLHImagVolume_W0_n": 2.777075104475315,
    "WLHImagVolume_W1_n": 0.2797966598657346,
    "WLHImagVolume_W2_n": 0.00020559976803280152,
    "WLHImagVolume_W3_n": 9.87362935345451,
    "WLHImagVolume_W4_n": 0.07737258312040328,
    "WLHImagVolume_r0_n": 0.672575110545444,
    "WLHImagVolume_r1_n": 30.780549292853074,
    "WLHImagVolume_r2_n": 0.5122102177400403,
    "WLHImagVolume_r3_n": 45.96508363196526,
    "WLHImagVolume_r4_n": 1.1368814213755365,
    "WLHImagVolume_r5_n": 2.4900883498854934e-06,
    "WLHImagVolume_a0_n": 0.20271696348433926,
    "WLHImagVolume_a1_n": 0.5999677444094415,
    "WLHImagVolume_a2_n": 8.647910094676295,
    "WLHImagVolume_a3_n": 0.028724426558699525,
    "WLHImagVolume_a4_n": 0.0009967351351676348,
    "WLHImagSurface_W0_p": 1.1032773723231195,
    "WLHImagSurface_W1_p": 0.05773640738257896,
    "WLHImagSurface_W2_p": 1.217358994663505,
    "WLHImagSurface_W3_p": 0.21309541032408114,
    "WLHImagSurface_r0_p": 1.062097506847787,
    "WLHImagSurface_r1_p": 0.8301871110125829,
    "WLHImagSurface_r2_p": 0.005244310863489265,
    "WLHImagSurface_a0_p": 0.8094901260237503,
    "WLHImagSurface_W0_n": 1.6748285795857492,
    "WLHImagSurface_W1_n": 0.010962042333597145,
    "WLHImagSurface_W2_n": 1.6263189332423207,
    "WLHImagSurface_W3_n": 0.026983983838213627,
    "WLHImagSurface_r0_n": 1.195892003620246,
    "WLHImagSurface_r1_n": 1.1904244804820363,
    "WLHImagSurface_r2_n": 0.0048725120963525334,
    "WLHImagSurface_a0_n": 0.7947503880351001,
    "WLHRealSpinOrbit_V0_p": 9.592908903988633,
    "WLHRealSpinOrbit_V1_p": 0.008285629664150057,
    "WLHRealSpinOrbit_r0_p": 1.249476410047135,
    "WLHRealSpinOrbit_r1_p": 0.8394167488693619,
    "WLHRealSpinOrbit_a0_p": 0.7839488876492725,
    "WLHRealSpinOrbit_a1_p": 0.0003296814825934229,
    "WLHRealSpinOrbit_V0_n": 10.907281234782792,
    "WLHRealSpinOrbit_V1_n": 0.008819749805793349,
    "WLHRealSpinOrbit_r0_n": 1.1676490027235213,
    "WLHRealSpinOrbit_r1_n": 0.7235214695825756,
    "WLHRealSpinOrbit_a0_n": 0.7334125274831033,
    "WLHRealSpinOrbit_a1_n": 0.00032026813987608865
}