{
    "WLHReal_V0_p": 52.452156798679226,
    "WLHReal_V1_p": 0.3307636884351865,
    "WLHReal_V2_p": -0.0003343882119982107,
    "WLHReal_V3_p": 3.367294998864728e-06,
    "WLHReal_V4_p": 10.678095763207155,
    "WLHReal_V5_p": 0.1262875713504914,
    "WLHReal_V6_p": 0.00037058627145417555,
    "WLHReal_r0_p": 1.3430577575646894,
    "WLHReal_r1_p": 0.29593105507774137,
    "WLHReal_r2_p": 0.0010058567392443722,
    "WLHReal_r3_p": 9.058441964625783e-06,
    "WLHReal_a0_p": 0.7986139183617145,
    "WLHReal_a1_p": 1.871527131246948e-05,
    "WLHReal_a2_p": 8.171534817736687e-06,
    "WLHReal_a3_p": 0.04291377259301188,
    "WLHReal_a4_p": 0.6159099194724198,
    "WLHReal_V0_n": 56.46365176616595,
    "WLHReal_V1_n": 0.28028626999962236,
    "WLHReal_V2_n": 0.00042260491128468544,
    "WLHReal_V3_n": -7.464432160983861e-07,
    "WLHReal_V4_n": 22.495605939191698,
    "WLHReal_V5_n": 0.24034314549687802,
    "WLHReal_V6_n": 0.0004506235839923597,
    "WLHReal_r0_n": 1.2303817415162053,
    "WLHReal_r1_n": 0.314718631916476,
    "WLHReal_r2_n": 0.00042724152569347147,
    "WLHReal_r3_n": 9.486384950194869e-07,
    "WLHReal_a0_n": 0.7073058243671573,
    "WLHReal_a1_n": 8.578377772597518e-05,
    "WLHReal_a2_n": -7.793019283997086e-07,
    "WLHReal_a3_n": 0.2033003647589139,
    "WLHReal_a4_n": 0.6377619106739583,
    "WLHImagVolume_W0_p": 4.961797129715503,
    "WLHImagVolume_W1_p": 0.24705978118307387,
    "WLHImagVolume_W2_p": 0.0006116134645694723,
    "WLHImagVolume_W3_p": 12.013450927091103,
    "WLHImagVolume_W4_p": 0.08161558102894795,
    "WLHImagVolume_r0_p": 0.5215175518989783,
    "WLHImagVolume_r1_p": 72.85568878239334,
    "WLHImagVolume_r2_p": 0.794735207869641,
    "WLHImagVolume_r3_p": 82.80193089766158,
    "WLHImagVolume_r4_p": 0.468958208995619,
    "WLHImagVolume_r5_p": 1.2757821068278517e-06,
    "WLHImagVolume_a0_p": 0.5534071368021428,
    "WLHImagVolume_a1_p": 0.32183254125103317,
    "WLHImagVolume_a2_p": 19.402176819325582,
    "WLHImagVolume_a3_p": 0.3935776322871969,
    "WLHImagVolume_a4_p": 0.0021441580124538506,
    "WLHImagVolume_W0_n": 2.3030190267454054,
    "WLHImagVolume_W1_n": 0.23937292370714386,
    "WLHImagVolume_W2_n": 0.0001658850937616787,
    "WLHImagVolume_W3_n": 8.538778391908009,
    "WLHImagVolume_W4_n": 0.04674846144063788,
    "WLHImagVolume_r0_n": 0.6342507339141457,
    "WLHImagVolume_r1_n": 45.41120233338743,
    "WLHImagVolume_r2_n": 0.5848505117243639,
    "WLHImagVolume_r3_n": 55.40691386921873,
    "WLHImagVolume_r4_n": 1.0841829297291814,
    "WLHImagVolume_r5_n": 3.4069856885015082e-06,
    "WLHImagVolume_a0_n": 0.2082160672288918,
    "WLHImagVolume_a1_n": 0.6078443610274001,
    "WLHImagVolume_a2_n": 9.519666042691355,
    "WLHImagVolume_a3_n": 0.06537469780323883,
    "WLHImagVolume_a4_n": 0.0011405645042927687,
    "WLHImagSurface_W0_p": 0.9729010697245969,
    "WLHImagSurface_W1_p": 0.04627003158282587,
    "WLHImagSurface_W2_p": 0.5755096132721363,
    "WLHImagSurface_W3_p": 0.15785135201495523,
    "WLHImagSurface_r0_p": 1.0212033194986738,
    "WLHImagSurface_r1_p": 0.36595865669930444,
    "WLHImagSurface_r2_p": 0.002032941000849905,
    "WLHImagSurface_a0_p": 0.917999471486894,
    "WLHImagSurface_W0_n": 1.3797095354365636,
    "WLHImagSurface_W1_n": 0.009146918276470059,
    "WLHImagSurface_W2_n": 1.5538815379026496,
    "WLHImagSurface_W3_n": 0.04111722261849035,
    "WLHImagSurface_r0_n": 1.2251278818537221,
    "WLHImagSurface_r1_n": 1.2072774832749675,
    "WLHImagSurface_r2_n": 0.004248008394328868,
    "WLHImagSurface_a0_n": 0.8137206687658951,
    "WLHRealSpinOrbit_V0_p": 8.980471652473907,
    "WLHRealSpinOrbit_V1_p": 0.008260257484652976,
    "WLHRealSpinOrbit_r0_p": 1.3105357899947034,
    "WLHRealSpinOrbit_r1_p": 0.9275207146937057,
    "WLHRealSpinOrbit_a0_p": 0.8271203889882588,
    "WLHRealSpinOrbit_a1_p": 0.0003393110002170921,
    "WLHRealSpinOrbit_V0_n": 10.461757685267276,
    "WLHRealSpinOrbit_V1_n": 0.008622485997348777,
    "WLHRealSpinOrbit_r0_n": 1.2044248041393046,
    "WLHRealSpinOrbit_r1_n": 0.7579156805575306,
    "WLHRealSpinOrbit_a0_n": 0.7519809912171174,
    "WLHRealSpinOrbit_a1_n": 0.0003534143136654349
}