{
    "WLHReal_V0_p": 45.64701430891789,
    "WLHReal_V1_p": 0.24657562578974232,
    "WLHReal_V2_p": -0.0013178800053144485,
    "WLHReal_V3_p": 5.53444034445593e-06,
    "WLHReal_V4_p": 11.027797720887476,
    "WLHReal_V5_p": 0.1011639425714195,
    "WLHReal_V6_p": 0.0006423437948736904,
    "WLHReal_r0_p": 1.381181002758246,
    "WLHReal_r1_p": 0.15509911123067358,
    "WLHReal_r2_p": 0.0012227328639627729,
    "WLHReal_r3_p": 1.7474576901460633e-05,
    "WLHReal_a0_p": 0.8064908276136035,
    "WLHReal_a1_p": -0.00023120334256798066,
    "WLHReal_a2_p": 1.6595306757056496e-05,
    "WLHReal_a3_p": -0.1071368564935815,
    "WLHReal_a4_p": 0.4753402160980317,
    "WLHReal_V0_n": 51.134186492603675,
    "WLHReal_V1_n": 0.2552655387533855,
    "WLHReal_V2_n": -0.00019482986621629974,
    "WLHReal_V3_n": 2.302356011349644e-06,
    "WLHReal_V4_n": 21.88519476687682,
    "WLHReal_V5_n": 0.2695053072652133,
    "WLHReal_V6_n": 0.0009571380774642824,
    "WLHReal_r0_n": 1.291427582947804,
    "WLHReal_r1_n": 0.2904524506297202,
    "WLHReal_r2_n": 0.000823484625017574,
    "WLHReal_r3_n": 8.142459090276265e-06,
    "WLHReal_a0_n": 0.7329332684910832,
    "WLHReal_a1_n": 0.0007731586365345766,
    "WLHReal_a2_n": 8.893508408783419e-06,
    "WLHReal_a3_n": 0.29576953772823955,
    "WLHReal_a4_n": 0.8541871926366663,
    "WLHImagVolume_W0_p": 5.513128469727016,
    "WLHImagVolume_W1_p": 0.12043762687696306,
    "WLHImagVolume_W2_p": -3.590596311922736e-05,
    "WLHImagVolume_W3_p": 5.446988978082531,
    "WLHImagVolume_W4_p": 0.06753891023054688,
    "WLHImagVolume_r0_p": 0.998513214590985,
    "WLHImagVolume_r1_p": 22.25891615578267,
    "WLHImagVolume_r2_p": 0.3816511288456018,
    "WLHImagVolume_r3_p": 47.84342994832141,
    "WLHImagVolume_r4_p": 0.758364238775793,
    "WLHImagVolume_r5_p": 8.569601454712071e-07,
    "WLHImagVolume_a0_p": 0.633585588183573,
    "WLHImagVolume_a1_p": 0.2382418829524671,
    "WLHImagVolume_a2_p": 13.566064148307067,
    "WLHImagVolume_a3_p": 0.45195663238304484,
    "WLHImagVolume_a4_p": 0.0032381063519399934,
    "WLHImagVolume_W0_n": 2.204016767889342,
    "WLHImagVolume_W1_n": 0.18498590343543853,
    "WLHImagVolume_W2_n": 0.0002154057604673377,
    "WLHImagVolume_W3_n": 7.440752762067044,
    "WLHImagVolume_W4_n": -0.003372290342142044,
    "WLHImagVolume_r0_n": 0.5892014499950355,
    "WLHImagVolume_r1_n": 75.22091385285198,
    "WLHImagVolume_r2_n": 0.6901234070927383,
    "WLHImagVolume_r3_n": 79.3457624365065,
    "WLHImagVolume_r4_n": 0.9552002353311259,
    "WLHImagVolume_r5_n": 4.001692899153334e-06,
    "WLHImagVolume_a0_n": 0.22623471279017748,
    "WLHImagVolume_a1_n": 0.5950687153329606,
    "WLHImagVolume_a2_n": 8.956805247535499,
    "WLHImagVolume_a3_n": 0.08715729119498883,
    "WLHImagVolume_a4_n": 0.000823336541716583,
    "WLHImagSurface_W0_p": 0.24698987611966317,
    "WLHImagSurface_W1_p": -0.022215851727331294,
    "WLHImagSurface_W2_p": -1.0133832021257783,
    "WLHImagSurface_W3_p": -0.10671169850355305,
    "WLHImagSurface_r0_p": 0.6716155081002761,
    "WLHImagSurface_r1_p": -0.628489301925913,
    "WLHImagSurface_r2_p": -0.003460722075752623,
    "WLHImagSurface_a0_p": 0.7778175286680366,
    "WLHImagSurface_W0_n": 1.1328232090968253,
    "WLHImagSurface_W1_n": 0.01937090723268091,
    "WLHImagSurface_W2_n": 1.4442382116197932,
    "WLHImagSurface_W3_n": 0.08942511984312723,
    "WLHImagSurface_r0_n": 1.2800926427194503,
    "WLHImagSurface_r1_n": 1.3301740425785251,
    "WLHImagSurface_r2_n": 0.0029573033703824228,
    "WLHImagSurface_a0_n": 0.8522243476555218,
    "WLHRealSpinOrbit_V0_p": 8.981412784530951,
    "WLHRealSpinOrbit_V1_p": 0.009051932919069347,
    "WLHRealSpinOrbit_r0_p": 1.3966406515678498,
    "WLHRealSpinOrbit_r1_p": 1.0482516126296277,
    "WLHRealSpinOrbit_a0_p": 0.8967055010775474,
    "WLHRealSpinOrbit_a1_p": 0.000359717488289942,
    "WLHRealSpinOrbit_V0_n": 9.730751946253129,
    "WLHRealSpinOrbit_V1_n": 0.008520025907015128,
    "WLHRealSpinOrbit_r0_n": 1.274425640670183,
    "WLHRealSpinOrbit_r1_n": 0.8510756833203224,
    "WLHRealSpinOrbit_a0_n": 0.7983688749278928,
    "WLHRealSpinOrbit_a1_n": 0.0003757179876818719
}