{
    "ECS_p": 0.37473,
    "ECS_n": 0.40047,
    "APower_p": 0.865364,
    "APower_n": 0.320424
}