{
    "CH89RealCentral": {
        "V_0": 55.8575,
        "V_t": 17.5569,
        "V_e": -0.377433,
        "r_o": 1.20777,
        "r_o_0": -0.220472,
        "a_0": 0.705401
    },
    "CH89Coulomb": {
        "r_c": 0.950417,
        "r_c_0": 0.244164
    },
    "CH89SpinOrbit": {
        "V_so": 4.76064,
        "r_so": 1.23479,
        "r_so_0": -0.753555,
        "a_so": 0.607965
    },
    "CH89ImagCentral": {
        "W_v0": 10.2503,
        "W_ve0": 39.2311,
        "W_vew": 9.95346,
        "W_s0": 11.4514,
        "W_st": 11.8308,
        "W_se0": 36.389,
        "W_sew": 56.9453,
        "r_w": 1.17998,
        "r_w0": 0.188216,
        "a_w": 0.711316
    }
}