{
    "WLHReal_V0_p": 52.604480417708814,
    "WLHReal_V1_p": 0.30517076378658203,
    "WLHReal_V2_p": 0.00024956880275733015,
    "WLHReal_V3_p": 1.5156931182969248e-06,
    "WLHReal_V4_p": 13.339103355215704,
    "WLHReal_V5_p": 0.1297275675250865,
    "WLHReal_V6_p": 0.00018078911084843378,
    "WLHReal_r0_p": 1.3027703567666142,
    "WLHReal_r1_p": 0.332980260970143,
    "WLHReal_r2_p": 0.0005087146718716388,
    "WLHReal_r3_p": 2.673826490348105e-06,
    "WLHReal_a0_p": 0.7609958394788248,
    "WLHReal_a1_p": 3.872755184099778e-05,
    "WLHReal_a2_p": 2.3999049680741682e-06,
    "WLHReal_a3_p": 0.060345387576955525,
    "WLHReal_a4_p": 0.5004506465929914,
    "WLHReal_V0_n": 50.851336022839234,
    "WLHReal_V1_n": 0.23568135741407872,
    "WLHReal_V2_n": -0.0006069923557559271,
    "WLHReal_V3_n": 3.183266343586168e-06,
    "WLHReal_V4_n": 21.898188732661513,
    "WLHReal_V5_n": 0.2992154072226558,
    "WLHReal_V6_n": 0.0013054573869407417,
    "WLHReal_r0_n": 1.3169820020092113,
    "WLHReal_r1_n": 0.3164878484264361,
    "WLHReal_r2_n": 0.0010137775778186313,
    "WLHReal_r3_n": 1.16404153589732e-05,
    "WLHReal_a0_n": 0.7518376053598971,
    "WLHReal_a1_n": 0.0009614019118017557,
    "WLHReal_a2_n": 1.3110623788929054e-05,
    "WLHReal_a3_n": 0.31738052411465334,
    "WLHReal_a4_n": 0.9278954706698623,
    "WLHImagVolume_W0_p": 3.1914242271589877,
    "WLHImagVolume_W1_p": 0.177077223555343,
    "WLHImagVolume_W2_p": 0.0003754002032645222,
    "WLHImagVolume_W3_p": 10.373763128323153,
    "WLHImagVolume_W4_p": 0.05765376023212308,
    "WLHImagVolume_r0_p": 0.4726335805065703,
    "WLHImagVolume_r1_p": 68.38036875581776,
    "WLHImagVolume_r2_p": 0.7879831102667492,
    "WLHImagVolume_r3_p": 73.10919348400917,
    "WLHImagVolume_r4_p": 0.4434328435212056,
    "WLHImagVolume_r5_p": 9.185526996069831e-07,
    "WLHImagVolume_a0_p": 0.49647848727059385,
    "WLHImagVolume_a1_p": 0.33192169330084675,
    "WLHImagVolume_a2_p": 19.360995016167124,
    "WLHImagVolume_a3_p": 0.3422852075462338,
    "WLHImagVolume_a4_p": 0.001280801719185944,
    "WLHImagVolume_W0_n": 2.8082776430686214,
    "WLHImagVolume_W1_n": 0.21716389622199855,
    "WLHImagVolume_W2_n": 0.00023057034259158296,
    "WLHImagVolume_W3_n": 8.589065470679728,
    "WLHImagVolume_W4_n": -0.008142614597636832,
    "WLHImagVolume_r0_n": 0.6584278705911567,
    "WLHImagVolume_r1_n": 62.665226136124794,
    "WLHImagVolume_r2_n": 0.6441554507652778,
    "WLHImagVolume_r3_n": 78.99059429304323,
    "WLHImagVolume_r4_n": 1.0842708580354135,
    "WLHImagVolume_r5_n": 5.701848433919671e-06,
    "WLHImagVolume_a0_n": 0.2791683969990291,
    "WLHImagVolume_a1_n": 0.5592295004257665,
    "WLHImagVolume_a2_n": 7.353317121443855,
    "WLHImagVolume_a3_n": 0.08711986850669096,
    "WLHImagVolume_a4_n": 0.0010491888603514543,
    "WLHImagSurface_W0_p": 1.4165692723667267,
    "WLHImagSurface_W1_p": 0.08126119453224655,
    "WLHImagSurface_W2_p": 2.1247539869998815,
    "WLHImagSurface_W3_p": 0.2892485526934913,
    "WLHImagSurface_r0_p": 1.1438325325238965,
    "WLHImagSurface_r1_p": 0.6658968638000261,
    "WLHImagSurface_r2_p": 0.006611274312528505,
    "WLHImagSurface_a0_p": 0.8905864199878082,
    "WLHImagSurface_W0_n": 0.9915723577630637,
    "WLHImagSurface_W1_n": 0.02221509069519597,
    "WLHImagSurface_W2_n": 1.220348646862906,
    "WLHImagSurface_W3_n": 0.10244331340244342,
    "WLHImagSurface_r0_n": 1.2612190831596686,
    "WLHImagSurface_r1_n": 1.3752248713785509,
    "WLHImagSurface_r2_n": 0.0022411782270701963,
    "WLHImagSurface_a0_n": 0.8671675299632978,
    "WLHRealSpinOrbit_V0_p": 9.197195190889689,
    "WLHRealSpinOrbit_V1_p": 0.00783880175334473,
    "WLHRealSpinOrbit_r0_p": 1.2628766360897044,
    "WLHRealSpinOrbit_r1_p": 0.8256554923394,
    "WLHRealSpinOrbit_a0_p": 0.7797304557093543,
    "WLHRealSpinOrbit_a1_p": 0.00038707096533432245,
    "WLHRealSpinOrbit_V0_n": 9.820299432687834,
    "WLHRealSpinOrbit_V1_n": 0.008896225952239111,
    "WLHRealSpinOrbit_r0_n": 1.3022874163029738,
    "WLHRealSpinOrbit_r1_n": 0.8961812957561484,
    "WLHRealSpinOrbit_a0_n": 0.8234399783444657,
    "WLHRealSpinOrbit_a1_n": 0.000370242598916167
}