{
    "ECS_p": 0.306183,
    "ECS_n": 0.336296,
    "APower_p": 0.680225,
    "APower_n": 0.448116
}