{
    "ECS_p": 0.366429,
    "ECS_n": 0.345012,
    "APower_p": 0.632756,
    "APower_n": 0.692314
}