{
    "WLHReal_V0_p": 48.5140753103309,
    "WLHReal_V1_p": 0.29911759084474254,
    "WLHReal_V2_p": -0.0014404301282640122,
    "WLHReal_V3_p": 6.899646607967503e-06,
    "WLHReal_V4_p": 8.534250290542483,
    "WLHReal_V5_p": 0.12928927754000447,
    "WLHReal_V6_p": 0.0007437451940342245,
    "WLHReal_r0_p": 1.4286462381813558,
    "WLHReal_r1_p": 0.2777104606770671,
    "WLHReal_r2_p": 0.0013628420222594794,
    "WLHReal_r3_p": 1.750572839497818e-05,
    "WLHReal_a0_p": 0.8406011583234687,
    "WLHReal_a1_p": -6.332139586843121e-05,
    "WLHReal_a2_p": 1.635559700555614e-05,
    "WLHReal_a3_p": -0.06133820489881925,
    "WLHReal_a4_p": 0.5859338476766165,
    "WLHReal_V0_n": 52.88819015335509,
    "WLHReal_V1_n": 0.3152329161940785,
    "WLHReal_V2_n": -0.0003389123569686998,
    "WLHReal_V3_n": 3.7006042870632172e-06,
    "WLHReal_V4_n": 19.620853779610155,
    "WLHReal_V5_n": 0.30358666792447125,
    "WLHReal_V6_n": 0.0011225379690352564,
    "WLHReal_r0_n": 1.3431754231210917,
    "WLHReal_r1_n": 0.41718557001991186,
    "WLHReal_r2_n": 0.0008642701781883095,
    "WLHReal_r3_n": 7.178945052191965e-06,
    "WLHReal_a0_n": 0.7472428320566104,
    "WLHReal_a1_n": 0.0008521194578433356,
    "WLHReal_a2_n": 8.772981587379975e-06,
    "WLHReal_a3_n": 0.20239104006431033,
    "WLHReal_a4_n": 0.7719156141612292,
    "WLHImagVolume_W0_p": 6.961497694378575,
    "WLHImagVolume_W1_p": 0.2496126931884589,
    "WLHImagVolume_W2_p": 0.0005057753122894481,
    "WLHImagVolume_W3_p": 9.166821199471647,
    "WLHImagVolume_W4_p": 0.10230985389854189,
    "WLHImagVolume_r0_p": 0.7632363122131322,
    "WLHImagVolume_r1_p": 49.72870492997865,
    "WLHImagVolume_r2_p": 0.649405070203053,
    "WLHImagVolume_r3_p": 67.71076427614261,
    "WLHImagVolume_r4_p": 0.5674870102453206,
    "WLHImagVolume_r5_p": 9.032304756750242e-07,
    "WLHImagVolume_a0_p": 0.6568447543639611,
    "WLHImagVolume_a1_p": 0.26968725517924497,
    "WLHImagVolume_a2_p": 16.213262147123057,
    "WLHImagVolume_a3_p": 0.48059371960253155,
    "WLHImagVolume_a4_p": 0.0036648933122988636,
    "WLHImagVolume_W0_n": 3.007568692730348,
    "WLHImagVolume_W1_n": 0.3098660787398281,
    "WLHImagVolume_W2_n": 0.0009166295326364779,
    "WLHImagVolume_W3_n": 8.62250760965114,
    "WLHImagVolume_W4_n": 0.05182090975641824,
    "WLHImagVolume_r0_n": 0.42273319287269373,
    "WLHImagVolume_r1_n": 107.49190329823688,
    "WLHImagVolume_r2_n": 0.9088850565000344,
    "WLHImagVolume_r3_n": 106.03586501033976,
    "WLHImagVolume_r4_n": 0.7446683085742428,
    "WLHImagVolume_r5_n": 2.6926459821780683e-06,
    "WLHImagVolume_a0_n": 0.23822378533287392,
    "WLHImagVolume_a1_n": 0.6069488476545789,
    "WLHImagVolume_a2_n": 5.33549628894662,
    "WLHImagVolume_a3_n": 0.04519977085421522,
    "WLHImagVolume_a4_n": 0.0004564105976638238,
    "WLHImagSurface_W0_p": 0.3372389705887322,
    "WLHImagSurface_W1_p": 0.0002464162031759684,
    "WLHImagSurface_W2_p": -0.7661845724468725,
    "WLHImagSurface_W3_p": -0.005159233745874278,
    "WLHImagSurface_r0_p": 0.7152916759463617,
    "WLHImagSurface_r1_p": -0.377515056829771,
    "WLHImagSurface_r2_p": -0.004926209890426362,
    "WLHImagSurface_a0_p": 0.8145179760082989,
    "WLHImagSurface_W0_n": 2.2930911250233703,
    "WLHImagSurface_W1_n": 0.0690205029032605,
    "WLHImagSurface_W2_n": 4.243484247327989,
    "WLHImagSurface_W3_n": 0.2412326171258962,
    "WLHImagSurface_r0_n": 1.341117749161603,
    "WLHImagSurface_r1_n": 1.713403119845776,
    "WLHImagSurface_r2_n": 0.0032666268291995765,
    "WLHImagSurface_a0_n": 0.8549910316874506,
    "WLHRealSpinOrbit_V0_p": 8.539663198522174,
    "WLHRealSpinOrbit_V1_p": 0.008869417552886269,
    "WLHRealSpinOrbit_r0_p": 1.4137681743669186,
    "WLHRealSpinOrbit_r1_p": 1.089429620678421,
    "WLHRealSpinOrbit_a0_p": 0.9102909997028656,
    "WLHRealSpinOrbit_a1_p": 0.00032909657364350495,
    "WLHRealSpinOrbit_V0_n": 8.887012482844051,
    "WLHRealSpinOrbit_V1_n": 0.008060604701540306,
    "WLHRealSpinOrbit_r0_n": 1.3077992310666404,
    "WLHRealSpinOrbit_r1_n": 0.9093926594374897,
    "WLHRealSpinOrbit_a0_n": 0.8184947937132131,
    "WLHRealSpinOrbit_a1_n": 0.00035740385114341547
}