{
    "WLHReal_V0_p": 56.752465086457015,
    "WLHReal_V1_p": 0.34012033047983276,
    "WLHReal_V2_p": 0.00015700767769182008,
    "WLHReal_V3_p": 2.0719435863094024e-06,
    "WLHReal_V4_p": 12.066034899462938,
    "WLHReal_V5_p": 0.1605425894788735,
    "WLHReal_V6_p": 0.0002983986377079269,
    "WLHReal_r0_p": 1.3210911528477507,
    "WLHReal_r1_p": 0.4282568870598874,
    "WLHReal_r2_p": 0.0006594316808844665,
    "WLHReal_r3_p": 2.453375139657481e-06,
    "WLHReal_a0_p": 0.7891570060978726,
    "WLHReal_a1_p": 0.00028991821794492124,
    "WLHReal_a2_p": 1.5071580501237886e-06,
    "WLHReal_a3_p": 0.10588622734434894,
    "WLHReal_a4_p": 0.6073456822228045,
    "WLHReal_V0_n": 53.64871332782922,
    "WLHReal_V1_n": 0.29744027955599,
    "WLHReal_V2_n": -0.00010581083389399288,
    "WLHReal_V3_n": 2.6900700498220327e-06,
    "WLHReal_V4_n": 20.42097291716053,
    "WLHReal_V5_n": 0.2858461740413072,
    "WLHReal_V6_n": 0.000872237763334528,
    "WLHReal_r0_n": 1.3241623321520242,
    "WLHReal_r1_n": 0.4312951756276694,
    "WLHReal_r2_n": 0.0006518250086367297,
    "WLHReal_r3_n": 3.268462037329746e-06,
    "WLHReal_a0_n": 0.7331051368090243,
    "WLHReal_a1_n": 0.0005372252815666141,
    "WLHReal_a2_n": 4.20694440843373e-06,
    "WLHReal_a3_n": 0.1689625210490417,
    "WLHReal_a4_n": 0.6519752486962007,
    "WLHImagVolume_W0_p": 4.664081594800745,
    "WLHImagVolume_W1_p": 0.3127179412183674,
    "WLHImagVolume_W2_p": 0.0007425509073872294,
    "WLHImagVolume_W3_p": 14.37703458026022,
    "WLHImagVolume_W4_p": 0.09571150594659421,
    "WLHImagVolume_r0_p": 0.3841601601010317,
    "WLHImagVolume_r1_p": 72.34105831529473,
    "WLHImagVolume_r2_p": 0.8745879264742272,
    "WLHImagVolume_r3_p": 74.01229466523527,
    "WLHImagVolume_r4_p": 0.4376703279921288,
    "WLHImagVolume_r5_p": 1.2174993865038238e-06,
    "WLHImagVolume_a0_p": 0.5449449069699255,
    "WLHImagVolume_a1_p": 0.311448316950194,
    "WLHImagVolume_a2_p": 17.24424672573802,
    "WLHImagVolume_a3_p": 0.4107296030894681,
    "WLHImagVolume_a4_p": 0.0022473020069450397,
    "WLHImagVolume_W0_n": 2.5478220167962418,
    "WLHImagVolume_W1_n": 0.28964500277151617,
    "WLHImagVolume_W2_n": 0.0007064790116844463,
    "WLHImagVolume_W3_n": 8.091120035035559,
    "WLHImagVolume_W4_n": 0.04975981029764977,
    "WLHImagVolume_r0_n": 0.4593652661292228,
    "WLHImagVolume_r1_n": 91.85372798571156,
    "WLHImagVolume_r2_n": 0.8487754954558557,
    "WLHImagVolume_r3_n": 91.78689707415909,
    "WLHImagVolume_r4_n": 0.838020996283384,
    "WLHImagVolume_r5_n": 3.0004492544566764e-06,
    "WLHImagVolume_a0_n": 0.2296567399835516,
    "WLHImagVolume_a1_n": 0.6183272494757016,
    "WLHImagVolume_a2_n": 7.115429620044764,
    "WLHImagVolume_a3_n": 0.06850414516512052,
    "WLHImagVolume_a4_n": 0.0008708267906786944,
    "WLHImagSurface_W0_p": 1.2652395013586646,
    "WLHImagSurface_W1_p": 0.07811035148366642,
    "WLHImagSurface_W2_p": 1.9349945846986598,
    "WLHImagSurface_W3_p": 0.29772516121374204,
    "WLHImagSurface_r0_p": 1.0832117362438125,
    "WLHImagSurface_r1_p": 0.8916237863637078,
    "WLHImagSurface_r2_p": 0.005475821572203282,
    "WLHImagSurface_a0_p": 0.7992038092025588,
    "WLHImagSurface_W0_n": 1.9792124909078752,
    "WLHImagSurface_W1_n": 0.05041956317954141,
    "WLHImagSurface_W2_n": 3.6732044885187847,
    "WLHImagSurface_W3_n": 0.18871371270298481,
    "WLHImagSurface_r0_n": 1.313926912934671,
    "WLHImagSurface_r1_n": 1.5654514081475521,
    "WLHImagSurface_r2_n": 0.0035548093758360263,
    "WLHImagSurface_a0_n": 0.8439428525534128,
    "WLHRealSpinOrbit_V0_p": 9.34254248096928,
    "WLHRealSpinOrbit_V1_p": 0.00806732633357463,
    "WLHRealSpinOrbit_r0_p": 1.2594598709378297,
    "WLHRealSpinOrbit_r1_p": 0.8422761792207394,
    "WLHRealSpinOrbit_a0_p": 0.7850237666753274,
    "WLHRealSpinOrbit_a1_p": 0.00034649494409348636,
    "WLHRealSpinOrbit_V0_n": 9.204336671232253,
    "WLHRealSpinOrbit_V1_n": 0.008079245128364327,
    "WLHRealSpinOrbit_r0_n": 1.2837089864960436,
    "WLHRealSpinOrbit_r1_n": 0.863028980990249,
    "WLHRealSpinOrbit_a0_n": 0.7984987105314824,
    "WLHRealSpinOrbit_a1_n": 0.00037312305171641923
}