{
    "CH89RealCentral": {
        "V_0": 57.3114,
        "V_t": 21.208,
        "V_e": -0.402096,
        "r_o": 1.19617,
        "r_o_0": -0.173913,
        "a_0": 0.705771
    },
    "CH89Coulomb": {
        "r_c": 1.16946,
        "r_c_0": 0.226281
    },
    "CH89SpinOrbit": {
        "V_so": 5.906,
        "r_so": 1.36118,
        "r_so_0": -1.5217,
        "a_so": 0.580773
    },
    "CH89ImagCentral": {
        "W_v0": 9.6539,
        "W_ve0": 14.1204,
        "W_vew": 8.47928,
        "W_s0": 6.06981,
        "W_st": 18.5777,
        "W_se0": 52.971,
        "W_sew": 25.6866,
        "r_w": 1.19697,
        "r_w0": 0.0282517,
        "a_w": 0.636131
    }
}