{
    "WLHReal_V0_p": 51.59084890193758,
    "WLHReal_V1_p": 0.3287251458638346,
    "WLHReal_V2_p": -7.40282184211798e-05,
    "WLHReal_V3_p": 2.7864340986653663e-06,
    "WLHReal_V4_p": 11.403366696834764,
    "WLHReal_V5_p": 0.10891305983074907,
    "WLHReal_V6_p": 0.00023697485518279213,
    "WLHReal_r0_p": 1.315402368266568,
    "WLHReal_r1_p": 0.24379802480384888,
    "WLHReal_r2_p": 0.000933992885606836,
    "WLHReal_r3_p": 8.189854281539676e-06,
    "WLHReal_a0_p": 0.7797539532302932,
    "WLHReal_a1_p": -8.535765946033922e-05,
    "WLHReal_a2_p": 7.427252668741604e-06,
    "WLHReal_a3_p": 0.04876289464190721,
    "WLHReal_a4_p": 0.5985008088342827,
    "WLHReal_V0_n": 56.31762599859463,
    "WLHReal_V1_n": 0.3062397822424302,
    "WLHReal_V2_n": -0.0004381522096726111,
    "WLHReal_V3_n": 3.3926477061840674e-06,
    "WLHReal_V4_n": 20.65214701599593,
    "WLHReal_V5_n": 0.3133980832105942,
    "WLHReal_V6_n": 0.0012878884985257312,
    "WLHReal_r0_n": 1.298243632167384,
    "WLHReal_r1_n": 0.3626242905176753,
    "WLHReal_r2_n": 0.000979970944025208,
    "WLHReal_r3_n": 9.395207379527065e-06,
    "WLHReal_a0_n": 0.7553751938793808,
    "WLHReal_a1_n": 0.0007638272462086961,
    "WLHReal_a2_n": 1.1091280984097007e-05,
    "WLHReal_a3_n": 0.24667831979730595,
    "WLHReal_a4_n": 0.8780970678319642,
    "WLHImagVolume_W0_p": 3.999199409822007,
    "WLHImagVolume_W1_p": 0.194108502814548,
    "WLHImagVolume_W2_p": 0.0005110143314170802,
    "WLHImagVolume_W3_p": 11.280937338611075,
    "WLHImagVolume_W4_p": 0.061470234791499975,
    "WLHImagVolume_r0_p": 0.5048390777148402,
    "WLHImagVolume_r1_p": 78.68990561473355,
    "WLHImagVolume_r2_p": 0.7941167325067771,
    "WLHImagVolume_r3_p": 88.9880473806881,
    "WLHImagVolume_r4_p": 0.45114576219672914,
    "WLHImagVolume_r5_p": 2.2231941097431243e-07,
    "WLHImagVolume_a0_p": 0.5100370068780801,
    "WLHImagVolume_a1_p": 0.34515765104502505,
    "WLHImagVolume_a2_p": 21.38618442052757,
    "WLHImagVolume_a3_p": 0.3442887634458855,
    "WLHImagVolume_a4_p": 0.0013878006339481518,
    "WLHImagVolume_W0_n": 4.132106744586414,
    "WLHImagVolume_W1_n": 0.3608944194914457,
    "WLHImagVolume_W2_n": 0.000725095958953464,
    "WLHImagVolume_W3_n": 11.514848612371715,
    "WLHImagVolume_W4_n": 0.06875743115631285,
    "WLHImagVolume_r0_n": 0.6275531211140036,
    "WLHImagVolume_r1_n": 58.39739878028697,
    "WLHImagVolume_r2_n": 0.6644697210415436,
    "WLHImagVolume_r3_n": 81.82624563648936,
    "WLHImagVolume_r4_n": 1.0633845669494024,
    "WLHImagVolume_r5_n": 3.966108958531449e-06,
    "WLHImagVolume_a0_n": 0.29246259996221957,
    "WLHImagVolume_a1_n": 0.5464340707908956,
    "WLHImagVolume_a2_n": 3.470615513388195,
    "WLHImagVolume_a3_n": 0.009286353149107952,
    "WLHImagVolume_a4_n": 0.0006849637709284328,
    "WLHImagSurface_W0_p": 1.1404788626239313,
    "WLHImagSurface_W1_p": 0.05355331524938274,
    "WLHImagSurface_W2_p": 0.7191576073426372,
    "WLHImagSurface_W3_p": 0.1718293164035328,
    "WLHImagSurface_r0_p": 1.1175779351119906,
    "WLHImagSurface_r1_p": 0.41563415847835117,
    "WLHImagSurface_r2_p": 0.0037419729383606857,
    "WLHImagSurface_a0_p": 1.0007754543544467,
    "WLHImagSurface_W0_n": 2.094045017748529,
    "WLHImagSurface_W1_n": 0.05618880774944697,
    "WLHImagSurface_W2_n": 3.0061267212271297,
    "WLHImagSurface_W3_n": 0.1795742792441354,
    "WLHImagSurface_r0_n": 1.252255494416458,
    "WLHImagSurface_r1_n": 1.5994735320663371,
    "WLHImagSurface_r2_n": 0.003144932509532274,
    "WLHImagSurface_a0_n": 0.8455176610868099,
    "WLHRealSpinOrbit_V0_p": 9.009505620391785,
    "WLHRealSpinOrbit_V1_p": 0.008060933306665335,
    "WLHRealSpinOrbit_r0_p": 1.2902854998845192,
    "WLHRealSpinOrbit_r1_p": 0.8912298476946525,
    "WLHRealSpinOrbit_a0_p": 0.8090572508952186,
    "WLHRealSpinOrbit_a1_p": 0.0003512482679298906,
    "WLHRealSpinOrbit_V0_n": 9.95660017086289,
    "WLHRealSpinOrbit_V1_n": 0.008986025298808141,
    "WLHRealSpinOrbit_r0_n": 1.2775375291626612,
    "WLHRealSpinOrbit_r1_n": 0.8943633964331213,
    "WLHRealSpinOrbit_a0_n": 0.8156565666123708,
    "WLHRealSpinOrbit_a1_n": 0.0003095591546930607
}