{
    "WLHReal_V0_p": 51.25969602661588,
    "WLHReal_V1_p": 0.3155406450845938,
    "WLHReal_V2_p": -0.00031223035657056597,
    "WLHReal_V3_p": 3.747052197900906e-06,
    "WLHReal_V4_p": 11.030182929583129,
    "WLHReal_V5_p": 0.13870468111195788,
    "WLHReal_V6_p": 0.00037905216441403556,
    "WLHReal_r0_p": 1.3684093077082136,
    "WLHReal_r1_p": 0.3726707153000087,
    "WLHReal_r2_p": 0.0007266147497224121,
    "WLHReal_r3_p": 5.866469756814652e-06,
    "WLHReal_a0_p": 0.7940288687084556,
    "WLHReal_a1_p": 2.1703770787370635e-05,
    "WLHReal_a2_p": 6.341109832973585e-06,
    "WLHReal_a3_p": 0.028100999445868028,
    "WLHReal_a4_p": 0.5278387937639123,
    "WLHReal_V0_n": 52.93168703804309,
    "WLHReal_V1_n": 0.2892364220102079,
    "WLHReal_V2_n": -0.00038043764797340363,
    "WLHReal_V3_n": 3.285132043814732e-06,
    "WLHReal_V4_n": 20.549385134713695,
    "WLHReal_V5_n": 0.29994098847240136,
    "WLHReal_V6_n": 0.001150340663994465,
    "WLHReal_r0_n": 1.3248524951248104,
    "WLHReal_r1_n": 0.3800331109116572,
    "WLHReal_r2_n": 0.0008882220602856219,
    "WLHReal_r3_n": 8.321732812424526e-06,
    "WLHReal_a0_n": 0.7469850754886589,
    "WLHReal_a1_n": 0.0008195067738741605,
    "WLHReal_a2_n": 1.003945616822393e-05,
    "WLHReal_a3_n": 0.23717526858226715,
    "WLHReal_a4_n": 0.8139295706752944,
    "WLHImagVolume_W0_p": 4.588544362260562,
    "WLHImagVolume_W1_p": 0.21895223888100876,
    "WLHImagVolume_W2_p": 0.0005757480638587723,
    "WLHImagVolume_W3_p": 10.237169218136467,
    "WLHImagVolume_W4_p": 0.07735915817552491,
    "WLHImagVolume_r0_p": 0.4501537891299935,
    "WLHImagVolume_r1_p": 76.1328635844446,
    "WLHImagVolume_r2_p": 0.8787873394595158,
    "WLHImagVolume_r3_p": 80.45265597604472,
    "WLHImagVolume_r4_p": 0.3557958160094872,
    "WLHImagVolume_r5_p": 2.9519573390657664e-07,
    "WLHImagVolume_a0_p": 0.5418435530088702,
    "WLHImagVolume_a1_p": 0.33862230649191843,
    "WLHImagVolume_a2_p": 20.643317469278642,
    "WLHImagVolume_a3_p": 0.3761736917787706,
    "WLHImagVolume_a4_p": 0.0019090081874416844,
    "WLHImagVolume_W0_n": 3.028929503036318,
    "WLHImagVolume_W1_n": 0.2862465108525096,
    "WLHImagVolume_W2_n": 0.0006583142746020417,
    "WLHImagVolume_W3_n": 8.924770338024604,
    "WLHImagVolume_W4_n": 0.03685257759935863,
    "WLHImagVolume_r0_n": 0.5241975635233934,
    "WLHImagVolume_r1_n": 85.46045159174926,
    "WLHImagVolume_r2_n": 0.7886001275105208,
    "WLHImagVolume_r3_n": 92.56198066665564,
    "WLHImagVolume_r4_n": 0.8984029335220087,
    "WLHImagVolume_r5_n": 3.830064116083662e-06,
    "WLHImagVolume_a0_n": 0.25464120081745645,
    "WLHImagVolume_a1_n": 0.5871116085183448,
    "WLHImagVolume_a2_n": 5.959056871963199,
    "WLHImagVolume_a3_n": 0.05508493189684633,
    "WLHImagVolume_a4_n": 0.0007086809081673824,
    "WLHImagSurface_W0_p": 1.2412031136230177,
    "WLHImagSurface_W1_p": 0.0766242360191402,
    "WLHImagSurface_W2_p": 1.720326729895318,
    "WLHImagSurface_W3_p": 0.28036269673427927,
    "WLHImagSurface_r0_p": 1.0583552648775234,
    "WLHImagSurface_r1_p": 0.4145486285432341,
    "WLHImagSurface_r2_p": 0.0027712737245818575,
    "WLHImagSurface_a0_p": 0.9074118753921934,
    "WLHImagSurface_W0_n": 1.8477976618557703,
    "WLHImagSurface_W1_n": 0.05076661739708224,
    "WLHImagSurface_W2_n": 3.1070211302842092,
    "WLHImagSurface_W3_n": 0.18362992987703092,
    "WLHImagSurface_r0_n": 1.3015572324433915,
    "WLHImagSurface_r1_n": 1.5752397974506125,
    "WLHImagSurface_r2_n": 0.003022782364432542,
    "WLHImagSurface_a0_n": 0.8548768214377378,
    "WLHRealSpinOrbit_V0_p": 8.626369772312595,
    "WLHRealSpinOrbit_V1_p": 0.007906229646061962,
    "WLHRealSpinOrbit_r0_p": 1.3237132316735045,
    "WLHRealSpinOrbit_r1_p": 0.9236237264098934,
    "WLHRealSpinOrbit_a0_p": 0.8258016609438421,
    "WLHRealSpinOrbit_a1_p": 0.0003749954964554849,
    "WLHRealSpinOrbit_V0_n": 9.360480175990944,
    "WLHRealSpinOrbit_V1_n": 0.008429249677098398,
    "WLHRealSpinOrbit_r0_n": 1.2969584017733142,
    "WLHRealSpinOrbit_r1_n": 0.8947822179130444,
    "WLHRealSpinOrbit_a0_n": 0.8155743840725482,
    "WLHRealSpinOrbit_a1_n": 0.00035618613755722606
}