{
    "WLHReal_V0_p": 54.27832378197273,
    "WLHReal_V1_p": 0.3143329595348855,
    "WLHReal_V2_p": -0.0006188599934817899,
    "WLHReal_V3_p": 4.2200126202943065e-06,
    "WLHReal_V4_p": 10.93783320553349,
    "WLHReal_V5_p": 0.15201588961428278,
    "WLHReal_V6_p": 0.0005461198254781526,
    "WLHReal_r0_p": 1.3570001802107738,
    "WLHReal_r1_p": 0.35140578980352405,
    "WLHReal_r2_p": 0.001037453067252696,
    "WLHReal_r3_p": 1.042612610732386e-05,
    "WLHReal_a0_p": 0.8150424943772773,
    "WLHReal_a1_p": 0.00021446297395152642,
    "WLHReal_a2_p": 8.463864839266218e-06,
    "WLHReal_a3_p": 0.03170337802848123,
    "WLHReal_a4_p": 0.6130836620693982,
    "WLHReal_V0_n": 54.60244395541101,
    "WLHReal_V1_n": 0.321499766128654,
    "WLHReal_V2_n": 0.00018674082353623337,
    "WLHReal_V3_n": 1.9186008630263465e-06,
    "WLHReal_V4_n": 20.05776454450531,
    "WLHReal_V5_n": 0.27077720104378067,
    "WLHReal_V6_n": 0.0006263149320162255,
    "WLHReal_r0_n": 1.3141015315464404,
    "WLHReal_r1_n": 0.4478590535020549,
    "WLHReal_r2_n": 0.0004863304274693921,
    "WLHReal_r3_n": 1.1271213218475313e-06,
    "WLHReal_a0_n": 0.7209995874906477,
    "WLHReal_a1_n": 0.00035168147711108546,
    "WLHReal_a2_n": 3.9888058186925176e-07,
    "WLHReal_a3_n": 0.1239486240178147,
    "WLHReal_a4_n": 0.5563582132010824,
    "WLHImagVolume_W0_p": 6.050394752917698,
    "WLHImagVolume_W1_p": 0.308923915671438,
    "WLHImagVolume_W2_p": 0.0005718751046025804,
    "WLHImagVolume_W3_p": 12.701592148536673,
    "WLHImagVolume_W4_p": 0.10746062342014086,
    "WLHImagVolume_r0_p": 0.6532025647767279,
    "WLHImagVolume_r1_p": 46.272854040126084,
    "WLHImagVolume_r2_p": 0.6574396596758638,
    "WLHImagVolume_r3_p": 58.49445146517906,
    "WLHImagVolume_r4_p": 0.6245510972563336,
    "WLHImagVolume_r5_p": 1.582426322948904e-06,
    "WLHImagVolume_a0_p": 0.6245286955688075,
    "WLHImagVolume_a1_p": 0.2529356964680098,
    "WLHImagVolume_a2_p": 13.207775615223367,
    "WLHImagVolume_a3_p": 0.48285362787257724,
    "WLHImagVolume_a4_p": 0.0034617705783923968,
    "WLHImagVolume_W0_n": 2.28069967955319,
    "WLHImagVolume_W1_n": 0.2973122599673316,
    "WLHImagVolume_W2_n": 0.0008202273499845771,
    "WLHImagVolume_W3_n": 7.6045973144758925,
    "WLHImagVolume_W4_n": 0.0673613544388744,
    "WLHImagVolume_r0_n": 0.3862399877727438,
    "WLHImagVolume_r1_n": 103.05062811571463,
    "WLHImagVolume_r2_n": 0.912652935635364,
    "WLHImagVolume_r3_n": 94.59857742389002,
    "WLHImagVolume_r4_n": 0.7311159741755446,
    "WLHImagVolume_r5_n": 2.126899086951876e-06,
    "WLHImagVolume_a0_n": 0.19711979652573225,
    "WLHImagVolume_a1_n": 0.6459691097970297,
    "WLHImagVolume_a2_n": 7.615766485305487,
    "WLHImagVolume_a3_n": 0.061938396491897425,
    "WLHImagVolume_a4_n": 0.0007325633925232588,
    "WLHImagSurface_W0_p": 0.6230957151947534,
    "WLHImagSurface_W1_p": 0.02216665298921306,
    "WLHImagSurface_W2_p": 0.2803147979267405,
    "WLHImagSurface_W3_p": 0.08784931769025389,
    "WLHImagSurface_r0_p": 0.8236316591610092,
    "WLHImagSurface_r1_p": 0.2914966312201821,
    "WLHImagSurface_r2_p": 0.0004168587100970497,
    "WLHImagSurface_a0_p": 0.7065011870452063,
    "WLHImagSurface_W0_n": 2.291204677945758,
    "WLHImagSurface_W1_n": 0.05639053314856461,
    "WLHImagSurface_W2_n": 4.363826737640801,
    "WLHImagSurface_W3_n": 0.20427014949492972,
    "WLHImagSurface_r0_n": 1.332544488913698,
    "WLHImagSurface_r1_n": 1.5943991316905837,
    "WLHImagSurface_r2_n": 0.004181330451622815,
    "WLHImagSurface_a0_n": 0.8316036631694196,
    "WLHRealSpinOrbit_V0_p": 9.368782923882927,
    "WLHRealSpinOrbit_V1_p": 0.008774439431685982,
    "WLHRealSpinOrbit_r0_p": 1.3204766095316527,
    "WLHRealSpinOrbit_r1_p": 0.9494918620933355,
    "WLHRealSpinOrbit_a0_p": 0.8416039801213755,
    "WLHRealSpinOrbit_a1_p": 0.0003249106286251527,
    "WLHRealSpinOrbit_V0_n": 9.042224270453746,
    "WLHRealSpinOrbit_V1_n": 0.007746831594469195,
    "WLHRealSpinOrbit_r0_n": 1.26668106119981,
    "WLHRealSpinOrbit_r1_n": 0.8360739289799212,
    "WLHRealSpinOrbit_a0_n": 0.7819327927067908,
    "WLHRealSpinOrbit_a1_n": 0.00037388588956092635
}