{
    "ECS_p": 0.244783,
    "ECS_n": 0.512122,
    "APower_p": 0.711965,
    "APower_n": 0.462602
}