{
    "WLHReal_V0_p": 48.352502731759564,
    "WLHReal_V1_p": 0.29354627218762946,
    "WLHReal_V2_p": -0.0012805063299360852,
    "WLHReal_V3_p": 6.416632848982585e-06,
    "WLHReal_V4_p": 9.16771838844019,
    "WLHReal_V5_p": 0.12811898306922764,
    "WLHReal_V6_p": 0.0006857269715020286,
    "WLHReal_r0_p": 1.418297420169343,
    "WLHReal_r1_p": 0.28267028967727076,
    "WLHReal_r2_p": 0.0012370053884052554,
    "WLHReal_r3_p": 1.5605992857161927e-05,
    "WLHReal_a0_p": 0.8301116406417458,
    "WLHReal_a1_p": -7.570328643650615e-05,
    "WLHReal_a2_p": 1.4333134490021025e-05,
    "WLHReal_a3_p": -0.05719698745420132,
    "WLHReal_a4_p": 0.5560653414121504,
    "WLHReal_V0_n": 48.93083979767238,
    "WLHReal_V1_n": 0.2797247492634513,
    "WLHReal_V2_n": -0.0013187213387369152,
    "WLHReal_V3_n": 6.68367444043024e-06,
    "WLHReal_V4_n": 19.59514050404288,
    "WLHReal_V5_n": 0.3562030935896465,
    "WLHReal_V6_n": 0.002032416016773113,
    "WLHReal_r0_n": 1.383170265568995,
    "WLHReal_r1_n": 0.318457911338041,
    "WLHReal_r2_n": 0.0015782408020427396,
    "WLHReal_r3_n": 2.0237540480211614e-05,
    "WLHReal_a0_n": 0.7933962719898195,
    "WLHReal_a1_n": 0.00178750904996043,
    "WLHReal_a2_n": 2.607562128650522e-05,
    "WLHReal_a3_n": 0.3846738332942599,
    "WLHReal_a4_n": 1.2121500031865005,
    "WLHImagVolume_W0_p": 6.441291727066929,
    "WLHImagVolume_W1_p": 0.2265789220152764,
    "WLHImagVolume_W2_p": 0.00044757150722365936,
    "WLHImagVolume_W3_p": 8.65305967650168,
    "WLHImagVolume_W4_p": 0.09428097782302297,
    "WLHImagVolume_r0_p": 0.7422645490926615,
    "WLHImagVolume_r1_p": 50.549238316394415,
    "WLHImagVolume_r2_p": 0.657808218889038,
    "WLHImagVolume_r3_p": 67.07993163173845,
    "WLHImagVolume_r4_p": 0.5487048596179609,
    "WLHImagVolume_r5_p": 7.159330293859598e-07,
    "WLHImagVolume_a0_p": 0.6375608999267688,
    "WLHImagVolume_a1_p": 0.27745729925007273,
    "WLHImagVolume_a2_p": 16.685999632839113,
    "WLHImagVolume_a3_p": 0.4610324633305823,
    "WLHImagVolume_a4_p": 0.0033518899248874004,
    "WLHImagVolume_W0_n": 4.128618118702997,
    "WLHImagVolume_W1_n": 0.29118478207336285,
    "WLHImagVolume_W2_n": 0.000851709817082341,
    "WLHImagVolume_W3_n": 10.178797439277515,
    "WLHImagVolume_W4_n": 0.001852155573239419,
    "WLHImagVolume_r0_n": 0.554817681798907,
    "WLHImagVolume_r1_n": 103.79254326002051,
    "WLHImagVolume_r2_n": 0.8230445903329777,
    "WLHImagVolume_r3_n": 118.37494738296282,
    "WLHImagVolume_r4_n": 0.854282247589756,
    "WLHImagVolume_r5_n": 5.381358896699583e-06,
    "WLHImagVolume_a0_n": 0.3161496541985251,
    "WLHImagVolume_a1_n": 0.5265506182392803,
    "WLHImagVolume_a2_n": 2.2124554628933772,
    "WLHImagVolume_a3_n": 0.029739081300721122,
    "WLHImagVolume_a4_n": 9.341990164534722e-05,
    "WLHImagSurface_W0_p": 0.47324094113406673,
    "WLHImagSurface_W1_p": 0.010769617383223469,
    "WLHImagSurface_W2_p": -0.3573796290226483,
    "WLHImagSurface_W3_p": 0.03280080780489143,
    "WLHImagSurface_r0_p": 0.7596345414518656,
    "WLHImagSurface_r1_p": -0.3030663308742619,
    "WLHImagSurface_r2_p": -0.003701291309854053,
    "WLHImagSurface_a0_p": 0.8238711800798152,
    "WLHImagSurface_W0_n": 1.8662992543417727,
    "WLHImagSurface_W1_n": 0.07545894250598104,
    "WLHImagSurface_W2_n": 3.011081424962278,
    "WLHImagSurface_W3_n": 0.2588523970204151,
    "WLHImagSurface_r0_n": 1.3349507889956658,
    "WLHImagSurface_r1_n": 1.8065781214131684,
    "WLHImagSurface_r2_n": 0.001355675703917027,
    "WLHImagSurface_a0_n": 0.8998665232081292,
    "WLHRealSpinOrbit_V0_p": 8.556213734180952,
    "WLHRealSpinOrbit_V1_p": 0.00872428367254598,
    "WLHRealSpinOrbit_r0_p": 1.4020191200609349,
    "WLHRealSpinOrbit_r1_p": 1.0634652384240575,
    "WLHRealSpinOrbit_a0_p": 0.8979482638268947,
    "WLHRealSpinOrbit_a1_p": 0.0003428481590482602,
    "WLHRealSpinOrbit_V0_n": 8.886353858134111,
    "WLHRealSpinOrbit_V1_n": 0.008837900412758256,
    "WLHRealSpinOrbit_r0_n": 1.3769334323632798,
    "WLHRealSpinOrbit_r1_n": 1.0316557492029577,
    "WLHRealSpinOrbit_a0_n": 0.8828940080791834,
    "WLHRealSpinOrbit_a1_n": 0.0003334579346007043
}