{
    "WLHReal_V0_p": 51.95637808536343,
    "WLHReal_V1_p": 0.28786009393238937,
    "WLHReal_V2_p": -0.0006853596337313198,
    "WLHReal_V3_p": 3.836139147049655e-06,
    "WLHReal_V4_p": 11.620335373058438,
    "WLHReal_V5_p": 0.14156310996250743,
    "WLHReal_V6_p": 0.0005381643648794161,
    "WLHReal_r0_p": 1.3574509956054186,
    "WLHReal_r1_p": 0.3171633953095294,
    "WLHReal_r2_p": 0.0009481173393128788,
    "WLHReal_r3_p": 1.0175999754878935e-05,
    "WLHReal_a0_p": 0.8044613054738831,
    "WLHReal_a1_p": 0.00010827403335681941,
    "WLHReal_a2_p": 8.951985750624827e-06,
    "WLHReal_a3_p": -0.0037864113194184534,
    "WLHReal_a4_p": 0.5406251128688383,
    "WLHReal_V0_n": 51.91610690394431,
    "WLHReal_V1_n": 0.28474193461944025,
    "WLHReal_V2_n": -0.0007693750186354353,
    "WLHReal_V3_n": 4.028676396353184e-06,
    "WLHReal_V4_n": 20.4633416441451,
    "WLHReal_V5_n": 0.32189552035606056,
    "WLHReal_V6_n": 0.0015479666279221134,
    "WLHReal_r0_n": 1.3316197288054363,
    "WLHReal_r1_n": 0.31846977104442276,
    "WLHReal_r2_n": 0.001222754771706664,
    "WLHReal_r3_n": 1.3922190895534441e-05,
    "WLHReal_a0_n": 0.7673381344220547,
    "WLHReal_a1_n": 0.00123481267452755,
    "WLHReal_a2_n": 1.7514041950953747e-05,
    "WLHReal_a3_n": 0.3246889987422271,
    "WLHReal_a4_n": 1.0343583580022901,
    "WLHImagVolume_W0_p": 5.516182606964916,
    "WLHImagVolume_W1_p": 0.24227314234569472,
    "WLHImagVolume_W2_p": 0.00034788322394182635,
    "WLHImagVolume_W3_p": 10.226540100710118,
    "WLHImagVolume_W4_p": 0.09204213136014555,
    "WLHImagVolume_r0_p": 0.734739960140293,
    "WLHImagVolume_r1_p": 37.76806246509153,
    "WLHImagVolume_r2_p": 0.5828653461612968,
    "WLHImagVolume_r3_p": 51.961618071484295,
    "WLHImagVolume_r4_p": 0.6514361339697674,
    "WLHImagVolume_r5_p": 1.236350303923728e-06,
    "WLHImagVolume_a0_p": 0.6162888778299465,
    "WLHImagVolume_a1_p": 0.24952191504924529,
    "WLHImagVolume_a2_p": 13.110284078623298,
    "WLHImagVolume_a3_p": 0.46544641398059267,
    "WLHImagVolume_a4_p": 0.0032454219562044894,
    "WLHImagVolume_W0_n": 3.730044848601711,
    "WLHImagVolume_W1_n": 0.28962079690855574,
    "WLHImagVolume_W2_n": 0.000665665496588208,
    "WLHImagVolume_W3_n": 10.069964650122957,
    "WLHImagVolume_W4_n": 0.022949553603782112,
    "WLHImagVolume_r0_n": 0.5894122802588677,
    "WLHImagVolume_r1_n": 82.25762556025433,
    "WLHImagVolume_r2_n": 0.7359223948280335,
    "WLHImagVolume_r3_n": 97.49304711545041,
    "WLHImagVolume_r4_n": 0.9440663550256391,
    "WLHImagVolume_r5_n": 4.646969881937598e-06,
    "WLHImagVolume_a0_n": 0.28701648208168973,
    "WLHImagVolume_a1_n": 0.5472845004768258,
    "WLHImagVolume_a2_n": 4.0751480321366484,
    "WLHImagVolume_a3_n": 0.03280751648110854,
    "WLHImagVolume_a4_n": 0.0004092593102855824,
    "WLHImagSurface_W0_p": 0.6323701625261477,
    "WLHImagSurface_W1_p": 0.01999584687370954,
    "WLHImagSurface_W2_p": 0.38415308386326996,
    "WLHImagSurface_W3_p": 0.0740144743973841,
    "WLHImagSurface_r0_p": 0.8046075541225209,
    "WLHImagSurface_r1_p": 0.11303152977100756,
    "WLHImagSurface_r2_p": 0.00041298708789524975,
    "WLHImagSurface_a0_p": 0.7079700398105241,
    "WLHImagSurface_W0_n": 1.7884026183733142,
    "WLHImagSurface_W1_n": 0.05667408826627654,
    "WLHImagSurface_W2_n": 2.6255840310623753,
    "WLHImagSurface_W3_n": 0.19343552195754812,
    "WLHImagSurface_r0_n": 1.2946289253735666,
    "WLHImagSurface_r1_n": 1.6306095379411567,
    "WLHImagSurface_r2_n": 0.002319483677583698,
    "WLHImagSurface_a0_n": 0.8707720406573113,
    "WLHRealSpinOrbit_V0_p": 9.298482448491738,
    "WLHRealSpinOrbit_V1_p": 0.008743188348138486,
    "WLHRealSpinOrbit_r0_p": 1.331880897065427,
    "WLHRealSpinOrbit_r1_p": 0.953476114558712,
    "WLHRealSpinOrbit_a0_p": 0.8461887040480687,
    "WLHRealSpinOrbit_a1_p": 0.0003478357978458955,
    "WLHRealSpinOrbit_V0_n": 9.451479805376756,
    "WLHRealSpinOrbit_V1_n": 0.008833231659063382,
    "WLHRealSpinOrbit_r0_n": 1.319521207146582,
    "WLHRealSpinOrbit_r1_n": 0.9453253818593144,
    "WLHRealSpinOrbit_a0_n": 0.8413442673815836,
    "WLHRealSpinOrbit_a1_n": 0.0003323576017019742
}