{
    "CH89RealCentral": {
        "V_0": 54.5859,
        "V_t": 17.57,
        "V_e": -0.363325,
        "r_o": 1.18715,
        "r_o_0": -0.0744232,
        "a_0": 0.69304
    },
    "CH89Coulomb": {
        "r_c": 1.31049,
        "r_c_0": 0.225966
    },
    "CH89SpinOrbit": {
        "V_so": 5.18153,
        "r_so": 1.09552,
        "r_so_0": -0.173326,
        "a_so": 0.659615
    },
    "CH89ImagCentral": {
        "W_v0": 5.29783,
        "W_ve0": 8.4972,
        "W_vew": 17.8403,
        "W_s0": 8.25441,
        "W_st": 12.7382,
        "W_se0": 60.7677,
        "W_sew": 46.5638,
        "r_w": 1.29254,
        "r_w0": -0.528332,
        "a_w": 0.739196
    }
}