{
    "ECS_p": 0.314535,
    "ECS_n": 0.524481,
    "APower_p": 0.831522,
    "APower_n": 0.582526
}