{
    "CH89RealCentral": {
        "V_0": 56.9586,
        "V_t": 20.5394,
        "V_e": -0.336335,
        "r_o": 1.14001,
        "r_o_0": -0.028418,
        "a_0": 0.738086
    },
    "CH89Coulomb": {
        "r_c": 1.18094,
        "r_c_0": 0.272622
    },
    "CH89SpinOrbit": {
        "V_so": 5.93647,
        "r_so": 1.31985,
        "r_so_0": -1.35069,
        "a_so": 0.624277
    },
    "CH89ImagCentral": {
        "W_v0": 7.04156,
        "W_ve0": -1.42461,
        "W_vew": 17.4754,
        "W_s0": 7.11362,
        "W_st": 28.4018,
        "W_se0": 4.21274,
        "W_sew": 60.1081,
        "r_w": 1.3781,
        "r_w0": -0.551559,
        "a_w": 0.725906
    }
}