{
    "ECS_p": 0.412843,
    "ECS_n": 0.238171,
    "APower_p": 0.762538,
    "APower_n": 0.574744
}