{
    "WLHReal_V0_p": 54.57141506499339,
    "WLHReal_V1_p": 0.28903495005174695,
    "WLHReal_V2_p": -2.687283482323758e-05,
    "WLHReal_V3_p": 1.9031799896081415e-06,
    "WLHReal_V4_p": 13.818136002608236,
    "WLHReal_V5_p": 0.14063015957689345,
    "WLHReal_V6_p": 0.0003281152085573863,
    "WLHReal_r0_p": 1.2905834200970998,
    "WLHReal_r1_p": 0.31023866072104483,
    "WLHReal_r2_p": 0.0007052776364676741,
    "WLHReal_r3_p": 5.836345593894525e-06,
    "WLHReal_a0_p": 0.7736729860805508,
    "WLHReal_a1_p": 0.0001914532391883177,
    "WLHReal_a2_p": 4.103024975155171e-06,
    "WLHReal_a3_p": 0.04955852155633433,
    "WLHReal_a4_p": 0.5354306913409727,
    "WLHReal_V0_n": 52.98941063426456,
    "WLHReal_V1_n": 0.2979250681248522,
    "WLHReal_V2_n": 0.00030353630482604296,
    "WLHReal_V3_n": 1.8829130558160381e-06,
    "WLHReal_V4_n": 20.717325208779556,
    "WLHReal_V5_n": 0.2526169015573431,
    "WLHReal_V6_n": 0.00047296886174281257,
    "WLHReal_r0_n": 1.3069891245497613,
    "WLHReal_r1_n": 0.42367175216431524,
    "WLHReal_r2_n": 0.0003966330051820273,
    "WLHReal_r3_n": -1.893308717976669e-07,
    "WLHReal_a0_n": 0.7109045661176655,
    "WLHReal_a1_n": 0.0002926838607289396,
    "WLHReal_a2_n": -1.338784832458149e-06,
    "WLHReal_a3_n": 0.13726004195172528,
    "WLHReal_a4_n": 0.529059269493124,
    "WLHImagVolume_W0_p": 4.229762808662648,
    "WLHImagVolume_W1_p": 0.23046236388670807,
    "WLHImagVolume_W2_p": 0.0002536785002972535,
    "WLHImagVolume_W3_p": 11.483174116870268,
    "WLHImagVolume_W4_p": 0.07884185170173548,
    "WLHImagVolume_r0_p": 0.6964486233471711,
    "WLHImagVolume_r1_p": 34.922034681161556,
    "WLHImagVolume_r2_p": 0.5447615151701521,
    "WLHImagVolume_r3_p": 47.2269789134141,
    "WLHImagVolume_r4_p": 0.7084814169351553,
    "WLHImagVolume_r5_p": 1.713878051048904e-06,
    "WLHImagVolume_a0_p": 0.5693424095783037,
    "WLHImagVolume_a1_p": 0.24745210377962645,
    "WLHImagVolume_a2_p": 11.998616139678274,
    "WLHImagVolume_a3_p": 0.435387897222313,
    "WLHImagVolume_a4_p": 0.0026419720674543978,
    "WLHImagVolume_W0_n": 1.5467359760596886,
    "WLHImagVolume_W1_n": 0.23210666223202386,
    "WLHImagVolume_W2_n": 0.0005829987402022744,
    "WLHImagVolume_W3_n": 6.161433782449356,
    "WLHImagVolume_W4_n": 0.04103722124576153,
    "WLHImagVolume_r0_n": 0.3906417010285427,
    "WLHImagVolume_r1_n": 103.48420361367846,
    "WLHImagVolume_r2_n": 0.8981365978721113,
    "WLHImagVolume_r3_n": 89.7347677156649,
    "WLHImagVolume_r4_n": 0.7289797278784856,
    "WLHImagVolume_r5_n": 1.9626381192235984e-06,
    "WLHImagVolume_a0_n": 0.17541993085838184,
    "WLHImagVolume_a1_n": 0.6623610299853948,
    "WLHImagVolume_a2_n": 9.859447850817247,
    "WLHImagVolume_a3_n": 0.0939976258709702,
    "WLHImagVolume_a4_n": 0.0008897244547732025,
    "WLHImagSurface_W0_p": 0.8735464300045777,
    "WLHImagSurface_W1_p": 0.03259730667818189,
    "WLHImagSurface_W2_p": 1.0026043743806305,
    "WLHImagSurface_W3_p": 0.11722562331713243,
    "WLHImagSurface_r0_p": 0.9166027134117829,
    "WLHImagSurface_r1_p": 0.5045751015835083,
    "WLHImagSurface_r2_p": 0.004770573162754761,
    "WLHImagSurface_a0_p": 0.6856743323225465,
    "WLHImagSurface_W0_n": 1.8600462458714526,
    "WLHImagSurface_W1_n": 0.03863125240955561,
    "WLHImagSurface_W2_n": 3.6168562526261736,
    "WLHImagSurface_W3_n": 0.15843853871912197,
    "WLHImagSurface_r0_n": 1.3327809426288104,
    "WLHImagSurface_r1_n": 1.4622599706606445,
    "WLHImagSurface_r2_n": 0.004139207527868256,
    "WLHImagSurface_a0_n": 0.8319790846764054,
    "WLHRealSpinOrbit_V0_p": 9.893593980330213,
    "WLHRealSpinOrbit_V1_p": 0.008616359408538879,
    "WLHRealSpinOrbit_r0_p": 1.26120555426911,
    "WLHRealSpinOrbit_r1_p": 0.84302322198246,
    "WLHRealSpinOrbit_a0_p": 0.7927533121225382,
    "WLHRealSpinOrbit_a1_p": 0.0003545698209002721,
    "WLHRealSpinOrbit_V0_n": 9.071134437488555,
    "WLHRealSpinOrbit_V1_n": 0.007631876556344551,
    "WLHRealSpinOrbit_r0_n": 1.2604735284103539,
    "WLHRealSpinOrbit_r1_n": 0.8117540567360064,
    "WLHRealSpinOrbit_a0_n": 0.7723247885728599,
    "WLHRealSpinOrbit_a1_n": 0.0003999945741658896
}