{
    "ECS_p": 0.228198,
    "ECS_n": 0.365393,
    "APower_p": 0.872339,
    "APower_n": 0.293977
}