{
    "WLHReal_V0_p": 47.704718032275764,
    "WLHReal_V1_p": 0.27546275104413137,
    "WLHReal_V2_p": -0.0007521455371988716,
    "WLHReal_V3_p": 4.226963557199052e-06,
    "WLHReal_V4_p": 11.462735628333956,
    "WLHReal_V5_p": 0.10374464846340309,
    "WLHReal_V6_p": 0.00045339378026935245,
    "WLHReal_r0_p": 1.352968396412543,
    "WLHReal_r1_p": 0.1963934471678001,
    "WLHReal_r2_p": 0.001029950568963121,
    "WLHReal_r3_p": 1.2761467667644465e-05,
    "WLHReal_a0_p": 0.7905571239419995,
    "WLHReal_a1_p": -0.00018778525184541303,
    "WLHReal_a2_p": 1.241342024285198e-05,
    "WLHReal_a3_p": -0.04564881743056452,
    "WLHReal_a4_p": 0.5026777872444905,
    "WLHReal_V0_n": 50.269938470902105,
    "WLHReal_V1_n": 0.2761243383100624,
    "WLHReal_V2_n": -0.001013302461290898,
    "WLHReal_V3_n": 5.3092153926027925e-06,
    "WLHReal_V4_n": 19.84274083291901,
    "WLHReal_V5_n": 0.3409444339714271,
    "WLHReal_V6_n": 0.0017016020793294362,
    "WLHReal_r0_n": 1.3787873783742792,
    "WLHReal_r1_n": 0.39049270208978343,
    "WLHReal_r2_n": 0.001265448050274022,
    "WLHReal_r3_n": 1.4792253544656356e-05,
    "WLHReal_a0_n": 0.7766600002440843,
    "WLHReal_a1_n": 0.001362132161177506,
    "WLHReal_a2_n": 1.871624299139298e-05,
    "WLHReal_a3_n": 0.29704962334805507,
    "WLHReal_a4_n": 0.9938943619935616,
    "WLHImagVolume_W0_p": 4.6250170251166525,
    "WLHImagVolume_W1_p": 0.13420042478960706,
    "WLHImagVolume_W2_p": 0.00015058599068065907,
    "WLHImagVolume_W3_p": 7.307364625295868,
    "WLHImagVolume_W4_p": 0.0603177034466324,
    "WLHImagVolume_r0_p": 0.7856348172377531,
    "WLHImagVolume_r1_p": 45.962057796572594,
    "WLHImagVolume_r2_p": 0.559036989421464,
    "WLHImagVolume_r3_p": 64.3787834199948,
    "WLHImagVolume_r4_p": 0.6140945006954018,
    "WLHImagVolume_r5_p": 8.092298703490987e-07,
    "WLHImagVolume_a0_p": 0.5733636694809302,
    "WLHImagVolume_a1_p": 0.2875192071439049,
    "WLHImagVolume_a2_p": 17.179449649629227,
    "WLHImagVolume_a3_p": 0.3964995711586658,
    "WLHImagVolume_a4_p": 0.0023097334005565536,
    "WLHImagVolume_W0_n": 3.6036841743095493,
    "WLHImagVolume_W1_n": 0.2997264356884663,
    "WLHImagVolume_W2_n": 0.0008151752776791763,
    "WLHImagVolume_W3_n": 9.472061464365698,
    "WLHImagVolume_W4_n": 0.016502028577540455,
    "WLHImagVolume_r0_n": 0.5248544825960878,
    "WLHImagVolume_r1_n": 98.1686843202867,
    "WLHImagVolume_r2_n": 0.8416525130593642,
    "WLHImagVolume_r3_n": 109.80263253034505,
    "WLHImagVolume_r4_n": 0.8781291826398464,
    "WLHImagVolume_r5_n": 4.552341231129052e-06,
    "WLHImagVolume_a0_n": 0.3011279554135977,
    "WLHImagVolume_a1_n": 0.5548174467638806,
    "WLHImagVolume_a2_n": 3.7660888415772744,
    "WLHImagVolume_a3_n": 0.053237395759562295,
    "WLHImagVolume_a4_n": 0.0005424645291982149,
    "WLHImagSurface_W0_p": 0.6910761985223498,
    "WLHImagSurface_W1_p": 0.015479479755904687,
    "WLHImagSurface_W2_p": -0.049835144152977295,
    "WLHImagSurface_W3_p": 0.031781883918686527,
    "WLHImagSurface_r0_p": 0.8754313487544604,
    "WLHImagSurface_r1_p": -0.18344517752143513,
    "WLHImagSurface_r2_p": -7.421436317767149e-06,
    "WLHImagSurface_a0_p": 0.8763459137551564,
    "WLHImagSurface_W0_n": 1.8426529055362888,
    "WLHImagSurface_W1_n": 0.06730874426201364,
    "WLHImagSurface_W2_n": 3.3166734593410085,
    "WLHImagSurface_W3_n": 0.24293226802713397,
    "WLHImagSurface_r0_n": 1.3273123642169058,
    "WLHImagSurface_r1_n": 1.7388486806383077,
    "WLHImagSurface_r2_n": 0.0019086664453118432,
    "WLHImagSurface_a0_n": 0.8856516836377191,
    "WLHRealSpinOrbit_V0_p": 8.950671774387244,
    "WLHRealSpinOrbit_V1_p": 0.00855173436871366,
    "WLHRealSpinOrbit_r0_p": 1.3511098924952267,
    "WLHRealSpinOrbit_r1_p": 0.9749483908552752,
    "WLHRealSpinOrbit_a0_p": 0.8566820824296356,
    "WLHRealSpinOrbit_a1_p": 0.00036543606500684546,
    "WLHRealSpinOrbit_V0_n": 8.925710350758653,
    "WLHRealSpinOrbit_V1_n": 0.008591180520170563,
    "WLHRealSpinOrbit_r0_n": 1.3568241990540062,
    "WLHRealSpinOrbit_r1_n": 0.9858286978119324,
    "WLHRealSpinOrbit_a0_n": 0.8608775567118916,
    "WLHRealSpinOrbit_a1_n": 0.0003550245000147275
}