{
    "WLHReal_V0_p": 55.758942978071595,
    "WLHReal_V1_p": 0.27806577376371494,
    "WLHReal_V2_p": 9.978074683756203e-05,
    "WLHReal_V3_p": 8.697321402823246e-07,
    "WLHReal_V4_p": 14.900636655259767,
    "WLHReal_V5_p": 0.14522105962803095,
    "WLHReal_V6_p": 0.0003090412740299833,
    "WLHReal_r0_p": 1.266865958365815,
    "WLHReal_r1_p": 0.30843882856744154,
    "WLHReal_r2_p": 0.0006355099690602492,
    "WLHReal_r3_p": 4.66472618287309e-06,
    "WLHReal_a0_p": 0.7655778006639116,
    "WLHReal_a1_p": 0.00026577672533504486,
    "WLHReal_a2_p": 2.913894995714842e-06,
    "WLHReal_a3_p": 0.05796914805736916,
    "WLHReal_a4_p": 0.5238124745705935,
    "WLHReal_V0_n": 55.05287766440916,
    "WLHReal_V1_n": 0.3289962329414431,
    "WLHReal_V2_n": 0.00042665133126725875,
    "WLHReal_V3_n": 9.735145001843181e-07,
    "WLHReal_V4_n": 20.614450785845683,
    "WLHReal_V5_n": 0.24749143850547484,
    "WLHReal_V6_n": 0.00047198422600583996,
    "WLHReal_r0_n": 1.270182969672168,
    "WLHReal_r1_n": 0.35484758906990277,
    "WLHReal_r2_n": 0.0004771048781389156,
    "WLHReal_r3_n": 5.816181463746885e-07,
    "WLHReal_a0_n": 0.7110414300253848,
    "WLHReal_a1_n": 0.0003250975771500593,
    "WLHReal_a2_n": 2.995862483968618e-08,
    "WLHReal_a3_n": 0.1710581115256819,
    "WLHReal_a4_n": 0.6300322676676583,
    "WLHImagVolume_W0_p": 4.038027183898787,
    "WLHImagVolume_W1_p": 0.23389733322957149,
    "WLHImagVolume_W2_p": 0.00014579010851662908,
    "WLHImagVolume_W3_p": 11.764053331830059,
    "WLHImagVolume_W4_p": 0.07957832643782567,
    "WLHImagVolume_r0_p": 0.7623453469245047,
    "WLHImagVolume_r1_p": 21.234901189963164,
    "WLHImagVolume_r2_p": 0.4477565163621423,
    "WLHImagVolume_r3_p": 34.941045589406656,
    "WLHImagVolume_r4_p": 0.8100614578285819,
    "WLHImagVolume_r5_p": 2.5583250034994313e-06,
    "WLHImagVolume_a0_p": 0.5767789526440043,
    "WLHImagVolume_a1_p": 0.21810388314652215,
    "WLHImagVolume_a2_p": 9.098350585620373,
    "WLHImagVolume_a3_p": 0.454215025119403,
    "WLHImagVolume_a4_p": 0.002866802329397582,
    "WLHImagVolume_W0_n": 2.169592943626915,
    "WLHImagVolume_W1_n": 0.2594915362046792,
    "WLHImagVolume_W2_n": 0.000651735061857794,
    "WLHImagVolume_W3_n": 7.552861802444298,
    "WLHImagVolume_W4_n": 0.06177594384927407,
    "WLHImagVolume_r0_n": 0.42472824524873554,
    "WLHImagVolume_r1_n": 96.93915347733937,
    "WLHImagVolume_r2_n": 0.83701959022917,
    "WLHImagVolume_r3_n": 87.00427660502328,
    "WLHImagVolume_r4_n": 0.732311474746121,
    "WLHImagVolume_r5_n": 1.319449631653251e-06,
    "WLHImagVolume_a0_n": 0.1693437249880585,
    "WLHImagVolume_a1_n": 0.6462646295154234,
    "WLHImagVolume_a2_n": 8.421611332340206,
    "WLHImagVolume_a3_n": 0.04719067253822284,
    "WLHImagVolume_a4_n": 0.0004532511940988427,
    "WLHImagSurface_W0_p": 0.8044675010189178,
    "WLHImagSurface_W1_p": 0.023957115703009714,
    "WLHImagSurface_W2_p": 1.0096235984260202,
    "WLHImagSurface_W3_p": 0.0880657964779177,
    "WLHImagSurface_r0_p": 0.8765645808024858,
    "WLHImagSurface_r1_p": 0.5713455291592321,
    "WLHImagSurface_r2_p": 0.005748819179196032,
    "WLHImagSurface_a0_p": 0.6009449228550476,
    "WLHImagSurface_W0_n": 2.187137717769895,
    "WLHImagSurface_W1_n": 0.045492941933582415,
    "WLHImagSurface_W2_n": 3.6103494024924268,
    "WLHImagSurface_W3_n": 0.15603724430828494,
    "WLHImagSurface_r0_n": 1.3163610112127189,
    "WLHImagSurface_r1_n": 1.4863363401732446,
    "WLHImagSurface_r2_n": 0.004516494404998732,
    "WLHImagSurface_a0_n": 0.8206223474890336,
    "WLHRealSpinOrbit_V0_p": 10.29201697732847,
    "WLHRealSpinOrbit_V1_p": 0.008795071427074724,
    "WLHRealSpinOrbit_r0_p": 1.2391953075143822,
    "WLHRealSpinOrbit_r1_p": 0.8103664453748474,
    "WLHRealSpinOrbit_a0_p": 0.7790392851881114,
    "WLHRealSpinOrbit_a1_p": 0.00035375802038379374,
    "WLHRealSpinOrbit_V0_n": 9.40560422186246,
    "WLHRealSpinOrbit_V1_n": 0.007865226653188447,
    "WLHRealSpinOrbit_r0_n": 1.2350075170239847,
    "WLHRealSpinOrbit_r1_n": 0.8004541225605553,
    "WLHRealSpinOrbit_a0_n": 0.7642634348884656,
    "WLHRealSpinOrbit_a1_n": 0.00035841584549351147
}