{
    "ECS_p": 0.395103,
    "ECS_n": 0.36423,
    "APower_p": 0.713875,
    "APower_n": 0.215483
}