{
    "CH89RealCentral": {
        "V_0": 56.491,
        "V_t": 16.7541,
        "V_e": -0.33624,
        "r_o": 1.1677,
        "r_o_0": -0.179411,
        "a_0": 0.779845
    },
    "CH89Coulomb": {
        "r_c": 1.31924,
        "r_c_0": 0.176773
    },
    "CH89SpinOrbit": {
        "V_so": 5.29981,
        "r_so": 1.21966,
        "r_so_0": -0.794012,
        "a_so": 0.684728
    },
    "CH89ImagCentral": {
        "W_v0": 10.2114,
        "W_ve0": 49.8313,
        "W_vew": 47.404,
        "W_s0": 8.88915,
        "W_st": 31.1803,
        "W_se0": 25.9483,
        "W_sew": 54.2599,
        "r_w": 1.37827,
        "r_w0": -0.67946,
        "a_w": 0.78332
    }
}