{
    "WLHReal_V0_p": 51.86759982815034,
    "WLHReal_V1_p": 0.27725404007165116,
    "WLHReal_V2_p": -0.0005382683163695227,
    "WLHReal_V3_p": 3.228704146976287e-06,
    "WLHReal_V4_p": 12.642677291076266,
    "WLHReal_V5_p": 0.12745106065893003,
    "WLHReal_V6_p": 0.0004640628667370038,
    "WLHReal_r0_p": 1.3219040076543298,
    "WLHReal_r1_p": 0.24837993757490998,
    "WLHReal_r2_p": 0.000962538575048163,
    "WLHReal_r3_p": 1.0749528531722487e-05,
    "WLHReal_a0_p": 0.7898091980033256,
    "WLHReal_a1_p": 6.334255870160559e-05,
    "WLHReal_a2_p": 9.016296325029404e-06,
    "WLHReal_a3_p": -0.0038644295125304234,
    "WLHReal_a4_p": 0.5363778919309975,
    "WLHReal_V0_n": 57.99314576828079,
    "WLHReal_V1_n": 0.31582244495645645,
    "WLHReal_V2_n": 0.0006533489289654969,
    "WLHReal_V3_n": -7.951665996565375e-07,
    "WLHReal_V4_n": 21.797225366804128,
    "WLHReal_V5_n": 0.23359741238151033,
    "WLHReal_V6_n": 0.00028415247408540535,
    "WLHReal_r0_n": 1.2241914786900499,
    "WLHReal_r1_n": 0.33811721951780715,
    "WLHReal_r2_n": 0.00031637099711622613,
    "WLHReal_r3_n": -1.5987163627635937e-06,
    "WLHReal_a0_n": 0.7002506041473073,
    "WLHReal_a1_n": -4.706156904293608e-05,
    "WLHReal_a2_n": -3.754132295218317e-06,
    "WLHReal_a3_n": 0.15653987016150428,
    "WLHReal_a4_n": 0.564710420992901,
    "WLHImagVolume_W0_p": 4.952442902884194,
    "WLHImagVolume_W1_p": 0.20804204683842414,
    "WLHImagVolume_W2_p": 0.00017468176528653848,
    "WLHImagVolume_W3_p": 9.877905632314821,
    "WLHImagVolume_W4_p": 0.07976390728098633,
    "WLHImagVolume_r0_p": 0.8254262091043298,
    "WLHImagVolume_r1_p": 28.03787192647351,
    "WLHImagVolume_r2_p": 0.46479170387976476,
    "WLHImagVolume_r3_p": 46.29008477026707,
    "WLHImagVolume_r4_p": 0.7583185039730157,
    "WLHImagVolume_r5_p": 1.7780730579965956e-06,
    "WLHImagVolume_a0_p": 0.6036229205090193,
    "WLHImagVolume_a1_p": 0.2347993076356169,
    "WLHImagVolume_a2_p": 11.786189286611764,
    "WLHImagVolume_a3_p": 0.45555316216128217,
    "WLHImagVolume_a4_p": 0.0030637827276320294,
    "WLHImagVolume_W0_n": 2.3641466386901433,
    "WLHImagVolume_W1_n": 0.27413170600412085,
    "WLHImagVolume_W2_n": 0.0003925129650456329,
    "WLHImagVolume_W3_n": 8.66337084617001,
    "WLHImagVolume_W4_n": 0.07502922819670745,
    "WLHImagVolume_r0_n": 0.5552986756312752,
    "WLHImagVolume_r1_n": 58.071321735895566,
    "WLHImagVolume_r2_n": 0.6601685655332166,
    "WLHImagVolume_r3_n": 61.476853703118564,
    "WLHImagVolume_r4_n": 0.9672539840921427,
    "WLHImagVolume_r5_n": 2.3471185745665085e-06,
    "WLHImagVolume_a0_n": 0.18415264304396595,
    "WLHImagVolume_a1_n": 0.6283130373849398,
    "WLHImagVolume_a2_n": 8.981777941459779,
    "WLHImagVolume_a3_n": 0.04358630614604772,
    "WLHImagVolume_a4_n": 0.000892358321940582,
    "WLHImagSurface_W0_p": 0.5557549316229555,
    "WLHImagSurface_W1_p": 0.004650738151994661,
    "WLHImagSurface_W2_p": 0.004940941604472671,
    "WLHImagSurface_W3_p": 0.006726929190150027,
    "WLHImagSurface_r0_p": 0.800635287562515,
    "WLHImagSurface_r1_p": 0.0828548533894416,
    "WLHImagSurface_r2_p": 0.0013733193619329645,
    "WLHImagSurface_a0_p": 0.701352418614131,
    "WLHImagSurface_W0_n": 1.8948804313070622,
    "WLHImagSurface_W1_n": 0.02385779188137462,
    "WLHImagSurface_W2_n": 2.5923129262881606,
    "WLHImagSurface_W3_n": 0.07937006979347132,
    "WLHImagSurface_r0_n": 1.2463934066862636,
    "WLHImagSurface_r1_n": 1.3015761222115665,
    "WLHImagSurface_r2_n": 0.004875190156609133,
    "WLHImagSurface_a0_n": 0.8020012628265198,
    "WLHRealSpinOrbit_V0_p": 9.655125689436364,
    "WLHRealSpinOrbit_V1_p": 0.00889556331962339,
    "WLHRealSpinOrbit_r0_p": 1.3097681380739097,
    "WLHRealSpinOrbit_r1_p": 0.9229848061221138,
    "WLHRealSpinOrbit_a0_p": 0.8331510862954489,
    "WLHRealSpinOrbit_a1_p": 0.0003461301773444471,
    "WLHRealSpinOrbit_V0_n": 10.259832053587012,
    "WLHRealSpinOrbit_V1_n": 0.008330575533548752,
    "WLHRealSpinOrbit_r0_n": 1.191516877633303,
    "WLHRealSpinOrbit_r1_n": 0.7442146529361999,
    "WLHRealSpinOrbit_a0_n": 0.7406809532052104,
    "WLHRealSpinOrbit_a1_n": 0.00034293951365538033
}