{
    "WLHReal_V0_p": 49.19816358228415,
    "WLHReal_V1_p": 0.27179546447588393,
    "WLHReal_V2_p": -0.0003295610922048093,
    "WLHReal_V3_p": 2.7709104239631953e-06,
    "WLHReal_V4_p": 13.052614058187952,
    "WLHReal_V5_p": 0.10239907411131459,
    "WLHReal_V6_p": 0.0003174850592308678,
    "WLHReal_r0_p": 1.308266988404197,
    "WLHReal_r1_p": 0.18793418737815662,
    "WLHReal_r2_p": 0.0008570909316853107,
    "WLHReal_r3_p": 9.560155601508637e-06,
    "WLHReal_a0_p": 0.768890581567922,
    "WLHReal_a1_p": -0.0001399450330590398,
    "WLHReal_a2_p": 8.728428475954504e-06,
    "WLHReal_a3_p": -0.015329361596920693,
    "WLHReal_a4_p": 0.4890264932833649,
    "WLHReal_V0_n": 58.69799477849914,
    "WLHReal_V1_n": 0.34709657719191295,
    "WLHReal_V2_n": 0.0005282805112503543,
    "WLHReal_V3_n": 4.219663542552763e-07,
    "WLHReal_V4_n": 20.763971397586786,
    "WLHReal_V5_n": 0.25125595389909317,
    "WLHReal_V6_n": 0.0004455904400611693,
    "WLHReal_r0_n": 1.2409074097873645,
    "WLHReal_r1_n": 0.35952138344377627,
    "WLHReal_r2_n": 0.00043485285669007994,
    "WLHReal_r3_n": -3.671168246941311e-07,
    "WLHReal_a0_n": 0.7109306550013383,
    "WLHReal_a1_n": 0.00011015684617305419,
    "WLHReal_a2_n": -1.9811465373697037e-06,
    "WLHReal_a3_n": 0.14758764757703555,
    "WLHReal_a4_n": 0.6080860910968919,
    "WLHImagVolume_W0_p": 3.7228840650698185,
    "WLHImagVolume_W1_p": 0.11883609169977691,
    "WLHImagVolume_W2_p": 5.242509071299716e-05,
    "WLHImagVolume_W3_p": 7.825043089100635,
    "WLHImagVolume_W4_p": 0.0501271388194381,
    "WLHImagVolume_r0_p": 0.7777998912021704,
    "WLHImagVolume_r1_p": 41.72374751233048,
    "WLHImagVolume_r2_p": 0.516112451428176,
    "WLHImagVolume_r3_p": 59.30597069796736,
    "WLHImagVolume_r4_p": 0.6635830806180465,
    "WLHImagVolume_r5_p": 1.1077566714387172e-06,
    "WLHImagVolume_a0_p": 0.5433069637647385,
    "WLHImagVolume_a1_p": 0.2828313577168924,
    "WLHImagVolume_a2_p": 16.16853770970267,
    "WLHImagVolume_a3_p": 0.377187693662212,
    "WLHImagVolume_a4_p": 0.0019230933043901126,
    "WLHImagVolume_W0_n": 2.950879775868888,
    "WLHImagVolume_W1_n": 0.32855881361810163,
    "WLHImagVolume_W2_n": 0.000707140048166435,
    "WLHImagVolume_W3_n": 9.587568327928995,
    "WLHImagVolume_W4_n": 0.09749066871403186,
    "WLHImagVolume_r0_n": 0.4997484143873818,
    "WLHImagVolume_r1_n": 72.04025576854417,
    "WLHImagVolume_r2_n": 0.7362426065879879,
    "WLHImagVolume_r3_n": 74.57414067499042,
    "WLHImagVolume_r4_n": 0.8731329145583645,
    "WLHImagVolume_r5_n": 1.3508818123986126e-06,
    "WLHImagVolume_a0_n": 0.19235055631335976,
    "WLHImagVolume_a1_n": 0.6226983475173378,
    "WLHImagVolume_a2_n": 6.793208816241268,
    "WLHImagVolume_a3_n": 0.011658819424254181,
    "WLHImagVolume_a4_n": 0.0005399711357577745,
    "WLHImagSurface_W0_p": 0.8390679212418368,
    "WLHImagSurface_W1_p": 0.02243251801136397,
    "WLHImagSurface_W2_p": 0.3601008625481963,
    "WLHImagSurface_W3_p": 0.054962106082637005,
    "WLHImagSurface_r0_p": 0.940162431182747,
    "WLHImagSurface_r1_p": 0.050201844186965994,
    "WLHImagSurface_r2_p": 0.002859349823056868,
    "WLHImagSurface_a0_p": 0.8536195259151103,
    "WLHImagSurface_W0_n": 2.441373010678764,
    "WLHImagSurface_W1_n": 0.04804375851739497,
    "WLHImagSurface_W2_n": 3.6766176557478616,
    "WLHImagSurface_W3_n": 0.14690046410013186,
    "WLHImagSurface_r0_n": 1.2712982338524805,
    "WLHImagSurface_r1_n": 1.484776127921918,
    "WLHImagSurface_r2_n": 0.00491335633436147,
    "WLHImagSurface_a0_n": 0.8052283727930916,
    "WLHRealSpinOrbit_V0_p": 9.359240708217973,
    "WLHRealSpinOrbit_V1_p": 0.008484730281445776,
    "WLHRealSpinOrbit_r0_p": 1.3054574338356453,
    "WLHRealSpinOrbit_r1_p": 0.9020029148568792,
    "WLHRealSpinOrbit_a0_p": 0.8219323996932936,
    "WLHRealSpinOrbit_a1_p": 0.0003729724609669131,
    "WLHRealSpinOrbit_V0_n": 9.951914661668608,
    "WLHRealSpinOrbit_V1_n": 0.008246250565761299,
    "WLHRealSpinOrbit_r0_n": 1.2068331756418624,
    "WLHRealSpinOrbit_r1_n": 0.7795081025864741,
    "WLHRealSpinOrbit_a0_n": 0.7538973355729888,
    "WLHRealSpinOrbit_a1_n": 0.00032243309252146153
}