{
    "WLHReal_V0_p": 56.76148670878434,
    "WLHReal_V1_p": 0.2998781410562686,
    "WLHReal_V2_p": 0.0002792903740130363,
    "WLHReal_V3_p": 1.2090039553616067e-07,
    "WLHReal_V4_p": 14.591262803170395,
    "WLHReal_V5_p": 0.13908449418768423,
    "WLHReal_V6_p": 0.00023462093383461386,
    "WLHReal_r0_p": 1.2510025593940837,
    "WLHReal_r1_p": 0.2901485372426575,
    "WLHReal_r2_p": 0.0007062523542882304,
    "WLHReal_r3_p": 4.635268248195566e-06,
    "WLHReal_a0_p": 0.7636185384026285,
    "WLHReal_a1_p": 0.00025887788169523724,
    "WLHReal_a2_p": 2.208519658295631e-06,
    "WLHReal_a3_p": 0.08682820147102543,
    "WLHReal_a4_p": 0.5783390345224961,
    "WLHReal_V0_n": 53.73068889784685,
    "WLHReal_V1_n": 0.2873751486120723,
    "WLHReal_V2_n": -0.0005361420915829306,
    "WLHReal_V3_n": 2.7809867757531734e-06,
    "WLHReal_V4_n": 20.98321278346854,
    "WLHReal_V5_n": 0.30756884532314993,
    "WLHReal_V6_n": 0.0013605068572253788,
    "WLHReal_r0_n": 1.3005043673945862,
    "WLHReal_r1_n": 0.30402655148225954,
    "WLHReal_r2_n": 0.0010922076991037076,
    "WLHReal_r3_n": 1.1986739364760376e-05,
    "WLHReal_a0_n": 0.7570720815824185,
    "WLHReal_a1_n": 0.000992355416222463,
    "WLHReal_a2_n": 1.4101888656912884e-05,
    "WLHReal_a3_n": 0.30906459327803854,
    "WLHReal_a4_n": 0.9818196355582444,
    "WLHImagVolume_W0_p": 3.9045990828524832,
    "WLHImagVolume_W1_p": 0.2508405741407639,
    "WLHImagVolume_W2_p": 0.0002689357915183224,
    "WLHImagVolume_W3_p": 13.229223451917544,
    "WLHImagVolume_W4_p": 0.07827495743068476,
    "WLHImagVolume_r0_p": 0.6896683808826519,
    "WLHImagVolume_r1_p": 33.40527607476008,
    "WLHImagVolume_r2_p": 0.5097391492315487,
    "WLHImagVolume_r3_p": 46.38865808499502,
    "WLHImagVolume_r4_p": 0.7731079317366629,
    "WLHImagVolume_r5_p": 2.3327050694472336e-06,
    "WLHImagVolume_a0_p": 0.5554190767705057,
    "WLHImagVolume_a1_p": 0.23919714251250176,
    "WLHImagVolume_a2_p": 10.8687374470708,
    "WLHImagVolume_a3_p": 0.4339406920390338,
    "WLHImagVolume_a4_p": 0.0025295502560134585,
    "WLHImagVolume_W0_n": 3.7348044061017056,
    "WLHImagVolume_W1_n": 0.2952436148954831,
    "WLHImagVolume_W2_n": 0.0005574946010378149,
    "WLHImagVolume_W3_n": 10.466621820087422,
    "WLHImagVolume_W4_n": 0.034690233015731195,
    "WLHImagVolume_r0_n": 0.6342066130167204,
    "WLHImagVolume_r1_n": 66.19226130925786,
    "WLHImagVolume_r2_n": 0.661049291917835,
    "WLHImagVolume_r3_n": 85.09467278693043,
    "WLHImagVolume_r4_n": 1.0239654949427914,
    "WLHImagVolume_r5_n": 4.260499441242007e-06,
    "WLHImagVolume_a0_n": 0.2804845990366436,
    "WLHImagVolume_a1_n": 0.5472528710629032,
    "WLHImagVolume_a2_n": 4.579733365014642,
    "WLHImagVolume_a3_n": 0.02659361767682663,
    "WLHImagVolume_a4_n": 0.0005395918068970838,
    "WLHImagSurface_W0_p": 0.881766506494694,
    "WLHImagSurface_W1_p": 0.02785472589915538,
    "WLHImagSurface_W2_p": 0.8716667268128642,
    "WLHImagSurface_W3_p": 0.09650306882971774,
    "WLHImagSurface_r0_p": 0.9539268590274282,
    "WLHImagSurface_r1_p": 0.7073961864279497,
    "WLHImagSurface_r2_p": 0.006509102259302735,
    "WLHImagSurface_a0_p": 0.671390416685326,
    "WLHImagSurface_W0_n": 1.7394493678956906,
    "WLHImagSurface_W1_n": 0.04693724663183392,
    "WLHImagSurface_W2_n": 2.2667247160900277,
    "WLHImagSurface_W3_n": 0.15565096528112735,
    "WLHImagSurface_r0_n": 1.2645558806941082,
    "WLHImagSurface_r1_n": 1.538170773064262,
    "WLHImagSurface_r2_n": 0.002738700163738804,
    "WLHImagSurface_a0_n": 0.856349743705471,
    "WLHRealSpinOrbit_V0_p": 10.320921645275511,
    "WLHRealSpinOrbit_V1_p": 0.008701260873274792,
    "WLHRealSpinOrbit_r0_p": 1.2214883735296287,
    "WLHRealSpinOrbit_r1_p": 0.7924526059225865,
    "WLHRealSpinOrbit_a0_p": 0.7676550828009061,
    "WLHRealSpinOrbit_a1_p": 0.00034041233530803655,
    "WLHRealSpinOrbit_V0_n": 9.860499797292102,
    "WLHRealSpinOrbit_V1_n": 0.008969022197157586,
    "WLHRealSpinOrbit_r0_n": 1.2889477760944674,
    "WLHRealSpinOrbit_r1_n": 0.9051233787396376,
    "WLHRealSpinOrbit_a0_n": 0.8224356626112533,
    "WLHRealSpinOrbit_a1_n": 0.00032308422917123615
}