{
    "WLHReal_V0_p": 50.77055059347738,
    "WLHReal_V1_p": 0.258568150754208,
    "WLHReal_V2_p": 7.219145596852527e-05,
    "WLHReal_V3_p": 1.05628031516798e-06,
    "WLHReal_V4_p": 14.976674261508094,
    "WLHReal_V5_p": 0.10952566572891792,
    "WLHReal_V6_p": 0.00020936143780135707,
    "WLHReal_r0_p": 1.2697588540577205,
    "WLHReal_r1_p": 0.21075479592144225,
    "WLHReal_r2_p": 0.0005917222647368965,
    "WLHReal_r3_p": 5.440538312045415e-06,
    "WLHReal_a0_p": 0.7470243912074986,
    "WLHReal_a1_p": -5.0310949873575355e-05,
    "WLHReal_a2_p": 4.770981446245414e-06,
    "WLHReal_a3_p": 0.00929387425590782,
    "WLHReal_a4_p": 0.44498178264231203,
    "WLHReal_V0_n": 48.74821066645155,
    "WLHReal_V1_n": 0.2983036778531455,
    "WLHReal_V2_n": -0.0013538378944828742,
    "WLHReal_V3_n": 7.3682285915825555e-06,
    "WLHReal_V4_n": 18.665629160470914,
    "WLHReal_V5_n": 0.3660961364753986,
    "WLHReal_V6_n": 0.002050192096096519,
    "WLHReal_r0_n": 1.4122145782577926,
    "WLHReal_r1_n": 0.3800108889072822,
    "WLHReal_r2_n": 0.0015557462907252347,
    "WLHReal_r3_n": 1.938985208783407e-05,
    "WLHReal_a0_n": 0.796316632726949,
    "WLHReal_a1_n": 0.0018144146280940196,
    "WLHReal_a2_n": 2.5530215606920797e-05,
    "WLHReal_a3_n": 0.3393509175603762,
    "WLHReal_a4_n": 1.1491036331671205,
    "WLHImagVolume_W0_p": 2.8445809831988393,
    "WLHImagVolume_W1_p": 0.10427693595355686,
    "WLHImagVolume_W2_p": -8.49389247633803e-05,
    "WLHImagVolume_W3_p": 7.912525095998648,
    "WLHImagVolume_W4_p": 0.04267656783935454,
    "WLHImagVolume_r0_p": 0.7820000952120071,
    "WLHImagVolume_r1_p": 31.792157436327347,
    "WLHImagVolume_r2_p": 0.45928318067794444,
    "WLHImagVolume_r3_p": 47.47284633508564,
    "WLHImagVolume_r4_p": 0.7209237998687537,
    "WLHImagVolume_r5_p": 1.306581830180525e-06,
    "WLHImagVolume_a0_p": 0.5223859742135065,
    "WLHImagVolume_a1_p": 0.2672442805217653,
    "WLHImagVolume_a2_p": 14.059312741110011,
    "WLHImagVolume_a3_p": 0.3698297775282387,
    "WLHImagVolume_a4_p": 0.001711188415384147,
    "WLHImagVolume_W0_n": 4.124021517138692,
    "WLHImagVolume_W1_n": 0.3218930023576676,
    "WLHImagVolume_W2_n": 0.0011144180773013973,
    "WLHImagVolume_W3_n": 9.907543647388863,
    "WLHImagVolume_W4_n": 0.01583686527291349,
    "WLHImagVolume_r0_n": 0.458172763379741,
    "WLHImagVolume_r1_n": 123.84563456194999,
    "WLHImagVolume_r2_n": 0.9467800147974491,
    "WLHImagVolume_r3_n": 131.69233589361633,
    "WLHImagVolume_r4_n": 0.7274000465774588,
    "WLHImagVolume_r5_n": 4.497197855137169e-06,
    "WLHImagVolume_a0_n": 0.31086752800177636,
    "WLHImagVolume_a1_n": 0.5436577378225605,
    "WLHImagVolume_a2_n": 1.5069030401565708,
    "WLHImagVolume_a3_n": 0.027322390216394963,
    "WLHImagVolume_a4_n": -1.3672914549820153e-05,
    "WLHImagSurface_W0_p": 1.0002526695067018,
    "WLHImagSurface_W1_p": 0.033209370220622196,
    "WLHImagSurface_W2_p": 1.0710755565881198,
    "WLHImagSurface_W3_p": 0.09883725389651818,
    "WLHImagSurface_r0_p": 0.9771147640774569,
    "WLHImagSurface_r1_p": 0.2933279996457916,
    "WLHImagSurface_r2_p": 0.0058397991044381176,
    "WLHImagSurface_a0_p": 0.7797448383409783,
    "WLHImagSurface_W0_n": 2.259540722174838,
    "WLHImagSurface_W1_n": 0.09357177528300997,
    "WLHImagSurface_W2_n": 4.184689140574951,
    "WLHImagSurface_W3_n": 0.32082573577549,
    "WLHImagSurface_r0_n": 1.3726722653098382,
    "WLHImagSurface_r1_n": 1.951822952869032,
    "WLHImagSurface_r2_n": 0.0014587849629544224,
    "WLHImagSurface_a0_n": 0.9032252702882348,
    "WLHRealSpinOrbit_V0_p": 9.785904447903324,
    "WLHRealSpinOrbit_V1_p": 0.008421484786596123,
    "WLHRealSpinOrbit_r0_p": 1.2621567549746833,
    "WLHRealSpinOrbit_r1_p": 0.8263769486898764,
    "WLHRealSpinOrbit_a0_p": 0.787071580862016,
    "WLHRealSpinOrbit_a1_p": 0.0003889605178878911,
    "WLHRealSpinOrbit_V0_n": 8.37987324078892,
    "WLHRealSpinOrbit_V1_n": 0.00848877274643659,
    "WLHRealSpinOrbit_r0_n": 1.3955750812203234,
    "WLHRealSpinOrbit_r1_n": 1.0538729408743301,
    "WLHRealSpinOrbit_a0_n": 0.8903980159665824,
    "WLHRealSpinOrbit_a1_n": 0.00034049964052790596
}