{
    "ECS_p": 0.358587,
    "ECS_n": 0.367664,
    "APower_p": 0.828808,
    "APower_n": 0.558386
}