{
    "WLHReal_V0_p": 53.15690847029822,
    "WLHReal_V1_p": 0.32553551231850625,
    "WLHReal_V2_p": -0.0003660406837830753,
    "WLHReal_V3_p": 3.144049250341164e-06,
    "WLHReal_V4_p": 10.838340767847074,
    "WLHReal_V5_p": 0.14248217592278448,
    "WLHReal_V6_p": 0.00042096771552195116,
    "WLHReal_r0_p": 1.356107907904972,
    "WLHReal_r1_p": 0.3567972545795545,
    "WLHReal_r2_p": 0.000899208837917652,
    "WLHReal_r3_p": 7.861737418510843e-06,
    "WLHReal_a0_p": 0.8028787655513175,
    "WLHReal_a1_p": 0.00011039822475101166,
    "WLHReal_a2_p": 6.919428228643879e-06,
    "WLHReal_a3_p": 0.04396243924657334,
    "WLHReal_a4_p": 0.5925193614716223,
    "WLHReal_V0_n": 51.55425342235207,
    "WLHReal_V1_n": 0.30522281488755915,
    "WLHReal_V2_n": -0.0008695525260584052,
    "WLHReal_V3_n": 5.0606243983912836e-06,
    "WLHReal_V4_n": 19.84019296570315,
    "WLHReal_V5_n": 0.329863632952216,
    "WLHReal_V6_n": 0.0016877204690034999,
    "WLHReal_r0_n": 1.337256238063102,
    "WLHReal_r1_n": 0.29167579634176877,
    "WLHReal_r2_n": 0.0013723641746609693,
    "WLHReal_r3_n": 1.6780456333700352e-05,
    "WLHReal_a0_n": 0.7752853090145505,
    "WLHReal_a1_n": 0.0014614211849395637,
    "WLHReal_a2_n": 2.0384953293179157e-05,
    "WLHReal_a3_n": 0.35404940753882636,
    "WLHReal_a4_n": 1.1329448970729843,
    "WLHImagVolume_W0_p": 5.201323223265543,
    "WLHImagVolume_W1_p": 0.26933192354244817,
    "WLHImagVolume_W2_p": 0.0006362568485268733,
    "WLHImagVolume_W3_p": 12.084153282147048,
    "WLHImagVolume_W4_p": 0.09086769306897449,
    "WLHImagVolume_r0_p": 0.5059353299542411,
    "WLHImagVolume_r1_p": 68.3634300266896,
    "WLHImagVolume_r2_p": 0.8094995244943536,
    "WLHImagVolume_r3_p": 75.80802472901671,
    "WLHImagVolume_r4_p": 0.45923442781728074,
    "WLHImagVolume_r5_p": 9.046586652077017e-07,
    "WLHImagVolume_a0_p": 0.5697505095540552,
    "WLHImagVolume_a1_p": 0.30949884405139183,
    "WLHImagVolume_a2_p": 18.076330826649222,
    "WLHImagVolume_a3_p": 0.4157758926035946,
    "WLHImagVolume_a4_p": 0.002464590927965957,
    "WLHImagVolume_W0_n": 4.05687903238647,
    "WLHImagVolume_W1_n": 0.3012276233589397,
    "WLHImagVolume_W2_n": 0.0008287259118651235,
    "WLHImagVolume_W3_n": 10.442894516760411,
    "WLHImagVolume_W4_n": 0.026833764686188404,
    "WLHImagVolume_r0_n": 0.5546214657125431,
    "WLHImagVolume_r1_n": 95.83166104208587,
    "WLHImagVolume_r2_n": 0.7815494167761988,
    "WLHImagVolume_r3_n": 108.3428233803831,
    "WLHImagVolume_r4_n": 0.8496104345761287,
    "WLHImagVolume_r5_n": 4.106169837652266e-06,
    "WLHImagVolume_a0_n": 0.28371956614494426,
    "WLHImagVolume_a1_n": 0.542167652880734,
    "WLHImagVolume_a2_n": 2.805466815648798,
    "WLHImagVolume_a3_n": 0.009063523517823892,
    "WLHImagVolume_a4_n": -1.3886828749459963e-05,
    "WLHImagSurface_W0_p": 0.9989545540819775,
    "WLHImagSurface_W1_p": 0.05411608112057181,
    "WLHImagSurface_W2_p": 1.0162251929196924,
    "WLHImagSurface_W3_p": 0.19876699677338738,
    "WLHImagSurface_r0_p": 0.9880669457691744,
    "WLHImagSurface_r1_p": 0.4279990900848007,
    "WLHImagSurface_r2_p": 0.00206895759170251,
    "WLHImagSurface_a0_p": 0.8476096085164082,
    "WLHImagSurface_W0_n": 2.0854385215553983,
    "WLHImagSurface_W1_n": 0.0711950440869736,
    "WLHImagSurface_W2_n": 3.0745620101965825,
    "WLHImagSurface_W3_n": 0.2307435724830722,
    "WLHImagSurface_r0_n": 1.3170142423614635,
    "WLHImagSurface_r1_n": 1.7387711569702888,
    "WLHImagSurface_r2_n": 0.002248436696886738,
    "WLHImagSurface_a0_n": 0.8757623969475232,
    "WLHRealSpinOrbit_V0_p": 8.97715980816962,
    "WLHRealSpinOrbit_V1_p": 0.008254851710082483,
    "WLHRealSpinOrbit_r0_p": 1.3137683254412469,
    "WLHRealSpinOrbit_r1_p": 0.9267064963633396,
    "WLHRealSpinOrbit_a0_p": 0.8274798242620924,
    "WLHRealSpinOrbit_a1_p": 0.0003457103674702036,
    "WLHRealSpinOrbit_V0_n": 9.232835249828948,
    "WLHRealSpinOrbit_V1_n": 0.008788379867239607,
    "WLHRealSpinOrbit_r0_n": 1.3306074839339788,
    "WLHRealSpinOrbit_r1_n": 0.9727494063268811,
    "WLHRealSpinOrbit_a0_n": 0.851902888189841,
    "WLHRealSpinOrbit_a1_n": 0.00031663132578468216
}