{
    "WLHReal_V0_p": 53.846550843925066,
    "WLHReal_V1_p": 0.2761462235213027,
    "WLHReal_V2_p": 0.0001865743513909871,
    "WLHReal_V3_p": 4.792987031968139e-07,
    "WLHReal_V4_p": 14.91797888218831,
    "WLHReal_V5_p": 0.12950062627871897,
    "WLHReal_V6_p": 0.0002298725957718484,
    "WLHReal_r0_p": 1.2648070594674197,
    "WLHReal_r1_p": 0.27342989797650347,
    "WLHReal_r2_p": 0.0005852367418415531,
    "WLHReal_r3_p": 3.839663485275915e-06,
    "WLHReal_a0_p": 0.7550113404191063,
    "WLHReal_a1_p": 0.00012726718791945598,
    "WLHReal_a2_p": 2.6893602603739205e-06,
    "WLHReal_a3_p": 0.047725999240746525,
    "WLHReal_a4_p": 0.495483798865553,
    "WLHReal_V0_n": 49.05115157012385,
    "WLHReal_V1_n": 0.2602077989781381,
    "WLHReal_V2_n": -0.0010691267292592301,
    "WLHReal_V3_n": 5.448670753222225e-06,
    "WLHReal_V4_n": 20.338643723550984,
    "WLHReal_V5_n": 0.33566272438137207,
    "WLHReal_V6_n": 0.0017521683868254295,
    "WLHReal_r0_n": 1.369260285930288,
    "WLHReal_r1_n": 0.3356323363936697,
    "WLHReal_r2_n": 0.0013476376304705228,
    "WLHReal_r3_n": 1.7070260405087702e-05,
    "WLHReal_a0_n": 0.7775270073041858,
    "WLHReal_a1_n": 0.0014849335036867424,
    "WLHReal_a2_n": 2.1095702030760985e-05,
    "WLHReal_a3_n": 0.34890549851346403,
    "WLHReal_a4_n": 1.0800881728941607,
    "WLHImagVolume_W0_p": 3.35447458235625,
    "WLHImagVolume_W1_p": 0.17898226297883812,
    "WLHImagVolume_W2_p": 9.050363993567438e-05,
    "WLHImagVolume_W3_p": 10.40103837223784,
    "WLHImagVolume_W4_p": 0.06177957994192011,
    "WLHImagVolume_r0_p": 0.7232177138844594,
    "WLHImagVolume_r1_p": 31.82608669760488,
    "WLHImagVolume_r2_p": 0.4966115463287271,
    "WLHImagVolume_r3_p": 44.874855647466376,
    "WLHImagVolume_r4_p": 0.7329785536829373,
    "WLHImagVolume_r5_p": 2.1167319690560607e-06,
    "WLHImagVolume_a0_p": 0.5402371743910975,
    "WLHImagVolume_a1_p": 0.2522208058207098,
    "WLHImagVolume_a2_p": 12.270345853068022,
    "WLHImagVolume_a3_p": 0.40428518010489917,
    "WLHImagVolume_a4_p": 0.0021528155673607155,
    "WLHImagVolume_W0_n": 3.4576917388276383,
    "WLHImagVolume_W1_n": 0.2571957889059907,
    "WLHImagVolume_W2_n": 0.0006393833941708369,
    "WLHImagVolume_W3_n": 9.141238794141445,
    "WLHImagVolume_W4_n": -0.005659573789135831,
    "WLHImagVolume_r0_n": 0.5674909135887646,
    "WLHImagVolume_r1_n": 94.31941434561966,
    "WLHImagVolume_r2_n": 0.7910756531072114,
    "WLHImagVolume_r3_n": 106.7290345344942,
    "WLHImagVolume_r4_n": 0.9083403414877456,
    "WLHImagVolume_r5_n": 5.746718848890317e-06,
    "WLHImagVolume_a0_n": 0.2990306793251308,
    "WLHImagVolume_a1_n": 0.54658900973676,
    "WLHImagVolume_a2_n": 4.444439275898276,
    "WLHImagVolume_a3_n": 0.06085105105192517,
    "WLHImagVolume_a4_n": 0.0004921062704136021,
    "WLHImagSurface_W0_p": 0.9842912955773923,
    "WLHImagSurface_W1_p": 0.036215314975313086,
    "WLHImagSurface_W2_p": 1.2238989453842781,
    "WLHImagSurface_W3_p": 0.12258278464994521,
    "WLHImagSurface_r0_p": 0.9646878230198432,
    "WLHImagSurface_r1_p": 0.5293539327458424,
    "WLHImagSurface_r2_p": 0.0063737482980968825,
    "WLHImagSurface_a0_p": 0.7072566638959152,
    "WLHImagSurface_W0_n": 1.5265110602842376,
    "WLHImagSurface_W1_n": 0.0565687606194499,
    "WLHImagSurface_W2_n": 2.501917495055849,
    "WLHImagSurface_W3_n": 0.2091240634658087,
    "WLHImagSurface_r0_n": 1.318848894310811,
    "WLHImagSurface_r1_n": 1.6591234094878455,
    "WLHImagSurface_r2_n": 0.0016390451573884504,
    "WLHImagSurface_a0_n": 0.8904207322303657,
    "WLHRealSpinOrbit_V0_p": 10.025285332674544,
    "WLHRealSpinOrbit_V1_p": 0.008515642913406039,
    "WLHRealSpinOrbit_r0_p": 1.2424687367716087,
    "WLHRealSpinOrbit_r1_p": 0.8061340573286614,
    "WLHRealSpinOrbit_a0_p": 0.7760288541780956,
    "WLHRealSpinOrbit_a1_p": 0.00037018716099152107,
    "WLHRealSpinOrbit_V0_n": 9.073484884103339,
    "WLHRealSpinOrbit_V1_n": 0.00873583893641084,
    "WLHRealSpinOrbit_r0_n": 1.3565000768724524,
    "WLHRealSpinOrbit_r1_n": 0.9855365347559312,
    "WLHRealSpinOrbit_a0_n": 0.8627391996416511,
    "WLHRealSpinOrbit_a1_n": 0.00035722967472329295
}