{
    "WLHReal_V0_p": 54.150092523606986,
    "WLHReal_V1_p": 0.27979142344292873,
    "WLHReal_V2_p": -0.0006436714562986398,
    "WLHReal_V3_p": 3.457150544008028e-06,
    "WLHReal_V4_p": 12.453689512789579,
    "WLHReal_V5_p": 0.15876809533889372,
    "WLHReal_V6_p": 0.0005814999573855358,
    "WLHReal_r0_p": 1.3448849275983494,
    "WLHReal_r1_p": 0.3547217512936989,
    "WLHReal_r2_p": 0.0008908729460979191,
    "WLHReal_r3_p": 9.263970488303194e-06,
    "WLHReal_a0_p": 0.8056279076562642,
    "WLHReal_a1_p": 0.00026903820979987954,
    "WLHReal_a2_p": 7.002417751530621e-06,
    "WLHReal_a3_p": 0.009352624557906801,
    "WLHReal_a4_p": 0.5415733484281845,
    "WLHReal_V0_n": 54.82481172109465,
    "WLHReal_V1_n": 0.30719552333701716,
    "WLHReal_V2_n": -0.00013122326203488056,
    "WLHReal_V3_n": 2.4866479302277206e-06,
    "WLHReal_V4_n": 20.739833835059763,
    "WLHReal_V5_n": 0.2855355936399674,
    "WLHReal_V6_n": 0.0009828832859833613,
    "WLHReal_r0_n": 1.2908539861756916,
    "WLHReal_r1_n": 0.34692212329296446,
    "WLHReal_r2_n": 0.0008064045345590988,
    "WLHReal_r3_n": 6.749220750857765e-06,
    "WLHReal_a0_n": 0.7380971388747152,
    "WLHReal_a1_n": 0.0006573072932913049,
    "WLHReal_a2_n": 7.556538591848732e-06,
    "WLHReal_a3_n": 0.2329302357948604,
    "WLHReal_a4_n": 0.8026651205030483,
    "WLHImagVolume_W0_p": 5.824522911193089,
    "WLHImagVolume_W1_p": 0.2828971947937797,
    "WLHImagVolume_W2_p": 0.0003105145009740027,
    "WLHImagVolume_W3_p": 11.253279266996383,
    "WLHImagVolume_W4_p": 0.1053814735623862,
    "WLHImagVolume_r0_p": 0.7972266882069055,
    "WLHImagVolume_r1_p": 20.761300720276708,
    "WLHImagVolume_r2_p": 0.49143833076862914,
    "WLHImagVolume_r3_p": 35.49079345810645,
    "WLHImagVolume_r4_p": 0.764226408498231,
    "WLHImagVolume_r5_p": 2.3884236838026174e-06,
    "WLHImagVolume_a0_p": 0.6465443525839645,
    "WLHImagVolume_a1_p": 0.20573771048078712,
    "WLHImagVolume_a2_p": 8.846500254692579,
    "WLHImagVolume_a3_p": 0.513440998202301,
    "WLHImagVolume_a4_p": 0.003898412700715574,
    "WLHImagVolume_W0_n": 3.167786854690333,
    "WLHImagVolume_W1_n": 0.2974557209226761,
    "WLHImagVolume_W2_n": 0.000640201516792889,
    "WLHImagVolume_W3_n": 9.47658029281352,
    "WLHImagVolume_W4_n": 0.05367251494577163,
    "WLHImagVolume_r0_n": 0.5443343701223408,
    "WLHImagVolume_r1_n": 77.11132063827115,
    "WLHImagVolume_r2_n": 0.7389341579426955,
    "WLHImagVolume_r3_n": 85.30700353040187,
    "WLHImagVolume_r4_n": 0.9159906457549375,
    "WLHImagVolume_r5_n": 3.1413480080151957e-06,
    "WLHImagVolume_a0_n": 0.23953312511884559,
    "WLHImagVolume_a1_n": 0.588304657266818,
    "WLHImagVolume_a2_n": 5.9189963895225075,
    "WLHImagVolume_a3_n": 0.03364726127808314,
    "WLHImagVolume_a4_n": 0.0005783390218074777,
    "WLHImagSurface_W0_p": 0.49410347440636804,
    "WLHImagSurface_W1_p": 0.009647042345372094,
    "WLHImagSurface_W2_p": 0.4144785600294344,
    "WLHImagSurface_W3_p": 0.04750500006189359,
    "WLHImagSurface_r0_p": 0.7182737001895264,
    "WLHImagSurface_r1_p": 0.21061780985001693,
    "WLHImagSurface_r2_p": 0.0008308473688819064,
    "WLHImagSurface_a0_p": 0.5659882405081054,
    "WLHImagSurface_W0_n": 1.997815854202001,
    "WLHImagSurface_W1_n": 0.0486141211320701,
    "WLHImagSurface_W2_n": 3.0279469545379354,
    "WLHImagSurface_W3_n": 0.1633785069977484,
    "WLHImagSurface_r0_n": 1.2836492154132977,
    "WLHImagSurface_r1_n": 1.5342162587839963,
    "WLHImagSurface_r2_n": 0.0035397386061305283,
    "WLHImagSurface_a0_n": 0.839860047487835,
    "WLHRealSpinOrbit_V0_p": 9.738798703999478,
    "WLHRealSpinOrbit_V1_p": 0.009023655925464077,
    "WLHRealSpinOrbit_r0_p": 1.3143163834732772,
    "WLHRealSpinOrbit_r1_p": 0.930799743769419,
    "WLHRealSpinOrbit_a0_p": 0.837446512565954,
    "WLHRealSpinOrbit_a1_p": 0.00033969184443744416,
    "WLHRealSpinOrbit_V0_n": 9.672770019414823,
    "WLHRealSpinOrbit_V1_n": 0.008508110160929333,
    "WLHRealSpinOrbit_r0_n": 1.26623385959823,
    "WLHRealSpinOrbit_r1_n": 0.8611166606445133,
    "WLHRealSpinOrbit_a0_n": 0.7978398668401925,
    "WLHRealSpinOrbit_a1_n": 0.00033669125015509853
}