{
    "WLHReal_V0_p": 51.09528990234074,
    "WLHReal_V1_p": 0.30204946996931736,
    "WLHReal_V2_p": -0.0006390165073579949,
    "WLHReal_V3_p": 3.84861323664276e-06,
    "WLHReal_V4_p": 11.140986384314484,
    "WLHReal_V5_p": 0.1153533786771556,
    "WLHReal_V6_p": 0.0004583089844478308,
    "WLHReal_r0_p": 1.3366486974863059,
    "WLHReal_r1_p": 0.2177303282809347,
    "WLHReal_r2_p": 0.0011595939460999857,
    "WLHReal_r3_p": 1.27196484420216e-05,
    "WLHReal_a0_p": 0.8000263663048742,
    "WLHReal_a1_p": -3.254624385960346e-05,
    "WLHReal_a2_p": 1.102260419153831e-05,
    "WLHReal_a3_p": -0.0004253743327742379,
    "WLHReal_a4_p": 0.5956434765415275,
    "WLHReal_V0_n": 50.85469599041673,
    "WLHReal_V1_n": 0.22995616340252917,
    "WLHReal_V2_n": -0.0005820475217047539,
    "WLHReal_V3_n": 2.461561409299302e-06,
    "WLHReal_V4_n": 22.45596114946331,
    "WLHReal_V5_n": 0.2909779967181019,
    "WLHReal_V6_n": 0.0013206633024500003,
    "WLHReal_r0_n": 1.290837740136307,
    "WLHReal_r1_n": 0.24552211195204826,
    "WLHReal_r2_n": 0.0010863424679810115,
    "WLHReal_r3_n": 1.3560715965324376e-05,
    "WLHReal_a0_n": 0.7510124811261839,
    "WLHReal_a1_n": 0.0010249698380706408,
    "WLHReal_a2_n": 1.519092107467989e-05,
    "WLHReal_a3_n": 0.3702632548324309,
    "WLHReal_a4_n": 1.0237635510077219,
    "WLHImagVolume_W0_p": 5.2420773148212625,
    "WLHImagVolume_W1_p": 0.2166841850473522,
    "WLHImagVolume_W2_p": 0.000351845802187123,
    "WLHImagVolume_W3_p": 10.543210643345482,
    "WLHImagVolume_W4_p": 0.07929891725915893,
    "WLHImagVolume_r0_p": 0.7475666672390548,
    "WLHImagVolume_r1_p": 47.31235473815122,
    "WLHImagVolume_r2_p": 0.5724764960514837,
    "WLHImagVolume_r3_p": 65.55673105601953,
    "WLHImagVolume_r4_p": 0.6616718370486312,
    "WLHImagVolume_r5_p": 1.1563885098525384e-06,
    "WLHImagVolume_a0_p": 0.5908705364682796,
    "WLHImagVolume_a1_p": 0.2717024911156665,
    "WLHImagVolume_a2_p": 15.471680665578521,
    "WLHImagVolume_a3_p": 0.43107320018455864,
    "WLHImagVolume_a4_p": 0.002747382044276924,
    "WLHImagVolume_W0_n": 2.899542046397325,
    "WLHImagVolume_W1_n": 0.19097194770572373,
    "WLHImagVolume_W2_n": 6.425521850080099e-05,
    "WLHImagVolume_W3_n": 8.88384516132908,
    "WLHImagVolume_W4_n": -0.018868147194418875,
    "WLHImagVolume_r0_n": 0.7232956757187186,
    "WLHImagVolume_r1_n": 52.01800132025649,
    "WLHImagVolume_r2_n": 0.5575158906485698,
    "WLHImagVolume_r3_n": 71.96738279438836,
    "WLHImagVolume_r4_n": 1.143012676758688,
    "WLHImagVolume_r5_n": 5.418157479738697e-06,
    "WLHImagVolume_a0_n": 0.27720414422914874,
    "WLHImagVolume_a1_n": 0.5448993396741453,
    "WLHImagVolume_a2_n": 7.576940653494362,
    "WLHImagVolume_a3_n": 0.07862322097856461,
    "WLHImagVolume_a4_n": 0.0009295426143366785,
    "WLHImagSurface_W0_p": 0.5771561069742832,
    "WLHImagSurface_W1_p": 0.00628843991039562,
    "WLHImagSurface_W2_p": -0.42533646062209574,
    "WLHImagSurface_W3_p": 0.0037803422608430892,
    "WLHImagSurface_r0_p": 0.862455623395587,
    "WLHImagSurface_r1_p": 0.026927010548694785,
    "WLHImagSurface_r2_p": 0.00021348046100039828,
    "WLHImagSurface_a0_p": 0.8310722121248716,
    "WLHImagSurface_W0_n": 0.7820177247926425,
    "WLHImagSurface_W1_n": 0.012106211839503736,
    "WLHImagSurface_W2_n": 0.3789214412026123,
    "WLHImagSurface_W3_n": 0.06195702002637049,
    "WLHImagSurface_r0_n": 1.2392720004537212,
    "WLHImagSurface_r1_n": 1.2883490224354963,
    "WLHImagSurface_r2_n": 0.002181115749982163,
    "WLHImagSurface_a0_n": 0.8650623505962317,
    "WLHRealSpinOrbit_V0_p": 9.299970098304913,
    "WLHRealSpinOrbit_V1_p": 0.008763316093756704,
    "WLHRealSpinOrbit_r0_p": 1.3262277420702118,
    "WLHRealSpinOrbit_r1_p": 0.957569154094065,
    "WLHRealSpinOrbit_a0_p": 0.846344911924203,
    "WLHRealSpinOrbit_a1_p": 0.00033195101395902966,
    "WLHRealSpinOrbit_V0_n": 10.168907287177028,
    "WLHRealSpinOrbit_V1_n": 0.009155438062901854,
    "WLHRealSpinOrbit_r0_n": 1.287901481945491,
    "WLHRealSpinOrbit_r1_n": 0.8843480792868424,
    "WLHRealSpinOrbit_a0_n": 0.8191117579608088,
    "WLHRealSpinOrbit_a1_n": 0.0003571595367286413
}