{
    "WLHReal_V0_p": 55.40947360342633,
    "WLHReal_V1_p": 0.3174410132094278,
    "WLHReal_V2_p": 0.0005242405909051783,
    "WLHReal_V3_p": -1.53428411017636e-07,
    "WLHReal_V4_p": 14.308010138709683,
    "WLHReal_V5_p": 0.11263867279372483,
    "WLHReal_V6_p": 7.578155433143115e-05,
    "WLHReal_r0_p": 1.2313540882406007,
    "WLHReal_r1_p": 0.21885403476066648,
    "WLHReal_r2_p": 0.0007499787315675647,
    "WLHReal_r3_p": 4.289045780648503e-06,
    "WLHReal_a0_p": 0.7498255608633541,
    "WLHReal_a1_p": 8.273603945829956e-05,
    "WLHReal_a2_p": 2.9425216202121126e-06,
    "WLHReal_a3_p": 0.09966942603738126,
    "WLHReal_a4_p": 0.602129358925979,
    "WLHReal_V0_n": 52.32394642980681,
    "WLHReal_V1_n": 0.2896722239718297,
    "WLHReal_V2_n": -0.0008195128260370751,
    "WLHReal_V3_n": 4.294002143882211e-06,
    "WLHReal_V4_n": 20.466697989498087,
    "WLHReal_V5_n": 0.32551890644763126,
    "WLHReal_V6_n": 0.0016257554820108923,
    "WLHReal_r0_n": 1.3240565703751779,
    "WLHReal_r1_n": 0.2936598347814036,
    "WLHReal_r2_n": 0.0013007196282919717,
    "WLHReal_r3_n": 1.5946703543025358e-05,
    "WLHReal_a0_n": 0.7713804654296506,
    "WLHReal_a1_n": 0.0013066511159052548,
    "WLHReal_a2_n": 1.9011493493124655e-05,
    "WLHReal_a3_n": 0.3472475068735902,
    "WLHReal_a4_n": 1.0951226484333563,
    "WLHImagVolume_W0_p": 3.0214296963555656,
    "WLHImagVolume_W1_p": 0.20148388676384582,
    "WLHImagVolume_W2_p": 0.0003044285694194919,
    "WLHImagVolume_W3_p": 13.022531630937191,
    "WLHImagVolume_W4_p": 0.056039795809105494,
    "WLHImagVolume_r0_p": 0.596725665166708,
    "WLHImagVolume_r1_p": 55.486549251970466,
    "WLHImagVolume_r2_p": 0.6038981075918791,
    "WLHImagVolume_r3_p": 68.08938888058577,
    "WLHImagVolume_r4_p": 0.6690990085418262,
    "WLHImagVolume_r5_p": 1.6891701641115655e-06,
    "WLHImagVolume_a0_p": 0.49550448755390086,
    "WLHImagVolume_a1_p": 0.2949283179399161,
    "WLHImagVolume_a2_p": 15.95579914817421,
    "WLHImagVolume_a3_p": 0.35943125974669227,
    "WLHImagVolume_a4_p": 0.001423997662517028,
    "WLHImagVolume_W0_n": 4.030949101827112,
    "WLHImagVolume_W1_n": 0.2990901347437118,
    "WLHImagVolume_W2_n": 0.0006754044302540338,
    "WLHImagVolume_W3_n": 10.686414699279556,
    "WLHImagVolume_W4_n": 0.025791825584582283,
    "WLHImagVolume_r0_n": 0.616433392759774,
    "WLHImagVolume_r1_n": 78.11090687960855,
    "WLHImagVolume_r2_n": 0.7043899132502728,
    "WLHImagVolume_r3_n": 96.73558107309249,
    "WLHImagVolume_r4_n": 0.9680601273728655,
    "WLHImagVolume_r5_n": 5.023190852183957e-06,
    "WLHImagVolume_a0_n": 0.29447733108985547,
    "WLHImagVolume_a1_n": 0.5343960399476242,
    "WLHImagVolume_a2_n": 3.360159748935519,
    "WLHImagVolume_a3_n": 0.018175877004835125,
    "WLHImagVolume_a4_n": 0.000288477144466296,
    "WLHImagSurface_W0_p": 1.1169956334626379,
    "WLHImagSurface_W1_p": 0.04065319608809086,
    "WLHImagSurface_W2_p": 0.8236774113701891,
    "WLHImagSurface_W3_p": 0.12394588111578861,
    "WLHImagSurface_r0_p": 1.1171683843969742,
    "WLHImagSurface_r1_p": 0.7547434603203429,
    "WLHImagSurface_r2_p": 0.007753551899595872,
    "WLHImagSurface_a0_p": 0.859971541603081,
    "WLHImagSurface_W0_n": 1.8372135254709157,
    "WLHImagSurface_W1_n": 0.0586564284855243,
    "WLHImagSurface_W2_n": 2.499754026492401,
    "WLHImagSurface_W3_n": 0.1926128502332348,
    "WLHImagSurface_r0_n": 1.2861238353081965,
    "WLHImagSurface_r1_n": 1.6414912175140572,
    "WLHImagSurface_r2_n": 0.002264821924196239,
    "WLHImagSurface_a0_n": 0.8708986960682535,
    "WLHRealSpinOrbit_V0_p": 10.078498073296199,
    "WLHRealSpinOrbit_V1_p": 0.008344303537887917,
    "WLHRealSpinOrbit_r0_p": 1.2091277515376844,
    "WLHRealSpinOrbit_r1_p": 0.7736722878569217,
    "WLHRealSpinOrbit_a0_p": 0.7551356934433386,
    "WLHRealSpinOrbit_a1_p": 0.00034422809354632804,
    "WLHRealSpinOrbit_V0_n": 9.579066907631056,
    "WLHRealSpinOrbit_V1_n": 0.008991207631005135,
    "WLHRealSpinOrbit_r0_n": 1.3173366038348922,
    "WLHRealSpinOrbit_r1_n": 0.9515103447277315,
    "WLHRealSpinOrbit_a0_n": 0.8442595333188971,
    "WLHRealSpinOrbit_a1_n": 0.0003185758654830753
}