{
    "WLHReal_V0_p": 52.37959602786068,
    "WLHReal_V1_p": 0.2930229684146993,
    "WLHReal_V2_p": -0.0007918712195617353,
    "WLHReal_V3_p": 4.402993281490195e-06,
    "WLHReal_V4_p": 11.180749798602326,
    "WLHReal_V5_p": 0.14441301246633245,
    "WLHReal_V6_p": 0.0005834145942445483,
    "WLHReal_r0_p": 1.3640986177117005,
    "WLHReal_r1_p": 0.3191336113621714,
    "WLHReal_r2_p": 0.001038499012466148,
    "WLHReal_r3_p": 1.1640800330590765e-05,
    "WLHReal_a0_p": 0.8127457541363907,
    "WLHReal_a1_p": 0.00013554414362042396,
    "WLHReal_a2_p": 9.6666502530496e-06,
    "WLHReal_a3_p": -0.0034481565119868288,
    "WLHReal_a4_p": 0.5665144358063383,
    "WLHReal_V0_n": 57.84712396403265,
    "WLHReal_V1_n": 0.31938028028701004,
    "WLHReal_V2_n": 0.0009111095606795583,
    "WLHReal_V3_n": -1.6916940268195704e-06,
    "WLHReal_V4_n": 21.90282891224153,
    "WLHReal_V5_n": 0.214214407485463,
    "WLHReal_V6_n": 3.646505829915962e-05,
    "WLHReal_r0_n": 1.2139779430365907,
    "WLHReal_r1_n": 0.33927466298519193,
    "WLHReal_r2_n": 0.0001540477507441109,
    "WLHReal_r3_n": -4.674995861069374e-06,
    "WLHReal_a0_n": 0.6867714330136645,
    "WLHReal_a1_n": -0.00021172854099385692,
    "WLHReal_a2_n": -8.027657501696842e-06,
    "WLHReal_a3_n": 0.13101323032206783,
    "WLHReal_a4_n": 0.48143786364573027,
    "WLHImagVolume_W0_p": 5.9443261215388485,
    "WLHImagVolume_W1_p": 0.266041638941947,
    "WLHImagVolume_W2_p": 0.0004021541756760579,
    "WLHImagVolume_W3_p": 10.826576404567454,
    "WLHImagVolume_W4_p": 0.09976125745411522,
    "WLHImagVolume_r0_p": 0.7479574892989265,
    "WLHImagVolume_r1_p": 36.604549988067234,
    "WLHImagVolume_r2_p": 0.5761993830249128,
    "WLHImagVolume_r3_p": 51.69885070864648,
    "WLHImagVolume_r4_p": 0.670150935887722,
    "WLHImagVolume_r5_p": 2.0146952194960823e-06,
    "WLHImagVolume_a0_p": 0.6326871309074986,
    "WLHImagVolume_a1_p": 0.24124967834498012,
    "WLHImagVolume_a2_p": 12.488668183671226,
    "WLHImagVolume_a3_p": 0.48388639377660725,
    "WLHImagVolume_a4_p": 0.003528457958626717,
    "WLHImagVolume_W0_n": 1.8045124294666868,
    "WLHImagVolume_W1_n": 0.24666461905552248,
    "WLHImagVolume_W2_n": 0.0003457485827402189,
    "WLHImagVolume_W3_n": 7.59968635737442,
    "WLHImagVolume_W4_n": 0.07370140135661789,
    "WLHImagVolume_r0_n": 0.5092488389688791,
    "WLHImagVolume_r1_n": 65.30964828387864,
    "WLHImagVolume_r2_n": 0.6947712637505681,
    "WLHImagVolume_r3_n": 60.540866801068105,
    "WLHImagVolume_r4_n": 0.8980789369953469,
    "WLHImagVolume_r5_n": 1.010349180749389e-06,
    "WLHImagVolume_a0_n": 0.15173303849140837,
    "WLHImagVolume_a1_n": 0.655391958567566,
    "WLHImagVolume_a2_n": 10.486643682917055,
    "WLHImagVolume_a3_n": 0.056291336590921684,
    "WLHImagVolume_a4_n": 0.0008983309982676745,
    "WLHImagSurface_W0_p": 0.5265934509212793,
    "WLHImagSurface_W1_p": 0.0121000983534238,
    "WLHImagSurface_W2_p": 0.09433498548278973,
    "WLHImagSurface_W3_p": 0.04679066769590404,
    "WLHImagSurface_r0_p": 0.7684400542004493,
    "WLHImagSurface_r1_p": 0.07942034191243263,
    "WLHImagSurface_r2_p": -0.0004279444254950233,
    "WLHImagSurface_a0_p": 0.6911701865085268,
    "WLHImagSurface_W0_n": 1.8789073330359187,
    "WLHImagSurface_W1_n": 0.01850386567489139,
    "WLHImagSurface_W2_n": 2.67405038267133,
    "WLHImagSurface_W3_n": 0.06583366293722448,
    "WLHImagSurface_r0_n": 1.2582477762218365,
    "WLHImagSurface_r1_n": 1.251496958122589,
    "WLHImagSurface_r2_n": 0.005278098857856579,
    "WLHImagSurface_a0_n": 0.7937173694403439,
    "WLHRealSpinOrbit_V0_p": 9.320100795716058,
    "WLHRealSpinOrbit_V1_p": 0.008866411784449494,
    "WLHRealSpinOrbit_r0_p": 1.3383370552378824,
    "WLHRealSpinOrbit_r1_p": 0.9701383398715612,
    "WLHRealSpinOrbit_a0_p": 0.8540683062238404,
    "WLHRealSpinOrbit_a1_p": 0.00033606504365763483,
    "WLHRealSpinOrbit_V0_n": 10.171143997238085,
    "WLHRealSpinOrbit_V1_n": 0.00805020838695997,
    "WLHRealSpinOrbit_r0_n": 1.176694683329182,
    "WLHRealSpinOrbit_r1_n": 0.7129690838439511,
    "WLHRealSpinOrbit_a0_n": 0.7243790998723956,
    "WLHRealSpinOrbit_a1_n": 0.00035801498509657363
}