{
    "WLHReal_V0_p": 51.642090507783706,
    "WLHReal_V1_p": 0.296856408336569,
    "WLHReal_V2_p": -0.00014529727127414227,
    "WLHReal_V3_p": 2.4122851636749513e-06,
    "WLHReal_V4_p": 12.720117320177803,
    "WLHReal_V5_p": 0.115686523669879,
    "WLHReal_V6_p": 0.00029040978345878097,
    "WLHReal_r0_p": 1.3046112418149143,
    "WLHReal_r1_p": 0.24218816459453804,
    "WLHReal_r2_p": 0.0008398551613287977,
    "WLHReal_r3_p": 7.785327153809066e-06,
    "WLHReal_a0_p": 0.7738080772961877,
    "WLHReal_a1_p": -2.3314797037717565e-05,
    "WLHReal_a2_p": 7.220572754109967e-06,
    "WLHReal_a3_p": 0.02667975408097977,
    "WLHReal_a4_p": 0.5416790141521457,
    "WLHReal_V0_n": 55.42077836115204,
    "WLHReal_V1_n": 0.28395490071686846,
    "WLHReal_V2_n": 8.101600976565405e-05,
    "WLHReal_V3_n": 1.2515774615357707e-06,
    "WLHReal_V4_n": 21.887226588544547,
    "WLHReal_V5_n": 0.264676980549042,
    "WLHReal_V6_n": 0.0007726018923810013,
    "WLHReal_r0_n": 1.2578319072040685,
    "WLHReal_r1_n": 0.3155869496236163,
    "WLHReal_r2_n": 0.0006603319781310718,
    "WLHReal_r3_n": 5.117893258456059e-06,
    "WLHReal_a0_n": 0.7250375901661013,
    "WLHReal_a1_n": 0.00041120293905398117,
    "WLHReal_a2_n": 4.262590152070363e-06,
    "WLHReal_a3_n": 0.23743959651009833,
    "WLHReal_a4_n": 0.7543967820622725,
    "WLHImagVolume_W0_p": 3.958210784060984,
    "WLHImagVolume_W1_p": 0.1778729917267828,
    "WLHImagVolume_W2_p": 0.00027057924502688345,
    "WLHImagVolume_W3_p": 10.131122010425548,
    "WLHImagVolume_W4_p": 0.06238007145133126,
    "WLHImagVolume_r0_p": 0.6593200796710844,
    "WLHImagVolume_r1_p": 52.55361925452181,
    "WLHImagVolume_r2_p": 0.6200231325470223,
    "WLHImagVolume_r3_p": 66.10000363275311,
    "WLHImagVolume_r4_p": 0.6045314024123757,
    "WLHImagVolume_r5_p": 1.336532858540685e-06,
    "WLHImagVolume_a0_p": 0.5389639403361343,
    "WLHImagVolume_a1_p": 0.2940066566963247,
    "WLHImagVolume_a2_p": 16.743362387236246,
    "WLHImagVolume_a3_p": 0.38260979001326223,
    "WLHImagVolume_a4_p": 0.0019428738898469152,
    "WLHImagVolume_W0_n": 2.7919852666066527,
    "WLHImagVolume_W1_n": 0.26014011011686167,
    "WLHImagVolume_W2_n": 0.0003233621656168008,
    "WLHImagVolume_W3_n": 9.15799563602673,
    "WLHImagVolume_W4_n": 0.04295364904374774,
    "WLHImagVolume_r0_n": 0.6251911162597288,
    "WLHImagVolume_r1_n": 54.77963044636671,
    "WLHImagVolume_r2_n": 0.6232779049457707,
    "WLHImagVolume_r3_n": 67.13692322866129,
    "WLHImagVolume_r4_n": 1.0502145330823325,
    "WLHImagVolume_r5_n": 3.369884338292328e-06,
    "WLHImagVolume_a0_n": 0.2327424713744942,
    "WLHImagVolume_a1_n": 0.5883224563785334,
    "WLHImagVolume_a2_n": 7.756089801898132,
    "WLHImagVolume_a3_n": 0.05214968472954373,
    "WLHImagVolume_a4_n": 0.0009182944251958803,
    "WLHImagSurface_W0_p": 0.9536307829909012,
    "WLHImagSurface_W1_p": 0.03603336782652887,
    "WLHImagSurface_W2_p": 0.6663194589559138,
    "WLHImagSurface_W3_p": 0.1129365921143846,
    "WLHImagSurface_r0_p": 0.9958459059164362,
    "WLHImagSurface_r1_p": 0.31377216491684123,
    "WLHImagSurface_r2_p": 0.003761275726638299,
    "WLHImagSurface_a0_p": 0.8557372163608281,
    "WLHImagSurface_W0_n": 1.532945720169868,
    "WLHImagSurface_W1_n": 0.02382950785764111,
    "WLHImagSurface_W2_n": 1.89594083989261,
    "WLHImagSurface_W3_n": 0.08646030429504176,
    "WLHImagSurface_r0_n": 1.2428255556093384,
    "WLHImagSurface_r1_n": 1.3351799668870343,
    "WLHImagSurface_r2_n": 0.003718360964204675,
    "WLHImagSurface_a0_n": 0.8292548303689856,
    "WLHRealSpinOrbit_V0_p": 9.403591862619672,
    "WLHRealSpinOrbit_V1_p": 0.00837830744204514,
    "WLHRealSpinOrbit_r0_p": 1.286365122084701,
    "WLHRealSpinOrbit_r1_p": 0.8799253376041186,
    "WLHRealSpinOrbit_a0_p": 0.8083859472349065,
    "WLHRealSpinOrbit_a1_p": 0.00035974545203826464,
    "WLHRealSpinOrbit_V0_n": 10.200263294398486,
    "WLHRealSpinOrbit_V1_n": 0.00870995666942355,
    "WLHRealSpinOrbit_r0_n": 1.2361187638314595,
    "WLHRealSpinOrbit_r1_n": 0.8118192691278833,
    "WLHRealSpinOrbit_a0_n": 0.7775331883942811,
    "WLHRealSpinOrbit_a1_n": 0.00034387932104563236
}