{
    "WLHReal_V0_p": 58.79664696472182,
    "WLHReal_V1_p": 0.33037297991217607,
    "WLHReal_V2_p": 0.000535251319231546,
    "WLHReal_V3_p": 6.815636183090409e-07,
    "WLHReal_V4_p": 14.077599001907142,
    "WLHReal_V5_p": 0.1513596106652121,
    "WLHReal_V6_p": 0.00017306858994540664,
    "WLHReal_r0_p": 1.2528578745979482,
    "WLHReal_r1_p": 0.35866308931929247,
    "WLHReal_r2_p": 0.0006301599797025733,
    "WLHReal_r3_p": 1.6201535743726332e-06,
    "WLHReal_a0_p": 0.7661993167027005,
    "WLHReal_a1_p": 0.00034518148548591006,
    "WLHReal_a2_p": -5.779715722158892e-07,
    "WLHReal_a3_p": 0.1332051737881929,
    "WLHReal_a4_p": 0.6223737446145065,
    "WLHReal_V0_n": 54.09990034980597,
    "WLHReal_V1_n": 0.30620385944828993,
    "WLHReal_V2_n": 0.00011163336033121954,
    "WLHReal_V3_n": 1.4744698132886524e-06,
    "WLHReal_V4_n": 20.816786019333158,
    "WLHReal_V5_n": 0.2660596334420516,
    "WLHReal_V6_n": 0.000729095217891342,
    "WLHReal_r0_n": 1.2882424568369337,
    "WLHReal_r1_n": 0.35808318353445195,
    "WLHReal_r2_n": 0.0006311263820638543,
    "WLHReal_r3_n": 3.5672537051838915e-06,
    "WLHReal_a0_n": 0.7242125941641592,
    "WLHReal_a1_n": 0.0005025830560849525,
    "WLHReal_a2_n": 3.78261450473858e-06,
    "WLHReal_a3_n": 0.2029076344480607,
    "WLHReal_a4_n": 0.7039557309163781,
    "WLHImagVolume_W0_p": 3.9069888222351694,
    "WLHImagVolume_W1_p": 0.30021918621012766,
    "WLHImagVolume_W2_p": 0.0005368562645024029,
    "WLHImagVolume_W3_p": 15.33386573506501,
    "WLHImagVolume_W4_p": 0.08627786321725027,
    "WLHImagVolume_r0_p": 0.5018140746655195,
    "WLHImagVolume_r1_p": 53.85354190918697,
    "WLHImagVolume_r2_p": 0.6890359914307158,
    "WLHImagVolume_r3_p": 60.30647988240744,
    "WLHImagVolume_r4_p": 0.6350794023275598,
    "WLHImagVolume_r5_p": 1.9065311950123833e-06,
    "WLHImagVolume_a0_p": 0.5327212502766994,
    "WLHImagVolume_a1_p": 0.27359327404334,
    "WLHImagVolume_a2_p": 13.443631183053725,
    "WLHImagVolume_a3_p": 0.4160409753176335,
    "WLHImagVolume_a4_p": 0.0022078662764126056,
    "WLHImagVolume_W0_n": 2.444045517854143,
    "WLHImagVolume_W1_n": 0.2606830281194923,
    "WLHImagVolume_W2_n": 0.0005863350324316664,
    "WLHImagVolume_W3_n": 8.018894324137205,
    "WLHImagVolume_W4_n": 0.047154159668770956,
    "WLHImagVolume_r0_n": 0.4826087906324918,
    "WLHImagVolume_r1_n": 88.27138295199772,
    "WLHImagVolume_r2_n": 0.7952202541926223,
    "WLHImagVolume_r3_n": 86.20934273729534,
    "WLHImagVolume_r4_n": 0.8271758693094453,
    "WLHImagVolume_r5_n": 2.632551908831055e-06,
    "WLHImagVolume_a0_n": 0.20444758551308584,
    "WLHImagVolume_a1_n": 0.62096912770899,
    "WLHImagVolume_a2_n": 7.770712640860367,
    "WLHImagVolume_a3_n": 0.05547378011251514,
    "WLHImagVolume_a4_n": 0.0006259221862588796,
    "WLHImagSurface_W0_p": 1.1514079130853117,
    "WLHImagSurface_W1_p": 0.05614477429754458,
    "WLHImagSurface_W2_p": 1.5304750468929682,
    "WLHImagSurface_W3_p": 0.208013256337266,
    "WLHImagSurface_r0_p": 1.0712307055268413,
    "WLHImagSurface_r1_p": 1.0277750727856674,
    "WLHImagSurface_r2_p": 0.007893195230462894,
    "WLHImagSurface_a0_p": 0.7255987663742722,
    "WLHImagSurface_W0_n": 1.9331478886630857,
    "WLHImagSurface_W1_n": 0.042633959184438366,
    "WLHImagSurface_W2_n": 3.147833712826072,
    "WLHImagSurface_W3_n": 0.15255077876900572,
    "WLHImagSurface_r0_n": 1.303153372280193,
    "WLHImagSurface_r1_n": 1.4845014419417641,
    "WLHImagSurface_r2_n": 0.0038809227648881795,
    "WLHImagSurface_a0_n": 0.8340981399762081,
    "WLHRealSpinOrbit_V0_p": 10.1619192428551,
    "WLHRealSpinOrbit_V1_p": 0.008374060655005056,
    "WLHRealSpinOrbit_r0_p": 1.2034270342905702,
    "WLHRealSpinOrbit_r1_p": 0.7663764779880253,
    "WLHRealSpinOrbit_a0_p": 0.7507885595888328,
    "WLHRealSpinOrbit_a1_p": 0.0003361201034100021,
    "WLHRealSpinOrbit_V0_n": 9.475431917202533,
    "WLHRealSpinOrbit_V1_n": 0.008142096405878717,
    "WLHRealSpinOrbit_r0_n": 1.257028803686727,
    "WLHRealSpinOrbit_r1_n": 0.832669610396521,
    "WLHRealSpinOrbit_a0_n": 0.7830686844809253,
    "WLHRealSpinOrbit_a1_n": 0.00036032277174507534
}