{
    "WLHReal_V0_p": 55.49561442211366,
    "WLHReal_V1_p": 0.3396858965238429,
    "WLHReal_V2_p": -0.0003088880619524543,
    "WLHReal_V3_p": 3.7401493961777846e-06,
    "WLHReal_V4_p": 10.742347051769137,
    "WLHReal_V5_p": 0.1527338803347759,
    "WLHReal_V6_p": 0.0004377184356656255,
    "WLHReal_r0_p": 1.3462204689392498,
    "WLHReal_r1_p": 0.3774503208788783,
    "WLHReal_r2_p": 0.00096938051317076,
    "WLHReal_r3_p": 7.864685743824175e-06,
    "WLHReal_a0_p": 0.8095573741529637,
    "WLHReal_a1_p": 0.0002299693303966088,
    "WLHReal_a2_p": 6.005342168763659e-06,
    "WLHReal_a3_p": 0.071663644624639,
    "WLHReal_a4_p": 0.6472906718200043,
    "WLHReal_V0_n": 47.11558248320503,
    "WLHReal_V1_n": 0.2500294390985953,
    "WLHReal_V2_n": -0.0011004571642552843,
    "WLHReal_V3_n": 5.710994561197676e-06,
    "WLHReal_V4_n": 20.77473431018353,
    "WLHReal_V5_n": 0.3247503436620942,
    "WLHReal_V6_n": 0.0018055136132893099,
    "WLHReal_r0_n": 1.3531999972927722,
    "WLHReal_r1_n": 0.2400550464367437,
    "WLHReal_r2_n": 0.001486441035054257,
    "WLHReal_r3_n": 1.9192213711655416e-05,
    "WLHReal_a0_n": 0.7779077929432966,
    "WLHReal_a1_n": 0.0017208283034136705,
    "WLHReal_a2_n": 2.460478559796322e-05,
    "WLHReal_a3_n": 0.4311792887092556,
    "WLHReal_a4_n": 1.228986754670808,
    "WLHImagVolume_W0_p": 5.658352414599477,
    "WLHImagVolume_W1_p": 0.32601229033133483,
    "WLHImagVolume_W2_p": 0.000751218259723884,
    "WLHImagVolume_W3_p": 14.14719450380435,
    "WLHImagVolume_W4_p": 0.10496844969667013,
    "WLHImagVolume_r0_p": 0.49515477732791013,
    "WLHImagVolume_r1_p": 66.13720961655798,
    "WLHImagVolume_r2_p": 0.8025530038578239,
    "WLHImagVolume_r3_p": 73.57281243809794,
    "WLHImagVolume_r4_p": 0.5056337348602552,
    "WLHImagVolume_r5_p": 1.1255455497620252e-06,
    "WLHImagVolume_a0_p": 0.5869803144843514,
    "WLHImagVolume_a1_p": 0.29221530068080637,
    "WLHImagVolume_a2_p": 16.315055438729715,
    "WLHImagVolume_a3_p": 0.44591263102031414,
    "WLHImagVolume_a4_p": 0.002860973850365527,
    "WLHImagVolume_W0_n": 3.2298994748549017,
    "WLHImagVolume_W1_n": 0.19222009350403607,
    "WLHImagVolume_W2_n": 0.00045135942087168735,
    "WLHImagVolume_W3_n": 8.510911593721668,
    "WLHImagVolume_W4_n": -0.0356073298509693,
    "WLHImagVolume_r0_n": 0.595892588023453,
    "WLHImagVolume_r1_n": 98.11771971708563,
    "WLHImagVolume_r2_n": 0.7514922632801704,
    "WLHImagVolume_r3_n": 107.38564565927935,
    "WLHImagVolume_r4_n": 0.8784208819523615,
    "WLHImagVolume_r5_n": 5.328192420740045e-06,
    "WLHImagVolume_a0_n": 0.2821300916871631,
    "WLHImagVolume_a1_n": 0.5413883364025969,
    "WLHImagVolume_a2_n": 5.2804206638472175,
    "WLHImagVolume_a3_n": 0.06269963825921683,
    "WLHImagVolume_a4_n": 0.0001870951481877703,
    "WLHImagSurface_W0_p": 0.9015181256982835,
    "WLHImagSurface_W1_p": 0.04668819113361805,
    "WLHImagSurface_W2_p": 0.7926701088857849,
    "WLHImagSurface_W3_p": 0.17724590468451357,
    "WLHImagSurface_r0_p": 0.9615924703669271,
    "WLHImagSurface_r1_p": 0.5607794909171735,
    "WLHImagSurface_r2_p": 0.002162802334913504,
    "WLHImagSurface_a0_p": 0.7949060683761129,
    "WLHImagSurface_W0_n": 1.2255231946647815,
    "WLHImagSurface_W1_n": 0.04669006688661801,
    "WLHImagSurface_W2_n": 1.577993568639526,
    "WLHImagSurface_W3_n": 0.17405939268935042,
    "WLHImagSurface_r0_n": 1.3218017341695,
    "WLHImagSurface_r1_n": 1.5811954663802208,
    "WLHImagSurface_r2_n": 0.0013729877292732787,
    "WLHImagSurface_a0_n": 0.896447297728523,
    "WLHRealSpinOrbit_V0_p": 9.246098266709177,
    "WLHRealSpinOrbit_V1_p": 0.008432844429510724,
    "WLHRealSpinOrbit_r0_p": 1.2978364936862972,
    "WLHRealSpinOrbit_r1_p": 0.9152452166525983,
    "WLHRealSpinOrbit_a0_p": 0.8212033871293504,
    "WLHRealSpinOrbit_a1_p": 0.00032422800644236967,
    "WLHRealSpinOrbit_V0_n": 9.155613490422914,
    "WLHRealSpinOrbit_V1_n": 0.008827447167440614,
    "WLHRealSpinOrbit_r0_n": 1.3553295937722434,
    "WLHRealSpinOrbit_r1_n": 0.9872677490454888,
    "WLHRealSpinOrbit_a0_n": 0.8645665288711845,
    "WLHRealSpinOrbit_a1_n": 0.0003566881603153443
}