{
    "WLHReal_V0_p": 46.29061924902151,
    "WLHReal_V1_p": 0.24572202200667131,
    "WLHReal_V2_p": -0.0002928180417404542,
    "WLHReal_V3_p": 2.0397791768619325e-06,
    "WLHReal_V4_p": 13.884196745629286,
    "WLHReal_V5_p": 0.08661990823502061,
    "WLHReal_V6_p": 0.00025637542652325214,
    "WLHReal_r0_p": 1.3047988325824167,
    "WLHReal_r1_p": 0.14736251054451663,
    "WLHReal_r2_p": 0.0007050667091015908,
    "WLHReal_r3_p": 8.611735471836197e-06,
    "WLHReal_a0_p": 0.751409776091063,
    "WLHReal_a1_p": -0.0002945496034364684,
    "WLHReal_a2_p": 9.313244539045525e-06,
    "WLHReal_a3_p": -0.049261300217200474,
    "WLHReal_a4_p": 0.4013882854338878,
    "WLHReal_V0_n": 54.51843672761912,
    "WLHReal_V1_n": 0.3266910077940498,
    "WLHReal_V2_n": -2.3703894554675587e-05,
    "WLHReal_V3_n": 2.6521569132673576e-06,
    "WLHReal_V4_n": 19.86264327574502,
    "WLHReal_V5_n": 0.2849332729395859,
    "WLHReal_V6_n": 0.000858300107781899,
    "WLHReal_r0_n": 1.3161904021503201,
    "WLHReal_r1_n": 0.4148295433147128,
    "WLHReal_r2_n": 0.0006834022019889774,
    "WLHReal_r3_n": 3.700082925823019e-06,
    "WLHReal_a0_n": 0.7333350817298168,
    "WLHReal_a1_n": 0.0005834655114483725,
    "WLHReal_a2_n": 4.617213047336247e-06,
    "WLHReal_a3_n": 0.1693301359703684,
    "WLHReal_a4_n": 0.6836836930256502,
    "WLHImagVolume_W0_p": 2.776068839443072,
    "WLHImagVolume_W1_p": 0.02899593855882418,
    "WLHImagVolume_W2_p": -0.00018619946937400089,
    "WLHImagVolume_W3_p": 4.877413968073433,
    "WLHImagVolume_W4_p": 0.026281267536548872,
    "WLHImagVolume_r0_p": 0.8221787087154871,
    "WLHImagVolume_r1_p": 39.2595713828008,
    "WLHImagVolume_r2_p": 0.47775737121431117,
    "WLHImagVolume_r3_p": 57.59514883387409,
    "WLHImagVolume_r4_p": 0.6442774275005599,
    "WLHImagVolume_r5_p": 6.68319714380492e-07,
    "WLHImagVolume_a0_p": 0.5134985903776494,
    "WLHImagVolume_a1_p": 0.29759662627740613,
    "WLHImagVolume_a2_p": 17.633733181369305,
    "WLHImagVolume_a3_p": 0.3335173553232083,
    "WLHImagVolume_a4_p": 0.0013149969357878321,
    "WLHImagVolume_W0_n": 2.8230538261438736,
    "WLHImagVolume_W1_n": 0.31307953812548284,
    "WLHImagVolume_W2_n": 0.0008780848811506534,
    "WLHImagVolume_W3_n": 8.554643772886328,
    "WLHImagVolume_W4_n": 0.06678578309772086,
    "WLHImagVolume_r0_n": 0.4191385342622351,
    "WLHImagVolume_r1_n": 101.48711379652283,
    "WLHImagVolume_r2_n": 0.8862407565925678,
    "WLHImagVolume_r3_n": 98.20613753223509,
    "WLHImagVolume_r4_n": 0.7503270921512697,
    "WLHImagVolume_r5_n": 2.1112812483107533e-06,
    "WLHImagVolume_a0_n": 0.2165326968782819,
    "WLHImagVolume_a1_n": 0.6216878504410701,
    "WLHImagVolume_a2_n": 6.110946219436728,
    "WLHImagVolume_a3_n": 0.04050472388168708,
    "WLHImagVolume_a4_n": 0.0005030947880042391,
    "WLHImagSurface_W0_p": 0.9791629554202179,
    "WLHImagSurface_W1_p": 0.030338007679704463,
    "WLHImagSurface_W2_p": 0.7175153193085124,
    "WLHImagSurface_W3_p": 0.07453134306046533,
    "WLHImagSurface_r0_p": 0.9779460539640211,
    "WLHImagSurface_r1_p": -0.09394897216834136,
    "WLHImagSurface_r2_p": 0.0035772744265660864,
    "WLHImagSurface_a0_p": 0.9030771095008538,
    "WLHImagSurface_W0_n": 2.3756620016348067,
    "WLHImagSurface_W1_n": 0.06365144653904935,
    "WLHImagSurface_W2_n": 4.273966422888977,
    "WLHImagSurface_W3_n": 0.2187452619719591,
    "WLHImagSurface_r0_n": 1.3287971662120253,
    "WLHImagSurface_r1_n": 1.652089885748257,
    "WLHImagSurface_r2_n": 0.0038618265466471807,
    "WLHImagSurface_a0_n": 0.8388569691073262,
    "WLHRealSpinOrbit_V0_p": 9.181407250910404,
    "WLHRealSpinOrbit_V1_p": 0.008278061310030983,
    "WLHRealSpinOrbit_r0_p": 1.312881679093209,
    "WLHRealSpinOrbit_r1_p": 0.8943098595815101,
    "WLHRealSpinOrbit_a0_p": 0.8201890287718014,
    "WLHRealSpinOrbit_a1_p": 0.0004061927502816311,
    "WLHRealSpinOrbit_V0_n": 9.098285449127621,
    "WLHRealSpinOrbit_V1_n": 0.007985406767603426,
    "WLHRealSpinOrbit_r0_n": 1.2776305259874388,
    "WLHRealSpinOrbit_r1_n": 0.8660371799352978,
    "WLHRealSpinOrbit_a0_n": 0.7963888093277436,
    "WLHRealSpinOrbit_a1_n": 0.0003537174198983602
}