{
    "WLHReal_V0_p": 52.76221257763395,
    "WLHReal_V1_p": 0.29957253550656393,
    "WLHReal_V2_p": -0.00025452439905609736,
    "WLHReal_V3_p": 2.576759252830851e-06,
    "WLHReal_V4_p": 12.648814369414445,
    "WLHReal_V5_p": 0.11188592486228414,
    "WLHReal_V6_p": 0.00033312895848738026,
    "WLHReal_r0_p": 1.2884407271910454,
    "WLHReal_r1_p": 0.19275008565392232,
    "WLHReal_r2_p": 0.0010527014570231095,
    "WLHReal_r3_p": 1.0359371959037478e-05,
    "WLHReal_a0_p": 0.7803619093281979,
    "WLHReal_a1_p": 1.6080012049838105e-05,
    "WLHReal_a2_p": 8.613481177183978e-06,
    "WLHReal_a3_p": 0.029524232991547973,
    "WLHReal_a4_p": 0.5981292085270317,
    "WLHReal_V0_n": 56.31174926601159,
    "WLHReal_V1_n": 0.27864035178837804,
    "WLHReal_V2_n": 0.0003920021175633341,
    "WLHReal_V3_n": -3.799253083826203e-07,
    "WLHReal_V4_n": 22.45784095427688,
    "WLHReal_V5_n": 0.24254733354057517,
    "WLHReal_V6_n": 0.0004716300866017351,
    "WLHReal_r0_n": 1.2347602729809388,
    "WLHReal_r1_n": 0.3210216335676744,
    "WLHReal_r2_n": 0.0004345383922587442,
    "WLHReal_r3_n": 1.1453459988550053e-06,
    "WLHReal_a0_n": 0.708492459709726,
    "WLHReal_a1_n": 0.00010029635504962408,
    "WLHReal_a2_n": -1.249582589492039e-06,
    "WLHReal_a3_n": 0.201847233635418,
    "WLHReal_a4_n": 0.63622491368826,
    "WLHImagVolume_W0_p": 4.479875445603876,
    "WLHImagVolume_W1_p": 0.2074127667243992,
    "WLHImagVolume_W2_p": 0.00024958008543308043,
    "WLHImagVolume_W3_p": 11.335372918337058,
    "WLHImagVolume_W4_p": 0.07081904059429707,
    "WLHImagVolume_r0_p": 0.7678992010719295,
    "WLHImagVolume_r1_p": 40.616808353513534,
    "WLHImagVolume_r2_p": 0.5003906398281144,
    "WLHImagVolume_r3_p": 59.57721626813155,
    "WLHImagVolume_r4_p": 0.7448138604965545,
    "WLHImagVolume_r5_p": 1.687936245385577e-06,
    "WLHImagVolume_a0_p": 0.5676130797851971,
    "WLHImagVolume_a1_p": 0.2596467554200079,
    "WLHImagVolume_a2_p": 13.89295753467376,
    "WLHImagVolume_a3_p": 0.4198884106458344,
    "WLHImagVolume_a4_p": 0.0024814836453905904,
    "WLHImagVolume_W0_n": 2.3033687909994165,
    "WLHImagVolume_W1_n": 0.24045243752851608,
    "WLHImagVolume_W2_n": 0.00017484782644176837,
    "WLHImagVolume_W3_n": 8.512400613821683,
    "WLHImagVolume_W4_n": 0.045800710455788055,
    "WLHImagVolume_r0_n": 0.6316859806218003,
    "WLHImagVolume_r1_n": 46.179579503000845,
    "WLHImagVolume_r2_n": 0.5911981657686047,
    "WLHImagVolume_r3_n": 56.246266149071005,
    "WLHImagVolume_r4_n": 1.0836598222366656,
    "WLHImagVolume_r5_n": 3.429481579608716e-06,
    "WLHImagVolume_a0_n": 0.21080290923707168,
    "WLHImagVolume_a1_n": 0.6074728158432194,
    "WLHImagVolume_a2_n": 9.473823258697898,
    "WLHImagVolume_a3_n": 0.06741028800534095,
    "WLHImagVolume_a4_n": 0.001162447975254727,
    "WLHImagSurface_W0_p": 0.6414307481764552,
    "WLHImagSurface_W1_p": 0.004700754737432283,
    "WLHImagSurface_W2_p": -0.30044947425545043,
    "WLHImagSurface_W3_p": -0.00626168998861118,
    "WLHImagSurface_r0_p": 0.9052846000013609,
    "WLHImagSurface_r1_p": 0.2267878015568776,
    "WLHImagSurface_r2_p": 0.002729027017869347,
    "WLHImagSurface_a0_p": 0.8009568411077969,
    "WLHImagSurface_W0_n": 1.3734050483456355,
    "WLHImagSurface_W1_n": 0.009805576641679595,
    "WLHImagSurface_W2_n": 1.5902707283750233,
    "WLHImagSurface_W3_n": 0.04471308787167329,
    "WLHImagSurface_r0_n": 1.226949047801335,
    "WLHImagSurface_r1_n": 1.2152094131057873,
    "WLHImagSurface_r2_n": 0.004192768974318668,
    "WLHImagSurface_a0_n": 0.8153350535726054,
    "WLHRealSpinOrbit_V0_p": 9.790703138599238,
    "WLHRealSpinOrbit_V1_p": 0.008804118569895394,
    "WLHRealSpinOrbit_r0_p": 1.2803440303931697,
    "WLHRealSpinOrbit_r1_p": 0.889418440048466,
    "WLHRealSpinOrbit_a0_p": 0.8141211769606277,
    "WLHRealSpinOrbit_a1_p": 0.00033103326757975463,
    "WLHRealSpinOrbit_V0_n": 10.42522735736137,
    "WLHRealSpinOrbit_V1_n": 0.008614504904125676,
    "WLHRealSpinOrbit_r0_n": 1.2080954547652165,
    "WLHRealSpinOrbit_r1_n": 0.7621196847528338,
    "WLHRealSpinOrbit_a0_n": 0.7541504051946564,
    "WLHRealSpinOrbit_a1_n": 0.00035604363787195974
}