{
    "WLHReal_V0_p": 48.36126558352816,
    "WLHReal_V1_p": 0.2566102293869633,
    "WLHReal_V2_p": -0.001965761997469062,
    "WLHReal_V3_p": 7.877590562148635e-06,
    "WLHReal_V4_p": 9.12845235418895,
    "WLHReal_V5_p": 0.14394893850825874,
    "WLHReal_V6_p": 0.0009765578928102388,
    "WLHReal_r0_p": 1.4445213584418715,
    "WLHReal_r1_p": 0.2750184125491874,
    "WLHReal_r2_p": 0.001463280203696317,
    "WLHReal_r3_p": 2.0773514973033755e-05,
    "WLHReal_a0_p": 0.8555639416576507,
    "WLHReal_a1_p": 4.671783308938718e-05,
    "WLHReal_a2_p": 1.8238429076568615e-05,
    "WLHReal_a3_p": -0.11498466867422062,
    "WLHReal_a4_p": 0.542977510751631,
    "WLHReal_V0_n": 49.398479224002905,
    "WLHReal_V1_n": 0.2269403761422444,
    "WLHReal_V2_n": -0.00023607085852691631,
    "WLHReal_V3_n": 2.502953027433113e-06,
    "WLHReal_V4_n": 22.048291162241973,
    "WLHReal_V5_n": 0.2694148867785987,
    "WLHReal_V6_n": 0.0008874842567161891,
    "WLHReal_r0_n": 1.321551387060953,
    "WLHReal_r1_n": 0.3574061064097395,
    "WLHReal_r2_n": 0.000697650623414617,
    "WLHReal_r3_n": 6.289530055105524e-06,
    "WLHReal_a0_n": 0.7290790009718308,
    "WLHReal_a1_n": 0.0006774658783402108,
    "WLHReal_a2_n": 6.224138413094274e-06,
    "WLHReal_a3_n": 0.2545747397625264,
    "WLHReal_a4_n": 0.731948237957984,
    "WLHImagVolume_W0_p": 8.058712662498088,
    "WLHImagVolume_W1_p": 0.26650792405546775,
    "WLHImagVolume_W2_p": 0.000241592024955667,
    "WLHImagVolume_W3_p": 7.907362820646036,
    "WLHImagVolume_W4_p": 0.12083580832050522,
    "WLHImagVolume_r0_p": 1.0508615815809237,
    "WLHImagVolume_r1_p": 6.834424475748719,
    "WLHImagVolume_r2_p": 0.367844658836855,
    "WLHImagVolume_r3_p": 32.52950444808235,
    "WLHImagVolume_r4_p": 0.8294298510634682,
    "WLHImagVolume_r5_p": 1.612607123345414e-06,
    "WLHImagVolume_a0_p": 0.746720107420029,
    "WLHImagVolume_a1_p": 0.17447119324089952,
    "WLHImagVolume_a2_p": 8.133638008410104,
    "WLHImagVolume_a3_p": 0.5828225605173347,
    "WLHImagVolume_a4_p": 0.0052312062151610075,
    "WLHImagVolume_W0_n": 1.5110357703644757,
    "WLHImagVolume_W1_n": 0.15617187468148608,
    "WLHImagVolume_W2_n": 0.00013445310390029379,
    "WLHImagVolume_W3_n": 5.974632690838941,
    "WLHImagVolume_W4_n": -0.021204904184445806,
    "WLHImagVolume_r0_n": 0.5520789131808111,
    "WLHImagVolume_r1_n": 80.945601394963,
    "WLHImagVolume_r2_n": 0.7477952756638668,
    "WLHImagVolume_r3_n": 80.37388399834458,
    "WLHImagVolume_r4_n": 0.9485429562302767,
    "WLHImagVolume_r5_n": 4.550741207517525e-06,
    "WLHImagVolume_a0_n": 0.22559672646036852,
    "WLHImagVolume_a1_n": 0.6157203532005258,
    "WLHImagVolume_a2_n": 10.645335883401664,
    "WLHImagVolume_a3_n": 0.1334233764897969,
    "WLHImagVolume_a4_n": 0.0012642268163724824,
    "WLHImagSurface_W0_p": -0.23438585832384495,
    "WLHImagSurface_W1_p": -0.0469123588157484,
    "WLHImagSurface_W2_p": -1.610660677987781,
    "WLHImagSurface_W3_p": -0.16657006811614308,
    "WLHImagSurface_r0_p": 0.42012701507774497,
    "WLHImagSurface_r1_p": -0.741728954263837,
    "WLHImagSurface_r2_p": -0.007860095573207172,
    "WLHImagSurface_a0_p": 0.5651808665003217,
    "WLHImagSurface_W0_n": 0.8215686152919515,
    "WLHImagSurface_W1_n": 0.011020544264420586,
    "WLHImagSurface_W2_n": 1.45316150057485,
    "WLHImagSurface_W3_n": 0.08595828416581622,
    "WLHImagSurface_r0_n": 1.2945761656526578,
    "WLHImagSurface_r1_n": 1.28969730722956,
    "WLHImagSurface_r2_n": 0.0027297237849576053,
    "WLHImagSurface_a0_n": 0.8596849225304536,
    "WLHRealSpinOrbit_V0_p": 9.009921442671251,
    "WLHRealSpinOrbit_V1_p": 0.009639855357571815,
    "WLHRealSpinOrbit_r0_p": 1.4426934690181794,
    "WLHRealSpinOrbit_r1_p": 1.1382295586421467,
    "WLHRealSpinOrbit_a0_p": 0.9412749531637875,
    "WLHRealSpinOrbit_a1_p": 0.00031982001259300006,
    "WLHRealSpinOrbit_V0_n": 9.43820236573277,
    "WLHRealSpinOrbit_V1_n": 0.008256911223620034,
    "WLHRealSpinOrbit_r0_n": 1.292493003230973,
    "WLHRealSpinOrbit_r1_n": 0.8513624155075371,
    "WLHRealSpinOrbit_a0_n": 0.8007831467472704,
    "WLHRealSpinOrbit_a1_n": 0.00041758939468137705
}