{
    "CH89RealCentral": {
        "V_0": 57.9506,
        "V_t": 15.2184,
        "V_e": -0.393279,
        "r_o": 1.1708,
        "r_o_0": -0.145787,
        "a_0": 0.701764
    },
    "CH89Coulomb": {
        "r_c": 1.37164,
        "r_c_0": -0.0221043
    },
    "CH89SpinOrbit": {
        "V_so": 6.4253,
        "r_so": 1.24292,
        "r_so_0": -1.28034,
        "a_so": 0.639653
    },
    "CH89ImagCentral": {
        "W_v0": 8.63448,
        "W_ve0": 6.82213,
        "W_vew": 14.2602,
        "W_s0": 8.00737,
        "W_st": 40.2998,
        "W_se0": -16.2411,
        "W_sew": 37.9299,
        "r_w": 1.44832,
        "r_w0": -0.642371,
        "a_w": 0.733895
    }
}