{
    "ECS_p": 0.219513,
    "ECS_n": 0.401839,
    "APower_p": 0.681969,
    "APower_n": 0.24622
}