{
    "CH89RealCentral": {
        "V_0": 56.976,
        "V_t": 21.4453,
        "V_e": -0.32358,
        "r_o": 1.16797,
        "r_o_0": -0.0695493,
        "a_0": 0.701109
    },
    "CH89Coulomb": {
        "r_c": 1.17784,
        "r_c_0": 0.0147551
    },
    "CH89SpinOrbit": {
        "V_so": 4.54738,
        "r_so": 1.43339,
        "r_so_0": -1.30684,
        "a_so": 0.565337
    },
    "CH89ImagCentral": {
        "W_v0": 10.201,
        "W_ve0": 30.0812,
        "W_vew": 15.6309,
        "W_s0": 11.186,
        "W_st": 21.5117,
        "W_se0": 35.3565,
        "W_sew": 27.3563,
        "r_w": 1.28263,
        "r_w0": -0.464308,
        "a_w": 0.640852
    }
}