{
    "WLHReal_V0_p": 55.21614464652358,
    "WLHReal_V1_p": 0.30823409681211317,
    "WLHReal_V2_p": 0.00033683876643948913,
    "WLHReal_V3_p": 1.021008147775344e-06,
    "WLHReal_V4_p": 14.073014483826173,
    "WLHReal_V5_p": 0.12790743670751517,
    "WLHReal_V6_p": 0.00017255072144521,
    "WLHReal_r0_p": 1.259748322779575,
    "WLHReal_r1_p": 0.27794638919815173,
    "WLHReal_r2_p": 0.000681618614761321,
    "WLHReal_r3_p": 4.149236034006878e-06,
    "WLHReal_a0_p": 0.7595546078136963,
    "WLHReal_a1_p": 0.00014166954566330493,
    "WLHReal_a2_p": 2.555418210934376e-06,
    "WLHReal_a3_p": 0.08394397223689773,
    "WLHReal_a4_p": 0.5692272397617243,
    "WLHReal_V0_n": 52.64710073672481,
    "WLHReal_V1_n": 0.2871493043984696,
    "WLHReal_V2_n": 2.3146912742387027e-05,
    "WLHReal_V3_n": 1.4115905281898534e-06,
    "WLHReal_V4_n": 21.597464935153972,
    "WLHReal_V5_n": 0.25840193457077504,
    "WLHReal_V6_n": 0.0008383771327163718,
    "WLHReal_r0_n": 1.2647736982710525,
    "WLHReal_r1_n": 0.2520161385498461,
    "WLHReal_r2_n": 0.0008018801990402282,
    "WLHReal_r3_n": 7.252237424654522e-06,
    "WLHReal_a0_n": 0.7271579020692113,
    "WLHReal_a1_n": 0.0007273797005838265,
    "WLHReal_a2_n": 8.113364385324469e-06,
    "WLHReal_a3_n": 0.2983451248625565,
    "WLHReal_a4_n": 0.8777424922949713,
    "WLHImagVolume_W0_p": 3.4759152651813294,
    "WLHImagVolume_W1_p": 0.21745700142106023,
    "WLHImagVolume_W2_p": 0.0003194873136930006,
    "WLHImagVolume_W3_p": 12.467071623755684,
    "WLHImagVolume_W4_p": 0.06623060443660654,
    "WLHImagVolume_r0_p": 0.5997936496679409,
    "WLHImagVolume_r1_p": 50.48291247724717,
    "WLHImagVolume_r2_p": 0.6181097881251199,
    "WLHImagVolume_r3_p": 61.19565893223255,
    "WLHImagVolume_r4_p": 0.6491185972243884,
    "WLHImagVolume_r5_p": 1.938359918250169e-06,
    "WLHImagVolume_a0_p": 0.5212834508395416,
    "WLHImagVolume_a1_p": 0.28263727162604363,
    "WLHImagVolume_a2_p": 14.86407526311192,
    "WLHImagVolume_a3_p": 0.38607101950528855,
    "WLHImagVolume_a4_p": 0.0018516882123967736,
    "WLHImagVolume_W0_n": 2.4221472459266513,
    "WLHImagVolume_W1_n": 0.20126605301294812,
    "WLHImagVolume_W2_n": 0.0003191290928464184,
    "WLHImagVolume_W3_n": 7.945879834984728,
    "WLHImagVolume_W4_n": 0.016252887366599286,
    "WLHImagVolume_r0_n": 0.566691659762666,
    "WLHImagVolume_r1_n": 79.27022503735377,
    "WLHImagVolume_r2_n": 0.6927272891446684,
    "WLHImagVolume_r3_n": 80.4527439447561,
    "WLHImagVolume_r4_n": 0.8872555358985419,
    "WLHImagVolume_r5_n": 2.6545828149263873e-06,
    "WLHImagVolume_a0_n": 0.20352101735061492,
    "WLHImagVolume_a1_n": 0.6003901607249864,
    "WLHImagVolume_a2_n": 8.360560439602322,
    "WLHImagVolume_a3_n": 0.05519502395240954,
    "WLHImagVolume_a4_n": 0.000441850060239852,
    "WLHImagSurface_W0_p": 1.0930522134100944,
    "WLHImagSurface_W1_p": 0.04573816863699184,
    "WLHImagSurface_W2_p": 1.154409519243452,
    "WLHImagSurface_W3_p": 0.15483651666344145,
    "WLHImagSurface_r0_p": 1.0565020918675712,
    "WLHImagSurface_r1_p": 0.7065180611697888,
    "WLHImagSurface_r2_p": 0.006823473444449366,
    "WLHImagSurface_a0_p": 0.7940112449198624,
    "WLHImagSurface_W0_n": 1.495512373034371,
    "WLHImagSurface_W1_n": 0.027225194996663125,
    "WLHImagSurface_W2_n": 1.800831108585191,
    "WLHImagSurface_W3_n": 0.0978625366610103,
    "WLHImagSurface_r0_n": 1.283483267701244,
    "WLHImagSurface_r1_n": 1.364733209902751,
    "WLHImagSurface_r2_n": 0.0034872375869271642,
    "WLHImagSurface_a0_n": 0.8399840761361859,
    "WLHRealSpinOrbit_V0_p": 9.929678154394148,
    "WLHRealSpinOrbit_V1_p": 0.008360216793077538,
    "WLHRealSpinOrbit_r0_p": 1.229816425996531,
    "WLHRealSpinOrbit_r1_p": 0.7980203140217631,
    "WLHRealSpinOrbit_a0_p": 0.7680345441072175,
    "WLHRealSpinOrbit_a1_p": 0.0003524040546450437,
    "WLHRealSpinOrbit_V0_n": 9.813346427871545,
    "WLHRealSpinOrbit_V1_n": 0.008470342995701825,
    "WLHRealSpinOrbit_r0_n": 1.2518209516989882,
    "WLHRealSpinOrbit_r1_n": 0.832722508119274,
    "WLHRealSpinOrbit_a0_n": 0.7859075116856307,
    "WLHRealSpinOrbit_a1_n": 0.0003523689868833308
}