{
    "WLHReal_V0_p": 49.60365481968327,
    "WLHReal_V1_p": 0.2734652717970363,
    "WLHReal_V2_p": -0.0004724422451535692,
    "WLHReal_V3_p": 3.681607209761772e-06,
    "WLHReal_V4_p": 12.321709520509552,
    "WLHReal_V5_p": 0.13586446389665488,
    "WLHReal_V6_p": 0.00043317890368574846,
    "WLHReal_r0_p": 1.3634756099830878,
    "WLHReal_r1_p": 0.3413845387329839,
    "WLHReal_r2_p": 0.0006376040738950443,
    "WLHReal_r3_p": 7.017625784032881e-06,
    "WLHReal_a0_p": 0.7851434388175584,
    "WLHReal_a1_p": -8.506690009829835e-06,
    "WLHReal_a2_p": 6.611446390943687e-06,
    "WLHReal_a3_p": -0.016854520181184843,
    "WLHReal_a4_p": 0.44193087013165905,
    "WLHReal_V0_n": 52.14744327663933,
    "WLHReal_V1_n": 0.30342743516401727,
    "WLHReal_V2_n": -0.0006634658167567364,
    "WLHReal_V3_n": 4.5749923248154944e-06,
    "WLHReal_V4_n": 19.730707954912596,
    "WLHReal_V5_n": 0.3220249981717069,
    "WLHReal_V6_n": 0.001434975684937978,
    "WLHReal_r0_n": 1.3501875104045775,
    "WLHReal_r1_n": 0.3803058664875269,
    "WLHReal_r2_n": 0.001105590093367998,
    "WLHReal_r3_n": 1.1981563399293835e-05,
    "WLHReal_a0_n": 0.7631208853376066,
    "WLHReal_a1_n": 0.0011350788711884943,
    "WLHReal_a2_n": 1.4889190379895623e-05,
    "WLHReal_a3_n": 0.26469878424975773,
    "WLHReal_a4_n": 0.9240991199145481,
    "WLHImagVolume_W0_p": 4.336450022616981,
    "WLHImagVolume_W1_p": 0.1641982136216242,
    "WLHImagVolume_W2_p": 0.00024338405619421793,
    "WLHImagVolume_W3_p": 7.692976112765825,
    "WLHImagVolume_W4_p": 0.06908645815670195,
    "WLHImagVolume_r0_p": 0.6386193334234416,
    "WLHImagVolume_r1_p": 49.484232543357535,
    "WLHImagVolume_r2_p": 0.6848285584694587,
    "WLHImagVolume_r3_p": 58.423594386818785,
    "WLHImagVolume_r4_p": 0.5018546193495075,
    "WLHImagVolume_r5_p": 9.16905421728194e-07,
    "WLHImagVolume_a0_p": 0.5643196768283172,
    "WLHImagVolume_a1_p": 0.2942257167166967,
    "WLHImagVolume_a2_p": 16.864206312761873,
    "WLHImagVolume_a3_p": 0.39896318672825193,
    "WLHImagVolume_a4_p": 0.0022761439143274046,
    "WLHImagVolume_W0_n": 3.529118041877406,
    "WLHImagVolume_W1_n": 0.3128235887097057,
    "WLHImagVolume_W2_n": 0.0008781497237170509,
    "WLHImagVolume_W3_n": 9.535510670397112,
    "WLHImagVolume_W4_n": 0.03915772600045945,
    "WLHImagVolume_r0_n": 0.4912407453700942,
    "WLHImagVolume_r1_n": 99.76142364067398,
    "WLHImagVolume_r2_n": 0.8500825776430552,
    "WLHImagVolume_r3_n": 106.82193950011533,
    "WLHImagVolume_r4_n": 0.8219560704584474,
    "WLHImagVolume_r5_n": 4.111133974445461e-06,
    "WLHImagVolume_a0_n": 0.2706945503569431,
    "WLHImagVolume_a1_n": 0.5732191047658626,
    "WLHImagVolume_a2_n": 4.044247167137984,
    "WLHImagVolume_a3_n": 0.03485073965662865,
    "WLHImagVolume_a4_n": 0.00037194310769366596,
    "WLHImagSurface_W0_p": 1.0531135917350984,
    "WLHImagSurface_W1_p": 0.05728000697984685,
    "WLHImagSurface_W2_p": 1.5885674080456265,
    "WLHImagSurface_W3_p": 0.20887372796874426,
    "WLHImagSurface_r0_p": 0.9355149387936255,
    "WLHImagSurface_r1_p": 0.1736553280963616,
    "WLHImagSurface_r2_p": 0.0023423562790044683,
    "WLHImagSurface_a0_p": 0.7960177273096315,
    "WLHImagSurface_W0_n": 2.1442282718082373,
    "WLHImagSurface_W1_n": 0.06983958017590686,
    "WLHImagSurface_W2_n": 3.715818103281246,
    "WLHImagSurface_W3_n": 0.23998336066054193,
    "WLHImagSurface_r0_n": 1.3273472855396464,
    "WLHImagSurface_r1_n": 1.7314063227708394,
    "WLHImagSurface_r2_n": 0.0026500579655563987,
    "WLHImagSurface_a0_n": 0.8678465506689744,
    "WLHRealSpinOrbit_V0_p": 8.874056385665819,
    "WLHRealSpinOrbit_V1_p": 0.00818126020026041,
    "WLHRealSpinOrbit_r0_p": 1.333190305677941,
    "WLHRealSpinOrbit_r1_p": 0.9271749507934977,
    "WLHRealSpinOrbit_a0_p": 0.8330947047966075,
    "WLHRealSpinOrbit_a1_p": 0.00039355228558540036,
    "WLHRealSpinOrbit_V0_n": 9.027119183430846,
    "WLHRealSpinOrbit_V1_n": 0.008430663537975641,
    "WLHRealSpinOrbit_r0_n": 1.325785149018869,
    "WLHRealSpinOrbit_r1_n": 0.9465447568622012,
    "WLHRealSpinOrbit_a0_n": 0.8386589198572513,
    "WLHRealSpinOrbit_a1_n": 0.000343037063811904
}