{
    "WLHReal_V0_p": 57.004217755191554,
    "WLHReal_V1_p": 0.3451350599768764,
    "WLHReal_V2_p": -5.306507470434638e-05,
    "WLHReal_V3_p": 2.8607851016474405e-06,
    "WLHReal_V4_p": 11.256509241418906,
    "WLHReal_V5_p": 0.17037880047278237,
    "WLHReal_V6_p": 0.0003917863248676447,
    "WLHReal_r0_p": 1.3457550785990706,
    "WLHReal_r1_p": 0.46139640295520845,
    "WLHReal_r2_p": 0.0007342567033858196,
    "WLHReal_r3_p": 4.4276486703056784e-06,
    "WLHReal_a0_p": 0.8041515338932231,
    "WLHReal_a1_p": 0.0003373668110598022,
    "WLHReal_a2_p": 2.8074802466317827e-06,
    "WLHReal_a3_p": 0.09995930604829835,
    "WLHReal_a4_p": 0.6246066108434826,
    "WLHReal_V0_n": 57.66583164393196,
    "WLHReal_V1_n": 0.32558047389111644,
    "WLHReal_V2_n": 0.0005483299008733503,
    "WLHReal_V3_n": -2.919940730438597e-07,
    "WLHReal_V4_n": 21.75492252187341,
    "WLHReal_V5_n": 0.2364098540380138,
    "WLHReal_V6_n": 0.0004472562664612367,
    "WLHReal_r0_n": 1.2098674300854084,
    "WLHReal_r1_n": 0.2602775593879126,
    "WLHReal_r2_n": 0.000518424900657133,
    "WLHReal_r3_n": 2.2472162264788993e-06,
    "WLHReal_a0_n": 0.7080428886409412,
    "WLHReal_a1_n": 0.00020971446994844556,
    "WLHReal_a2_n": 4.865676386690741e-07,
    "WLHReal_a3_n": 0.22659409121846713,
    "WLHReal_a4_n": 0.7322074884096034,
    "WLHImagVolume_W0_p": 5.3673510738840005,
    "WLHImagVolume_W1_p": 0.3475181050627755,
    "WLHImagVolume_W2_p": 0.0008422412787500198,
    "WLHImagVolume_W3_p": 14.82659677408519,
    "WLHImagVolume_W4_p": 0.10894343532696918,
    "WLHImagVolume_r0_p": 0.37734520853808345,
    "WLHImagVolume_r1_p": 72.46405445961406,
    "WLHImagVolume_r2_p": 0.9017105798239453,
    "WLHImagVolume_r3_p": 73.62542431478558,
    "WLHImagVolume_r4_p": 0.42218456530839055,
    "WLHImagVolume_r5_p": 7.844985767099182e-07,
    "WLHImagVolume_a0_p": 0.5717197999067962,
    "WLHImagVolume_a1_p": 0.30429411185469346,
    "WLHImagVolume_a2_p": 16.759541709334076,
    "WLHImagVolume_a3_p": 0.4382093858875159,
    "WLHImagVolume_a4_p": 0.002687037680835227,
    "WLHImagVolume_W0_n": 2.7686402918092274,
    "WLHImagVolume_W1_n": 0.26516370819960466,
    "WLHImagVolume_W2_n": 0.00038853841165441397,
    "WLHImagVolume_W3_n": 9.330253544815418,
    "WLHImagVolume_W4_n": 0.06871986628323748,
    "WLHImagVolume_r0_n": 0.5881303140354888,
    "WLHImagVolume_r1_n": 58.96140802261505,
    "WLHImagVolume_r2_n": 0.6206119765716832,
    "WLHImagVolume_r3_n": 64.44534911292519,
    "WLHImagVolume_r4_n": 0.9528466949097273,
    "WLHImagVolume_r5_n": 1.883381488829724e-06,
    "WLHImagVolume_a0_n": 0.18547307227554058,
    "WLHImagVolume_a1_n": 0.6084748426417577,
    "WLHImagVolume_a2_n": 7.967230248415883,
    "WLHImagVolume_a3_n": 0.01731047431225348,
    "WLHImagVolume_a4_n": 0.0004730495475528596,
    "WLHImagSurface_W0_p": 1.1681730517702578,
    "WLHImagSurface_W1_p": 0.07509726836452107,
    "WLHImagSurface_W2_p": 1.8092167874810514,
    "WLHImagSurface_W3_p": 0.29407398802101414,
    "WLHImagSurface_r0_p": 1.030442763801566,
    "WLHImagSurface_r1_p": 0.838114842208066,
    "WLHImagSurface_r2_p": 0.004038491607996563,
    "WLHImagSurface_a0_p": 0.7698003532140543,
    "WLHImagSurface_W0_n": 1.9467696555941199,
    "WLHImagSurface_W1_n": 0.027566715203513788,
    "WLHImagSurface_W2_n": 2.234992110318938,
    "WLHImagSurface_W3_n": 0.07749752036137018,
    "WLHImagSurface_r0_n": 1.2444236457828788,
    "WLHImagSurface_r1_n": 1.3221835041834096,
    "WLHImagSurface_r2_n": 0.0046906296791377824,
    "WLHImagSurface_a0_n": 0.8059316535446649,
    "WLHRealSpinOrbit_V0_p": 9.21446577518055,
    "WLHRealSpinOrbit_V1_p": 0.008154777412891178,
    "WLHRealSpinOrbit_r0_p": 1.279009896535936,
    "WLHRealSpinOrbit_r1_p": 0.876016917375932,
    "WLHRealSpinOrbit_a0_p": 0.801046845702169,
    "WLHRealSpinOrbit_a1_p": 0.00033840321826258696,
    "WLHRealSpinOrbit_V0_n": 10.380089176574614,
    "WLHRealSpinOrbit_V1_n": 0.00854846782475389,
    "WLHRealSpinOrbit_r0_n": 1.1916160266190823,
    "WLHRealSpinOrbit_r1_n": 0.7615315513995881,
    "WLHRealSpinOrbit_a0_n": 0.7483660428524458,
    "WLHRealSpinOrbit_a1_n": 0.0003193464803971235
}