{
    "WLHReal_V0_p": 61.44541096425931,
    "WLHReal_V1_p": 0.36318573353286016,
    "WLHReal_V2_p": 0.0012771669370520782,
    "WLHReal_V3_p": -2.437980386281857e-06,
    "WLHReal_V4_p": 14.951742407667187,
    "WLHReal_V5_p": 0.14923227595747848,
    "WLHReal_V6_p": -8.33699197809881e-05,
    "WLHReal_r0_p": 1.203866882175606,
    "WLHReal_r1_p": 0.38090365402724186,
    "WLHReal_r2_p": 0.00042021347713830365,
    "WLHReal_r3_p": -3.809356031126926e-06,
    "WLHReal_a0_p": 0.7421101307800745,
    "WLHReal_a1_p": 0.0003879045782893575,
    "WLHReal_a2_p": -5.74180861808471e-06,
    "WLHReal_a3_p": 0.2100994160189067,
    "WLHReal_a4_p": 0.6615220788835188,
    "WLHReal_V0_n": 50.84878819272801,
    "WLHReal_V1_n": 0.27928390854058965,
    "WLHReal_V2_n": -0.0005733582853951132,
    "WLHReal_V3_n": 3.718440218684256e-06,
    "WLHReal_V4_n": 21.096187123240767,
    "WLHReal_V5_n": 0.29664651132577874,
    "WLHReal_V6_n": 0.0013960051856584791,
    "WLHReal_r0_n": 1.299610135963471,
    "WLHReal_r1_n": 0.227412936621251,
    "WLHReal_r2_n": 0.0012144718240213958,
    "WLHReal_r3_n": 1.4566992138232171e-05,
    "WLHReal_a0_n": 0.7568140990624024,
    "WLHReal_a1_n": 0.0012683524359598688,
    "WLHReal_a2_n": 1.7959594846605504e-05,
    "WLHReal_a3_n": 0.3792166250560368,
    "WLHReal_a4_n": 1.1055635194990678,
    "WLHImagVolume_W0_p": 2.6660875459073976,
    "WLHImagVolume_W1_p": 0.30888539525960534,
    "WLHImagVolume_W2_p": 0.0007078365843490289,
    "WLHImagVolume_W3_p": 17.667036606636877,
    "WLHImagVolume_W4_p": 0.07398437493722365,
    "WLHImagVolume_r0_p": 0.27902645180697216,
    "WLHImagVolume_r1_p": 78.878090870835,
    "WLHImagVolume_r2_p": 0.8572276970525681,
    "WLHImagVolume_r3_p": 78.38417045693399,
    "WLHImagVolume_r4_p": 0.5066172858095257,
    "WLHImagVolume_r5_p": 2.1865017215030943e-06,
    "WLHImagVolume_a0_p": 0.45638774045819425,
    "WLHImagVolume_a1_p": 0.3264470658159316,
    "WLHImagVolume_a2_p": 17.206393213720258,
    "WLHImagVolume_a3_p": 0.34744812036508654,
    "WLHImagVolume_a4_p": 0.001045369032656782,
    "WLHImagVolume_W0_n": 3.2521551146763175,
    "WLHImagVolume_W1_n": 0.22043541079459883,
    "WLHImagVolume_W2_n": 0.00043645200943449235,
    "WLHImagVolume_W3_n": 9.136005371521254,
    "WLHImagVolume_W4_n": 0.0005762186876299077,
    "WLHImagVolume_r0_n": 0.6080060537631279,
    "WLHImagVolume_r1_n": 83.2660326502707,
    "WLHImagVolume_r2_n": 0.689608762294267,
    "WLHImagVolume_r3_n": 92.90337798587919,
    "WLHImagVolume_r4_n": 0.9112752518758531,
    "WLHImagVolume_r5_n": 4.291339784598061e-06,
    "WLHImagVolume_a0_n": 0.2525354725145945,
    "WLHImagVolume_a1_n": 0.5564338560219463,
    "WLHImagVolume_a2_n": 5.756437804479603,
    "WLHImagVolume_a3_n": 0.03767998404243001,
    "WLHImagVolume_a4_n": 0.0001805231767508919,
    "WLHImagSurface_W0_p": 1.6444788040642706,
    "WLHImagSurface_W1_p": 0.09443794591625396,
    "WLHImagSurface_W2_p": 2.492383930482367,
    "WLHImagSurface_W3_p": 0.3444510214085763,
    "WLHImagSurface_r0_p": 1.3143312168186712,
    "WLHImagSurface_r1_p": 1.5618995079078926,
    "WLHImagSurface_r2_p": 0.012403595353121397,
    "WLHImagSurface_a0_p": 0.8410206814781577,
    "WLHImagSurface_W0_n": 1.5027229374951188,
    "WLHImagSurface_W1_n": 0.04165624043810071,
    "WLHImagSurface_W2_n": 1.715796343867749,
    "WLHImagSurface_W3_n": 0.14116463556565245,
    "WLHImagSurface_r0_n": 1.291851309802899,
    "WLHImagSurface_r1_n": 1.5015272287078856,
    "WLHImagSurface_r2_n": 0.002459152278903572,
    "WLHImagSurface_a0_n": 0.866149451390641,
    "WLHRealSpinOrbit_V0_p": 10.285557755276063,
    "WLHRealSpinOrbit_V1_p": 0.007848093644981948,
    "WLHRealSpinOrbit_r0_p": 1.1385898346944372,
    "WLHRealSpinOrbit_r1_p": 0.665887256915584,
    "WLHRealSpinOrbit_a0_p": 0.6971799433223109,
    "WLHRealSpinOrbit_a1_p": 0.0003393256061839765,
    "WLHRealSpinOrbit_V0_n": 9.638074629977012,
    "WLHRealSpinOrbit_V1_n": 0.008823480321474798,
    "WLHRealSpinOrbit_r0_n": 1.2987614733855268,
    "WLHRealSpinOrbit_r1_n": 0.915300455392613,
    "WLHRealSpinOrbit_a0_n": 0.8272176661674663,
    "WLHRealSpinOrbit_a1_n": 0.0003346070022545298
}