{
    "WLHReal_V0_p": 50.38072964725912,
    "WLHReal_V1_p": 0.29096919439106206,
    "WLHReal_V2_p": -0.0008159493321199235,
    "WLHReal_V3_p": 4.813364873871696e-06,
    "WLHReal_V4_p": 10.796366420615445,
    "WLHReal_V5_p": 0.13855539115710583,
    "WLHReal_V6_p": 0.0005606461877398796,
    "WLHReal_r0_p": 1.3837504508298195,
    "WLHReal_r1_p": 0.3277010297896807,
    "WLHReal_r2_p": 0.0009539896405887335,
    "WLHReal_r3_p": 1.0913768758013038e-05,
    "WLHReal_a0_p": 0.810029258767809,
    "WLHReal_a1_p": 3.095759284104906e-05,
    "WLHReal_a2_p": 1.039874297016214e-05,
    "WLHReal_a3_p": -0.019562774768534075,
    "WLHReal_a4_p": 0.5260381050470646,
    "WLHReal_V0_n": 52.73382711637268,
    "WLHReal_V1_n": 0.27961608140080957,
    "WLHReal_V2_n": -0.0003002885270003707,
    "WLHReal_V3_n": 2.8368511827438385e-06,
    "WLHReal_V4_n": 20.885541201322376,
    "WLHReal_V5_n": 0.2917464935768363,
    "WLHReal_V6_n": 0.0010575282424893785,
    "WLHReal_r0_n": 1.31897154695057,
    "WLHReal_r1_n": 0.3780420509033002,
    "WLHReal_r2_n": 0.0008177858121946358,
    "WLHReal_r3_n": 7.1327573909236635e-06,
    "WLHReal_a0_n": 0.7414326924580351,
    "WLHReal_a1_n": 0.0007328980531759792,
    "WLHReal_a2_n": 8.574502881517169e-06,
    "WLHReal_a3_n": 0.23238227784542057,
    "WLHReal_a4_n": 0.7796882038486054,
    "WLHImagVolume_W0_p": 5.5834229122334165,
    "WLHImagVolume_W1_p": 0.22638836335431795,
    "WLHImagVolume_W2_p": 0.0004059353752514932,
    "WLHImagVolume_W3_p": 9.329974315357765,
    "WLHImagVolume_W4_p": 0.08912722275472472,
    "WLHImagVolume_r0_p": 0.679065912481161,
    "WLHImagVolume_r1_p": 48.75986433860288,
    "WLHImagVolume_r2_p": 0.6699614921944722,
    "WLHImagVolume_r3_p": 61.12607496502613,
    "WLHImagVolume_r4_p": 0.5488084709770475,
    "WLHImagVolume_r5_p": 1.0780876629256556e-06,
    "WLHImagVolume_a0_p": 0.6084868885238263,
    "WLHImagVolume_a1_p": 0.2765460005339734,
    "WLHImagVolume_a2_p": 15.767821608858327,
    "WLHImagVolume_a3_p": 0.44542844134685666,
    "WLHImagVolume_a4_p": 0.0030081437186613713,
    "WLHImagVolume_W0_n": 2.7540236801950124,
    "WLHImagVolume_W1_n": 0.2666619457963134,
    "WLHImagVolume_W2_n": 0.0005550730981013407,
    "WLHImagVolume_W3_n": 8.470073021950018,
    "WLHImagVolume_W4_n": 0.030305983719013576,
    "WLHImagVolume_r0_n": 0.5336876295548112,
    "WLHImagVolume_r1_n": 81.93519082626341,
    "WLHImagVolume_r2_n": 0.7714762878071689,
    "WLHImagVolume_r3_n": 88.15730670190756,
    "WLHImagVolume_r4_n": 0.9197359110212281,
    "WLHImagVolume_r5_n": 4.017057656607123e-06,
    "WLHImagVolume_a0_n": 0.24780278943197537,
    "WLHImagVolume_a1_n": 0.593484348687186,
    "WLHImagVolume_a2_n": 6.885190237752204,
    "WLHImagVolume_a3_n": 0.06793750010135662,
    "WLHImagVolume_a4_n": 0.0008424311266199132,
    "WLHImagSurface_W0_p": 0.7299581236609265,
    "WLHImagSurface_W1_p": 0.03176760652533164,
    "WLHImagSurface_W2_p": 0.5695125279882784,
    "WLHImagSurface_W3_p": 0.11634204453459979,
    "WLHImagSurface_r0_p": 0.8385282715158603,
    "WLHImagSurface_r1_p": 0.030625715440662893,
    "WLHImagSurface_r2_p": -0.00041232328880370407,
    "WLHImagSurface_a0_p": 0.7777810269008062,
    "WLHImagSurface_W0_n": 1.6755738978919952,
    "WLHImagSurface_W1_n": 0.04238950872355498,
    "WLHImagSurface_W2_n": 2.8042916748790323,
    "WLHImagSurface_W3_n": 0.16103366084152482,
    "WLHImagSurface_r0_n": 1.2953294164986944,
    "WLHImagSurface_r1_n": 1.5108121418697043,
    "WLHImagSurface_r2_n": 0.0030787838058949613,
    "WLHImagSurface_a0_n": 0.8524556842290782,
    "WLHRealSpinOrbit_V0_p": 8.877359443748883,
    "WLHRealSpinOrbit_V1_p": 0.00853336609607381,
    "WLHRealSpinOrbit_r0_p": 1.356181554271385,
    "WLHRealSpinOrbit_r1_p": 0.9840098263456706,
    "WLHRealSpinOrbit_a0_p": 0.8596572164035093,
    "WLHRealSpinOrbit_a1_p": 0.0003575229612994128,
    "WLHRealSpinOrbit_V0_n": 9.439755072778114,
    "WLHRealSpinOrbit_V1_n": 0.008407251423618414,
    "WLHRealSpinOrbit_r0_n": 1.290074688438851,
    "WLHRealSpinOrbit_r1_n": 0.8785873234039298,
    "WLHRealSpinOrbit_a0_n": 0.8088084395726179,
    "WLHRealSpinOrbit_a1_n": 0.00036590535618572347
}