{
    "WLHReal_V0_p": 56.75499035283723,
    "WLHReal_V1_p": 0.29066253396162156,
    "WLHReal_V2_p": 0.000549450487226704,
    "WLHReal_V3_p": -6.168555698694569e-07,
    "WLHReal_V4_p": 15.76820851229558,
    "WLHReal_V5_p": 0.1329949534229009,
    "WLHReal_V6_p": 0.00013108372335011276,
    "WLHReal_r0_p": 1.2230718887856167,
    "WLHReal_r1_p": 0.27193957369320426,
    "WLHReal_r2_p": 0.0005583128945909823,
    "WLHReal_r3_p": 2.2134777840290837e-06,
    "WLHReal_a0_p": 0.7452079023213998,
    "WLHReal_a1_p": 0.00023644543211259378,
    "WLHReal_a2_p": 2.1124227167892434e-07,
    "WLHReal_a3_p": 0.09539385138325557,
    "WLHReal_a4_p": 0.5449160552687936,
    "WLHReal_V0_n": 55.69223123989634,
    "WLHReal_V1_n": 0.2906695250242257,
    "WLHReal_V2_n": 0.0009011150113412284,
    "WLHReal_V3_n": -1.7055841178473062e-06,
    "WLHReal_V4_n": 22.485680845516345,
    "WLHReal_V5_n": 0.20397842140740607,
    "WLHReal_V6_n": -1.1057839713514298e-05,
    "WLHReal_r0_n": 1.2174841355298305,
    "WLHReal_r1_n": 0.31871939980716923,
    "WLHReal_r2_n": 0.00013170827196617638,
    "WLHReal_r3_n": -4.494717035241191e-06,
    "WLHReal_a0_n": 0.6822882972849726,
    "WLHReal_a1_n": -0.000175056458579045,
    "WLHReal_a2_n": -7.214484153509648e-06,
    "WLHReal_a3_n": 0.15537403048277365,
    "WLHReal_a4_n": 0.4849515462590204,
    "WLHImagVolume_W0_p": 3.062438304600372,
    "WLHImagVolume_W1_p": 0.21393926569850194,
    "WLHImagVolume_W2_p": 0.00014319871285668325,
    "WLHImagVolume_W3_p": 12.664447026050725,
    "WLHImagVolume_W4_p": 0.06456943358923208,
    "WLHImagVolume_r0_p": 0.693644718927202,
    "WLHImagVolume_r1_p": 30.988057243133724,
    "WLHImagVolume_r2_p": 0.47752656063411203,
    "WLHImagVolume_r3_p": 43.61137742580201,
    "WLHImagVolume_r4_p": 0.7920217647114942,
    "WLHImagVolume_r5_p": 2.2385686455678887e-06,
    "WLHImagVolume_a0_p": 0.5268085642368079,
    "WLHImagVolume_a1_p": 0.24277649527208228,
    "WLHImagVolume_a2_p": 10.87924755229886,
    "WLHImagVolume_a3_p": 0.40716759088526694,
    "WLHImagVolume_a4_p": 0.002083907743405981,
    "WLHImagVolume_W0_n": 1.163237323250954,
    "WLHImagVolume_W1_n": 0.18263015309028027,
    "WLHImagVolume_W2_n": 0.00012169495531294322,
    "WLHImagVolume_W3_n": 6.242592105512999,
    "WLHImagVolume_W4_n": 0.04230923589700362,
    "WLHImagVolume_r0_n": 0.5188094860556235,
    "WLHImagVolume_r1_n": 66.86020861342254,
    "WLHImagVolume_r2_n": 0.6852063170558206,
    "WLHImagVolume_r3_n": 58.14441253605962,
    "WLHImagVolume_r4_n": 0.9027064766878224,
    "WLHImagVolume_r5_n": 1.2477793085454063e-06,
    "WLHImagVolume_a0_n": 0.14047123469935824,
    "WLHImagVolume_a1_n": 0.6649883341873695,
    "WLHImagVolume_a2_n": 12.390932622622378,
    "WLHImagVolume_a3_n": 0.09027524444213159,
    "WLHImagVolume_a4_n": 0.0010614927925800273,
    "WLHImagSurface_W0_p": 1.0211580534440667,
    "WLHImagSurface_W1_p": 0.0350537116750297,
    "WLHImagSurface_W2_p": 1.2294644555293175,
    "WLHImagSurface_W3_p": 0.11828537715083418,
    "WLHImagSurface_r0_p": 1.0093146999800555,
    "WLHImagSurface_r1_p": 0.8071424048805393,
    "WLHImagSurface_r2_p": 0.008469821683959903,
    "WLHImagSurface_a0_p": 0.678478782245511,
    "WLHImagSurface_W0_n": 1.410951275611,
    "WLHImagSurface_W1_n": 0.002607732328841976,
    "WLHImagSurface_W2_n": 1.9079563778060011,
    "WLHImagSurface_W3_n": 0.02815191897402264,
    "WLHImagSurface_r0_n": 1.2612816510155531,
    "WLHImagSurface_r1_n": 1.1418048162356873,
    "WLHImagSurface_r2_n": 0.0049993679110683815,
    "WLHImagSurface_a0_n": 0.8002295369767755,
    "WLHRealSpinOrbit_V0_p": 10.500087353806816,
    "WLHRealSpinOrbit_V1_p": 0.008585409989207975,
    "WLHRealSpinOrbit_r0_p": 1.1962206370063344,
    "WLHRealSpinOrbit_r1_p": 0.7462163290339917,
    "WLHRealSpinOrbit_a0_p": 0.7460616470578145,
    "WLHRealSpinOrbit_a1_p": 0.000354504937141121,
    "WLHRealSpinOrbit_V0_n": 10.135596218907468,
    "WLHRealSpinOrbit_V1_n": 0.007979450472867253,
    "WLHRealSpinOrbit_r0_n": 1.1820673534876762,
    "WLHRealSpinOrbit_r1_n": 0.705353974689634,
    "WLHRealSpinOrbit_a0_n": 0.7234406925072011,
    "WLHRealSpinOrbit_a1_n": 0.0003844684045380916
}