{
    "WLHReal_V0_p": 53.99274581039067,
    "WLHReal_V1_p": 0.29914801333156205,
    "WLHReal_V2_p": -7.721425576286745e-05,
    "WLHReal_V3_p": 2.070605510866643e-06,
    "WLHReal_V4_p": 13.034386696491577,
    "WLHReal_V5_p": 0.14248536137137488,
    "WLHReal_V6_p": 0.000338804928400489,
    "WLHReal_r0_p": 1.311872222170181,
    "WLHReal_r1_p": 0.33743365952853815,
    "WLHReal_r2_p": 0.000699402898953991,
    "WLHReal_r3_p": 5.4458995293978235e-06,
    "WLHReal_a0_p": 0.7797333823763715,
    "WLHReal_a1_p": 0.00016316977946250808,
    "WLHReal_a2_p": 3.972437739345277e-06,
    "WLHReal_a3_p": 0.049210501766970005,
    "WLHReal_a4_p": 0.5378823817247117,
    "WLHReal_V0_n": 48.16798796377161,
    "WLHReal_V1_n": 0.226087299502961,
    "WLHReal_V2_n": -0.0004263216914920789,
    "WLHReal_V3_n": 2.5630434885585514e-06,
    "WLHReal_V4_n": 21.99891691002304,
    "WLHReal_V5_n": 0.2763223998939106,
    "WLHReal_V6_n": 0.0010938606770899738,
    "WLHReal_r0_n": 1.3216575608923786,
    "WLHReal_r1_n": 0.29698428785105696,
    "WLHReal_r2_n": 0.0009088469261481075,
    "WLHReal_r3_n": 1.0134169523873605e-05,
    "WLHReal_a0_n": 0.7390346675744323,
    "WLHReal_a1_n": 0.0009755412625010347,
    "WLHReal_a2_n": 1.2158605065369308e-05,
    "WLHReal_a3_n": 0.3223454609910494,
    "WLHReal_a4_n": 0.8887394107032143,
    "WLHImagVolume_W0_p": 4.350142281529725,
    "WLHImagVolume_W1_p": 0.23496432906571205,
    "WLHImagVolume_W2_p": 0.00036977526117205314,
    "WLHImagVolume_W3_p": 11.417238388041401,
    "WLHImagVolume_W4_p": 0.08011077169280922,
    "WLHImagVolume_r0_p": 0.6114723382780476,
    "WLHImagVolume_r1_p": 47.563177676295986,
    "WLHImagVolume_r2_p": 0.6516615183213376,
    "WLHImagVolume_r3_p": 56.9686136949909,
    "WLHImagVolume_r4_p": 0.6019949020144105,
    "WLHImagVolume_r5_p": 1.4867518074418483e-06,
    "WLHImagVolume_a0_p": 0.5611561847084667,
    "WLHImagVolume_a1_p": 0.27389894281730465,
    "WLHImagVolume_a2_p": 14.426836710986896,
    "WLHImagVolume_a3_p": 0.41991761201683764,
    "WLHImagVolume_a4_p": 0.002443957292687884,
    "WLHImagVolume_W0_n": 1.7602826407495251,
    "WLHImagVolume_W1_n": 0.13720110178096978,
    "WLHImagVolume_W2_n": 0.00011485269372969568,
    "WLHImagVolume_W3_n": 6.233533485937556,
    "WLHImagVolume_W4_n": -0.036498788804858295,
    "WLHImagVolume_r0_n": 0.5753848844650333,
    "WLHImagVolume_r1_n": 85.03785949600619,
    "WLHImagVolume_r2_n": 0.729458885089409,
    "WLHImagVolume_r3_n": 85.5412578536842,
    "WLHImagVolume_r4_n": 0.9294079351770621,
    "WLHImagVolume_r5_n": 4.518771455019834e-06,
    "WLHImagVolume_a0_n": 0.23131928380180583,
    "WLHImagVolume_a1_n": 0.5982269783749862,
    "WLHImagVolume_a2_n": 9.935282247299373,
    "WLHImagVolume_a3_n": 0.12111201341988384,
    "WLHImagVolume_a4_n": 0.0009496872395392522,
    "WLHImagSurface_W0_p": 0.9965565698080743,
    "WLHImagSurface_W1_p": 0.047303080258991645,
    "WLHImagSurface_W2_p": 1.2763914661636304,
    "WLHImagSurface_W3_p": 0.17318241244456067,
    "WLHImagSurface_r0_p": 0.9632537538125037,
    "WLHImagSurface_r1_p": 0.519113141741293,
    "WLHImagSurface_r2_p": 0.004381082843483052,
    "WLHImagSurface_a0_p": 0.7445945358483328,
    "WLHImagSurface_W0_n": 0.763888106461399,
    "WLHImagSurface_W1_n": 0.013550168432969686,
    "WLHImagSurface_W2_n": 1.0786367116034592,
    "WLHImagSurface_W3_n": 0.08794673485222258,
    "WLHImagSurface_r0_n": 1.299803724580444,
    "WLHImagSurface_r1_n": 1.3124442327800303,
    "WLHImagSurface_r2_n": 0.0023381565382779735,
    "WLHImagSurface_a0_n": 0.8695668322265407,
    "WLHRealSpinOrbit_V0_p": 9.548566246627056,
    "WLHRealSpinOrbit_V1_p": 0.008400014269228939,
    "WLHRealSpinOrbit_r0_p": 1.2757710550647523,
    "WLHRealSpinOrbit_r1_p": 0.861491085513827,
    "WLHRealSpinOrbit_a0_p": 0.7997141620968495,
    "WLHRealSpinOrbit_a1_p": 0.00035965717136489237,
    "WLHRealSpinOrbit_V0_n": 9.426763199130205,
    "WLHRealSpinOrbit_V1_n": 0.008417635020851622,
    "WLHRealSpinOrbit_r0_n": 1.3046702090321836,
    "WLHRealSpinOrbit_r1_n": 0.8789460827902051,
    "WLHRealSpinOrbit_a0_n": 0.8143277933820339,
    "WLHRealSpinOrbit_a1_n": 0.0004052774312883077
}