{
    "WLHReal_V0_p": 55.839422919830966,
    "WLHReal_V1_p": 0.3105235701826043,
    "WLHReal_V2_p": -0.00013495322580808034,
    "WLHReal_V3_p": 2.3571011712967016e-06,
    "WLHReal_V4_p": 12.60712992966272,
    "WLHReal_V5_p": 0.15831745822057972,
    "WLHReal_V6_p": 0.0004024828169067884,
    "WLHReal_r0_p": 1.3209784157209206,
    "WLHReal_r1_p": 0.38551453028682303,
    "WLHReal_r2_p": 0.0007453538317380648,
    "WLHReal_r3_p": 5.424312392304976e-06,
    "WLHReal_a0_p": 0.7921328131668857,
    "WLHReal_a1_p": 0.0002868471739275584,
    "WLHReal_a2_p": 3.2735064590436776e-06,
    "WLHReal_a3_p": 0.06625726897843934,
    "WLHReal_a4_p": 0.5758235826067769,
    "WLHReal_V0_n": 53.08933498852318,
    "WLHReal_V1_n": 0.3156533878378282,
    "WLHReal_V2_n": -0.0007074102393402578,
    "WLHReal_V3_n": 5.131209388082578e-06,
    "WLHReal_V4_n": 19.154867189935132,
    "WLHReal_V5_n": 0.3343860854627409,
    "WLHReal_V6_n": 0.0014652257355590448,
    "WLHReal_r0_n": 1.3690869741960987,
    "WLHReal_r1_n": 0.4449140925261251,
    "WLHReal_r2_n": 0.0010670625634509093,
    "WLHReal_r3_n": 1.0903138908937447e-05,
    "WLHReal_a0_n": 0.766669413616995,
    "WLHReal_a1_n": 0.0010690729978290038,
    "WLHReal_a2_n": 1.3603843565837398e-05,
    "WLHReal_a3_n": 0.21573398676147093,
    "WLHReal_a4_n": 0.8513846344520104,
    "WLHImagVolume_W0_p": 5.0229318225230015,
    "WLHImagVolume_W1_p": 0.29459586923738323,
    "WLHImagVolume_W2_p": 0.0005088398213294249,
    "WLHImagVolume_W3_p": 13.02681735975764,
    "WLHImagVolume_W4_p": 0.09782570110324416,
    "WLHImagVolume_r0_p": 0.5868118699369594,
    "WLHImagVolume_r1_p": 46.26143254820422,
    "WLHImagVolume_r2_p": 0.6743639344219532,
    "WLHImagVolume_r3_p": 54.39083777050412,
    "WLHImagVolume_r4_p": 0.6125288383757382,
    "WLHImagVolume_r5_p": 1.8658063293480585e-06,
    "WLHImagVolume_a0_p": 0.5872496494440687,
    "WLHImagVolume_a1_p": 0.2587331577750098,
    "WLHImagVolume_a2_p": 12.924925124077383,
    "WLHImagVolume_a3_p": 0.4560255945311052,
    "WLHImagVolume_a4_p": 0.002957820229019283,
    "WLHImagVolume_W0_n": 3.766955601878961,
    "WLHImagVolume_W1_n": 0.3609956251955896,
    "WLHImagVolume_W2_n": 0.0010757858311075538,
    "WLHImagVolume_W3_n": 9.98920825277589,
    "WLHImagVolume_W4_n": 0.0594085890143423,
    "WLHImagVolume_r0_n": 0.4521272982098714,
    "WLHImagVolume_r1_n": 103.83957382411285,
    "WLHImagVolume_r2_n": 0.9057188225716281,
    "WLHImagVolume_r3_n": 111.58132212368669,
    "WLHImagVolume_r4_n": 0.8019496296964652,
    "WLHImagVolume_r5_n": 3.8688035207418494e-06,
    "WLHImagVolume_a0_n": 0.28266011413209935,
    "WLHImagVolume_a1_n": 0.5761393593084085,
    "WLHImagVolume_a2_n": 3.0410431996555696,
    "WLHImagVolume_a3_n": 0.02876862017256489,
    "WLHImagVolume_a4_n": 0.0004556942020597054,
    "WLHImagSurface_W0_p": 0.9137352881762351,
    "WLHImagSurface_W1_p": 0.04503462772888373,
    "WLHImagSurface_W2_p": 1.2340905481821025,
    "WLHImagSurface_W3_p": 0.17545935242480998,
    "WLHImagSurface_r0_p": 0.920320295027116,
    "WLHImagSurface_r1_p": 0.6095738448586994,
    "WLHImagSurface_r2_p": 0.0038506313922219084,
    "WLHImagSurface_a0_p": 0.6832789422152352,
    "WLHImagSurface_W0_n": 2.4476125270935984,
    "WLHImagSurface_W1_n": 0.08253608710861884,
    "WLHImagSurface_W2_n": 4.5693241204686466,
    "WLHImagSurface_W3_n": 0.2820650202679511,
    "WLHImagSurface_r0_n": 1.3371512649571209,
    "WLHImagSurface_r1_n": 1.8327983735802933,
    "WLHImagSurface_r2_n": 0.0027489136282017805,
    "WLHImagSurface_a0_n": 0.8674688007710901,
    "WLHRealSpinOrbit_V0_p": 9.642311394329528,
    "WLHRealSpinOrbit_V1_p": 0.008529554392241134,
    "WLHRealSpinOrbit_r0_p": 1.2750665428556274,
    "WLHRealSpinOrbit_r1_p": 0.8686746730512508,
    "WLHRealSpinOrbit_a0_p": 0.8025550909877288,
    "WLHRealSpinOrbit_a1_p": 0.00034390969577929723,
    "WLHRealSpinOrbit_V0_n": 8.829563180807341,
    "WLHRealSpinOrbit_V1_n": 0.008320884985124608,
    "WLHRealSpinOrbit_r0_n": 1.3352015892345084,
    "WLHRealSpinOrbit_r1_n": 0.9597082855965405,
    "WLHRealSpinOrbit_a0_n": 0.8434803401462402,
    "WLHRealSpinOrbit_a1_n": 0.00034183248422846584
}