{
    "CH89RealCentral": {
        "V_0": 57.6086,
        "V_t": 14.5862,
        "V_e": -0.377302,
        "r_o": 1.13439,
        "r_o_0": 0.0632457,
        "a_0": 0.726609
    },
    "CH89Coulomb": {
        "r_c": 1.26623,
        "r_c_0": 0.0931929
    },
    "CH89SpinOrbit": {
        "V_so": 5.96758,
        "r_so": 1.15237,
        "r_so_0": -0.737414,
        "a_so": 0.610995
    },
    "CH89ImagCentral": {
        "W_v0": 7.58845,
        "W_ve0": 2.74871,
        "W_vew": 27.0477,
        "W_s0": 9.39025,
        "W_st": 16.4023,
        "W_se0": 12.1265,
        "W_sew": 57.752,
        "r_w": 1.43161,
        "r_w0": -0.66053,
        "a_w": 0.637264
    }
}