{
    "WLHReal_V0_p": 48.62768964708336,
    "WLHReal_V1_p": 0.24026834900959784,
    "WLHReal_V2_p": -0.0006928177311640254,
    "WLHReal_V3_p": 3.3017620804429694e-06,
    "WLHReal_V4_p": 13.592918196072988,
    "WLHReal_V5_p": 0.10087578642466255,
    "WLHReal_V6_p": 0.00045317318432983836,
    "WLHReal_r0_p": 1.305719611682971,
    "WLHReal_r1_p": 0.13407236184519936,
    "WLHReal_r2_p": 0.0010079509782378782,
    "WLHReal_r3_p": 1.3445653688367522e-05,
    "WLHReal_a0_p": 0.7752595882662987,
    "WLHReal_a1_p": -0.00012046416874274697,
    "WLHReal_a2_p": 1.1509889232235326e-05,
    "WLHReal_a3_p": -0.05764069532224936,
    "WLHReal_a4_p": 0.47057277112634954,
    "WLHReal_V0_n": 49.718833087107534,
    "WLHReal_V1_n": 0.2661063679576238,
    "WLHReal_V2_n": -0.0008615241090549301,
    "WLHReal_V3_n": 4.629695498356208e-06,
    "WLHReal_V4_n": 20.457624316951858,
    "WLHReal_V5_n": 0.3224996170310083,
    "WLHReal_V6_n": 0.001567608450796097,
    "WLHReal_r0_n": 1.3557704424396229,
    "WLHReal_r1_n": 0.33809004386954417,
    "WLHReal_r2_n": 0.0012199819578985153,
    "WLHReal_r3_n": 1.4496914002517895e-05,
    "WLHReal_a0_n": 0.7677450581058007,
    "WLHReal_a1_n": 0.001318437565838369,
    "WLHReal_a2_n": 1.7977916118998937e-05,
    "WLHReal_a3_n": 0.32513528679137427,
    "WLHReal_a4_n": 1.0140265975270275,
    "WLHImagVolume_W0_p": 4.328224741543536,
    "WLHImagVolume_W1_p": 0.11200710244877025,
    "WLHImagVolume_W2_p": -0.00019980593047241217,
    "WLHImagVolume_W3_p": 6.754982931466613,
    "WLHImagVolume_W4_p": 0.056524542651806425,
    "WLHImagVolume_r0_p": 1.0286765123636599,
    "WLHImagVolume_r1_p": 9.394875452066891,
    "WLHImagVolume_r2_p": 0.26544870640884677,
    "WLHImagVolume_r3_p": 35.35771585680773,
    "WLHImagVolume_r4_p": 0.8940601792684404,
    "WLHImagVolume_r5_p": 1.5779101155180323e-06,
    "WLHImagVolume_a0_p": 0.6007750472311021,
    "WLHImagVolume_a1_p": 0.21370167960542086,
    "WLHImagVolume_a2_p": 10.468434656851581,
    "WLHImagVolume_a3_p": 0.44111323065624414,
    "WLHImagVolume_a4_p": 0.002909301582890794,
    "WLHImagVolume_W0_n": 3.2161641921541757,
    "WLHImagVolume_W1_n": 0.2519118902970019,
    "WLHImagVolume_W2_n": 0.0006139855514168906,
    "WLHImagVolume_W3_n": 8.80248770219218,
    "WLHImagVolume_W4_n": 0.0008118055685037741,
    "WLHImagVolume_r0_n": 0.5511002157081324,
    "WLHImagVolume_r1_n": 93.97792298749455,
    "WLHImagVolume_r2_n": 0.7937198448905558,
    "WLHImagVolume_r3_n": 103.23698411912818,
    "WLHImagVolume_r4_n": 0.8905536870132068,
    "WLHImagVolume_r5_n": 4.643018127588824e-06,
    "WLHImagVolume_a0_n": 0.2808547300310855,
    "WLHImagVolume_a1_n": 0.5610459860470495,
    "WLHImagVolume_a2_n": 5.2006267223194484,
    "WLHImagVolume_a3_n": 0.06295780387667912,
    "WLHImagVolume_a4_n": 0.0005234813066926983,
    "WLHImagSurface_W0_p": 0.36084423413242084,
    "WLHImagSurface_W1_p": -0.02233954737357703,
    "WLHImagSurface_W2_p": -0.6572133022978,
    "WLHImagSurface_W3_p": -0.11004388895220038,
    "WLHImagSurface_r0_p": 0.7302337867766767,
    "WLHImagSurface_r1_p": -0.2787848276151406,
    "WLHImagSurface_r2_p": 0.0007152361080094466,
    "WLHImagSurface_a0_p": 0.7030691266614155,
    "WLHImagSurface_W0_n": 1.5624007763297882,
    "WLHImagSurface_W1_n": 0.05299873823241773,
    "WLHImagSurface_W2_n": 2.5655102453076486,
    "WLHImagSurface_W3_n": 0.19683688658747678,
    "WLHImagSurface_r0_n": 1.3173940799573205,
    "WLHImagSurface_r1_n": 1.6209789809171362,
    "WLHImagSurface_r2_n": 0.002010583178803379,
    "WLHImagSurface_a0_n": 0.8811969839273657,
    "WLHRealSpinOrbit_V0_p": 9.7950472181511,
    "WLHRealSpinOrbit_V1_p": 0.009119334056558695,
    "WLHRealSpinOrbit_r0_p": 1.3218407486681951,
    "WLHRealSpinOrbit_r1_p": 0.9351128661695833,
    "WLHRealSpinOrbit_a0_p": 0.8435170425370686,
    "WLHRealSpinOrbit_a1_p": 0.00036077840938939946,
    "WLHRealSpinOrbit_V0_n": 9.129065221812986,
    "WLHRealSpinOrbit_V1_n": 0.008615573457878268,
    "WLHRealSpinOrbit_r0_n": 1.339830444753918,
    "WLHRealSpinOrbit_r1_n": 0.9583469513939349,
    "WLHRealSpinOrbit_a0_n": 0.8487481455903084,
    "WLHRealSpinOrbit_a1_n": 0.0003611725825155146
}