{
    "WLHReal_V0_p": 49.752011451836424,
    "WLHReal_V1_p": 0.2805571364218729,
    "WLHReal_V2_p": -0.0009556735860047118,
    "WLHReal_V3_p": 4.95449381803789e-06,
    "WLHReal_V4_p": 11.021750688557333,
    "WLHReal_V5_p": 0.12115219377922688,
    "WLHReal_V6_p": 0.0005775561247558956,
    "WLHReal_r0_p": 1.362987465731179,
    "WLHReal_r1_p": 0.23090460956058323,
    "WLHReal_r2_p": 0.0011625369997161994,
    "WLHReal_r3_p": 1.4246645094639208e-05,
    "WLHReal_a0_p": 0.808661460734714,
    "WLHReal_a1_p": -3.6450823583006174e-05,
    "WLHReal_a2_p": 1.2697546450440575e-05,
    "WLHReal_a3_p": -0.03876629145118958,
    "WLHReal_a4_p": 0.5498455487258849,
    "WLHReal_V0_n": 51.01790489839266,
    "WLHReal_V1_n": 0.25927110662736447,
    "WLHReal_V2_n": -0.0011721958949238473,
    "WLHReal_V3_n": 5.350595081520119e-06,
    "WLHReal_V4_n": 20.65964925110864,
    "WLHReal_V5_n": 0.34701442720002396,
    "WLHReal_V6_n": 0.0018853715071200587,
    "WLHReal_r0_n": 1.353582146889685,
    "WLHReal_r1_n": 0.32423246744671264,
    "WLHReal_r2_n": 0.0014248349640861844,
    "WLHReal_r3_n": 1.8326776841109503e-05,
    "WLHReal_a0_n": 0.7848382001922689,
    "WLHReal_a1_n": 0.0014564993799498114,
    "WLHReal_a2_n": 2.1808868489449125e-05,
    "WLHReal_a3_n": 0.36301902279025866,
    "WLHReal_a4_n": 1.1301582080567263,
    "WLHImagVolume_W0_p": 5.686089110364364,
    "WLHImagVolume_W1_p": 0.20599459981532478,
    "WLHImagVolume_W2_p": 0.0002447750215349434,
    "WLHImagVolume_W3_p": 9.008827664508244,
    "WLHImagVolume_W4_p": 0.08420144209627162,
    "WLHImagVolume_r0_p": 0.8408187390646793,
    "WLHImagVolume_r1_p": 34.24451887323737,
    "WLHImagVolume_r2_p": 0.5028813734942517,
    "WLHImagVolume_r3_p": 54.25703734815509,
    "WLHImagVolume_r4_p": 0.7055525563275216,
    "WLHImagVolume_r5_p": 1.2727016793216518e-06,
    "WLHImagVolume_a0_p": 0.6246683951270608,
    "WLHImagVolume_a1_p": 0.24673679068479204,
    "WLHImagVolume_a2_p": 13.55792932534361,
    "WLHImagVolume_a3_p": 0.4617164805384203,
    "WLHImagVolume_a4_p": 0.0032661052335010115,
    "WLHImagVolume_W0_n": 4.177610187300887,
    "WLHImagVolume_W1_n": 0.29992478343320256,
    "WLHImagVolume_W2_n": 0.0006095409305137874,
    "WLHImagVolume_W3_n": 10.876450725600442,
    "WLHImagVolume_W4_n": 0.008502061134665832,
    "WLHImagVolume_r0_n": 0.6646919647356098,
    "WLHImagVolume_r1_n": 70.39500480905522,
    "WLHImagVolume_r2_n": 0.6806253390077657,
    "WLHImagVolume_r3_n": 96.49371936807265,
    "WLHImagVolume_r4_n": 1.0683795057003982,
    "WLHImagVolume_r5_n": 6.2371907657718906e-06,
    "WLHImagVolume_a0_n": 0.33390223595856755,
    "WLHImagVolume_a1_n": 0.512966668416549,
    "WLHImagVolume_a2_n": 2.974544642150038,
    "WLHImagVolume_a3_n": 0.03847570955222479,
    "WLHImagVolume_a4_n": 0.0006100870844927064,
    "WLHImagSurface_W0_p": 0.4145802717538971,
    "WLHImagSurface_W1_p": -0.003991965275323195,
    "WLHImagSurface_W2_p": -0.5298685923333049,
    "WLHImagSurface_W3_p": -0.028079356692046753,
    "WLHImagSurface_r0_p": 0.7528092335632095,
    "WLHImagSurface_r1_p": -0.1932347902843667,
    "WLHImagSurface_r2_p": -0.001499791800594055,
    "WLHImagSurface_a0_p": 0.758294674541233,
    "WLHImagSurface_W0_n": 1.52201729367833,
    "WLHImagSurface_W1_n": 0.054912628424223814,
    "WLHImagSurface_W2_n": 2.1167703743780386,
    "WLHImagSurface_W3_n": 0.193023572241372,
    "WLHImagSurface_r0_n": 1.2762791686064454,
    "WLHImagSurface_r1_n": 1.640935829690002,
    "WLHImagSurface_r2_n": 0.001542255561967994,
    "WLHImagSurface_a0_n": 0.8870209931144667,
    "WLHRealSpinOrbit_V0_p": 9.208418622415168,
    "WLHRealSpinOrbit_V1_p": 0.00893626991171814,
    "WLHRealSpinOrbit_r0_p": 1.35640549921146,
    "WLHRealSpinOrbit_r1_p": 0.9974917724948837,
    "WLHRealSpinOrbit_a0_p": 0.8685007678041581,
    "WLHRealSpinOrbit_a1_p": 0.00034017190546370305,
    "WLHRealSpinOrbit_V0_n": 9.558936723841251,
    "WLHRealSpinOrbit_V1_n": 0.009207865395725252,
    "WLHRealSpinOrbit_r0_n": 1.3465359114669857,
    "WLHRealSpinOrbit_r1_n": 0.9872565340721606,
    "WLHRealSpinOrbit_a0_n": 0.8654380209711158,
    "WLHRealSpinOrbit_a1_n": 0.0003304597025189566
}