{
    "WLHReal_V0_p": 49.85109990784472,
    "WLHReal_V1_p": 0.29374937904947435,
    "WLHReal_V2_p": -0.0007241095660794444,
    "WLHReal_V3_p": 4.243625657528738e-06,
    "WLHReal_V4_p": 11.072170742165145,
    "WLHReal_V5_p": 0.11195306747424195,
    "WLHReal_V6_p": 0.00047243980592635523,
    "WLHReal_r0_p": 1.346932794940111,
    "WLHReal_r1_p": 0.21220847008589394,
    "WLHReal_r2_p": 0.0011372897246235134,
    "WLHReal_r3_p": 1.2689395721240268e-05,
    "WLHReal_a0_p": 0.7994753414969639,
    "WLHReal_a1_p": -8.665547914112398e-05,
    "WLHReal_a2_p": 1.1964487654428463e-05,
    "WLHReal_a3_p": -0.018431529971666957,
    "WLHReal_a4_p": 0.567116638651276,
    "WLHReal_V0_n": 46.500260242420914,
    "WLHReal_V1_n": 0.2314579498061547,
    "WLHReal_V2_n": -0.0005261006467737507,
    "WLHReal_V3_n": 3.213170543416753e-06,
    "WLHReal_V4_n": 21.767985326807917,
    "WLHReal_V5_n": 0.2764756871245183,
    "WLHReal_V6_n": 0.0012150462502861638,
    "WLHReal_r0_n": 1.3234006459322927,
    "WLHReal_r1_n": 0.23804316525145053,
    "WLHReal_r2_n": 0.001074208914707209,
    "WLHReal_r3_n": 1.2708937995030261e-05,
    "WLHReal_a0_n": 0.7445512696049135,
    "WLHReal_a1_n": 0.0012596636560212853,
    "WLHReal_a2_n": 1.622941464577243e-05,
    "WLHReal_a3_n": 0.38089730705847474,
    "WLHReal_a4_n": 1.0207860726168678,
    "WLHImagVolume_W0_p": 5.150288190618807,
    "WLHImagVolume_W1_p": 0.1922263054272686,
    "WLHImagVolume_W2_p": 0.00029716992175903993,
    "WLHImagVolume_W3_p": 9.447404097710946,
    "WLHImagVolume_W4_p": 0.07448983351828976,
    "WLHImagVolume_r0_p": 0.7616931068358367,
    "WLHImagVolume_r1_p": 47.141584220727125,
    "WLHImagVolume_r2_p": 0.5718302743930975,
    "WLHImagVolume_r3_p": 65.5495383808565,
    "WLHImagVolume_r4_p": 0.6420473815152529,
    "WLHImagVolume_r5_p": 7.46394799433261e-07,
    "WLHImagVolume_a0_p": 0.5890610897208568,
    "WLHImagVolume_a1_p": 0.27680049596386413,
    "WLHImagVolume_a2_p": 16.086944439169905,
    "WLHImagVolume_a3_p": 0.42271431907259055,
    "WLHImagVolume_a4_p": 0.0026585728486215486,
    "WLHImagVolume_W0_n": 1.751106363649323,
    "WLHImagVolume_W1_n": 0.10560061273436702,
    "WLHImagVolume_W2_n": 0.00012814594412655658,
    "WLHImagVolume_W3_n": 5.883095654680339,
    "WLHImagVolume_W4_n": -0.05291522028040194,
    "WLHImagVolume_r0_n": 0.5544294962787959,
    "WLHImagVolume_r1_n": 99.18198069716502,
    "WLHImagVolume_r2_n": 0.7569783296634998,
    "WLHImagVolume_r3_n": 94.74158019652522,
    "WLHImagVolume_r4_n": 0.8353586254745314,
    "WLHImagVolume_r5_n": 4.24509339845418e-06,
    "WLHImagVolume_a0_n": 0.21892208753385572,
    "WLHImagVolume_a1_n": 0.5960144479288243,
    "WLHImagVolume_a2_n": 9.732014923371336,
    "WLHImagVolume_a3_n": 0.11258990834427093,
    "WLHImagVolume_a4_n": 0.0005368694189907953,
    "WLHImagSurface_W0_p": 0.5950464835647366,
    "WLHImagSurface_W1_p": 0.008312209006283877,
    "WLHImagSurface_W2_p": -0.3512791494919669,
    "WLHImagSurface_W3_p": 0.009757416535098831,
    "WLHImagSurface_r0_p": 0.8580415583655417,
    "WLHImagSurface_r1_p": -0.06715777648709798,
    "WLHImagSurface_r2_p": -0.0001849680212777892,
    "WLHImagSurface_a0_p": 0.846570918649464,
    "WLHImagSurface_W0_n": 0.7786057189325515,
    "WLHImagSurface_W1_n": 0.01812067957789057,
    "WLHImagSurface_W2_n": 0.9486598522632721,
    "WLHImagSurface_W3_n": 0.09811625919027034,
    "WLHImagSurface_r0_n": 1.3223680545030283,
    "WLHImagSurface_r1_n": 1.3482911343870922,
    "WLHImagSurface_r2_n": 0.0021026406195207552,
    "WLHImagSurface_a0_n": 0.8780815617490322,
    "WLHRealSpinOrbit_V0_p": 9.145293378167299,
    "WLHRealSpinOrbit_V1_p": 0.008706683819048128,
    "WLHRealSpinOrbit_r0_p": 1.3393465078145923,
    "WLHRealSpinOrbit_r1_p": 0.9713536586520355,
    "WLHRealSpinOrbit_a0_p": 0.8536059521329893,
    "WLHRealSpinOrbit_a1_p": 0.0003420018038084809,
    "WLHRealSpinOrbit_V0_n": 9.23592736339152,
    "WLHRealSpinOrbit_V1_n": 0.008372961352397248,
    "WLHRealSpinOrbit_r0_n": 1.3162032821989735,
    "WLHRealSpinOrbit_r1_n": 0.9012097627090677,
    "WLHRealSpinOrbit_a0_n": 0.8238915779354802,
    "WLHRealSpinOrbit_a1_n": 0.00040106457322329524
}