{
    "ECS_p": 0.349874,
    "ECS_n": 0.382083,
    "APower_p": 0.83845,
    "APower_n": 0.378277
}