{
    "ECS_p": 0.276205,
    "ECS_n": 0.386998,
    "APower_p": 0.641256,
    "APower_n": 0.585655
}