{
    "WLHReal_V0_p": 55.10484592893086,
    "WLHReal_V1_p": 0.317118455288756,
    "WLHReal_V2_p": 0.0007192852934070076,
    "WLHReal_V3_p": -1.1126675137765502e-07,
    "WLHReal_V4_p": 14.551330073211831,
    "WLHReal_V5_p": 0.12654287682330848,
    "WLHReal_V6_p": 2.8214890461115744e-05,
    "WLHReal_r0_p": 1.2499450145590674,
    "WLHReal_r1_p": 0.31192233345011156,
    "WLHReal_r2_p": 0.0004399752919412924,
    "WLHReal_r3_p": -4.881095974675347e-08,
    "WLHReal_a0_p": 0.742929001812984,
    "WLHReal_a1_p": 0.00010613061403589159,
    "WLHReal_a2_p": -6.355277120609405e-07,
    "WLHReal_a3_p": 0.10902309633014012,
    "WLHReal_a4_p": 0.5375091595200377,
    "WLHReal_V0_n": 58.85677430765738,
    "WLHReal_V1_n": 0.36124108327736193,
    "WLHReal_V2_n": 0.0005177361577959896,
    "WLHReal_V3_n": 1.0100799421003708e-06,
    "WLHReal_V4_n": 20.075814852304283,
    "WLHReal_V5_n": 0.25895653492186677,
    "WLHReal_V6_n": 0.00044231904308893275,
    "WLHReal_r0_n": 1.2625565747271899,
    "WLHReal_r1_n": 0.41518514491773867,
    "WLHReal_r2_n": 0.0003934405564707251,
    "WLHReal_r3_n": -1.7744897761892169e-06,
    "WLHReal_a0_n": 0.712438099668441,
    "WLHReal_a1_n": 8.868410188055359e-05,
    "WLHReal_a2_n": -2.8607077416660877e-06,
    "WLHReal_a3_n": 0.10409756271975074,
    "WLHReal_a4_n": 0.541068076100754,
    "WLHImagVolume_W0_p": 2.4822185805523445,
    "WLHImagVolume_W1_p": 0.18815321764025433,
    "WLHImagVolume_W2_p": 0.00037513531922073987,
    "WLHImagVolume_W3_p": 12.222632845635392,
    "WLHImagVolume_W4_p": 0.05186005315797726,
    "WLHImagVolume_r0_p": 0.43962345308186807,
    "WLHImagVolume_r1_p": 69.13427329489626,
    "WLHImagVolume_r2_p": 0.7649014623221035,
    "WLHImagVolume_r3_p": 73.53029991265817,
    "WLHImagVolume_r4_p": 0.4968968147442029,
    "WLHImagVolume_r5_p": 9.510869284196486e-07,
    "WLHImagVolume_a0_p": 0.4655609584080049,
    "WLHImagVolume_a1_p": 0.3309556883754351,
    "WLHImagVolume_a2_p": 18.676371571894627,
    "WLHImagVolume_a3_p": 0.32529677741308594,
    "WLHImagVolume_a4_p": 0.0009072033158203676,
    "WLHImagVolume_W0_n": 2.9646864053459896,
    "WLHImagVolume_W1_n": 0.3580485011382688,
    "WLHImagVolume_W2_n": 0.0009106697880036623,
    "WLHImagVolume_W3_n": 9.46596325784238,
    "WLHImagVolume_W4_n": 0.11131090156849821,
    "WLHImagVolume_r0_n": 0.4289914559818374,
    "WLHImagVolume_r1_n": 85.21980919239226,
    "WLHImagVolume_r2_n": 0.8265736286253369,
    "WLHImagVolume_r3_n": 83.42990465584444,
    "WLHImagVolume_r4_n": 0.7899027568727831,
    "WLHImagVolume_r5_n": 1.4702420384934176e-06,
    "WLHImagVolume_a0_n": 0.19030908909235672,
    "WLHImagVolume_a1_n": 0.6358166785892493,
    "WLHImagVolume_a2_n": 6.238926127484697,
    "WLHImagVolume_a3_n": 0.01013232975881069,
    "WLHImagVolume_a4_n": 0.0005131243072161357,
    "WLHImagSurface_W0_p": 1.5253251050900816,
    "WLHImagSurface_W1_p": 0.08347273945723616,
    "WLHImagSurface_W2_p": 2.224821444638457,
    "WLHImagSurface_W3_p": 0.29252151207709315,
    "WLHImagSurface_r0_p": 1.2255036392759382,
    "WLHImagSurface_r1_p": 0.9613723548985418,
    "WLHImagSurface_r2_p": 0.009442588228129824,
    "WLHImagSurface_a0_p": 0.8910208944414181,
    "WLHImagSurface_W0_n": 2.7506253171081845,
    "WLHImagSurface_W1_n": 0.06155900990381731,
    "WLHImagSurface_W2_n": 4.607116830886605,
    "WLHImagSurface_W3_n": 0.1934706194818236,
    "WLHImagSurface_r0_n": 1.2966558305677003,
    "WLHImagSurface_r1_n": 1.5927438777496148,
    "WLHImagSurface_r2_n": 0.005034342941303936,
    "WLHImagSurface_a0_n": 0.8063517012595731,
    "WLHRealSpinOrbit_V0_p": 9.686007760022243,
    "WLHRealSpinOrbit_V1_p": 0.007824736823240206,
    "WLHRealSpinOrbit_r0_p": 1.208540951940364,
    "WLHRealSpinOrbit_r1_p": 0.7501397786694268,
    "WLHRealSpinOrbit_a0_p": 0.7422027160014996,
    "WLHRealSpinOrbit_a1_p": 0.0003774916850712174,
    "WLHRealSpinOrbit_V0_n": 9.59557749350793,
    "WLHRealSpinOrbit_V1_n": 0.007989132046365208,
    "WLHRealSpinOrbit_r0_n": 1.219128126251449,
    "WLHRealSpinOrbit_r1_n": 0.7932933392343628,
    "WLHRealSpinOrbit_a0_n": 0.758196323456959,
    "WLHRealSpinOrbit_a1_n": 0.00032773254066499206
}