{
    "WLHReal_V0_p": 56.36638628488852,
    "WLHReal_V1_p": 0.35926185039856545,
    "WLHReal_V2_p": 0.00010195968097216106,
    "WLHReal_V3_p": 2.7156277590106886e-06,
    "WLHReal_V4_p": 10.857289791861241,
    "WLHReal_V5_p": 0.16416087040119234,
    "WLHReal_V6_p": 0.00031191930919715683,
    "WLHReal_r0_p": 1.349324038422868,
    "WLHReal_r1_p": 0.4684787594882114,
    "WLHReal_r2_p": 0.0006744339074815091,
    "WLHReal_r3_p": 2.9067347915156382e-06,
    "WLHReal_a0_p": 0.7992104074044796,
    "WLHReal_a1_p": 0.0002664675838812405,
    "WLHReal_a2_p": 1.8642484398689558e-06,
    "WLHReal_a3_p": 0.1121176534260162,
    "WLHReal_a4_p": 0.6258339867844179,
    "WLHReal_V0_n": 59.204430001943706,
    "WLHReal_V1_n": 0.3229955046272925,
    "WLHReal_V2_n": 0.001351773954444143,
    "WLHReal_V3_n": -2.706273698346485e-06,
    "WLHReal_V4_n": 22.38703130136777,
    "WLHReal_V5_n": 0.18501478783990954,
    "WLHReal_V6_n": -0.0003728326583664202,
    "WLHReal_r0_n": 1.184534116669181,
    "WLHReal_r1_n": 0.34890258520327855,
    "WLHReal_r2_n": -0.00014316027974802328,
    "WLHReal_r3_n": -9.768397939777954e-06,
    "WLHReal_a0_n": 0.6647587868191893,
    "WLHReal_a1_n": -0.0006098154751465702,
    "WLHReal_a2_n": -1.4588220445934293e-05,
    "WLHReal_a3_n": 0.07797287216333751,
    "WLHReal_a4_n": 0.3238915037306811,
    "WLHImagVolume_W0_p": 4.91706856645454,
    "WLHImagVolume_W1_p": 0.3303355137226049,
    "WLHImagVolume_W2_p": 0.0009418579807263368,
    "WLHImagVolume_W3_p": 14.755369465690087,
    "WLHImagVolume_W4_p": 0.09986906852200975,
    "WLHImagVolume_r0_p": 0.2535626602013829,
    "WLHImagVolume_r1_p": 91.4601637850263,
    "WLHImagVolume_r2_p": 1.0338208873922152,
    "WLHImagVolume_r3_p": 88.94043459965907,
    "WLHImagVolume_r4_p": 0.28781878431530256,
    "WLHImagVolume_r5_p": 7.238563955148975e-07,
    "WLHImagVolume_a0_p": 0.5344435168838666,
    "WLHImagVolume_a1_p": 0.348866798841476,
    "WLHImagVolume_a2_p": 20.64961917284934,
    "WLHImagVolume_a3_p": 0.3917112965762741,
    "WLHImagVolume_a4_p": 0.0020008607032022765,
    "WLHImagVolume_W0_n": 1.2053122830861858,
    "WLHImagVolume_W1_n": 0.22908397392103683,
    "WLHImagVolume_W2_n": 0.00022643916509547873,
    "WLHImagVolume_W3_n": 6.779651156396441,
    "WLHImagVolume_W4_n": 0.08357022967735263,
    "WLHImagVolume_r0_n": 0.49184264734089833,
    "WLHImagVolume_r1_n": 59.733956337655925,
    "WLHImagVolume_r2_n": 0.6806048275119797,
    "WLHImagVolume_r3_n": 49.70865823264723,
    "WLHImagVolume_r4_n": 0.8970881132740747,
    "WLHImagVolume_r5_n": 1.8210204856171597e-07,
    "WLHImagVolume_a0_n": 0.11664913465942613,
    "WLHImagVolume_a1_n": 0.6851223317973519,
    "WLHImagVolume_a2_n": 12.46387450874978,
    "WLHImagVolume_a3_n": 0.06898763227218657,
    "WLHImagVolume_a4_n": 0.0010991540795017279,
    "WLHImagSurface_W0_p": 1.4297585738534038,
    "WLHImagSurface_W1_p": 0.09814230094113491,
    "WLHImagSurface_W2_p": 2.2638194248292565,
    "WLHImagSurface_W3_p": 0.37439367306704396,
    "WLHImagSurface_r0_p": 1.1523154261478974,
    "WLHImagSurface_r1_p": 0.941973317990844,
    "WLHImagSurface_r2_p": 0.004942257268504127,
    "WLHImagSurface_a0_p": 0.8832441335479121,
    "WLHImagSurface_W0_n": 1.8261464267235925,
    "WLHImagSurface_W1_n": 0.005709717241808486,
    "WLHImagSurface_W2_n": 2.586203684138929,
    "WLHImagSurface_W3_n": 0.026278876300937656,
    "WLHImagSurface_r0_n": 1.2471143737933412,
    "WLHImagSurface_r1_n": 1.133273688705163,
    "WLHImagSurface_r2_n": 0.006018813051634011,
    "WLHImagSurface_a0_n": 0.7740853205640412,
    "WLHRealSpinOrbit_V0_p": 8.885401215021073,
    "WLHRealSpinOrbit_V1_p": 0.007778239399226868,
    "WLHRealSpinOrbit_r0_p": 1.2769836885741908,
    "WLHRealSpinOrbit_r1_p": 0.8667722817984216,
    "WLHRealSpinOrbit_a0_p": 0.7936340027320852,
    "WLHRealSpinOrbit_a1_p": 0.0003484598410161683,
    "WLHRealSpinOrbit_V0_n": 10.367198393908762,
    "WLHRealSpinOrbit_V1_n": 0.00783851211732356,
    "WLHRealSpinOrbit_r0_n": 1.1398265211756,
    "WLHRealSpinOrbit_r1_n": 0.6497501717030199,
    "WLHRealSpinOrbit_a0_n": 0.6931991524745301,
    "WLHRealSpinOrbit_a1_n": 0.0003688597079801038
}