{
    "WLHReal_V0_p": 55.78410625731927,
    "WLHReal_V1_p": 0.31554673525517424,
    "WLHReal_V2_p": 0.00010664645794045469,
    "WLHReal_V3_p": 1.638136466938518e-06,
    "WLHReal_V4_p": 13.05045083464498,
    "WLHReal_V5_p": 0.14849399642208616,
    "WLHReal_V6_p": 0.0002956226591040274,
    "WLHReal_r0_p": 1.2996517912296268,
    "WLHReal_r1_p": 0.3600943685529846,
    "WLHReal_r2_p": 0.0006875789003352277,
    "WLHReal_r3_p": 4.246917399216546e-06,
    "WLHReal_a0_p": 0.7792692609233679,
    "WLHReal_a1_p": 0.00023658849867102562,
    "WLHReal_a2_p": 3.084144525198252e-06,
    "WLHReal_a3_p": 0.08117913559300771,
    "WLHReal_a4_p": 0.5761007219960433,
    "WLHReal_V0_n": 53.51097404091193,
    "WLHReal_V1_n": 0.2790486228559251,
    "WLHReal_V2_n": 0.00029878329095967275,
    "WLHReal_V3_n": 5.170239320200703e-07,
    "WLHReal_V4_n": 22.071697082335486,
    "WLHReal_V5_n": 0.2405758130481258,
    "WLHReal_V6_n": 0.000548911630383573,
    "WLHReal_r0_n": 1.251812150459227,
    "WLHReal_r1_n": 0.28495696626417916,
    "WLHReal_r2_n": 0.0005545270720054673,
    "WLHReal_r3_n": 2.8527824481757524e-06,
    "WLHReal_a0_n": 0.7116710038582824,
    "WLHReal_a1_n": 0.00038998903875939937,
    "WLHReal_a2_n": 2.515959285805539e-06,
    "WLHReal_a3_n": 0.2451905563857087,
    "WLHReal_a4_n": 0.7251921219817372,
    "WLHImagVolume_W0_p": 4.357688288209826,
    "WLHImagVolume_W1_p": 0.26944469791155107,
    "WLHImagVolume_W2_p": 0.0004902643147355998,
    "WLHImagVolume_W3_p": 13.050489451775615,
    "WLHImagVolume_W4_p": 0.08568327240036389,
    "WLHImagVolume_r0_p": 0.542570671944768,
    "WLHImagVolume_r1_p": 53.70988989775603,
    "WLHImagVolume_r2_p": 0.7024533763750979,
    "WLHImagVolume_r3_p": 61.03799098451853,
    "WLHImagVolume_r4_p": 0.5817655039925433,
    "WLHImagVolume_r5_p": 1.511495217891441e-06,
    "WLHImagVolume_a0_p": 0.5531647268040505,
    "WLHImagVolume_a1_p": 0.27983930494712356,
    "WLHImagVolume_a2_p": 14.63210001752267,
    "WLHImagVolume_a3_p": 0.41971184662430466,
    "WLHImagVolume_a4_p": 0.0023857304041434244,
    "WLHImagVolume_W0_n": 1.9128221174688433,
    "WLHImagVolume_W1_n": 0.19041738034800607,
    "WLHImagVolume_W2_n": 0.00020261949536807503,
    "WLHImagVolume_W3_n": 7.247227065177842,
    "WLHImagVolume_W4_n": 0.021055023712189445,
    "WLHImagVolume_r0_n": 0.5630371817281007,
    "WLHImagVolume_r1_n": 71.41636040459561,
    "WLHImagVolume_r2_n": 0.6786689686767826,
    "WLHImagVolume_r3_n": 70.5179368868957,
    "WLHImagVolume_r4_n": 0.9245327752851078,
    "WLHImagVolume_r5_n": 2.61573383565511e-06,
    "WLHImagVolume_a0_n": 0.18727149401365173,
    "WLHImagVolume_a1_n": 0.6215020616200897,
    "WLHImagVolume_a2_n": 10.0335150040324,
    "WLHImagVolume_a3_n": 0.0763891356859571,
    "WLHImagVolume_a4_n": 0.0007935144612586183,
    "WLHImagSurface_W0_p": 1.071614308537941,
    "WLHImagSurface_W1_p": 0.05424333599081843,
    "WLHImagSurface_W2_p": 1.4230611446364938,
    "WLHImagSurface_W3_p": 0.2016361199044781,
    "WLHImagSurface_r0_p": 1.008271878043379,
    "WLHImagSurface_r1_p": 0.7130454739111722,
    "WLHImagSurface_r2_p": 0.005355209112996689,
    "WLHImagSurface_a0_p": 0.748085565903403,
    "WLHImagSurface_W0_n": 1.3480144571386625,
    "WLHImagSurface_W1_n": 0.014780228954213416,
    "WLHImagSurface_W2_n": 1.6777970934368986,
    "WLHImagSurface_W3_n": 0.06536409557332062,
    "WLHImagSurface_r0_n": 1.2704086958352288,
    "WLHImagSurface_r1_n": 1.2625710190738826,
    "WLHImagSurface_r2_n": 0.003916940094863327,
    "WLHImagSurface_a0_n": 0.8276892043569556,
    "WLHRealSpinOrbit_V0_p": 9.666922241919476,
    "WLHRealSpinOrbit_V1_p": 0.008348062288417479,
    "WLHRealSpinOrbit_r0_p": 1.2553508787787828,
    "WLHRealSpinOrbit_r1_p": 0.836238533851517,
    "WLHRealSpinOrbit_a0_p": 0.7857107661088264,
    "WLHRealSpinOrbit_a1_p": 0.000349204502645737,
    "WLHRealSpinOrbit_V0_n": 9.959444603218435,
    "WLHRealSpinOrbit_V1_n": 0.008331878477366175,
    "WLHRealSpinOrbit_r0_n": 1.2298255665468987,
    "WLHRealSpinOrbit_r1_n": 0.7878003732934648,
    "WLHRealSpinOrbit_a0_n": 0.7650430130868733,
    "WLHRealSpinOrbit_a1_n": 0.0003699074702996297
}