{
    "WLHReal_V0_p": 55.86376360837448,
    "WLHReal_V1_p": 0.3167005025952302,
    "WLHReal_V2_p": 0.0007723018061630458,
    "WLHReal_V3_p": -3.19463812872087e-07,
    "WLHReal_V4_p": 14.612643824773937,
    "WLHReal_V5_p": 0.14937620035842888,
    "WLHReal_V6_p": 5.8951224391938744e-05,
    "WLHReal_r0_p": 1.2730205630094482,
    "WLHReal_r1_p": 0.4168795388304335,
    "WLHReal_r2_p": 0.0002182265700974061,
    "WLHReal_r3_p": -3.6015874801372006e-06,
    "WLHReal_a0_p": 0.7462909442427325,
    "WLHReal_a1_p": 0.0002128067696258778,
    "WLHReal_a2_p": -3.4391259644937656e-06,
    "WLHReal_a3_p": 0.1183323654142343,
    "WLHReal_a4_p": 0.4976800260562776,
    "WLHReal_V0_n": 53.157276600404586,
    "WLHReal_V1_n": 0.28622593594535556,
    "WLHReal_V2_n": 0.000585264891315379,
    "WLHReal_V3_n": -8.733529806827722e-07,
    "WLHReal_V4_n": 22.366474525029123,
    "WLHReal_V5_n": 0.21455825204788043,
    "WLHReal_V6_n": 0.00031533704709105757,
    "WLHReal_r0_n": 1.2237336525847853,
    "WLHReal_r1_n": 0.22680907792435598,
    "WLHReal_r2_n": 0.0004660216458432886,
    "WLHReal_r3_n": 1.5087498479413659e-06,
    "WLHReal_a0_n": 0.6979231054127968,
    "WLHReal_a1_n": 0.00032272165844671034,
    "WLHReal_a2_n": 9.971181196354284e-07,
    "WLHReal_a3_n": 0.2629018134412696,
    "WLHReal_a4_n": 0.7291920683415478,
    "WLHImagVolume_W0_p": 2.5700903299589384,
    "WLHImagVolume_W1_p": 0.21287225474780996,
    "WLHImagVolume_W2_p": 0.0004723328011413423,
    "WLHImagVolume_W3_p": 12.258899156767084,
    "WLHImagVolume_W4_p": 0.061069989000217095,
    "WLHImagVolume_r0_p": 0.33740105524507996,
    "WLHImagVolume_r1_p": 73.32796134199924,
    "WLHImagVolume_r2_p": 0.8700971529997428,
    "WLHImagVolume_r3_p": 71.26982758582348,
    "WLHImagVolume_r4_p": 0.3978999434311348,
    "WLHImagVolume_r5_p": 9.74345497945187e-07,
    "WLHImagVolume_a0_p": 0.468617325310207,
    "WLHImagVolume_a1_p": 0.33823221315922636,
    "WLHImagVolume_a2_p": 18.887829127089866,
    "WLHImagVolume_a3_p": 0.3323546956363501,
    "WLHImagVolume_a4_p": 0.0009981662910135889,
    "WLHImagVolume_W0_n": 1.417512853574868,
    "WLHImagVolume_W1_n": 0.14248479933202746,
    "WLHImagVolume_W2_n": 8.668892587344076e-05,
    "WLHImagVolume_W3_n": 6.294968777067524,
    "WLHImagVolume_W4_n": 0.01277198238750779,
    "WLHImagVolume_r0_n": 0.5406345306491301,
    "WLHImagVolume_r1_n": 77.689434308153,
    "WLHImagVolume_r2_n": 0.676397192028358,
    "WLHImagVolume_r3_n": 68.49569780250195,
    "WLHImagVolume_r4_n": 0.848260346975897,
    "WLHImagVolume_r5_n": 1.8794287148048866e-06,
    "WLHImagVolume_a0_n": 0.1459296580427249,
    "WLHImagVolume_a1_n": 0.6420682263939733,
    "WLHImagVolume_a2_n": 11.549985815518458,
    "WLHImagVolume_a3_n": 0.07759313613227693,
    "WLHImagVolume_a4_n": 0.0005652700121600294,
    "WLHImagSurface_W0_p": 1.736007955038618,
    "WLHImagSurface_W1_p": 0.11109541200846774,
    "WLHImagSurface_W2_p": 3.254076158553861,
    "WLHImagSurface_W3_p": 0.4112466507279847,
    "WLHImagSurface_r0_p": 1.2477530834629105,
    "WLHImagSurface_r1_p": 1.131141433318552,
    "WLHImagSurface_r2_p": 0.01012813668750501,
    "WLHImagSurface_a0_p": 0.8445859721165864,
    "WLHImagSurface_W0_n": 1.283019693488302,
    "WLHImagSurface_W1_n": 0.006422540690906045,
    "WLHImagSurface_W2_n": 1.3405521897779837,
    "WLHImagSurface_W3_n": 0.03417117761397008,
    "WLHImagSurface_r0_n": 1.2776263149477147,
    "WLHImagSurface_r1_n": 1.1803852322233066,
    "WLHImagSurface_r2_n": 0.0043215246677697,
    "WLHImagSurface_a0_n": 0.8183828999493112,
    "WLHRealSpinOrbit_V0_p": 9.480890945212977,
    "WLHRealSpinOrbit_V1_p": 0.007577705222347361,
    "WLHRealSpinOrbit_r0_p": 1.211948993119883,
    "WLHRealSpinOrbit_r1_p": 0.7415892830690711,
    "WLHRealSpinOrbit_a0_p": 0.737536376393745,
    "WLHRealSpinOrbit_a1_p": 0.0003955351302733896,
    "WLHRealSpinOrbit_V0_n": 10.013984614396282,
    "WLHRealSpinOrbit_V1_n": 0.00815896794272084,
    "WLHRealSpinOrbit_r0_n": 1.206471463133345,
    "WLHRealSpinOrbit_r1_n": 0.7524497657284978,
    "WLHRealSpinOrbit_a0_n": 0.7465617067828774,
    "WLHRealSpinOrbit_a1_n": 0.00037247522064796224
}