{
    "ECS_p": 0.48115,
    "ECS_n": 0.293257,
    "APower_p": 0.682417,
    "APower_n": 0.328803
}