{
    "WLHReal_V0_p": 52.07756316492142,
    "WLHReal_V1_p": 0.27907982559947314,
    "WLHReal_V2_p": -0.00010926236831991176,
    "WLHReal_V3_p": 1.911247858186871e-06,
    "WLHReal_V4_p": 13.768103349364367,
    "WLHReal_V5_p": 0.11717630265208956,
    "WLHReal_V6_p": 0.00029301938327468683,
    "WLHReal_r0_p": 1.2856823913591313,
    "WLHReal_r1_p": 0.2269535856331423,
    "WLHReal_r2_p": 0.0007911267584169416,
    "WLHReal_r3_p": 7.774799665046044e-06,
    "WLHReal_a0_p": 0.7664445825814803,
    "WLHReal_a1_p": 1.882465306377063e-05,
    "WLHReal_a2_p": 6.393015411525723e-06,
    "WLHReal_a3_p": 0.02098037178761737,
    "WLHReal_a4_p": 0.5170361380910863,
    "WLHReal_V0_n": 53.645484352288534,
    "WLHReal_V1_n": 0.2814379931368088,
    "WLHReal_V2_n": -0.0005110786205245479,
    "WLHReal_V3_n": 3.3332253445357248e-06,
    "WLHReal_V4_n": 20.534084252091755,
    "WLHReal_V5_n": 0.3139783047578169,
    "WLHReal_V6_n": 0.0012436620942227786,
    "WLHReal_r0_n": 1.3383854392277623,
    "WLHReal_r1_n": 0.4275350745817634,
    "WLHReal_r2_n": 0.000887237103439839,
    "WLHReal_r3_n": 8.138539116915753e-06,
    "WLHReal_a0_n": 0.75284698946246,
    "WLHReal_a1_n": 0.0007659578836559192,
    "WLHReal_a2_n": 9.247179549426628e-06,
    "WLHReal_a3_n": 0.21199378363629914,
    "WLHReal_a4_n": 0.7739931717256759,
    "WLHImagVolume_W0_p": 3.7967123803097307,
    "WLHImagVolume_W1_p": 0.16763935745647446,
    "WLHImagVolume_W2_p": 0.00011022204339115142,
    "WLHImagVolume_W3_p": 9.758096216701903,
    "WLHImagVolume_W4_p": 0.06108083972472317,
    "WLHImagVolume_r0_p": 0.760983228577598,
    "WLHImagVolume_r1_p": 35.74343272943404,
    "WLHImagVolume_r2_p": 0.49520648623301333,
    "WLHImagVolume_r3_p": 51.92680754299509,
    "WLHImagVolume_r4_p": 0.7215581566738909,
    "WLHImagVolume_r5_p": 1.4927779721369513e-06,
    "WLHImagVolume_a0_p": 0.5513818059540347,
    "WLHImagVolume_a1_p": 0.2606468894534762,
    "WLHImagVolume_a2_p": 13.648933622138449,
    "WLHImagVolume_a3_p": 0.40322921594528055,
    "WLHImagVolume_a4_p": 0.002218638858998669,
    "WLHImagVolume_W0_n": 3.3062663528322997,
    "WLHImagVolume_W1_n": 0.3205760348344419,
    "WLHImagVolume_W2_n": 0.0006975624650169365,
    "WLHImagVolume_W3_n": 9.582316746427875,
    "WLHImagVolume_W4_n": 0.04527530622692194,
    "WLHImagVolume_r0_n": 0.5513047318505895,
    "WLHImagVolume_r1_n": 75.81583615204262,
    "WLHImagVolume_r2_n": 0.7715930598627887,
    "WLHImagVolume_r3_n": 89.72784540687587,
    "WLHImagVolume_r4_n": 0.9822780847598227,
    "WLHImagVolume_r5_n": 4.750571746162912e-06,
    "WLHImagVolume_a0_n": 0.2826797528890757,
    "WLHImagVolume_a1_n": 0.5748422760641849,
    "WLHImagVolume_a2_n": 5.237269926657176,
    "WLHImagVolume_a3_n": 0.057941023209569946,
    "WLHImagVolume_a4_n": 0.0009842962503346787,
    "WLHImagSurface_W0_p": 0.8337211699515824,
    "WLHImagSurface_W1_p": 0.02254665908659833,
    "WLHImagSurface_W2_p": 0.5464743491686128,
    "WLHImagSurface_W3_p": 0.06427144341874164,
    "WLHImagSurface_r0_p": 0.9315309668496744,
    "WLHImagSurface_r1_p": 0.2878750409168982,
    "WLHImagSurface_r2_p": 0.00422717233255672,
    "WLHImagSurface_a0_p": 0.7684158695350262,
    "WLHImagSurface_W0_n": 1.8423501120013632,
    "WLHImagSurface_W1_n": 0.05246655994025376,
    "WLHImagSurface_W2_n": 3.241063032297446,
    "WLHImagSurface_W3_n": 0.19301357825572246,
    "WLHImagSurface_r0_n": 1.2873607118653325,
    "WLHImagSurface_r1_n": 1.5982168475750567,
    "WLHImagSurface_r2_n": 0.0028525198970432994,
    "WLHImagSurface_a0_n": 0.8573818116285794,
    "WLHRealSpinOrbit_V0_p": 9.765220422129051,
    "WLHRealSpinOrbit_V1_p": 0.008602367179785714,
    "WLHRealSpinOrbit_r0_p": 1.273419186870824,
    "WLHRealSpinOrbit_r1_p": 0.8596502297205203,
    "WLHRealSpinOrbit_a0_p": 0.8014718853877791,
    "WLHRealSpinOrbit_a1_p": 0.00036104625507565804,
    "WLHRealSpinOrbit_V0_n": 9.427716306591359,
    "WLHRealSpinOrbit_V1_n": 0.008569066736711518,
    "WLHRealSpinOrbit_r0_n": 1.3054337833537712,
    "WLHRealSpinOrbit_r1_n": 0.9062261486570382,
    "WLHRealSpinOrbit_a0_n": 0.8225898986275805,
    "WLHRealSpinOrbit_a1_n": 0.0003557669480815754
}