{
    "WLHReal_V0_p": 48.54791568685047,
    "WLHReal_V1_p": 0.2974297572358418,
    "WLHReal_V2_p": -0.0007757280876707536,
    "WLHReal_V3_p": 4.8912122256894065e-06,
    "WLHReal_V4_p": 10.3892492687003,
    "WLHReal_V5_p": 0.11640435987187812,
    "WLHReal_V6_p": 0.0004834773118361054,
    "WLHReal_r0_p": 1.3783600298926224,
    "WLHReal_r1_p": 0.2620791374635042,
    "WLHReal_r2_p": 0.0010311340684548858,
    "WLHReal_r3_p": 1.215525474582952e-05,
    "WLHReal_a0_p": 0.8032860452800448,
    "WLHReal_a1_p": -0.0001315008512480192,
    "WLHReal_a2_p": 1.16708278450188e-05,
    "WLHReal_a3_p": -0.027248324283685177,
    "WLHReal_a4_p": 0.5338483522439554,
    "WLHReal_V0_n": 58.069718235674614,
    "WLHReal_V1_n": 0.3332040525644382,
    "WLHReal_V2_n": 0.0006389646701006233,
    "WLHReal_V3_n": 1.895185135412339e-08,
    "WLHReal_V4_n": 21.276563020578774,
    "WLHReal_V5_n": 0.23766667376872802,
    "WLHReal_V6_n": 0.00032372486302672566,
    "WLHReal_r0_n": 1.2299234070431586,
    "WLHReal_r1_n": 0.33926374957904376,
    "WLHReal_r2_n": 0.0003622916170565962,
    "WLHReal_r3_n": -1.4046322475318019e-06,
    "WLHReal_a0_n": 0.7031560396121979,
    "WLHReal_a1_n": 3.485677746787512e-05,
    "WLHReal_a2_n": -3.5086850925338905e-06,
    "WLHReal_a3_n": 0.15534500574392573,
    "WLHReal_a4_n": 0.5874722261808646,
    "WLHImagVolume_W0_p": 5.088271468435347,
    "WLHImagVolume_W1_p": 0.17994290689818834,
    "WLHImagVolume_W2_p": 0.0003900418180426478,
    "WLHImagVolume_W3_p": 8.525943660269713,
    "WLHImagVolume_W4_p": 0.07243057434689368,
    "WLHImagVolume_r0_p": 0.6518877987086844,
    "WLHImagVolume_r1_p": 61.64543222271061,
    "WLHImagVolume_r2_p": 0.7107529557670764,
    "WLHImagVolume_r3_p": 75.23583256348351,
    "WLHImagVolume_r4_p": 0.4887797320451382,
    "WLHImagVolume_r5_p": 5.412454329734925e-07,
    "WLHImagVolume_a0_p": 0.574287431891019,
    "WLHImagVolume_a1_p": 0.31210019901833563,
    "WLHImagVolume_a2_p": 19.25376337190219,
    "WLHImagVolume_a3_p": 0.39673604989792566,
    "WLHImagVolume_a4_p": 0.0023199674815464867,
    "WLHImagVolume_W0_n": 2.52472368596755,
    "WLHImagVolume_W1_n": 0.28984486948829913,
    "WLHImagVolume_W2_n": 0.0005389042249397708,
    "WLHImagVolume_W3_n": 8.825324619203931,
    "WLHImagVolume_W4_n": 0.08346643265940813,
    "WLHImagVolume_r0_n": 0.514062331022994,
    "WLHImagVolume_r1_n": 68.78700216685368,
    "WLHImagVolume_r2_n": 0.7095513772514194,
    "WLHImagVolume_r3_n": 69.09597383493218,
    "WLHImagVolume_r4_n": 0.8900063739366947,
    "WLHImagVolume_r5_n": 1.6190018023035576e-06,
    "WLHImagVolume_a0_n": 0.1785237817188077,
    "WLHImagVolume_a1_n": 0.6314971566889248,
    "WLHImagVolume_a2_n": 8.216118558817145,
    "WLHImagVolume_a3_n": 0.02912124142333835,
    "WLHImagVolume_a4_n": 0.0006525383109339843,
    "WLHImagSurface_W0_p": 0.8231106010500077,
    "WLHImagSurface_W1_p": 0.03438519065678441,
    "WLHImagSurface_W2_p": 0.3323230784784651,
    "WLHImagSurface_W3_p": 0.11024300342925579,
    "WLHImagSurface_r0_p": 0.9225060514388317,
    "WLHImagSurface_r1_p": -0.05396595486223127,
    "WLHImagSurface_r2_p": -0.00035386470008379016,
    "WLHImagSurface_a0_p": 0.9118346663885876,
    "WLHImagSurface_W0_n": 2.1658514484295135,
    "WLHImagSurface_W1_n": 0.03527355706655853,
    "WLHImagSurface_W2_n": 3.1263726711987,
    "WLHImagSurface_W3_n": 0.11097979592888971,
    "WLHImagSurface_r0_n": 1.2647965372655685,
    "WLHImagSurface_r1_n": 1.3857049131050334,
    "WLHImagSurface_r2_n": 0.004957544066539844,
    "WLHImagSurface_a0_n": 0.802819380160436,
    "WLHRealSpinOrbit_V0_p": 8.637303240511978,
    "WLHRealSpinOrbit_V1_p": 0.00834340618934586,
    "WLHRealSpinOrbit_r0_p": 1.3607298742524823,
    "WLHRealSpinOrbit_r1_p": 0.9905970113387815,
    "WLHRealSpinOrbit_a0_p": 0.8611459319559601,
    "WLHRealSpinOrbit_a1_p": 0.0003614280235531983,
    "WLHRealSpinOrbit_V0_n": 10.060815520200682,
    "WLHRealSpinOrbit_V1_n": 0.00821731275844733,
    "WLHRealSpinOrbit_r0_n": 1.1970691330623369,
    "WLHRealSpinOrbit_r1_n": 0.7574868473243634,
    "WLHRealSpinOrbit_a0_n": 0.7447080869553753,
    "WLHRealSpinOrbit_a1_n": 0.00033535624136889317
}