{
    "WLHReal_V0_p": 48.77550423349856,
    "WLHReal_V1_p": 0.3007920970845175,
    "WLHReal_V2_p": -0.0005858315267407141,
    "WLHReal_V3_p": 4.520184649362695e-06,
    "WLHReal_V4_p": 10.754649813466845,
    "WLHReal_V5_p": 0.11521906941111534,
    "WLHReal_V6_p": 0.00041472529434671585,
    "WLHReal_r0_p": 1.3676892849100897,
    "WLHReal_r1_p": 0.2693591794760305,
    "WLHReal_r2_p": 0.0009366695462542047,
    "WLHReal_r3_p": 1.0186035576572032e-05,
    "WLHReal_a0_p": 0.7947908741435931,
    "WLHReal_a1_p": -0.0001372449813109872,
    "WLHReal_a2_p": 1.014527370523202e-05,
    "WLHReal_a3_p": -0.013599577630234727,
    "WLHReal_a4_p": 0.5252011677621479,
    "WLHReal_V0_n": 53.15667792778685,
    "WLHReal_V1_n": 0.3036717334491058,
    "WLHReal_V2_n": -5.1048644210591843e-05,
    "WLHReal_V3_n": 2.7024388756210258e-06,
    "WLHReal_V4_n": 20.233441774901927,
    "WLHReal_V5_n": 0.28112447854212613,
    "WLHReal_V6_n": 0.0008253456675529935,
    "WLHReal_r0_n": 1.3257201077407519,
    "WLHReal_r1_n": 0.42564084305448024,
    "WLHReal_r2_n": 0.0006387153784496256,
    "WLHReal_r3_n": 3.1089801941596413e-06,
    "WLHReal_a0_n": 0.7306293979666383,
    "WLHReal_a1_n": 0.0005635316140208562,
    "WLHReal_a2_n": 3.7939319303660087e-06,
    "WLHReal_a3_n": 0.16876939221880322,
    "WLHReal_a4_n": 0.6501493553657033,
    "WLHImagVolume_W0_p": 4.638475165012177,
    "WLHImagVolume_W1_p": 0.16916335337032737,
    "WLHImagVolume_W2_p": 0.00039807354095223866,
    "WLHImagVolume_W3_p": 8.600737054608366,
    "WLHImagVolume_W4_p": 0.06629061267365527,
    "WLHImagVolume_r0_p": 0.5981540184080798,
    "WLHImagVolume_r1_p": 67.4224272471331,
    "WLHImagVolume_r2_p": 0.752296851328906,
    "WLHImagVolume_r3_p": 78.95336034073955,
    "WLHImagVolume_r4_p": 0.447728672382256,
    "WLHImagVolume_r5_p": 5.68434335992846e-07,
    "WLHImagVolume_a0_p": 0.5513764781437338,
    "WLHImagVolume_a1_p": 0.32748840587123534,
    "WLHImagVolume_a2_p": 20.383351113339124,
    "WLHImagVolume_a3_p": 0.37383694169275067,
    "WLHImagVolume_a4_p": 0.0019504234006310183,
    "WLHImagVolume_W0_n": 2.369079516377404,
    "WLHImagVolume_W1_n": 0.277882616465846,
    "WLHImagVolume_W2_n": 0.0007410230892245398,
    "WLHImagVolume_W3_n": 7.621002103149017,
    "WLHImagVolume_W4_n": 0.04766915962404786,
    "WLHImagVolume_r0_n": 0.4225225404109319,
    "WLHImagVolume_r1_n": 101.33891186410982,
    "WLHImagVolume_r2_n": 0.8878510934444167,
    "WLHImagVolume_r3_n": 96.16542864139701,
    "WLHImagVolume_r4_n": 0.7685492684390647,
    "WLHImagVolume_r5_n": 3.122937857083716e-06,
    "WLHImagVolume_a0_n": 0.2146927779759068,
    "WLHImagVolume_a1_n": 0.6293726881503187,
    "WLHImagVolume_a2_n": 7.415735905134788,
    "WLHImagVolume_a3_n": 0.06934784448719694,
    "WLHImagVolume_a4_n": 0.0007392052707951942,
    "WLHImagSurface_W0_p": 0.9812831542022158,
    "WLHImagSurface_W1_p": 0.04707253055493037,
    "WLHImagSurface_W2_p": 0.7079093691838839,
    "WLHImagSurface_W3_p": 0.15572384545524998,
    "WLHImagSurface_r0_p": 0.9884314205428446,
    "WLHImagSurface_r1_p": 0.06490728244343608,
    "WLHImagSurface_r2_p": 0.0009142999959482483,
    "WLHImagSurface_a0_p": 0.9428861925304969,
    "WLHImagSurface_W0_n": 2.050069762319408,
    "WLHImagSurface_W1_n": 0.053075174475305104,
    "WLHImagSurface_W2_n": 3.8671695860262094,
    "WLHImagSurface_W3_n": 0.1975577267868464,
    "WLHImagSurface_r0_n": 1.3300585468697497,
    "WLHImagSurface_r1_n": 1.5837399322115027,
    "WLHImagSurface_r2_n": 0.0036489635112940642,
    "WLHImagSurface_a0_n": 0.8438843784235663,
    "WLHRealSpinOrbit_V0_p": 8.624876941777668,
    "WLHRealSpinOrbit_V1_p": 0.008164365077095713,
    "WLHRealSpinOrbit_r0_p": 1.3464592585647712,
    "WLHRealSpinOrbit_r1_p": 0.9641516564644523,
    "WLHRealSpinOrbit_a0_p": 0.8474649745018454,
    "WLHRealSpinOrbit_a1_p": 0.00036917614730836465,
    "WLHRealSpinOrbit_V0_n": 9.042317847564119,
    "WLHRealSpinOrbit_V1_n": 0.007917977355988221,
    "WLHRealSpinOrbit_r0_n": 1.2847181063614828,
    "WLHRealSpinOrbit_r1_n": 0.8622872378901463,
    "WLHRealSpinOrbit_a0_n": 0.7968351521249201,
    "WLHRealSpinOrbit_a1_n": 0.0003768912600323953
}