{
    "CH89RealCentral": {
        "V_0": 56.695,
        "V_t": 23.11,
        "V_e": -0.325925,
        "r_o": 1.15273,
        "r_o_0": -0.110876,
        "a_0": 0.793482
    },
    "CH89Coulomb": {
        "r_c": 1.39237,
        "r_c_0": 0.184003
    },
    "CH89SpinOrbit": {
        "V_so": 6.2708,
        "r_so": 1.27004,
        "r_so_0": -0.745174,
        "a_so": 0.581788
    },
    "CH89ImagCentral": {
        "W_v0": 12.3096,
        "W_ve0": 77.6888,
        "W_vew": 26.0837,
        "W_s0": 17.3686,
        "W_st": 32.8207,
        "W_se0": -14.3343,
        "W_sew": 69.9528,
        "r_w": 1.25809,
        "r_w0": -0.328855,
        "a_w": 0.737178
    }
}