{
    "WLHReal_V0_p": 52.25929383924312,
    "WLHReal_V1_p": 0.29019367078296476,
    "WLHReal_V2_p": 0.00023996148923080478,
    "WLHReal_V3_p": 7.245149130064279e-07,
    "WLHReal_V4_p": 14.28637706520236,
    "WLHReal_V5_p": 0.10293026451612143,
    "WLHReal_V6_p": 0.0001389014792945634,
    "WLHReal_r0_p": 1.253790381765526,
    "WLHReal_r1_p": 0.18800416265660128,
    "WLHReal_r2_p": 0.0007377746184885427,
    "WLHReal_r3_p": 5.766488509700601e-06,
    "WLHReal_a0_p": 0.7494280837409392,
    "WLHReal_a1_p": -4.729129832509781e-05,
    "WLHReal_a2_p": 5.051913936882176e-06,
    "WLHReal_a3_p": 0.04657938350766182,
    "WLHReal_a4_p": 0.5307378122905175,
    "WLHReal_V0_n": 52.718242523505474,
    "WLHReal_V1_n": 0.27443262091800646,
    "WLHReal_V2_n": -0.0004419834727042779,
    "WLHReal_V3_n": 2.703142039400902e-06,
    "WLHReal_V4_n": 21.334713568887985,
    "WLHReal_V5_n": 0.29526200711692385,
    "WLHReal_V6_n": 0.0012430106333840424,
    "WLHReal_r0_n": 1.2972849381093423,
    "WLHReal_r1_n": 0.2941632590909568,
    "WLHReal_r2_n": 0.0010187540204282756,
    "WLHReal_r3_n": 1.1564295683762456e-05,
    "WLHReal_a0_n": 0.7497482486438605,
    "WLHReal_a1_n": 0.0009400100138236227,
    "WLHReal_a2_n": 1.2427308542554319e-05,
    "WLHReal_a3_n": 0.3111434553396632,
    "WLHReal_a4_n": 0.9515273709533165,
    "WLHImagVolume_W0_p": 2.918151005926132,
    "WLHImagVolume_W1_p": 0.13936223902528486,
    "WLHImagVolume_W2_p": 0.00010946909589846943,
    "WLHImagVolume_W3_p": 10.137796064366993,
    "WLHImagVolume_W4_p": 0.045252604373598404,
    "WLHImagVolume_r0_p": 0.6926397346376137,
    "WLHImagVolume_r1_p": 47.47205909776253,
    "WLHImagVolume_r2_p": 0.5396614390044088,
    "WLHImagVolume_r3_p": 62.674059728283495,
    "WLHImagVolume_r4_p": 0.679562496047438,
    "WLHImagVolume_r5_p": 1.4081941057113997e-06,
    "WLHImagVolume_a0_p": 0.5035303537141811,
    "WLHImagVolume_a1_p": 0.29114872598724884,
    "WLHImagVolume_a2_p": 16.124381112253328,
    "WLHImagVolume_a3_p": 0.35306414724939594,
    "WLHImagVolume_a4_p": 0.0014224628483392426,
    "WLHImagVolume_W0_n": 3.2283964943676238,
    "WLHImagVolume_W1_n": 0.25484702286118077,
    "WLHImagVolume_W2_n": 0.00042595991314947824,
    "WLHImagVolume_W3_n": 9.457607811904607,
    "WLHImagVolume_W4_n": 0.019428139178365077,
    "WLHImagVolume_r0_n": 0.6257261414923739,
    "WLHImagVolume_r1_n": 68.4938321109808,
    "WLHImagVolume_r2_n": 0.6641538400891486,
    "WLHImagVolume_r3_n": 82.90452164802508,
    "WLHImagVolume_r4_n": 1.007657193211162,
    "WLHImagVolume_r5_n": 4.336342914273753e-06,
    "WLHImagVolume_a0_n": 0.2637644335366642,
    "WLHImagVolume_a1_n": 0.5611817421299888,
    "WLHImagVolume_a2_n": 6.057599350487848,
    "WLHImagVolume_a3_n": 0.047507826942039845,
    "WLHImagVolume_a4_n": 0.0006333153711908672,
    "WLHImagSurface_W0_p": 1.0438229167986492,
    "WLHImagSurface_W1_p": 0.03414831426577107,
    "WLHImagSurface_W2_p": 0.7279752274491351,
    "WLHImagSurface_W3_p": 0.09552015045960852,
    "WLHImagSurface_r0_p": 1.0588476287363195,
    "WLHImagSurface_r1_p": 0.44812351707600045,
    "WLHImagSurface_r2_p": 0.00631688852181376,
    "WLHImagSurface_a0_p": 0.8652277072178604,
    "WLHImagSurface_W0_n": 1.4998559585941935,
    "WLHImagSurface_W1_n": 0.036744610942308055,
    "WLHImagSurface_W2_n": 1.8992611154265724,
    "WLHImagSurface_W3_n": 0.13050757353274944,
    "WLHImagSurface_r0_n": 1.2683958814030072,
    "WLHImagSurface_r1_n": 1.4621431994307195,
    "WLHImagSurface_r2_n": 0.0027594497439556395,
    "WLHImagSurface_a0_n": 0.8559976801109545,
    "WLHRealSpinOrbit_V0_p": 9.819996109531301,
    "WLHRealSpinOrbit_V1_p": 0.008361480225440707,
    "WLHRealSpinOrbit_r0_p": 1.2436576012643996,
    "WLHRealSpinOrbit_r1_p": 0.8137578478987304,
    "WLHRealSpinOrbit_a0_p": 0.7772565815493567,
    "WLHRealSpinOrbit_a1_p": 0.00036515316892766895,
    "WLHRealSpinOrbit_V0_n": 9.834411525184631,
    "WLHRealSpinOrbit_V1_n": 0.008846319737831274,
    "WLHRealSpinOrbit_r0_n": 1.2850173115201322,
    "WLHRealSpinOrbit_r1_n": 0.888639348100596,
    "WLHRealSpinOrbit_a0_n": 0.815458107191079,
    "WLHRealSpinOrbit_a1_n": 0.000340986111427277
}