{
    "ECS_p": 0.251548,
    "ECS_n": 0.314092,
    "APower_p": 0.86522,
    "APower_n": 0.2079
}