{
    "CH89RealCentral": {
        "V_0": 54.6106,
        "V_t": 18.0018,
        "V_e": -0.373479,
        "r_o": 1.20435,
        "r_o_0": -0.126373,
        "a_0": 0.689242
    },
    "CH89Coulomb": {
        "r_c": 1.22465,
        "r_c_0": 0.172948
    },
    "CH89SpinOrbit": {
        "V_so": 6.83224,
        "r_so": 1.29249,
        "r_so_0": -1.41663,
        "a_so": 0.71279
    },
    "CH89ImagCentral": {
        "W_v0": 4.87851,
        "W_ve0": 0.591827,
        "W_vew": 17.8516,
        "W_s0": 9.43979,
        "W_st": 22.3128,
        "W_se0": 24.9838,
        "W_sew": 81.1067,
        "r_w": 1.15645,
        "r_w0": 0.328513,
        "a_w": 0.66098
    }
}