{
    "WLHReal_V0_p": 55.67167111238218,
    "WLHReal_V1_p": 0.31556280415182464,
    "WLHReal_V2_p": 0.0004519886189548214,
    "WLHReal_V3_p": 6.688244402257885e-07,
    "WLHReal_V4_p": 14.11244156670181,
    "WLHReal_V5_p": 0.1272894219236285,
    "WLHReal_V6_p": 0.00013255885110686352,
    "WLHReal_r0_p": 1.252725933035068,
    "WLHReal_r1_p": 0.2810112396651376,
    "WLHReal_r2_p": 0.0006611438928593926,
    "WLHReal_r3_p": 3.0871642277973924e-06,
    "WLHReal_a0_p": 0.7566043006601928,
    "WLHReal_a1_p": 0.00014752815642482222,
    "WLHReal_a2_p": 1.7980142630656537e-06,
    "WLHReal_a3_p": 0.09745653292371294,
    "WLHReal_a4_p": 0.5808190228554446,
    "WLHReal_V0_n": 55.64494548833601,
    "WLHReal_V1_n": 0.33771468784229286,
    "WLHReal_V2_n": -0.00021227890527863202,
    "WLHReal_V3_n": 3.0672406416144203e-06,
    "WLHReal_V4_n": 19.835637804055605,
    "WLHReal_V5_n": 0.299306811971659,
    "WLHReal_V6_n": 0.0011088202960755252,
    "WLHReal_r0_n": 1.3012196458025187,
    "WLHReal_r1_n": 0.35930046160062096,
    "WLHReal_r2_n": 0.0009067800811479643,
    "WLHReal_r3_n": 7.82923194283105e-06,
    "WLHReal_a0_n": 0.7466042506977495,
    "WLHReal_a1_n": 0.0007858404691503498,
    "WLHReal_a2_n": 8.959490057364107e-06,
    "WLHReal_a3_n": 0.22655359390322155,
    "WLHReal_a4_n": 0.844685861829375,
    "WLHImagVolume_W0_p": 3.3114710966546816,
    "WLHImagVolume_W1_p": 0.2214369965230527,
    "WLHImagVolume_W2_p": 0.00036327633513277824,
    "WLHImagVolume_W3_p": 12.951210155844267,
    "WLHImagVolume_W4_p": 0.06475953616810189,
    "WLHImagVolume_r0_p": 0.5578577238325537,
    "WLHImagVolume_r1_p": 55.71155015137203,
    "WLHImagVolume_r2_p": 0.6526963967157483,
    "WLHImagVolume_r3_p": 65.25917686777217,
    "WLHImagVolume_r4_p": 0.6229402353535105,
    "WLHImagVolume_r5_p": 1.6450790357035305e-06,
    "WLHImagVolume_a0_p": 0.5088025723856553,
    "WLHImagVolume_a1_p": 0.2930129566480634,
    "WLHImagVolume_a2_p": 15.65224705138018,
    "WLHImagVolume_a3_p": 0.3745133956661986,
    "WLHImagVolume_a4_p": 0.0016583036671566484,
    "WLHImagVolume_W0_n": 3.7082633312133857,
    "WLHImagVolume_W1_n": 0.34624332741731295,
    "WLHImagVolume_W2_n": 0.000918861982913877,
    "WLHImagVolume_W3_n": 10.359719863292813,
    "WLHImagVolume_W4_n": 0.07534239723804809,
    "WLHImagVolume_r0_n": 0.49663455440617227,
    "WLHImagVolume_r1_n": 88.99235786654326,
    "WLHImagVolume_r2_n": 0.8011784602205245,
    "WLHImagVolume_r3_n": 96.35477089921477,
    "WLHImagVolume_r4_n": 0.8307302709671873,
    "WLHImagVolume_r5_n": 3.2582146628383577e-06,
    "WLHImagVolume_a0_n": 0.24427232722617148,
    "WLHImagVolume_a1_n": 0.5834270148165678,
    "WLHImagVolume_a2_n": 3.957288785083076,
    "WLHImagVolume_a3_n": 0.001987095885941169,
    "WLHImagVolume_a4_n": 0.00023124840132185648,
    "WLHImagSurface_W0_p": 1.1719733144469873,
    "WLHImagSurface_W1_p": 0.05196004097935973,
    "WLHImagSurface_W2_p": 1.2814053109628971,
    "WLHImagSurface_W3_p": 0.17675243823446496,
    "WLHImagSurface_r0_p": 1.0988060858756103,
    "WLHImagSurface_r1_p": 0.7940800879780567,
    "WLHImagSurface_r2_p": 0.007478721337765457,
    "WLHImagSurface_a0_p": 0.8188973319489703,
    "WLHImagSurface_W0_n": 2.5058631579521196,
    "WLHImagSurface_W1_n": 0.07005272849737754,
    "WLHImagSurface_W2_n": 3.979314892833291,
    "WLHImagSurface_W3_n": 0.22122112141902422,
    "WLHImagSurface_r0_n": 1.3043206069116902,
    "WLHImagSurface_r1_n": 1.6933011493519454,
    "WLHImagSurface_r2_n": 0.0036348807002239726,
    "WLHImagSurface_a0_n": 0.8410198270974871,
    "WLHRealSpinOrbit_V0_p": 9.933360931921058,
    "WLHRealSpinOrbit_V1_p": 0.00827145679645396,
    "WLHRealSpinOrbit_r0_p": 1.2200156932619814,
    "WLHRealSpinOrbit_r1_p": 0.783739690657934,
    "WLHRealSpinOrbit_a0_p": 0.7600670379162137,
    "WLHRealSpinOrbit_a1_p": 0.00035185675941671647,
    "WLHRealSpinOrbit_V0_n": 9.432911837166213,
    "WLHRealSpinOrbit_V1_n": 0.008440577323088649,
    "WLHRealSpinOrbit_r0_n": 1.276155718088825,
    "WLHRealSpinOrbit_r1_n": 0.8888321577506341,
    "WLHRealSpinOrbit_a0_n": 0.8075641821041976,
    "WLHRealSpinOrbit_a1_n": 0.0003153201155682586
}