{
    "WLHReal_V0_p": 53.59674044888882,
    "WLHReal_V1_p": 0.2985901540574022,
    "WLHReal_V2_p": 0.00025451802736694955,
    "WLHReal_V3_p": 1.2182238574387507e-06,
    "WLHReal_V4_p": 13.809376667992979,
    "WLHReal_V5_p": 0.13883825784398485,
    "WLHReal_V6_p": 0.0002096002861266646,
    "WLHReal_r0_p": 1.2976141057422823,
    "WLHReal_r1_p": 0.35295329680192944,
    "WLHReal_r2_p": 0.00047192914246034213,
    "WLHReal_r3_p": 1.8103782971324395e-06,
    "WLHReal_a0_p": 0.7615206569159275,
    "WLHReal_a1_p": 0.00011964193641795829,
    "WLHReal_a2_p": 1.655521184305775e-06,
    "WLHReal_a3_p": 0.0638772840322975,
    "WLHReal_a4_p": 0.49478515980313625,
    "WLHReal_V0_n": 55.58970924143376,
    "WLHReal_V1_n": 0.29964945723639264,
    "WLHReal_V2_n": 0.000525284834164869,
    "WLHReal_V3_n": -1.992796975440682e-07,
    "WLHReal_V4_n": 21.280047315830622,
    "WLHReal_V5_n": 0.24239268213277343,
    "WLHReal_V6_n": 0.00029144433666260163,
    "WLHReal_r0_n": 1.276144651437249,
    "WLHReal_r1_n": 0.4298218782703086,
    "WLHReal_r2_n": 0.00024048312296589408,
    "WLHReal_r3_n": -3.2120132577942535e-06,
    "WLHReal_a0_n": 0.70147937176127,
    "WLHReal_a1_n": -2.3553054539783222e-05,
    "WLHReal_a2_n": -4.960453996539776e-06,
    "WLHReal_a3_n": 0.10505188122463568,
    "WLHReal_a4_n": 0.4467857396462456,
    "WLHImagVolume_W0_p": 3.3493461406964062,
    "WLHImagVolume_W1_p": 0.1950457916133703,
    "WLHImagVolume_W2_p": 0.00034033131701986525,
    "WLHImagVolume_W3_p": 10.723789510530471,
    "WLHImagVolume_W4_p": 0.0642750471413075,
    "WLHImagVolume_r0_p": 0.5128764265902483,
    "WLHImagVolume_r1_p": 58.40469253398998,
    "WLHImagVolume_r2_p": 0.7338909721166558,
    "WLHImagVolume_r3_p": 63.52281036920151,
    "WLHImagVolume_r4_p": 0.5053447012904516,
    "WLHImagVolume_r5_p": 1.2026647226836635e-06,
    "WLHImagVolume_a0_p": 0.5136647809723569,
    "WLHImagVolume_a1_p": 0.3075184592312746,
    "WLHImagVolume_a2_p": 17.014308152825198,
    "WLHImagVolume_a3_p": 0.36830393202486544,
    "WLHImagVolume_a4_p": 0.0016399826481850587,
    "WLHImagVolume_W0_n": 1.7084494252834226,
    "WLHImagVolume_W1_n": 0.2581052015794037,
    "WLHImagVolume_W2_n": 0.0004890812675115204,
    "WLHImagVolume_W3_n": 6.991845800000256,
    "WLHImagVolume_W4_n": 0.06083809606453966,
    "WLHImagVolume_r0_n": 0.45338275606034584,
    "WLHImagVolume_r1_n": 80.39196339569347,
    "WLHImagVolume_r2_n": 0.8044259863417405,
    "WLHImagVolume_r3_n": 74.07701368970564,
    "WLHImagVolume_r4_n": 0.8582703077421054,
    "WLHImagVolume_r5_n": 2.0177738662719046e-06,
    "WLHImagVolume_a0_n": 0.18037463469193557,
    "WLHImagVolume_a1_n": 0.6568403758027529,
    "WLHImagVolume_a2_n": 10.028338092495888,
    "WLHImagVolume_a3_n": 0.0859227647251478,
    "WLHImagVolume_a4_n": 0.0011557113175861072,
    "WLHImagSurface_W0_p": 1.3388082450846874,
    "WLHImagSurface_W1_p": 0.07552031376776008,
    "WLHImagSurface_W2_p": 2.1529418402352007,
    "WLHImagSurface_W3_p": 0.2744244990807474,
    "WLHImagSurface_r0_p": 1.0924197324010352,
    "WLHImagSurface_r1_p": 0.7004858251459016,
    "WLHImagSurface_r2_p": 0.006760779262033575,
    "WLHImagSurface_a0_p": 0.8116521456852047,
    "WLHImagSurface_W0_n": 1.833628417323187,
    "WLHImagSurface_W1_n": 0.028996668187651252,
    "WLHImagSurface_W2_n": 3.315147096695556,
    "WLHImagSurface_W3_n": 0.12078451310913424,
    "WLHImagSurface_r0_n": 1.2912450011054182,
    "WLHImagSurface_r1_n": 1.3709301607605937,
    "WLHImagSurface_r2_n": 0.004584651484205054,
    "WLHImagSurface_a0_n": 0.8155175606311178,
    "WLHRealSpinOrbit_V0_p": 9.42016985035967,
    "WLHRealSpinOrbit_V1_p": 0.00799065414557663,
    "WLHRealSpinOrbit_r0_p": 1.255572819771324,
    "WLHRealSpinOrbit_r1_p": 0.8155872351743871,
    "WLHRealSpinOrbit_a0_p": 0.7762948890722753,
    "WLHRealSpinOrbit_a1_p": 0.00038446180359578654,
    "WLHRealSpinOrbit_V0_n": 9.58063515580869,
    "WLHRealSpinOrbit_V1_n": 0.007850979308509183,
    "WLHRealSpinOrbit_r0_n": 1.2277023841748431,
    "WLHRealSpinOrbit_r1_n": 0.7695226231721617,
    "WLHRealSpinOrbit_a0_n": 0.7529648977054976,
    "WLHRealSpinOrbit_a1_n": 0.00038693376736937703
}