{
    "WLHReal_V0_p": 56.22588011107632,
    "WLHReal_V1_p": 0.3065990055438679,
    "WLHReal_V2_p": 0.00045449184565544564,
    "WLHReal_V3_p": 2.813807959829295e-07,
    "WLHReal_V4_p": 14.448796808447732,
    "WLHReal_V5_p": 0.1476476535787477,
    "WLHReal_V6_p": 0.00017834282931038348,
    "WLHReal_r0_p": 1.2705246777662225,
    "WLHReal_r1_p": 0.3656559360973718,
    "WLHReal_r2_p": 0.0004658100871121292,
    "WLHReal_r3_p": 7.218297626649028e-07,
    "WLHReal_a0_p": 0.7587229250556482,
    "WLHReal_a1_p": 0.00024769979241332147,
    "WLHReal_a2_p": -3.634095381578999e-07,
    "WLHReal_a3_p": 0.0974001173636255,
    "WLHReal_a4_p": 0.533645747111763,
    "WLHReal_V0_n": 54.03985453879708,
    "WLHReal_V1_n": 0.274609639575014,
    "WLHReal_V2_n": 0.0007682558276479123,
    "WLHReal_V3_n": -1.108030707223952e-06,
    "WLHReal_V4_n": 22.880658923615723,
    "WLHReal_V5_n": 0.20302576696084867,
    "WLHReal_V6_n": 0.00011372560804227794,
    "WLHReal_r0_n": 1.212943374525092,
    "WLHReal_r1_n": 0.2559044322094968,
    "WLHReal_r2_n": 0.0002775192658001826,
    "WLHReal_r3_n": -1.4061040282657377e-06,
    "WLHReal_a0_n": 0.6870501643738293,
    "WLHReal_a1_n": 4.160824707280487e-05,
    "WLHReal_a2_n": -3.3903631728178514e-06,
    "WLHReal_a3_n": 0.22186233843366093,
    "WLHReal_a4_n": 0.6094531115118755,
    "WLHImagVolume_W0_p": 3.414669293015864,
    "WLHImagVolume_W1_p": 0.23763741077146672,
    "WLHImagVolume_W2_p": 0.00037952282932177095,
    "WLHImagVolume_W3_p": 12.637753002433266,
    "WLHImagVolume_W4_p": 0.07293447310629504,
    "WLHImagVolume_r0_p": 0.5184411868337941,
    "WLHImagVolume_r1_p": 52.07939902949285,
    "WLHImagVolume_r2_p": 0.6915498680593788,
    "WLHImagVolume_r3_p": 57.35747613156136,
    "WLHImagVolume_r4_p": 0.5830508117446246,
    "WLHImagVolume_r5_p": 1.3650348154674701e-06,
    "WLHImagVolume_a0_p": 0.5207139909540662,
    "WLHImagVolume_a1_p": 0.28497897066946964,
    "WLHImagVolume_a2_p": 14.58908953607261,
    "WLHImagVolume_a3_p": 0.39172878548462675,
    "WLHImagVolume_a4_p": 0.0019040239535946823,
    "WLHImagVolume_W0_n": 1.095530485345929,
    "WLHImagVolume_W1_n": 0.1383750010777863,
    "WLHImagVolume_W2_n": -3.6477454429802636e-05,
    "WLHImagVolume_W3_n": 5.9687978712820335,
    "WLHImagVolume_W4_n": 0.016423630041303046,
    "WLHImagVolume_r0_n": 0.5606236315159215,
    "WLHImagVolume_r1_n": 65.75514277244446,
    "WLHImagVolume_r2_n": 0.6412431851237829,
    "WLHImagVolume_r3_n": 57.88099784163961,
    "WLHImagVolume_r4_n": 0.9206567511928679,
    "WLHImagVolume_r5_n": 2.3283869935192466e-06,
    "WLHImagVolume_a0_n": 0.14191939107991502,
    "WLHImagVolume_a1_n": 0.6524120362186916,
    "WLHImagVolume_a2_n": 12.771999484528234,
    "WLHImagVolume_a3_n": 0.09549740560840433,
    "WLHImagVolume_a4_n": 0.0009340467933784979,
    "WLHImagSurface_W0_p": 1.2831782896904957,
    "WLHImagSurface_W1_p": 0.0690694712492527,
    "WLHImagSurface_W2_p": 2.0773998913652907,
    "WLHImagSurface_W3_p": 0.255150648997004,
    "WLHImagSurface_r0_p": 1.0799956555953576,
    "WLHImagSurface_r1_p": 0.8916088678352057,
    "WLHImagSurface_r2_p": 0.00789816367224719,
    "WLHImagSurface_a0_p": 0.7424640128571589,
    "WLHImagSurface_W0_n": 1.1016434176662413,
    "WLHImagSurface_W1_n": -0.005726736427543094,
    "WLHImagSurface_W2_n": 1.0926555468066534,
    "WLHImagSurface_W3_n": 0.0015623598017375229,
    "WLHImagSurface_r0_n": 1.2576042774955485,
    "WLHImagSurface_r1_n": 1.0838824810748593,
    "WLHImagSurface_r2_n": 0.004589154334338373,
    "WLHImagSurface_a0_n": 0.8090656520696999,
    "WLHRealSpinOrbit_V0_p": 9.856981447766762,
    "WLHRealSpinOrbit_V1_p": 0.008162215941523504,
    "WLHRealSpinOrbit_r0_p": 1.223890212615237,
    "WLHRealSpinOrbit_r1_p": 0.777245867574498,
    "WLHRealSpinOrbit_a0_p": 0.7577973232729756,
    "WLHRealSpinOrbit_a1_p": 0.00036791327069303704,
    "WLHRealSpinOrbit_V0_n": 10.225374849823467,
    "WLHRealSpinOrbit_V1_n": 0.00814461399646298,
    "WLHRealSpinOrbit_r0_n": 1.1888930569168585,
    "WLHRealSpinOrbit_r1_n": 0.7172404699027206,
    "WLHRealSpinOrbit_a0_n": 0.7311474534196855,
    "WLHRealSpinOrbit_a1_n": 0.0003849644240915715
}