{
    "WLHReal_V0_p": 48.95845513797182,
    "WLHReal_V1_p": 0.30424954847811697,
    "WLHReal_V2_p": -0.001278355215086355,
    "WLHReal_V3_p": 6.548954627928101e-06,
    "WLHReal_V4_p": 8.70446548897081,
    "WLHReal_V5_p": 0.13611622282260769,
    "WLHReal_V6_p": 0.0007007984873125258,
    "WLHReal_r0_p": 1.4301527620225658,
    "WLHReal_r1_p": 0.3210159941612301,
    "WLHReal_r2_p": 0.0012237651595929482,
    "WLHReal_r3_p": 1.4905623932614779e-05,
    "WLHReal_a0_p": 0.8362325826019039,
    "WLHReal_a1_p": -3.3929938608250726e-05,
    "WLHReal_a2_p": 1.4128957457017191e-05,
    "WLHReal_a3_p": -0.04606881060964903,
    "WLHReal_a4_p": 0.5705755417031084,
    "WLHReal_V0_n": 50.06583764857326,
    "WLHReal_V1_n": 0.2479094630549421,
    "WLHReal_V2_n": -0.0010763439812557299,
    "WLHReal_V3_n": 4.806090196990425e-06,
    "WLHReal_V4_n": 21.574099782588718,
    "WLHReal_V5_n": 0.3260530205063835,
    "WLHReal_V6_n": 0.0018465110720079073,
    "WLHReal_r0_n": 1.3123047281411586,
    "WLHReal_r1_n": 0.197861376471274,
    "WLHReal_r2_n": 0.0015189439359508802,
    "WLHReal_r3_n": 2.0432035222380127e-05,
    "WLHReal_a0_n": 0.7796462038215874,
    "WLHReal_a1_n": 0.0015833524602553858,
    "WLHReal_a2_n": 2.4568832780307207e-05,
    "WLHReal_a3_n": 0.4546345829929471,
    "WLHReal_a4_n": 1.2829249263781835,
    "WLHImagVolume_W0_p": 6.674241073499003,
    "WLHImagVolume_W1_p": 0.25242740057151236,
    "WLHImagVolume_W2_p": 0.0005686153402227407,
    "WLHImagVolume_W3_p": 9.34431039012343,
    "WLHImagVolume_W4_p": 0.10118380048782069,
    "WLHImagVolume_r0_p": 0.6740594244317616,
    "WLHImagVolume_r1_p": 57.68507157801864,
    "WLHImagVolume_r2_p": 0.7324848986943381,
    "WLHImagVolume_r3_p": 71.57124022257429,
    "WLHImagVolume_r4_p": 0.4889960710117032,
    "WLHImagVolume_r5_p": 7.87019347002333e-07,
    "WLHImagVolume_a0_p": 0.6389597849579798,
    "WLHImagVolume_a1_p": 0.2878080508576776,
    "WLHImagVolume_a2_p": 17.50251483232342,
    "WLHImagVolume_a3_p": 0.46339886938703423,
    "WLHImagVolume_a4_p": 0.003384151985604597,
    "WLHImagVolume_W0_n": 3.990554264224034,
    "WLHImagVolume_W1_n": 0.22966265465077523,
    "WLHImagVolume_W2_n": 0.0003053886736594277,
    "WLHImagVolume_W3_n": 10.577843897015036,
    "WLHImagVolume_W4_n": -0.018845131810410445,
    "WLHImagVolume_r0_n": 0.7410608278833781,
    "WLHImagVolume_r1_n": 61.46489002687474,
    "WLHImagVolume_r2_n": 0.5697694225832413,
    "WLHImagVolume_r3_n": 87.91047625468697,
    "WLHImagVolume_r4_n": 1.1054282152956914,
    "WLHImagVolume_r5_n": 5.802306365192526e-06,
    "WLHImagVolume_a0_n": 0.31390965257005465,
    "WLHImagVolume_a1_n": 0.5022823839678507,
    "WLHImagVolume_a2_n": 4.145009576783537,
    "WLHImagVolume_a3_n": 0.03443683495936374,
    "WLHImagVolume_a4_n": 0.00034600000539446147,
    "WLHImagSurface_W0_p": 0.5431917142312133,
    "WLHImagSurface_W1_p": 0.020852703305200563,
    "WLHImagSurface_W2_p": -0.12072820126851647,
    "WLHImagSurface_W3_p": 0.07548946646537286,
    "WLHImagSurface_r0_p": 0.7814158515276789,
    "WLHImagSurface_r1_p": -0.22100345489889012,
    "WLHImagSurface_r2_p": -0.003764622920453672,
    "WLHImagSurface_a0_p": 0.832638218126438,
    "WLHImagSurface_W0_n": 1.1169633474975869,
    "WLHImagSurface_W1_n": 0.036210110102343054,
    "WLHImagSurface_W2_n": 0.7045280801427969,
    "WLHImagSurface_W3_n": 0.12360296068702102,
    "WLHImagSurface_r0_n": 1.2548629831098443,
    "WLHImagSurface_r1_n": 1.48307490589622,
    "WLHImagSurface_r2_n": 0.0014697097197148693,
    "WLHImagSurface_a0_n": 0.8847557176537096,
    "WLHRealSpinOrbit_V0_p": 8.423614761182067,
    "WLHRealSpinOrbit_V1_p": 0.008624314686485744,
    "WLHRealSpinOrbit_r0_p": 1.4049617312695049,
    "WLHRealSpinOrbit_r1_p": 1.0681935992280043,
    "WLHRealSpinOrbit_a0_p": 0.8987634951927284,
    "WLHRealSpinOrbit_a1_p": 0.00034019974126644684,
    "WLHRealSpinOrbit_V0_n": 9.984795488174662,
    "WLHRealSpinOrbit_V1_n": 0.009468805847500367,
    "WLHRealSpinOrbit_r0_n": 1.324365148916937,
    "WLHRealSpinOrbit_r1_n": 0.9637448901139589,
    "WLHRealSpinOrbit_a0_n": 0.85591874651105,
    "WLHRealSpinOrbit_a1_n": 0.00032042733885295186
}