{
    "WLHReal_V0_p": 55.904463118973446,
    "WLHReal_V1_p": 0.34586638441916717,
    "WLHReal_V2_p": 0.0006834335820258861,
    "WLHReal_V3_p": 6.207822732558427e-07,
    "WLHReal_V4_p": 13.191423188031315,
    "WLHReal_V5_p": 0.13207827620266552,
    "WLHReal_V6_p": 4.621134892947065e-05,
    "WLHReal_r0_p": 1.270096798756748,
    "WLHReal_r1_p": 0.34726248358793177,
    "WLHReal_r2_p": 0.000538493262600028,
    "WLHReal_r3_p": 2.579768522452569e-07,
    "WLHReal_a0_p": 0.7569203529834798,
    "WLHReal_a1_p": 0.00013030411971592324,
    "WLHReal_a2_p": -4.2782882292340324e-07,
    "WLHReal_a3_p": 0.1299917332280432,
    "WLHReal_a4_p": 0.5964619914836551,
    "WLHReal_V0_n": 52.73552145303711,
    "WLHReal_V1_n": 0.2774687585870621,
    "WLHReal_V2_n": -0.0006026798692220778,
    "WLHReal_V3_n": 3.962812696377751e-06,
    "WLHReal_V4_n": 20.350532739788093,
    "WLHReal_V5_n": 0.31919991257003544,
    "WLHReal_V6_n": 0.0013063814541784014,
    "WLHReal_r0_n": 1.3534917226798417,
    "WLHReal_r1_n": 0.4395971279022815,
    "WLHReal_r2_n": 0.0009230470037697435,
    "WLHReal_r3_n": 8.558612011987523e-06,
    "WLHReal_a0_n": 0.7562537734912632,
    "WLHReal_a1_n": 0.0008500887435500398,
    "WLHReal_a2_n": 1.0202804825693539e-05,
    "WLHReal_a3_n": 0.21393281586524665,
    "WLHReal_a4_n": 0.7814580142206673,
    "WLHImagVolume_W0_p": 3.001045449116946,
    "WLHImagVolume_W1_p": 0.23519982556796076,
    "WLHImagVolume_W2_p": 0.0006375667716850871,
    "WLHImagVolume_W3_p": 13.815433570165835,
    "WLHImagVolume_W4_p": 0.06275039358341034,
    "WLHImagVolume_r0_p": 0.3128230015749341,
    "WLHImagVolume_r1_p": 87.50985097121949,
    "WLHImagVolume_r2_p": 0.9115053251684124,
    "WLHImagVolume_r3_p": 88.6259175501661,
    "WLHImagVolume_r4_p": 0.38201813623433173,
    "WLHImagVolume_r5_p": 8.286085712850305e-07,
    "WLHImagVolume_a0_p": 0.4637347575981561,
    "WLHImagVolume_a1_p": 0.3596060834193788,
    "WLHImagVolume_a2_p": 21.259072435054467,
    "WLHImagVolume_a3_p": 0.3210871388353673,
    "WLHImagVolume_a4_p": 0.00085561887029491,
    "WLHImagVolume_W0_n": 3.22105496719203,
    "WLHImagVolume_W1_n": 0.31447611798424857,
    "WLHImagVolume_W2_n": 0.0007290461707922086,
    "WLHImagVolume_W3_n": 9.25084148361981,
    "WLHImagVolume_W4_n": 0.03859006174234683,
    "WLHImagVolume_r0_n": 0.5291310457165395,
    "WLHImagVolume_r1_n": 82.89989773007613,
    "WLHImagVolume_r2_n": 0.8074806684968602,
    "WLHImagVolume_r3_n": 94.71132218795077,
    "WLHImagVolume_r4_n": 0.9486339358485399,
    "WLHImagVolume_r5_n": 4.219217198075998e-06,
    "WLHImagVolume_a0_n": 0.2844963044818868,
    "WLHImagVolume_a1_n": 0.577453549179898,
    "WLHImagVolume_a2_n": 5.245606489351198,
    "WLHImagVolume_a3_n": 0.06542542573145424,
    "WLHImagVolume_a4_n": 0.0009761627293952103,
    "WLHImagSurface_W0_p": 1.6054354866691054,
    "WLHImagSurface_W1_p": 0.0954286281309869,
    "WLHImagSurface_W2_p": 2.2544301251144616,
    "WLHImagSurface_W3_p": 0.3398419000160176,
    "WLHImagSurface_r0_p": 1.2799224993793716,
    "WLHImagSurface_r1_p": 1.060365950096412,
    "WLHImagSurface_r2_p": 0.008797718828277354,
    "WLHImagSurface_a0_p": 0.9590754829046866,
    "WLHImagSurface_W0_n": 1.8272879127258497,
    "WLHImagSurface_W1_n": 0.05528396120505843,
    "WLHImagSurface_W2_n": 3.3793297695538347,
    "WLHImagSurface_W3_n": 0.20709503994391,
    "WLHImagSurface_r0_n": 1.3009551446420864,
    "WLHImagSurface_r1_n": 1.6290945607483867,
    "WLHImagSurface_r2_n": 0.002669140287170766,
    "WLHImagSurface_a0_n": 0.8637292889875764,
    "WLHRealSpinOrbit_V0_p": 9.391216286006662,
    "WLHRealSpinOrbit_V1_p": 0.007665664137508072,
    "WLHRealSpinOrbit_r0_p": 1.217417648025576,
    "WLHRealSpinOrbit_r1_p": 0.771300381194731,
    "WLHRealSpinOrbit_a0_p": 0.7486490586018285,
    "WLHRealSpinOrbit_a1_p": 0.000363227424925987,
    "WLHRealSpinOrbit_V0_n": 9.234996136078335,
    "WLHRealSpinOrbit_V1_n": 0.008483277389727553,
    "WLHRealSpinOrbit_r0_n": 1.319086573167604,
    "WLHRealSpinOrbit_r1_n": 0.9215540213575412,
    "WLHRealSpinOrbit_a0_n": 0.830012369161281,
    "WLHRealSpinOrbit_a1_n": 0.0003643596379496796
}