{
    "WLHReal_V0_p": 54.735423251488406,
    "WLHReal_V1_p": 0.28567698601460156,
    "WLHReal_V2_p": -0.00020091602152893406,
    "WLHReal_V3_p": 1.795416698450415e-06,
    "WLHReal_V4_p": 13.716294472412276,
    "WLHReal_V5_p": 0.13116806199778425,
    "WLHReal_V6_p": 0.0003767978652916404,
    "WLHReal_r0_p": 1.277618652201031,
    "WLHReal_r1_p": 0.24120056827314915,
    "WLHReal_r2_p": 0.0009334220369584501,
    "WLHReal_r3_p": 8.95300278115833e-06,
    "WLHReal_a0_p": 0.7791673184863092,
    "WLHReal_a1_p": 0.0001795844997180304,
    "WLHReal_a2_p": 6.5160262560339486e-06,
    "WLHReal_a3_p": 0.03852817169134403,
    "WLHReal_a4_p": 0.5775245135010859,
    "WLHReal_V0_n": 54.712557168240366,
    "WLHReal_V1_n": 0.27614787257125695,
    "WLHReal_V2_n": 0.0006659937287870484,
    "WLHReal_V3_n": -1.1081176346188294e-06,
    "WLHReal_V4_n": 22.858901380997168,
    "WLHReal_V5_n": 0.21254691070027054,
    "WLHReal_V6_n": 0.00022519122681760226,
    "WLHReal_r0_n": 1.212378956542335,
    "WLHReal_r1_n": 0.2546278103057823,
    "WLHReal_r2_n": 0.00034839041177038034,
    "WLHReal_r3_n": 3.549328422194011e-08,
    "WLHReal_a0_n": 0.6933273847798864,
    "WLHReal_a1_n": 8.569767420558852e-05,
    "WLHReal_a2_n": -1.9312635756653445e-06,
    "WLHReal_a3_n": 0.23095185981726063,
    "WLHReal_a4_n": 0.6469774714433192,
    "WLHImagVolume_W0_p": 4.671110926182468,
    "WLHImagVolume_W1_p": 0.23929613890121484,
    "WLHImagVolume_W2_p": 0.00017781217675568795,
    "WLHImagVolume_W3_p": 11.91983019051145,
    "WLHImagVolume_W4_p": 0.0825837154594125,
    "WLHImagVolume_r0_p": 0.8322039043039535,
    "WLHImagVolume_r1_p": 21.84684332674136,
    "WLHImagVolume_r2_p": 0.40620821302845755,
    "WLHImagVolume_r3_p": 40.69015520005646,
    "WLHImagVolume_r4_p": 0.8526498639070987,
    "WLHImagVolume_r5_p": 2.6109915618213995e-06,
    "WLHImagVolume_a0_p": 0.5965809820451448,
    "WLHImagVolume_a1_p": 0.21472738448256304,
    "WLHImagVolume_a2_p": 9.46570408716863,
    "WLHImagVolume_a3_p": 0.4663652590948021,
    "WLHImagVolume_a4_p": 0.0031126724173674413,
    "WLHImagVolume_W0_n": 1.4896522304764679,
    "WLHImagVolume_W1_n": 0.16228452661939524,
    "WLHImagVolume_W2_n": -5.884619463586817e-06,
    "WLHImagVolume_W3_n": 6.80889907804348,
    "WLHImagVolume_W4_n": 0.02287540933662447,
    "WLHImagVolume_r0_n": 0.5950742246654281,
    "WLHImagVolume_r1_n": 58.23809433463409,
    "WLHImagVolume_r2_n": 0.6075230383092336,
    "WLHImagVolume_r3_n": 56.24555282320891,
    "WLHImagVolume_r4_n": 0.9759466083459134,
    "WLHImagVolume_r5_n": 2.0205175698420715e-06,
    "WLHImagVolume_a0_n": 0.1606370721132185,
    "WLHImagVolume_a1_n": 0.6356838934698921,
    "WLHImagVolume_a2_n": 11.794447217500956,
    "WLHImagVolume_a3_n": 0.08326717530116168,
    "WLHImagVolume_a4_n": 0.0009387418557390698,
    "WLHImagSurface_W0_p": 0.539863524212038,
    "WLHImagSurface_W1_p": -0.001725240482132781,
    "WLHImagSurface_W2_p": -0.06727780910395686,
    "WLHImagSurface_W3_p": -0.0164759843785503,
    "WLHImagSurface_r0_p": 0.8182236252676522,
    "WLHImagSurface_r1_p": 0.3274107352198054,
    "WLHImagSurface_r2_p": 0.0033755372508993296,
    "WLHImagSurface_a0_p": 0.6462804455017308,
    "WLHImagSurface_W0_n": 1.1515779523475023,
    "WLHImagSurface_W1_n": -0.002827617864296937,
    "WLHImagSurface_W2_n": 1.057254698527859,
    "WLHImagSurface_W3_n": 0.0060392855005630686,
    "WLHImagSurface_r0_n": 1.2445022182221677,
    "WLHImagSurface_r1_n": 1.1065409299215847,
    "WLHImagSurface_r2_n": 0.004467946093357593,
    "WLHImagSurface_a0_n": 0.8103334663802243,
    "WLHRealSpinOrbit_V0_p": 10.213340333724158,
    "WLHRealSpinOrbit_V1_p": 0.009044716153712115,
    "WLHRealSpinOrbit_r0_p": 1.2633744453384548,
    "WLHRealSpinOrbit_r1_p": 0.8627345938244856,
    "WLHRealSpinOrbit_a0_p": 0.803986560654142,
    "WLHRealSpinOrbit_a1_p": 0.0003304290128162947,
    "WLHRealSpinOrbit_V0_n": 10.360889734366014,
    "WLHRealSpinOrbit_V1_n": 0.008342177425217628,
    "WLHRealSpinOrbit_r0_n": 1.1909028055171003,
    "WLHRealSpinOrbit_r1_n": 0.7282695311204614,
    "WLHRealSpinOrbit_a0_n": 0.7369810371452498,
    "WLHRealSpinOrbit_a1_n": 0.0003717521901888516
}