{
    "ECS_p": 0.332523,
    "ECS_n": 0.416556,
    "APower_p": 0.815867,
    "APower_n": 0.372503
}