{
    "CH89RealCentral": {
        "V_0": 55.8678,
        "V_t": 24.2536,
        "V_e": -0.436467,
        "r_o": 1.19387,
        "r_o_0": -0.133773,
        "a_0": 0.724244
    },
    "CH89Coulomb": {
        "r_c": 1.30081,
        "r_c_0": -0.181145
    },
    "CH89SpinOrbit": {
        "V_so": 4.19643,
        "r_so": 1.28405,
        "r_so_0": -1.07878,
        "a_so": 0.589597
    },
    "CH89ImagCentral": {
        "W_v0": 10.9953,
        "W_ve0": 44.9888,
        "W_vew": 28.0978,
        "W_s0": 10.5922,
        "W_st": 22.5238,
        "W_se0": 31.9648,
        "W_sew": 19.7564,
        "r_w": 1.45095,
        "r_w0": -1.14629,
        "a_w": 0.638949
    }
}