{
    "WLHReal_V0_p": 55.63226643210678,
    "WLHReal_V1_p": 0.3384420023667841,
    "WLHReal_V2_p": 2.603336572034931e-05,
    "WLHReal_V3_p": 2.0932028402345124e-06,
    "WLHReal_V4_p": 11.83455024123863,
    "WLHReal_V5_p": 0.13718559129433316,
    "WLHReal_V6_p": 0.00029163423337763274,
    "WLHReal_r0_p": 1.3042136289091768,
    "WLHReal_r1_p": 0.3201260644897941,
    "WLHReal_r2_p": 0.0009073289988076294,
    "WLHReal_r3_p": 6.606271106512446e-06,
    "WLHReal_a0_p": 0.7885603032460156,
    "WLHReal_a1_p": 0.0001719073635632629,
    "WLHReal_a2_p": 4.741182941714611e-06,
    "WLHReal_a3_p": 0.08869062375319203,
    "WLHReal_a4_p": 0.6447662914906137,
    "WLHReal_V0_n": 55.750716767586844,
    "WLHReal_V1_n": 0.3027173038047937,
    "WLHReal_V2_n": 0.0009885346051762285,
    "WLHReal_V3_n": -1.883571426829496e-06,
    "WLHReal_V4_n": 22.59408363684202,
    "WLHReal_V5_n": 0.1937715110398982,
    "WLHReal_V6_n": -2.8527497808909742e-05,
    "WLHReal_r0_n": 1.1925961811169978,
    "WLHReal_r1_n": 0.24596770327224082,
    "WLHReal_r2_n": 0.00020500374463534583,
    "WLHReal_r3_n": -3.118015441435363e-06,
    "WLHReal_a0_n": 0.6803753744352264,
    "WLHReal_a1_n": -7.8026127820692e-05,
    "WLHReal_a2_n": -5.831995119119355e-06,
    "WLHReal_a3_n": 0.2020442336955819,
    "WLHReal_a4_n": 0.5832905030231776,
    "WLHImagVolume_W0_p": 4.699880403875354,
    "WLHImagVolume_W1_p": 0.2862961099705298,
    "WLHImagVolume_W2_p": 0.0006373948151228817,
    "WLHImagVolume_W3_p": 14.094571608003251,
    "WLHImagVolume_W4_p": 0.08734868289563609,
    "WLHImagVolume_r0_p": 0.5020184520546158,
    "WLHImagVolume_r1_p": 67.02828938488926,
    "WLHImagVolume_r2_p": 0.7613622645078993,
    "WLHImagVolume_r3_p": 75.73205139946334,
    "WLHImagVolume_r4_p": 0.5404315896205327,
    "WLHImagVolume_r5_p": 1.1498431079638468e-06,
    "WLHImagVolume_a0_p": 0.5479614980223506,
    "WLHImagVolume_a1_p": 0.30194191594881703,
    "WLHImagVolume_a2_p": 16.949496408945915,
    "WLHImagVolume_a3_p": 0.40795943775412186,
    "WLHImagVolume_a4_p": 0.00223846346138031,
    "WLHImagVolume_W0_n": 1.2588077441068992,
    "WLHImagVolume_W1_n": 0.16304505565005767,
    "WLHImagVolume_W2_n": 7.712483584142784e-05,
    "WLHImagVolume_W3_n": 6.415225896206898,
    "WLHImagVolume_W4_n": 0.03913358124053747,
    "WLHImagVolume_r0_n": 0.5337893452045998,
    "WLHImagVolume_r1_n": 68.07019903080928,
    "WLHImagVolume_r2_n": 0.6519264369359555,
    "WLHImagVolume_r3_n": 57.86137048237572,
    "WLHImagVolume_r4_n": 0.8700195949582435,
    "WLHImagVolume_r5_n": 9.491700358792066e-07,
    "WLHImagVolume_a0_n": 0.12376756442907706,
    "WLHImagVolume_a1_n": 0.6607334925810571,
    "WLHImagVolume_a2_n": 12.302812153104384,
    "WLHImagVolume_a3_n": 0.07075535608109587,
    "WLHImagVolume_a4_n": 0.0007056085522446085,
    "WLHImagSurface_W0_p": 1.0143798656704233,
    "WLHImagSurface_W1_p": 0.04751510154820317,
    "WLHImagSurface_W2_p": 0.8084663789075919,
    "WLHImagSurface_W3_p": 0.16800577261182711,
    "WLHImagSurface_r0_p": 1.0424629607602862,
    "WLHImagSurface_r1_p": 0.6655348952508038,
    "WLHImagSurface_r2_p": 0.004294232429501205,
    "WLHImagSurface_a0_p": 0.843323662254395,
    "WLHImagSurface_W0_n": 1.4522301096374537,
    "WLHImagSurface_W1_n": 0.0016115687634923534,
    "WLHImagSurface_W2_n": 1.5710622750789995,
    "WLHImagSurface_W3_n": 0.012593980106591823,
    "WLHImagSurface_r0_n": 1.2593493214627454,
    "WLHImagSurface_r1_n": 1.1183366874541703,
    "WLHImagSurface_r2_n": 0.005134447536196205,
    "WLHImagSurface_a0_n": 0.7963478348397363,
    "WLHRealSpinOrbit_V0_p": 9.503517112557754,
    "WLHRealSpinOrbit_V1_p": 0.008348646914985672,
    "WLHRealSpinOrbit_r0_p": 1.2637897802632623,
    "WLHRealSpinOrbit_r1_p": 0.8627718447691332,
    "WLHRealSpinOrbit_a0_p": 0.7957508466344284,
    "WLHRealSpinOrbit_a1_p": 0.00032829819941781373,
    "WLHRealSpinOrbit_V0_n": 10.284587920769157,
    "WLHRealSpinOrbit_V1_n": 0.008061638621738997,
    "WLHRealSpinOrbit_r0_n": 1.1679834291746054,
    "WLHRealSpinOrbit_r1_n": 0.6967727522745508,
    "WLHRealSpinOrbit_a0_n": 0.7180804597944077,
    "WLHRealSpinOrbit_a1_n": 0.0003671815748912392
}