{
    "ECS_p": 0.327227,
    "ECS_n": 0.699235,
    "APower_p": 0.780737,
    "APower_n": 0.487423
}