{
    "ECS_p": 0.240256,
    "ECS_n": 0.478698,
    "APower_p": 0.679923,
    "APower_n": 0.335943
}