{
    "CH89RealCentral": {
        "V_0": 56.0065,
        "V_t": 14.647,
        "V_e": -0.319427,
        "r_o": 1.14754,
        "r_o_0": -0.00645638,
        "a_0": 0.753979
    },
    "CH89Coulomb": {
        "r_c": 1.08766,
        "r_c_0": 0.200768
    },
    "CH89SpinOrbit": {
        "V_so": 5.72641,
        "r_so": 1.23572,
        "r_so_0": -0.977352,
        "a_so": 0.650997
    },
    "CH89ImagCentral": {
        "W_v0": 8.13855,
        "W_ve0": 66.5763,
        "W_vew": 51.9625,
        "W_s0": 11.1861,
        "W_st": 28.6122,
        "W_se0": 20.9886,
        "W_sew": 42.6713,
        "r_w": 1.39762,
        "r_w0": -0.648999,
        "a_w": 0.723738
    }
}