{
    "CH89RealCentral": {
        "V_0": 56.47,
        "V_t": 17.3049,
        "V_e": -0.304558,
        "r_o": 1.13728,
        "r_o_0": 0.00317384,
        "a_0": 0.728291
    },
    "CH89Coulomb": {
        "r_c": 1.28652,
        "r_c_0": 0.0489561
    },
    "CH89SpinOrbit": {
        "V_so": 4.14094,
        "r_so": 1.48355,
        "r_so_0": -2.08598,
        "a_so": 0.504144
    },
    "CH89ImagCentral": {
        "W_v0": 14.4269,
        "W_ve0": 73.469,
        "W_vew": 27.8383,
        "W_s0": 15.7748,
        "W_st": 17.0853,
        "W_se0": -0.565805,
        "W_sew": 53.4056,
        "r_w": 1.31598,
        "r_w0": -0.313659,
        "a_w": 0.692423
    }
}