{
    "WLHReal_V0_p": 53.99814958133387,
    "WLHReal_V1_p": 0.3138554707511182,
    "WLHReal_V2_p": 0.0003676375066698586,
    "WLHReal_V3_p": 3.206876209911638e-07,
    "WLHReal_V4_p": 13.846558617076171,
    "WLHReal_V5_p": 0.10487465570632541,
    "WLHReal_V6_p": 0.00010444292004477602,
    "WLHReal_r0_p": 1.2436022813025296,
    "WLHReal_r1_p": 0.19316880491374158,
    "WLHReal_r2_p": 0.0008222833640166504,
    "WLHReal_r3_p": 5.9374665834307196e-06,
    "WLHReal_a0_p": 0.7533578167004464,
    "WLHReal_a1_p": 5.385495680483113e-06,
    "WLHReal_a2_p": 4.754102493779796e-06,
    "WLHReal_a3_p": 0.07919855869465015,
    "WLHReal_a4_p": 0.5954703043719822,
    "WLHReal_V0_n": 55.876482853643516,
    "WLHReal_V1_n": 0.323525763503409,
    "WLHReal_V2_n": 0.00023293106611284103,
    "WLHReal_V3_n": 1.0148637425571908e-06,
    "WLHReal_V4_n": 20.730060898607956,
    "WLHReal_V5_n": 0.2633586154796672,
    "WLHReal_V6_n": 0.0006622313070629067,
    "WLHReal_r0_n": 1.2714012785504722,
    "WLHReal_r1_n": 0.35558328931900446,
    "WLHReal_r2_n": 0.000588994629086201,
    "WLHReal_r3_n": 2.306244283809456e-06,
    "WLHReal_a0_n": 0.7214221809172221,
    "WLHReal_a1_n": 0.00039137931718183496,
    "WLHReal_a2_n": 2.7773936397703394e-06,
    "WLHReal_a3_n": 0.18753873591214226,
    "WLHReal_a4_n": 0.6865224852490404,
    "WLHImagVolume_W0_p": 3.116023331161029,
    "WLHImagVolume_W1_p": 0.18154585670122086,
    "WLHImagVolume_W2_p": 0.0002753993888036663,
    "WLHImagVolume_W3_p": 12.149620879601144,
    "WLHImagVolume_W4_p": 0.052353920603760845,
    "WLHImagVolume_r0_p": 0.6226661073044464,
    "WLHImagVolume_r1_p": 56.800153620054516,
    "WLHImagVolume_r2_p": 0.5988122196828265,
    "WLHImagVolume_r3_p": 70.93787272907542,
    "WLHImagVolume_r4_p": 0.6573806864394158,
    "WLHImagVolume_r5_p": 1.5596781536330575e-06,
    "WLHImagVolume_a0_p": 0.49780560423895004,
    "WLHImagVolume_a1_p": 0.3010862029651556,
    "WLHImagVolume_a2_p": 16.847191213171193,
    "WLHImagVolume_a3_p": 0.35319119003337207,
    "WLHImagVolume_a4_p": 0.001381906122177987,
    "WLHImagVolume_W0_n": 2.74107966847351,
    "WLHImagVolume_W1_n": 0.2914058772360164,
    "WLHImagVolume_W2_n": 0.0006536309478204023,
    "WLHImagVolume_W3_n": 8.797485739991986,
    "WLHImagVolume_W4_n": 0.06721292410198898,
    "WLHImagVolume_r0_n": 0.49223676912729514,
    "WLHImagVolume_r1_n": 82.21975440653121,
    "WLHImagVolume_r2_n": 0.7715477256283302,
    "WLHImagVolume_r3_n": 82.73415564829723,
    "WLHImagVolume_r4_n": 0.8454079967186636,
    "WLHImagVolume_r5_n": 2.311955496858092e-06,
    "WLHImagVolume_a0_n": 0.20342684667802186,
    "WLHImagVolume_a1_n": 0.6177341454377592,
    "WLHImagVolume_a2_n": 7.089629760900255,
    "WLHImagVolume_a3_n": 0.03461079440674263,
    "WLHImagVolume_a4_n": 0.0005517816947200286,
    "WLHImagSurface_W0_p": 1.06491744630905,
    "WLHImagSurface_W1_p": 0.03567482235242997,
    "WLHImagSurface_W2_p": 0.5718966633807097,
    "WLHImagSurface_W3_p": 0.1008800005336926,
    "WLHImagSurface_r0_p": 1.1029952347697747,
    "WLHImagSurface_r1_p": 0.6049998713039024,
    "WLHImagSurface_r2_p": 0.0067239348482327314,
    "WLHImagSurface_a0_p": 0.895005817904249,
    "WLHImagSurface_W0_n": 2.1588242266193274,
    "WLHImagSurface_W1_n": 0.04666029541040541,
    "WLHImagSurface_W2_n": 3.3790817415313286,
    "WLHImagSurface_W3_n": 0.15515401798135783,
    "WLHImagSurface_r0_n": 1.2911719898913854,
    "WLHImagSurface_r1_n": 1.500078894271337,
    "WLHImagSurface_r2_n": 0.004226473849401812,
    "WLHImagSurface_a0_n": 0.8243139791681777,
    "WLHRealSpinOrbit_V0_p": 9.902202649130802,
    "WLHRealSpinOrbit_V1_p": 0.008351354864751402,
    "WLHRealSpinOrbit_r0_p": 1.2276747695082604,
    "WLHRealSpinOrbit_r1_p": 0.8012859456453888,
    "WLHRealSpinOrbit_a0_p": 0.7686716859932352,
    "WLHRealSpinOrbit_a1_p": 0.0003462813693958961,
    "WLHRealSpinOrbit_V0_n": 9.654428049541117,
    "WLHRealSpinOrbit_V1_n": 0.008215226158188527,
    "WLHRealSpinOrbit_r0_n": 1.2402172369394433,
    "WLHRealSpinOrbit_r1_n": 0.818238941767849,
    "WLHRealSpinOrbit_a0_n": 0.774650720042898,
    "WLHRealSpinOrbit_a1_n": 0.0003421076594039328
}