{
    "WLHReal_V0_p": 54.38363786868209,
    "WLHReal_V1_p": 0.317416650636425,
    "WLHReal_V2_p": 0.0003157953167163013,
    "WLHReal_V3_p": 1.2859514542551783e-06,
    "WLHReal_V4_p": 13.425408592953454,
    "WLHReal_V5_p": 0.1228667252845571,
    "WLHReal_V6_p": 0.00015849704623254563,
    "WLHReal_r0_p": 1.2717587138740598,
    "WLHReal_r1_p": 0.27656927280137766,
    "WLHReal_r2_p": 0.0007061739928306937,
    "WLHReal_r3_p": 4.3740203438665865e-06,
    "WLHReal_a0_p": 0.7619226199548528,
    "WLHReal_a1_p": 7.98138631443323e-05,
    "WLHReal_a2_p": 3.108002074825048e-06,
    "WLHReal_a3_p": 0.08242113419140683,
    "WLHReal_a4_p": 0.5759046795906232,
    "WLHReal_V0_n": 50.71266349870426,
    "WLHReal_V1_n": 0.29317701157194875,
    "WLHReal_V2_n": -0.0011647797998257992,
    "WLHReal_V3_n": 5.80181105903205e-06,
    "WLHReal_V4_n": 19.872857834752402,
    "WLHReal_V5_n": 0.3471613643564831,
    "WLHReal_V6_n": 0.0019574504209510977,
    "WLHReal_r0_n": 1.349607540316302,
    "WLHReal_r1_n": 0.2733888970999232,
    "WLHReal_r2_n": 0.0015673755565559118,
    "WLHReal_r3_n": 2.059887986627851e-05,
    "WLHReal_a0_n": 0.7891266661640723,
    "WLHReal_a1_n": 0.0016982866886636984,
    "WLHReal_a2_n": 2.5163252657773673e-05,
    "WLHReal_a3_n": 0.3993809057355746,
    "WLHReal_a4_n": 1.245908044269112,
    "WLHImagVolume_W0_p": 3.432846347599974,
    "WLHImagVolume_W1_p": 0.20906783099833176,
    "WLHImagVolume_W2_p": 0.00039603475459606784,
    "WLHImagVolume_W3_p": 12.273367960281316,
    "WLHImagVolume_W4_p": 0.06273450234355495,
    "WLHImagVolume_r0_p": 0.5363632754447646,
    "WLHImagVolume_r1_p": 62.47461750662376,
    "WLHImagVolume_r2_p": 0.699421518498111,
    "WLHImagVolume_r3_p": 71.69932421290567,
    "WLHImagVolume_r4_p": 0.5640384770431611,
    "WLHImagVolume_r5_p": 1.403564626604555e-06,
    "WLHImagVolume_a0_p": 0.5067068180995977,
    "WLHImagVolume_a1_p": 0.3097009202924344,
    "WLHImagVolume_a2_p": 17.41332389904456,
    "WLHImagVolume_a3_p": 0.3629120132302256,
    "WLHImagVolume_a4_p": 0.0015370260464176297,
    "WLHImagVolume_W0_n": 4.441301817815859,
    "WLHImagVolume_W1_n": 0.3040579789761234,
    "WLHImagVolume_W2_n": 0.0008095956184900539,
    "WLHImagVolume_W3_n": 11.068448815342851,
    "WLHImagVolume_W4_n": 0.015182260132572923,
    "WLHImagVolume_r0_n": 0.6025362226958085,
    "WLHImagVolume_r1_n": 91.24631448083565,
    "WLHImagVolume_r2_n": 0.7470201791050975,
    "WLHImagVolume_r3_n": 110.24514788568737,
    "WLHImagVolume_r4_n": 0.9072632821515391,
    "WLHImagVolume_r5_n": 5.474088516438504e-06,
    "WLHImagVolume_a0_n": 0.31221887268698745,
    "WLHImagVolume_a1_n": 0.5162018019969485,
    "WLHImagVolume_a2_n": 1.7871740105180773,
    "WLHImagVolume_a3_n": 0.005045400631712826,
    "WLHImagVolume_a4_n": -4.140962875887977e-05,
    "WLHImagSurface_W0_p": 1.1946174430995264,
    "WLHImagSurface_W1_p": 0.05558861954007355,
    "WLHImagSurface_W2_p": 1.24427798695043,
    "WLHImagSurface_W3_p": 0.18778779457866385,
    "WLHImagSurface_r0_p": 1.1102290047637138,
    "WLHImagSurface_r1_p": 0.6943331935079204,
    "WLHImagSurface_r2_p": 0.0065680728040586455,
    "WLHImagSurface_a0_p": 0.8704173931600694,
    "WLHImagSurface_W0_n": 1.9547122696366621,
    "WLHImagSurface_W1_n": 0.07259951642769963,
    "WLHImagSurface_W2_n": 2.7198773530509603,
    "WLHImagSurface_W3_n": 0.23489707952211486,
    "WLHImagSurface_r0_n": 1.3095690856746465,
    "WLHImagSurface_r1_n": 1.7632109679717516,
    "WLHImagSurface_r2_n": 0.0016892224715784679,
    "WLHImagSurface_a0_n": 0.8881885658958109,
    "WLHRealSpinOrbit_V0_p": 9.643522272211912,
    "WLHRealSpinOrbit_V1_p": 0.008172149362454952,
    "WLHRealSpinOrbit_r0_p": 1.2402410847319019,
    "WLHRealSpinOrbit_r1_p": 0.8120388498191411,
    "WLHRealSpinOrbit_a0_p": 0.7729897400244039,
    "WLHRealSpinOrbit_a1_p": 0.0003557653683339903,
    "WLHRealSpinOrbit_V0_n": 9.279847696816683,
    "WLHRealSpinOrbit_V1_n": 0.009054549617656402,
    "WLHRealSpinOrbit_r0_n": 1.350179379672338,
    "WLHRealSpinOrbit_r1_n": 1.0074711743641143,
    "WLHRealSpinOrbit_a0_n": 0.8706210550209739,
    "WLHRealSpinOrbit_a1_n": 0.0003088851081978606
}