{
    "ECS_p": 0.303406,
    "ECS_n": 0.296354,
    "APower_p": 0.620438,
    "APower_n": 0.645308
}