{
    "CH89RealCentral": {
        "V_0": 57.4061,
        "V_t": 21.9024,
        "V_e": -0.361319,
        "r_o": 1.18143,
        "r_o_0": -0.185034,
        "a_0": 0.700509
    },
    "CH89Coulomb": {
        "r_c": 1.07674,
        "r_c_0": 0.053985
    },
    "CH89SpinOrbit": {
        "V_so": 5.44716,
        "r_so": 1.21455,
        "r_so_0": -0.677588,
        "a_so": 0.559067
    },
    "CH89ImagCentral": {
        "W_v0": 8.60508,
        "W_ve0": 30.2715,
        "W_vew": 8.73652,
        "W_s0": 7.60247,
        "W_st": 14.7819,
        "W_se0": 46.9944,
        "W_sew": 19.4011,
        "r_w": 1.18306,
        "r_w0": 0.0162635,
        "a_w": 0.754669
    }
}