{
    "WLHReal_V0_p": 56.70179284466659,
    "WLHReal_V1_p": 0.30128032251676906,
    "WLHReal_V2_p": 1.4894137728813675e-05,
    "WLHReal_V3_p": 1.5246761329105285e-06,
    "WLHReal_V4_p": 13.714605563419195,
    "WLHReal_V5_p": 0.15184591227907204,
    "WLHReal_V6_p": 0.0003509231135519905,
    "WLHReal_r0_p": 1.284550858084318,
    "WLHReal_r1_p": 0.33727230961869203,
    "WLHReal_r2_p": 0.0007553254942945547,
    "WLHReal_r3_p": 5.510724129231358e-06,
    "WLHReal_a0_p": 0.780502945845022,
    "WLHReal_a1_p": 0.0003078013830685334,
    "WLHReal_a2_p": 3.2816896134100675e-06,
    "WLHReal_a3_p": 0.07399245858025094,
    "WLHReal_a4_p": 0.5811649993130801,
    "WLHReal_V0_n": 52.52415603681144,
    "WLHReal_V1_n": 0.2925621705958231,
    "WLHReal_V2_n": -0.00012468802161776855,
    "WLHReal_V3_n": 2.0829151081434384e-06,
    "WLHReal_V4_n": 21.006906981979217,
    "WLHReal_V5_n": 0.274278844811622,
    "WLHReal_V6_n": 0.0009521028942127848,
    "WLHReal_r0_n": 1.2921001689769112,
    "WLHReal_r1_n": 0.3049295790515357,
    "WLHReal_r2_n": 0.0008354942945393628,
    "WLHReal_r3_n": 7.089582546561783e-06,
    "WLHReal_a0_n": 0.7346742082191116,
    "WLHReal_a1_n": 0.0007863171461612965,
    "WLHReal_a2_n": 8.82414666320702e-06,
    "WLHReal_a3_n": 0.2714155081513306,
    "WLHReal_a4_n": 0.85035033613394,
    "WLHImagVolume_W0_p": 4.676025871655115,
    "WLHImagVolume_W1_p": 0.2837776011986282,
    "WLHImagVolume_W2_p": 0.0003637055391590696,
    "WLHImagVolume_W3_p": 13.313653919552381,
    "WLHImagVolume_W4_p": 0.09263101507884265,
    "WLHImagVolume_r0_p": 0.6820580335920805,
    "WLHImagVolume_r1_p": 32.844367902812074,
    "WLHImagVolume_r2_p": 0.5444768723307286,
    "WLHImagVolume_r3_p": 44.72997510837244,
    "WLHImagVolume_r4_p": 0.7443226356866144,
    "WLHImagVolume_r5_p": 2.191226038345062e-06,
    "WLHImagVolume_a0_p": 0.5866298565349686,
    "WLHImagVolume_a1_p": 0.2315145919901949,
    "WLHImagVolume_a2_p": 10.360656371705039,
    "WLHImagVolume_a3_p": 0.4645230024622215,
    "WLHImagVolume_a4_p": 0.003029680275395113,
    "WLHImagVolume_W0_n": 2.60416074625559,
    "WLHImagVolume_W1_n": 0.23327891582118085,
    "WLHImagVolume_W2_n": 0.00049524009445729,
    "WLHImagVolume_W3_n": 8.138479525877802,
    "WLHImagVolume_W4_n": 0.024772631461579913,
    "WLHImagVolume_r0_n": 0.5260457906693718,
    "WLHImagVolume_r1_n": 87.65342828015132,
    "WLHImagVolume_r2_n": 0.7583042663576984,
    "WLHImagVolume_r3_n": 88.52914908995227,
    "WLHImagVolume_r4_n": 0.8504580455413527,
    "WLHImagVolume_r5_n": 3.004295009404566e-06,
    "WLHImagVolume_a0_n": 0.21754037422929867,
    "WLHImagVolume_a1_n": 0.6006269894908424,
    "WLHImagVolume_a2_n": 7.4188082974902985,
    "WLHImagVolume_a3_n": 0.05455697609253278,
    "WLHImagVolume_a4_n": 0.00047216445295276407,
    "WLHImagSurface_W0_p": 0.7936492694803322,
    "WLHImagSurface_W1_p": 0.02746753973372702,
    "WLHImagSurface_W2_p": 0.8669136143007081,
    "WLHImagSurface_W3_p": 0.10510948760679457,
    "WLHImagSurface_r0_p": 0.8900497304717746,
    "WLHImagSurface_r1_p": 0.6288351686644685,
    "WLHImagSurface_r2_p": 0.004822822157702549,
    "WLHImagSurface_a0_p": 0.632226507823387,
    "WLHImagSurface_W0_n": 1.7052770918040867,
    "WLHImagSurface_W1_n": 0.03965831818586296,
    "WLHImagSurface_W2_n": 2.5088869382774077,
    "WLHImagSurface_W3_n": 0.14201670803636707,
    "WLHImagSurface_r0_n": 1.3010360700409245,
    "WLHImagSurface_r1_n": 1.4717681175253354,
    "WLHImagSurface_r2_n": 0.0033412667975351194,
    "WLHImagSurface_a0_n": 0.8464587127325239,
    "WLHRealSpinOrbit_V0_p": 10.116507854340057,
    "WLHRealSpinOrbit_V1_p": 0.008766462240337032,
    "WLHRealSpinOrbit_r0_p": 1.2483457010462744,
    "WLHRealSpinOrbit_r1_p": 0.8339488336902389,
    "WLHRealSpinOrbit_a0_p": 0.787738884979241,
    "WLHRealSpinOrbit_a1_p": 0.0003364497208850395,
    "WLHRealSpinOrbit_V0_n": 9.518035342250226,
    "WLHRealSpinOrbit_V1_n": 0.008359969556994376,
    "WLHRealSpinOrbit_r0_n": 1.2723295252843623,
    "WLHRealSpinOrbit_r1_n": 0.8602007426111212,
    "WLHRealSpinOrbit_a0_n": 0.7981939566805717,
    "WLHRealSpinOrbit_a1_n": 0.00035565954968678863
}