{
    "CH89RealCentral": {
        "V_0": 57.3813,
        "V_t": 19.9355,
        "V_e": -0.343123,
        "r_o": 1.16668,
        "r_o_0": -0.201785,
        "a_0": 0.741389
    },
    "CH89Coulomb": {
        "r_c": 1.23657,
        "r_c_0": 0.173484
    },
    "CH89SpinOrbit": {
        "V_so": 6.28368,
        "r_so": 1.32661,
        "r_so_0": -1.34165,
        "a_so": 0.649142
    },
    "CH89ImagCentral": {
        "W_v0": 10.9839,
        "W_ve0": 32.0823,
        "W_vew": 20.1461,
        "W_s0": 15.7815,
        "W_st": 51.2897,
        "W_se0": -8.83145,
        "W_sew": 31.531,
        "r_w": 1.30521,
        "r_w0": -0.0377699,
        "a_w": 0.729905
    }
}