{
    "WLHReal_V0_p": 48.49055832313398,
    "WLHReal_V1_p": 0.2535382469013011,
    "WLHReal_V2_p": -0.0014300106523961902,
    "WLHReal_V3_p": 5.68165518425908e-06,
    "WLHReal_V4_p": 10.790298748532733,
    "WLHReal_V5_p": 0.12870213594953525,
    "WLHReal_V6_p": 0.0007600747051623844,
    "WLHReal_r0_p": 1.3933655176418567,
    "WLHReal_r1_p": 0.23365335268102277,
    "WLHReal_r2_p": 0.0012510460975732965,
    "WLHReal_r3_p": 1.7265299095625357e-05,
    "WLHReal_a0_p": 0.8238276406275145,
    "WLHReal_a1_p": -1.801386110773196e-05,
    "WLHReal_a2_p": 1.5018200915397737e-05,
    "WLHReal_a3_p": -0.08825235182577397,
    "WLHReal_a4_p": 0.5123755089022417,
    "WLHReal_V0_n": 55.69835424796949,
    "WLHReal_V1_n": 0.2763064755549398,
    "WLHReal_V2_n": 0.00048044798690437165,
    "WLHReal_V3_n": -3.126557520032903e-07,
    "WLHReal_V4_n": 22.494598723979816,
    "WLHReal_V5_n": 0.23423265251645747,
    "WLHReal_V6_n": 0.00037282745048965345,
    "WLHReal_r0_n": 1.2356140338313553,
    "WLHReal_r1_n": 0.32322931337000893,
    "WLHReal_r2_n": 0.0003705864413475898,
    "WLHReal_r3_n": 5.706338470145458e-07,
    "WLHReal_a0_n": 0.7029406264351891,
    "WLHReal_a1_n": 5.871161274536218e-05,
    "WLHReal_a2_n": -2.132056701277687e-06,
    "WLHReal_a3_n": 0.19337313223955932,
    "WLHReal_a4_n": 0.6011914655563542,
    "WLHImagVolume_W0_p": 6.536266527187493,
    "WLHImagVolume_W1_p": 0.2072439191763684,
    "WLHImagVolume_W2_p": 0.00010429844677637106,
    "WLHImagVolume_W3_p": 7.512306328215439,
    "WLHImagVolume_W4_p": 0.0953566798207523,
    "WLHImagVolume_r0_p": 1.005307650460207,
    "WLHImagVolume_r1_p": 12.118544099683128,
    "WLHImagVolume_r2_p": 0.36631890753869295,
    "WLHImagVolume_r3_p": 36.457143666047685,
    "WLHImagVolume_r4_p": 0.8176889952429625,
    "WLHImagVolume_r5_p": 1.5418066633770206e-06,
    "WLHImagVolume_a0_p": 0.6830627732959039,
    "WLHImagVolume_a1_p": 0.19916009600503137,
    "WLHImagVolume_a2_p": 9.809678070559773,
    "WLHImagVolume_a3_p": 0.5197659956202416,
    "WLHImagVolume_a4_p": 0.0042077051752847415,
    "WLHImagVolume_W0_n": 1.9471117356864505,
    "WLHImagVolume_W1_n": 0.21887486573025608,
    "WLHImagVolume_W2_n": 0.00014298354131743587,
    "WLHImagVolume_W3_n": 7.7582479197784675,
    "WLHImagVolume_W4_n": 0.03966998089549466,
    "WLHImagVolume_r0_n": 0.6025724592722387,
    "WLHImagVolume_r1_n": 52.44711906746673,
    "WLHImagVolume_r2_n": 0.6198138836601814,
    "WLHImagVolume_r3_n": 57.4552996149346,
    "WLHImagVolume_r4_n": 1.0381521232935291,
    "WLHImagVolume_r5_n": 3.3219572967490975e-06,
    "WLHImagVolume_a0_n": 0.1948368370086722,
    "WLHImagVolume_a1_n": 0.6221408143882808,
    "WLHImagVolume_a2_n": 10.367549812516407,
    "WLHImagVolume_a3_n": 0.07917759896923746,
    "WLHImagVolume_a4_n": 0.0011726445521859654,
    "WLHImagSurface_W0_p": 0.07124865851083206,
    "WLHImagSurface_W1_p": -0.029821068753557,
    "WLHImagSurface_W2_p": -1.0403150212337635,
    "WLHImagSurface_W3_p": -0.11576021880126086,
    "WLHImagSurface_r0_p": 0.567601749542642,
    "WLHImagSurface_r1_p": -0.5172629805369282,
    "WLHImagSurface_r2_p": -0.004254448258151324,
    "WLHImagSurface_a0_p": 0.6354734881538031,
    "WLHImagSurface_W0_n": 1.316939547004878,
    "WLHImagSurface_W1_n": 0.006830578732492057,
    "WLHImagSurface_W2_n": 1.6050834608197262,
    "WLHImagSurface_W3_n": 0.039876633506430434,
    "WLHImagSurface_r0_n": 1.2379596186311501,
    "WLHImagSurface_r1_n": 1.1925422273317534,
    "WLHImagSurface_r2_n": 0.004290609572724254,
    "WLHImagSurface_a0_n": 0.8143590763144437,
    "WLHRealSpinOrbit_V0_p": 9.234440357827543,
    "WLHRealSpinOrbit_V1_p": 0.009338176497531915,
    "WLHRealSpinOrbit_r0_p": 1.3950458343447236,
    "WLHRealSpinOrbit_r1_p": 1.0558717216672338,
    "WLHRealSpinOrbit_a0_p": 0.9009451915624773,
    "WLHRealSpinOrbit_a1_p": 0.00033923005779814923,
    "WLHRealSpinOrbit_V0_n": 10.309098359224219,
    "WLHRealSpinOrbit_V1_n": 0.008444147527059588,
    "WLHRealSpinOrbit_r0_n": 1.2065326665430913,
    "WLHRealSpinOrbit_r1_n": 0.7522594732414172,
    "WLHRealSpinOrbit_a0_n": 0.7490605129085355,
    "WLHRealSpinOrbit_a1_n": 0.00036811640838695526
}