{
    "WLHReal_V0_p": 50.30703710144191,
    "WLHReal_V1_p": 0.28870431450972,
    "WLHReal_V2_p": -0.0010051829243880278,
    "WLHReal_V3_p": 5.457753167367834e-06,
    "WLHReal_V4_p": 10.284775108519984,
    "WLHReal_V5_p": 0.1506982321899943,
    "WLHReal_V6_p": 0.0006510279725214471,
    "WLHReal_r0_p": 1.410621266648501,
    "WLHReal_r1_p": 0.37450201136156924,
    "WLHReal_r2_p": 0.00094642580884513,
    "WLHReal_r3_p": 1.099011882942041e-05,
    "WLHReal_a0_p": 0.821657750642581,
    "WLHReal_a1_p": 7.823629418379839e-05,
    "WLHReal_a2_p": 1.0084957266462154e-05,
    "WLHReal_a3_p": -0.03068334720437542,
    "WLHReal_a4_p": 0.5149814915201856,
    "WLHReal_V0_n": 50.30234624120608,
    "WLHReal_V1_n": 0.26818974769673104,
    "WLHReal_V2_n": -0.0007987525748729598,
    "WLHReal_V3_n": 4.0285682625669565e-06,
    "WLHReal_V4_n": 20.68069249201979,
    "WLHReal_V5_n": 0.31745240837154837,
    "WLHReal_V6_n": 0.0015344275843779676,
    "WLHReal_r0_n": 1.3401646892859949,
    "WLHReal_r1_n": 0.3132552293698982,
    "WLHReal_r2_n": 0.001217028872303235,
    "WLHReal_r3_n": 1.444771884451048e-05,
    "WLHReal_a0_n": 0.7655718626905302,
    "WLHReal_a1_n": 0.0012841993940979409,
    "WLHReal_a2_n": 1.7902038041845826e-05,
    "WLHReal_a3_n": 0.3367384028445491,
    "WLHReal_a4_n": 1.0340139345348038,
    "WLHImagVolume_W0_p": 6.113354723140296,
    "WLHImagVolume_W1_p": 0.24863394188456456,
    "WLHImagVolume_W2_p": 0.00046257749252476396,
    "WLHImagVolume_W3_p": 9.185752772898736,
    "WLHImagVolume_W4_p": 0.09983396554486848,
    "WLHImagVolume_r0_p": 0.6714049139443182,
    "WLHImagVolume_r1_p": 47.15499492377208,
    "WLHImagVolume_r2_p": 0.6969420083035937,
    "WLHImagVolume_r3_p": 58.078593500689536,
    "WLHImagVolume_r4_p": 0.5230169372873201,
    "WLHImagVolume_r5_p": 7.840886459452489e-07,
    "WLHImagVolume_a0_p": 0.6321885273956408,
    "WLHImagVolume_a1_p": 0.2693756245012467,
    "WLHImagVolume_a2_p": 15.200296333991094,
    "WLHImagVolume_a3_p": 0.4691560868536072,
    "WLHImagVolume_a4_p": 0.003393112650062747,
    "WLHImagVolume_W0_n": 3.3026376765952885,
    "WLHImagVolume_W1_n": 0.25035916360690846,
    "WLHImagVolume_W2_n": 0.0005612515522494827,
    "WLHImagVolume_W3_n": 9.096095424548059,
    "WLHImagVolume_W4_n": 0.0029244574601064895,
    "WLHImagVolume_r0_n": 0.5787715743423449,
    "WLHImagVolume_r1_n": 87.46630314877424,
    "WLHImagVolume_r2_n": 0.7525259953647211,
    "WLHImagVolume_r3_n": 98.78818110855275,
    "WLHImagVolume_r4_n": 0.9220913611694381,
    "WLHImagVolume_r5_n": 5.045513435023017e-06,
    "WLHImagVolume_a0_n": 0.2789893197977393,
    "WLHImagVolume_a1_n": 0.5560201018435451,
    "WLHImagVolume_a2_n": 5.203840032589971,
    "WLHImagVolume_a3_n": 0.05531237049074328,
    "WLHImagVolume_a4_n": 0.00048635157763310307,
    "WLHImagSurface_W0_p": 0.6888971594800812,
    "WLHImagSurface_W1_p": 0.03451207024088996,
    "WLHImagSurface_W2_p": 0.719649203995575,
    "WLHImagSurface_W3_p": 0.13601628417188338,
    "WLHImagSurface_r0_p": 0.7888639639707437,
    "WLHImagSurface_r1_p": -0.016993339654971962,
    "WLHImagSurface_r2_p": -0.0015186905807228817,
    "WLHImagSurface_a0_p": 0.7359423572246685,
    "WLHImagSurface_W0_n": 1.536080045899089,
    "WLHImagSurface_W1_n": 0.04939684441204586,
    "WLHImagSurface_W2_n": 2.3026372526006464,
    "WLHImagSurface_W3_n": 0.17983629071554702,
    "WLHImagSurface_r0_n": 1.3044152014321209,
    "WLHImagSurface_r1_n": 1.5850272955742952,
    "WLHImagSurface_r2_n": 0.0021162959706326487,
    "WLHImagSurface_a0_n": 0.8767171918501637,
    "WLHRealSpinOrbit_V0_p": 8.716224739594798,
    "WLHRealSpinOrbit_V1_p": 0.008557862641026688,
    "WLHRealSpinOrbit_r0_p": 1.3764177658321,
    "WLHRealSpinOrbit_r1_p": 1.0121637617196249,
    "WLHRealSpinOrbit_a0_p": 0.8736081324940885,
    "WLHRealSpinOrbit_a1_p": 0.00035919614624604733,
    "WLHRealSpinOrbit_V0_n": 9.325377403427458,
    "WLHRealSpinOrbit_V1_n": 0.008727510780776293,
    "WLHRealSpinOrbit_r0_n": 1.3280043032738842,
    "WLHRealSpinOrbit_r1_n": 0.9465411579409116,
    "WLHRealSpinOrbit_a0_n": 0.843242129307775,
    "WLHRealSpinOrbit_a1_n": 0.0003522490598131941
}