{
    "ECS_p": 0.35437,
    "ECS_n": 0.351599,
    "APower_p": 0.97999,
    "APower_n": 0.543724
}