{
    "CH89RealCentral": {
        "V_0": 56.5547,
        "V_t": 21.3793,
        "V_e": -0.368756,
        "r_o": 1.182,
        "r_o_0": -0.12914,
        "a_0": 0.725149
    },
    "CH89Coulomb": {
        "r_c": 1.18596,
        "r_c_0": 0.122494
    },
    "CH89SpinOrbit": {
        "V_so": 4.65167,
        "r_so": 1.36223,
        "r_so_0": -1.14444,
        "a_so": 0.645942
    },
    "CH89ImagCentral": {
        "W_v0": 20.2062,
        "W_ve0": 92.4837,
        "W_vew": 31.4956,
        "W_s0": 12.9912,
        "W_st": 13.3182,
        "W_se0": 22.377,
        "W_sew": 78.8914,
        "r_w": 1.3686,
        "r_w0": -0.952931,
        "a_w": 0.718934
    }
}