{
    "WLHReal_V0_p": 51.451660776722576,
    "WLHReal_V1_p": 0.3059208512145421,
    "WLHReal_V2_p": -0.0010657528673493582,
    "WLHReal_V3_p": 5.735059846550316e-06,
    "WLHReal_V4_p": 9.7528497799115,
    "WLHReal_V5_p": 0.13645318648319968,
    "WLHReal_V6_p": 0.000651740499286197,
    "WLHReal_r0_p": 1.386119723405307,
    "WLHReal_r1_p": 0.2882025919892074,
    "WLHReal_r2_p": 0.0012732900522017014,
    "WLHReal_r3_p": 1.5268389181729222e-05,
    "WLHReal_a0_p": 0.8283973841198066,
    "WLHReal_a1_p": 6.655555826415695e-05,
    "WLHReal_a2_p": 1.2937912632909935e-05,
    "WLHReal_a3_p": -0.017191121115602274,
    "WLHReal_a4_p": 0.6138387344374682,
    "WLHReal_V0_n": 47.87372564834965,
    "WLHReal_V1_n": 0.2587429088808817,
    "WLHReal_V2_n": -0.0012518511216463174,
    "WLHReal_V3_n": 5.832608391586761e-06,
    "WLHReal_V4_n": 20.444774766115177,
    "WLHReal_V5_n": 0.3402328292702164,
    "WLHReal_V6_n": 0.0019672598969035357,
    "WLHReal_r0_n": 1.3606423533480199,
    "WLHReal_r1_n": 0.2514896378666123,
    "WLHReal_r2_n": 0.001586011203802936,
    "WLHReal_r3_n": 2.106228579497956e-05,
    "WLHReal_a0_n": 0.7874758379965086,
    "WLHReal_a1_n": 0.0018073250748207286,
    "WLHReal_a2_n": 2.7068672813266508e-05,
    "WLHReal_a3_n": 0.43423454850362886,
    "WLHReal_a4_n": 1.2707912277720237,
    "WLHImagVolume_W0_p": 6.591648378553373,
    "WLHImagVolume_W1_p": 0.27978810233790485,
    "WLHImagVolume_W2_p": 0.0005093780302882574,
    "WLHImagVolume_W3_p": 11.084490259228556,
    "WLHImagVolume_W4_p": 0.10498086917238295,
    "WLHImagVolume_r0_p": 0.7514342055340466,
    "WLHImagVolume_r1_p": 44.09152884617454,
    "WLHImagVolume_r2_p": 0.6074707919650981,
    "WLHImagVolume_r3_p": 61.386330372285535,
    "WLHImagVolume_r4_p": 0.643591947563591,
    "WLHImagVolume_r5_p": 1.090001928542552e-06,
    "WLHImagVolume_a0_p": 0.6468362575082114,
    "WLHImagVolume_a1_p": 0.25183561316360126,
    "WLHImagVolume_a2_p": 13.979873826162983,
    "WLHImagVolume_a3_p": 0.4890135494986783,
    "WLHImagVolume_a4_p": 0.0036715340309398216,
    "WLHImagVolume_W0_n": 3.7612722610507303,
    "WLHImagVolume_W1_n": 0.23147274204824245,
    "WLHImagVolume_W2_n": 0.0005731821279101069,
    "WLHImagVolume_W3_n": 9.542015803540664,
    "WLHImagVolume_W4_n": -0.023559473782380342,
    "WLHImagVolume_r0_n": 0.6112120619748694,
    "WLHImagVolume_r1_n": 95.15476585072936,
    "WLHImagVolume_r2_n": 0.7452742886552658,
    "WLHImagVolume_r3_n": 109.87000491477701,
    "WLHImagVolume_r4_n": 0.9062504044193763,
    "WLHImagVolume_r5_n": 5.607523276473061e-06,
    "WLHImagVolume_a0_n": 0.3042321652761907,
    "WLHImagVolume_a1_n": 0.5240133021765654,
    "WLHImagVolume_a2_n": 3.730617318015766,
    "WLHImagVolume_a3_n": 0.04423386894172725,
    "WLHImagVolume_a4_n": 0.0001227846080220931,
    "WLHImagSurface_W0_p": 0.37976495012255784,
    "WLHImagSurface_W1_p": 0.0001838277374869579,
    "WLHImagSurface_W2_p": -0.5936582818160419,
    "WLHImagSurface_W3_p": -0.002507104669463786,
    "WLHImagSurface_r0_p": 0.7436704585714742,
    "WLHImagSurface_r1_p": -0.09401870822388408,
    "WLHImagSurface_r2_p": -0.0025836472597276826,
    "WLHImagSurface_a0_p": 0.752554362702193,
    "WLHImagSurface_W0_n": 1.4189799523602498,
    "WLHImagSurface_W1_n": 0.05649479546295563,
    "WLHImagSurface_W2_n": 1.8789696482116343,
    "WLHImagSurface_W3_n": 0.19949087658536632,
    "WLHImagSurface_r0_n": 1.317226739510154,
    "WLHImagSurface_r1_n": 1.6583322374913343,
    "WLHImagSurface_r2_n": 0.0012355741183815868,
    "WLHImagSurface_a0_n": 0.8995057491623001,
    "WLHRealSpinOrbit_V0_p": 9.069702983821124,
    "WLHRealSpinOrbit_V1_p": 0.008953368086888956,
    "WLHRealSpinOrbit_r0_p": 1.3658304632916047,
    "WLHRealSpinOrbit_r1_p": 1.0229032335700232,
    "WLHRealSpinOrbit_a0_p": 0.8781076647875045,
    "WLHRealSpinOrbit_a1_p": 0.0003191164534740865,
    "WLHRealSpinOrbit_V0_n": 9.173996170633188,
    "WLHRealSpinOrbit_V1_n": 0.008983380441750755,
    "WLHRealSpinOrbit_r0_n": 1.3639334974278596,
    "WLHRealSpinOrbit_r1_n": 1.0099227255110812,
    "WLHRealSpinOrbit_a0_n": 0.8750574677028793,
    "WLHRealSpinOrbit_a1_n": 0.00034057183843936233
}