{
    "WLHReal_V0_p": 51.6009008377502,
    "WLHReal_V1_p": 0.27713323855569283,
    "WLHReal_V2_p": -0.0005025845456646311,
    "WLHReal_V3_p": 3.1316530409400413e-06,
    "WLHReal_V4_p": 12.503850577975232,
    "WLHReal_V5_p": 0.14112523143541328,
    "WLHReal_V6_p": 0.0004730492826771651,
    "WLHReal_r0_p": 1.3463394339303756,
    "WLHReal_r1_p": 0.3270156741981328,
    "WLHReal_r2_p": 0.0007700126641146896,
    "WLHReal_r3_p": 8.069271192511693e-06,
    "WLHReal_a0_p": 0.7910054763146305,
    "WLHReal_a1_p": 9.463828633108173e-05,
    "WLHReal_a2_p": 7.267471622473068e-06,
    "WLHReal_a3_p": -0.002726479967788374,
    "WLHReal_a4_p": 0.49283419225238045,
    "WLHReal_V0_n": 55.40902997295579,
    "WLHReal_V1_n": 0.2984295254084457,
    "WLHReal_V2_n": -0.00048639135450943664,
    "WLHReal_V3_n": 3.367398785770363e-06,
    "WLHReal_V4_n": 20.674808380192616,
    "WLHReal_V5_n": 0.3139441750377183,
    "WLHReal_V6_n": 0.0013102138309403588,
    "WLHReal_r0_n": 1.3067119706751438,
    "WLHReal_r1_n": 0.3645987877489676,
    "WLHReal_r2_n": 0.0009936454437208234,
    "WLHReal_r3_n": 1.0058401594285576e-05,
    "WLHReal_a0_n": 0.7561811441035792,
    "WLHReal_a1_n": 0.0008144924588684948,
    "WLHReal_a2_n": 1.1424647375606256e-05,
    "WLHReal_a3_n": 0.2525919378874474,
    "WLHReal_a4_n": 0.8825474133413077,
    "WLHImagVolume_W0_p": 4.855283624336,
    "WLHImagVolume_W1_p": 0.20965736368538718,
    "WLHImagVolume_W2_p": 0.00025280001242096266,
    "WLHImagVolume_W3_p": 9.329596841644294,
    "WLHImagVolume_W4_p": 0.08178683693381941,
    "WLHImagVolume_r0_p": 0.7183709523803755,
    "WLHImagVolume_r1_p": 36.90384374604386,
    "WLHImagVolume_r2_p": 0.5842697653161126,
    "WLHImagVolume_r3_p": 49.28406742171894,
    "WLHImagVolume_r4_p": 0.6326397692256172,
    "WLHImagVolume_r5_p": 9.88620076164955e-07,
    "WLHImagVolume_a0_p": 0.5944099367862323,
    "WLHImagVolume_a1_p": 0.2562990625401042,
    "WLHImagVolume_a2_p": 13.439698829826266,
    "WLHImagVolume_a3_p": 0.443122685445611,
    "WLHImagVolume_a4_p": 0.0028898336824459935,
    "WLHImagVolume_W0_n": 3.956215961577108,
    "WLHImagVolume_W1_n": 0.3446443509951369,
    "WLHImagVolume_W2_n": 0.0006966579204103177,
    "WLHImagVolume_W3_n": 11.064407129766455,
    "WLHImagVolume_W4_n": 0.058935998975405066,
    "WLHImagVolume_r0_n": 0.6177676195612496,
    "WLHImagVolume_r1_n": 62.43250167077625,
    "WLHImagVolume_r2_n": 0.6813001403141519,
    "WLHImagVolume_r3_n": 83.93255098463449,
    "WLHImagVolume_r4_n": 1.0464225216892644,
    "WLHImagVolume_r5_n": 4.29924755039386e-06,
    "WLHImagVolume_a0_n": 0.2909566597575051,
    "WLHImagVolume_a1_n": 0.5498385099972889,
    "WLHImagVolume_a2_n": 3.865301286890716,
    "WLHImagVolume_a3_n": 0.02004413141367116,
    "WLHImagVolume_a4_n": 0.0007133223253750735,
    "WLHImagSurface_W0_p": 0.799122935520799,
    "WLHImagSurface_W1_p": 0.03325966963227561,
    "WLHImagSurface_W2_p": 0.945912951105968,
    "WLHImagSurface_W3_p": 0.12284133231861695,
    "WLHImagSurface_r0_p": 0.8505747115853349,
    "WLHImagSurface_r1_p": 0.19072594872333887,
    "WLHImagSurface_r2_p": 0.0019081046507509348,
    "WLHImagSurface_a0_p": 0.7085924342790973,
    "WLHImagSurface_W0_n": 1.9918955710551107,
    "WLHImagSurface_W1_n": 0.0544254800710024,
    "WLHImagSurface_W2_n": 2.9232600106152034,
    "WLHImagSurface_W3_n": 0.17921246756160975,
    "WLHImagSurface_r0_n": 1.2599913830312284,
    "WLHImagSurface_r1_n": 1.5931591271098764,
    "WLHImagSurface_r2_n": 0.0029956726088627007,
    "WLHImagSurface_a0_n": 0.8500893039230202,
    "WLHRealSpinOrbit_V0_p": 9.316934358665685,
    "WLHRealSpinOrbit_V1_p": 0.008568631623859818,
    "WLHRealSpinOrbit_r0_p": 1.3191287798980271,
    "WLHRealSpinOrbit_r1_p": 0.9220266074905722,
    "WLHRealSpinOrbit_a0_p": 0.8316888425656713,
    "WLHRealSpinOrbit_a1_p": 0.00036742137989509676,
    "WLHRealSpinOrbit_V0_n": 9.849060255648094,
    "WLHRealSpinOrbit_V1_n": 0.008926499443977855,
    "WLHRealSpinOrbit_r0_n": 1.2856294182497874,
    "WLHRealSpinOrbit_r1_n": 0.9006492201193129,
    "WLHRealSpinOrbit_a0_n": 0.8192467696329458,
    "WLHRealSpinOrbit_a1_n": 0.0003189384486630189
}