{
    "WLHReal_V0_p": 48.71212897551205,
    "WLHReal_V1_p": 0.2910149561863083,
    "WLHReal_V2_p": -0.001298710125534285,
    "WLHReal_V3_p": 6.663395034286852e-06,
    "WLHReal_V4_p": 9.257223431107267,
    "WLHReal_V5_p": 0.13470607785780822,
    "WLHReal_V6_p": 0.0007088951795776205,
    "WLHReal_r0_p": 1.4224548961862487,
    "WLHReal_r1_p": 0.30505105482894485,
    "WLHReal_r2_p": 0.0012026547720565854,
    "WLHReal_r3_p": 1.5386107819571635e-05,
    "WLHReal_a0_p": 0.832054568672035,
    "WLHReal_a1_p": -3.4652520812351775e-05,
    "WLHReal_a2_p": 1.4046889629909478e-05,
    "WLHReal_a3_p": -0.05683781195437783,
    "WLHReal_a4_p": 0.5485452797447432,
    "WLHReal_V0_n": 51.43928900167255,
    "WLHReal_V1_n": 0.2657575662525672,
    "WLHReal_V2_n": -0.0005127567156264407,
    "WLHReal_V3_n": 4.0509825092734974e-06,
    "WLHReal_V4_n": 21.027500251292782,
    "WLHReal_V5_n": 0.30062028752064784,
    "WLHReal_V6_n": 0.0012454087926635818,
    "WLHReal_r0_n": 1.327042125076038,
    "WLHReal_r1_n": 0.34906337363990253,
    "WLHReal_r2_n": 0.0009706290585739857,
    "WLHReal_r3_n": 9.994272777718703e-06,
    "WLHReal_a0_n": 0.7504452304733028,
    "WLHReal_a1_n": 0.0009448866908392168,
    "WLHReal_a2_n": 1.2314972837292763e-05,
    "WLHReal_a3_n": 0.2793178491759565,
    "WLHReal_a4_n": 0.8801422013080499,
    "WLHImagVolume_W0_p": 6.564774704568355,
    "WLHImagVolume_W1_p": 0.2370910029464241,
    "WLHImagVolume_W2_p": 0.0004524180874932171,
    "WLHImagVolume_W3_p": 8.73230276098166,
    "WLHImagVolume_W4_p": 0.0985432111016093,
    "WLHImagVolume_r0_p": 0.7442167351022022,
    "WLHImagVolume_r1_p": 47.60413836614556,
    "WLHImagVolume_r2_p": 0.6543975405035283,
    "WLHImagVolume_r3_p": 63.446809390412106,
    "WLHImagVolume_r4_p": 0.5550314384731555,
    "WLHImagVolume_r5_p": 7.531067938351475e-07,
    "WLHImagVolume_a0_p": 0.64623327327072,
    "WLHImagVolume_a1_p": 0.2696389450340361,
    "WLHImagVolume_a2_p": 15.903484413876178,
    "WLHImagVolume_a3_p": 0.47279046287876075,
    "WLHImagVolume_a4_p": 0.0035210940008215284,
    "WLHImagVolume_W0_n": 2.8695813547912583,
    "WLHImagVolume_W1_n": 0.24825353459352406,
    "WLHImagVolume_W2_n": 0.0004871474160779825,
    "WLHImagVolume_W3_n": 8.543724567306015,
    "WLHImagVolume_W4_n": 0.012561298097363461,
    "WLHImagVolume_r0_n": 0.5674668579923839,
    "WLHImagVolume_r1_n": 80.90029654771615,
    "WLHImagVolume_r2_n": 0.7466083423489218,
    "WLHImagVolume_r3_n": 89.97061911841946,
    "WLHImagVolume_r4_n": 0.9474699422395901,
    "WLHImagVolume_r5_n": 4.630069037644584e-06,
    "WLHImagVolume_a0_n": 0.26227392550241707,
    "WLHImagVolume_a1_n": 0.577355815896045,
    "WLHImagVolume_a2_n": 6.61149838745048,
    "WLHImagVolume_a3_n": 0.07115403408520762,
    "WLHImagVolume_a4_n": 0.0007922935298596008,
    "WLHImagSurface_W0_p": 0.4644575868340747,
    "WLHImagSurface_W1_p": 0.012038185208163538,
    "WLHImagSurface_W2_p": -0.22759911337885907,
    "WLHImagSurface_W3_p": 0.04231430832127986,
    "WLHImagSurface_r0_p": 0.7392796928449274,
    "WLHImagSurface_r1_p": -0.2829004084846372,
    "WLHImagSurface_r2_p": -0.0037317844355820497,
    "WLHImagSurface_a0_p": 0.789369926450364,
    "WLHImagSurface_W0_n": 1.4769295872674275,
    "WLHImagSurface_W1_n": 0.040015304992936394,
    "WLHImagSurface_W2_n": 2.3392392808054194,
    "WLHImagSurface_W3_n": 0.1550959758277688,
    "WLHImagSurface_r0_n": 1.2934899283991161,
    "WLHImagSurface_r1_n": 1.5041121133875737,
    "WLHImagSurface_r2_n": 0.0026053774972956364,
    "WLHImagSurface_a0_n": 0.8633775374131838,
    "WLHRealSpinOrbit_V0_p": 8.584006615554387,
    "WLHRealSpinOrbit_V1_p": 0.008750560654788584,
    "WLHRealSpinOrbit_r0_p": 1.402781733320577,
    "WLHRealSpinOrbit_r1_p": 1.063182967630601,
    "WLHRealSpinOrbit_a0_p": 0.8982639680690493,
    "WLHRealSpinOrbit_a1_p": 0.0003435462635746394,
    "WLHRealSpinOrbit_V0_n": 9.449934774910862,
    "WLHRealSpinOrbit_V1_n": 0.00857401986957146,
    "WLHRealSpinOrbit_r0_n": 1.3053954908283971,
    "WLHRealSpinOrbit_r1_n": 0.9028449529871855,
    "WLHRealSpinOrbit_a0_n": 0.8223135577662217,
    "WLHRealSpinOrbit_a1_n": 0.00036516689189155165
}