{
    "ECS_p": 0.297423,
    "ECS_n": 0.432128,
    "APower_p": 0.629042,
    "APower_n": 0.308419
}