{
    "CH89RealCentral": {
        "V_0": 53.056,
        "V_t": 21.479,
        "V_e": -0.32484,
        "r_o": 1.14243,
        "r_o_0": 0.0997564,
        "a_0": 0.730746
    },
    "CH89Coulomb": {
        "r_c": 1.17999,
        "r_c_0": 0.118605
    },
    "CH89SpinOrbit": {
        "V_so": 4.76899,
        "r_so": 1.34577,
        "r_so_0": -1.3415,
        "a_so": 0.601601
    },
    "CH89ImagCentral": {
        "W_v0": 13.6742,
        "W_ve0": 37.3882,
        "W_vew": 25.648,
        "W_s0": 15.2147,
        "W_st": 51.0881,
        "W_se0": 5.26974,
        "W_sew": 26.8568,
        "r_w": 1.40001,
        "r_w0": -0.760096,
        "a_w": 0.679502
    }
}