{
    "WLHReal_V0_p": 50.212475665464034,
    "WLHReal_V1_p": 0.24622295437515784,
    "WLHReal_V2_p": -8.709901217569298e-05,
    "WLHReal_V3_p": 1.322800971105058e-06,
    "WLHReal_V4_p": 15.043019192588503,
    "WLHReal_V5_p": 0.11068576229288969,
    "WLHReal_V6_p": 0.00026816791270586177,
    "WLHReal_r0_p": 1.2772630498890674,
    "WLHReal_r1_p": 0.20446402592489202,
    "WLHReal_r2_p": 0.0006174658015803385,
    "WLHReal_r3_p": 6.377519625472499e-06,
    "WLHReal_a0_p": 0.7504925541043288,
    "WLHReal_a1_p": -5.0979582419982564e-05,
    "WLHReal_a2_p": 5.551942069791081e-06,
    "WLHReal_a3_p": -0.010250238147767425,
    "WLHReal_a4_p": 0.42669883615180293,
    "WLHReal_V0_n": 49.49457086655061,
    "WLHReal_V1_n": 0.29875166756810645,
    "WLHReal_V2_n": -0.0013649179722626213,
    "WLHReal_V3_n": 6.941945412366271e-06,
    "WLHReal_V4_n": 18.876500714228598,
    "WLHReal_V5_n": 0.3670763987495858,
    "WLHReal_V6_n": 0.0020857218871522653,
    "WLHReal_r0_n": 1.3996138903599942,
    "WLHReal_r1_n": 0.35887402574401944,
    "WLHReal_r2_n": 0.0015918106506274635,
    "WLHReal_r3_n": 2.018586532428672e-05,
    "WLHReal_a0_n": 0.7979589520649386,
    "WLHReal_a1_n": 0.001812061177678109,
    "WLHReal_a2_n": 2.644185469058722e-05,
    "WLHReal_a3_n": 0.3549059948564062,
    "WLHReal_a4_n": 1.1858433682188942,
    "WLHImagVolume_W0_p": 3.069750198752864,
    "WLHImagVolume_W1_p": 0.0983625471002102,
    "WLHImagVolume_W2_p": -0.000164266528882863,
    "WLHImagVolume_W3_p": 7.2148303174098665,
    "WLHImagVolume_W4_p": 0.04486837066444424,
    "WLHImagVolume_r0_p": 0.8545169247930404,
    "WLHImagVolume_r1_p": 22.226144310950616,
    "WLHImagVolume_r2_p": 0.394173151374351,
    "WLHImagVolume_r3_p": 39.92184725201528,
    "WLHImagVolume_r4_p": 0.773805201907503,
    "WLHImagVolume_r5_p": 1.6507724287617548e-06,
    "WLHImagVolume_a0_p": 0.5420898456244866,
    "WLHImagVolume_a1_p": 0.2480098368477539,
    "WLHImagVolume_a2_p": 12.524017314048258,
    "WLHImagVolume_a3_p": 0.38942717854342057,
    "WLHImagVolume_a4_p": 0.0020286217218683377,
    "WLHImagVolume_W0_n": 4.385576156399118,
    "WLHImagVolume_W1_n": 0.3310339422320173,
    "WLHImagVolume_W2_n": 0.0010746477441729396,
    "WLHImagVolume_W3_n": 10.558647563469163,
    "WLHImagVolume_W4_n": 0.019446305435565796,
    "WLHImagVolume_r0_n": 0.502159162623044,
    "WLHImagVolume_r1_n": 113.97153895975825,
    "WLHImagVolume_r2_n": 0.8923089226760734,
    "WLHImagVolume_r3_n": 126.82173920864403,
    "WLHImagVolume_r4_n": 0.7879276347388899,
    "WLHImagVolume_r5_n": 5.270288482868484e-06,
    "WLHImagVolume_a0_n": 0.32008521820603864,
    "WLHImagVolume_a1_n": 0.53025137216859,
    "WLHImagVolume_a2_n": 1.0585103504496143,
    "WLHImagVolume_a3_n": 0.016392011473940253,
    "WLHImagVolume_a4_n": -2.1975241233709256e-05,
    "WLHImagSurface_W0_p": 0.8698737794629203,
    "WLHImagSurface_W1_p": 0.022402963342363816,
    "WLHImagSurface_W2_p": 0.8654511597246646,
    "WLHImagSurface_W3_p": 0.06062693622611013,
    "WLHImagSurface_r0_p": 0.908159392310153,
    "WLHImagSurface_r1_p": 0.1665561267420101,
    "WLHImagSurface_r2_p": 0.004954644000800129,
    "WLHImagSurface_a0_p": 0.7328130654513246,
    "WLHImagSurface_W0_n": 2.2348770466475734,
    "WLHImagSurface_W1_n": 0.09122799868784187,
    "WLHImagSurface_W2_n": 3.900251135514702,
    "WLHImagSurface_W3_n": 0.3070644588003112,
    "WLHImagSurface_r0_n": 1.354216642791619,
    "WLHImagSurface_r1_n": 1.9283053821800589,
    "WLHImagSurface_r2_n": 0.0014540465009848817,
    "WLHImagSurface_a0_n": 0.9007351810912796,
    "WLHRealSpinOrbit_V0_p": 9.830093460287351,
    "WLHRealSpinOrbit_V1_p": 0.008580585727323058,
    "WLHRealSpinOrbit_r0_p": 1.2743299447269767,
    "WLHRealSpinOrbit_r1_p": 0.8442421232536632,
    "WLHRealSpinOrbit_a0_p": 0.7975655907890402,
    "WLHRealSpinOrbit_a1_p": 0.0003899283094116881,
    "WLHRealSpinOrbit_V0_n": 8.619405689265541,
    "WLHRealSpinOrbit_V1_n": 0.008693245848778444,
    "WLHRealSpinOrbit_r0_n": 1.3875252324285534,
    "WLHRealSpinOrbit_r1_n": 1.0501824879035,
    "WLHRealSpinOrbit_a0_n": 0.8892954200227698,
    "WLHRealSpinOrbit_a1_n": 0.0003277702599884624
}