{
    "WLHReal_V0_p": 51.15160763428637,
    "WLHReal_V1_p": 0.22868609560348901,
    "WLHReal_V2_p": -0.0002873570134154828,
    "WLHReal_V3_p": 1.6148683121568625e-06,
    "WLHReal_V4_p": 15.333600642614313,
    "WLHReal_V5_p": 0.1367976289840589,
    "WLHReal_V6_p": 0.000405652183638874,
    "WLHReal_r0_p": 1.3006654359992866,
    "WLHReal_r1_p": 0.2863659021788056,
    "WLHReal_r2_p": 0.0005130360269333591,
    "WLHReal_r3_p": 5.678679116433379e-06,
    "WLHReal_a0_p": 0.76159850866257,
    "WLHReal_a1_p": 0.00010377083791982081,
    "WLHReal_a2_p": 4.685728307348075e-06,
    "WLHReal_a3_p": -0.02342488749433573,
    "WLHReal_a4_p": 0.3872717764795738,
    "WLHReal_V0_n": 55.729987200711015,
    "WLHReal_V1_n": 0.2963253696852681,
    "WLHReal_V2_n": -0.00010988478665298245,
    "WLHReal_V3_n": 2.5668260752542606e-06,
    "WLHReal_V4_n": 20.65146566725221,
    "WLHReal_V5_n": 0.29296137260586436,
    "WLHReal_V6_n": 0.0008826970033648462,
    "WLHReal_r0_n": 1.315668480581203,
    "WLHReal_r1_n": 0.4603940604812553,
    "WLHReal_r2_n": 0.0006050498663895843,
    "WLHReal_r3_n": 2.796410510301272e-06,
    "WLHReal_a0_n": 0.7345198825000866,
    "WLHReal_a1_n": 0.0003680443130034838,
    "WLHReal_a2_n": 2.7491062705137506e-06,
    "WLHReal_a3_n": 0.14206335981309143,
    "WLHReal_a4_n": 0.6056896978640465,
    "WLHImagVolume_W0_p": 3.7509687584295404,
    "WLHImagVolume_W1_p": 0.13612931013335244,
    "WLHImagVolume_W2_p": -0.00019298645998929234,
    "WLHImagVolume_W3_p": 7.045153772429735,
    "WLHImagVolume_W4_p": 0.06337941208005211,
    "WLHImagVolume_r0_p": 0.9109255013990112,
    "WLHImagVolume_r1_p": 4.8000123798987815,
    "WLHImagVolume_r2_p": 0.3399429584287007,
    "WLHImagVolume_r3_p": 21.272562180437596,
    "WLHImagVolume_r4_p": 0.8310757603584342,
    "WLHImagVolume_r5_p": 2.3098376895233843e-06,
    "WLHImagVolume_a0_p": 0.5903783562908806,
    "WLHImagVolume_a1_p": 0.2053448426345567,
    "WLHImagVolume_a2_p": 8.546959862472725,
    "WLHImagVolume_a3_p": 0.44894558685097086,
    "WLHImagVolume_a4_p": 0.002916573327402664,
    "WLHImagVolume_W0_n": 2.981685974614808,
    "WLHImagVolume_W1_n": 0.33475346999706523,
    "WLHImagVolume_W2_n": 0.0007058071198964499,
    "WLHImagVolume_W3_n": 9.292291759258251,
    "WLHImagVolume_W4_n": 0.06859304774538369,
    "WLHImagVolume_r0_n": 0.5194324342545538,
    "WLHImagVolume_r1_n": 71.87929881542237,
    "WLHImagVolume_r2_n": 0.7790576545794667,
    "WLHImagVolume_r3_n": 81.9116276404054,
    "WLHImagVolume_r4_n": 0.9708664071521965,
    "WLHImagVolume_r5_n": 3.552729816098999e-06,
    "WLHImagVolume_a0_n": 0.2558497743226652,
    "WLHImagVolume_a1_n": 0.6012624231644721,
    "WLHImagVolume_a2_n": 6.287335281631747,
    "WLHImagVolume_a3_n": 0.05891241095415285,
    "WLHImagVolume_a4_n": 0.0011442685465095056,
    "WLHImagSurface_W0_p": 0.7389163888909709,
    "WLHImagSurface_W1_p": 0.019487342175609997,
    "WLHImagSurface_W2_p": 1.1953445616533276,
    "WLHImagSurface_W3_p": 0.06962933683919291,
    "WLHImagSurface_r0_p": 0.780111399699496,
    "WLHImagSurface_r1_p": 0.1463360371118026,
    "WLHImagSurface_r2_p": 0.004077913836591044,
    "WLHImagSurface_a0_p": 0.5704194427813001,
    "WLHImagSurface_W0_n": 2.009959774922595,
    "WLHImagSurface_W1_n": 0.04865418425150196,
    "WLHImagSurface_W2_n": 3.6212804810681813,
    "WLHImagSurface_W3_n": 0.1790088674900238,
    "WLHImagSurface_r0_n": 1.2798574844291106,
    "WLHImagSurface_r1_n": 1.5481091429805298,
    "WLHImagSurface_r2_n": 0.003647224686061061,
    "WLHImagSurface_a0_n": 0.8373064045640644,
    "WLHRealSpinOrbit_V0_p": 9.945042012600549,
    "WLHRealSpinOrbit_V1_p": 0.008792741916091485,
    "WLHRealSpinOrbit_r0_p": 1.287894851794937,
    "WLHRealSpinOrbit_r1_p": 0.8593146482616545,
    "WLHRealSpinOrbit_a0_p": 0.80778313289735,
    "WLHRealSpinOrbit_a1_p": 0.0003945366198937197,
    "WLHRealSpinOrbit_V0_n": 9.55392263797359,
    "WLHRealSpinOrbit_V1_n": 0.008352130616474227,
    "WLHRealSpinOrbit_r0_n": 1.2725551348328508,
    "WLHRealSpinOrbit_r1_n": 0.8533628058566632,
    "WLHRealSpinOrbit_a0_n": 0.795215016359575,
    "WLHRealSpinOrbit_a1_n": 0.00035946943023365633
}