{
    "WLHReal_V0_p": 52.519437083777056,
    "WLHReal_V1_p": 0.2912769373332521,
    "WLHReal_V2_p": -0.0004920898299568993,
    "WLHReal_V3_p": 3.4267140183778305e-06,
    "WLHReal_V4_p": 12.12173250580373,
    "WLHReal_V5_p": 0.13650201431241404,
    "WLHReal_V6_p": 0.0004641989516874107,
    "WLHReal_r0_p": 1.3354461145551093,
    "WLHReal_r1_p": 0.2977323629017128,
    "WLHReal_r2_p": 0.0009187893102022635,
    "WLHReal_r3_p": 9.680117978244255e-06,
    "WLHReal_a0_p": 0.7951782138931333,
    "WLHReal_a1_p": 0.00010455430443329245,
    "WLHReal_a2_p": 7.836978164900076e-06,
    "WLHReal_a3_p": 0.011996311782338589,
    "WLHReal_a4_p": 0.5496926204935053,
    "WLHReal_V0_n": 45.71006242109229,
    "WLHReal_V1_n": 0.22605869605541368,
    "WLHReal_V2_n": -0.00029881880668245246,
    "WLHReal_V3_n": 2.791408547511144e-06,
    "WLHReal_V4_n": 21.773807091147905,
    "WLHReal_V5_n": 0.2599504344927515,
    "WLHReal_V6_n": 0.0009461410924919295,
    "WLHReal_r0_n": 1.331953113929433,
    "WLHReal_r1_n": 0.2835577216148847,
    "WLHReal_r2_n": 0.0008507656628810724,
    "WLHReal_r3_n": 8.479339552214682e-06,
    "WLHReal_a0_n": 0.7303059981687023,
    "WLHReal_a1_n": 0.0010479329693042663,
    "WLHReal_a2_n": 1.079561534837319e-05,
    "WLHReal_a3_n": 0.32633092827474797,
    "WLHReal_a4_n": 0.868497823641306,
    "WLHImagVolume_W0_p": 5.107101563277876,
    "WLHImagVolume_W1_p": 0.23448879103406747,
    "WLHImagVolume_W2_p": 0.0003268157152561991,
    "WLHImagVolume_W3_p": 10.644577964681266,
    "WLHImagVolume_W4_p": 0.08601689450725095,
    "WLHImagVolume_r0_p": 0.7229880946030822,
    "WLHImagVolume_r1_p": 39.22970881304754,
    "WLHImagVolume_r2_p": 0.5742629714060747,
    "WLHImagVolume_r3_p": 53.53402203001656,
    "WLHImagVolume_r4_p": 0.6654974230894831,
    "WLHImagVolume_r5_p": 1.464053658991781e-06,
    "WLHImagVolume_a0_p": 0.5979937381612502,
    "WLHImagVolume_a1_p": 0.2540552082757347,
    "WLHImagVolume_a2_p": 13.32608183678726,
    "WLHImagVolume_a3_p": 0.4500091767642967,
    "WLHImagVolume_a4_p": 0.0029749403728094254,
    "WLHImagVolume_W0_n": 0.9266542700213269,
    "WLHImagVolume_W1_n": 0.07552648097874609,
    "WLHImagVolume_W2_n": 9.899160909804879e-05,
    "WLHImagVolume_W3_n": 4.225862015310899,
    "WLHImagVolume_W4_n": -0.05785363894603747,
    "WLHImagVolume_r0_n": 0.47782541679180973,
    "WLHImagVolume_r1_n": 111.34741224803858,
    "WLHImagVolume_r2_n": 0.8361916891006862,
    "WLHImagVolume_r3_n": 96.21200381296217,
    "WLHImagVolume_r4_n": 0.7490413480826558,
    "WLHImagVolume_r5_n": 3.6952857763351003e-06,
    "WLHImagVolume_a0_n": 0.1877517303875348,
    "WLHImagVolume_a1_n": 0.6339108541186488,
    "WLHImagVolume_a2_n": 11.752278760200069,
    "WLHImagVolume_a3_n": 0.1443599503631784,
    "WLHImagVolume_a4_n": 0.0007378180977296943,
    "WLHImagSurface_W0_p": 0.6947384646467345,
    "WLHImagSurface_W1_p": 0.021545947194953216,
    "WLHImagSurface_W2_p": 0.41771321159421976,
    "WLHImagSurface_W3_p": 0.07521100782079672,
    "WLHImagSurface_r0_p": 0.8488230674845787,
    "WLHImagSurface_r1_p": 0.20862498356639206,
    "WLHImagSurface_r2_p": 0.001593417343400013,
    "WLHImagSurface_a0_p": 0.7267995780990826,
    "WLHImagSurface_W0_n": 0.7067346593632768,
    "WLHImagSurface_W1_n": 0.01268581190647574,
    "WLHImagSurface_W2_n": 1.2661608745730053,
    "WLHImagSurface_W3_n": 0.09507086423689853,
    "WLHImagSurface_r0_n": 1.3454402659138036,
    "WLHImagSurface_r1_n": 1.3091977840600204,
    "WLHImagSurface_r2_n": 0.002424878151010401,
    "WLHImagSurface_a0_n": 0.8734260940713496,
    "WLHRealSpinOrbit_V0_p": 9.454504511410077,
    "WLHRealSpinOrbit_V1_p": 0.008703806160392309,
    "WLHRealSpinOrbit_r0_p": 1.3113528536376164,
    "WLHRealSpinOrbit_r1_p": 0.9236836557336277,
    "WLHRealSpinOrbit_a0_p": 0.8313560732168364,
    "WLHRealSpinOrbit_a1_p": 0.0003468449919284,
    "WLHRealSpinOrbit_V0_n": 8.943556498105506,
    "WLHRealSpinOrbit_V1_n": 0.007930253755500263,
    "WLHRealSpinOrbit_r0_n": 1.3125744694045507,
    "WLHRealSpinOrbit_r1_n": 0.8744063663079017,
    "WLHRealSpinOrbit_a0_n": 0.8102201166113995,
    "WLHRealSpinOrbit_a1_n": 0.0004333739862216553
}