{
    "ECS_p": 0.380311,
    "ECS_n": 0.519614,
    "APower_p": 0.724343,
    "APower_n": 0.483725
}