{
    "CH89RealCentral": {
        "V_0": 56.657,
        "V_t": 17.4445,
        "V_e": -0.36223,
        "r_o": 1.19097,
        "r_o_0": -0.193782,
        "a_0": 0.744092
    },
    "CH89Coulomb": {
        "r_c": 1.2968,
        "r_c_0": -0.0151496
    },
    "CH89SpinOrbit": {
        "V_so": 6.93925,
        "r_so": 1.24097,
        "r_so_0": -0.981694,
        "a_so": 0.617645
    },
    "CH89ImagCentral": {
        "W_v0": 16.5421,
        "W_ve0": 51.0616,
        "W_vew": 41.9042,
        "W_s0": 7.88546,
        "W_st": 23.7817,
        "W_se0": 19.9929,
        "W_sew": 61.3227,
        "r_w": 1.22225,
        "r_w0": 0.287063,
        "a_w": 0.626963
    }
}