{
    "ECS_p": 0.227525,
    "ECS_n": 0.471388,
    "APower_p": 0.710919,
    "APower_n": 0.172036
}