{
    "CH89RealCentral": {
        "V_0": 57.465,
        "V_t": 15.3122,
        "V_e": -0.381254,
        "r_o": 1.17816,
        "r_o_0": -0.117688,
        "a_0": 0.718294
    },
    "CH89Coulomb": {
        "r_c": 1.12513,
        "r_c_0": -0.0214518
    },
    "CH89SpinOrbit": {
        "V_so": 6.93024,
        "r_so": 1.32142,
        "r_so_0": -1.48542,
        "a_so": 0.652246
    },
    "CH89ImagCentral": {
        "W_v0": 7.25285,
        "W_ve0": -12.9463,
        "W_vew": 28.5578,
        "W_s0": 6.20193,
        "W_st": 24.3838,
        "W_se0": 40.1368,
        "W_sew": 82.6918,
        "r_w": 1.43586,
        "r_w0": -0.931963,
        "a_w": 0.737
    }
}