{
    "WLHReal_V0_p": 54.727318363499,
    "WLHReal_V1_p": 0.32066742370937984,
    "WLHReal_V2_p": -0.00013412307000861614,
    "WLHReal_V3_p": 2.530708008414644e-06,
    "WLHReal_V4_p": 11.923704622990366,
    "WLHReal_V5_p": 0.1510795625870945,
    "WLHReal_V6_p": 0.00037269988310927884,
    "WLHReal_r0_p": 1.3333770025883758,
    "WLHReal_r1_p": 0.38146741960287356,
    "WLHReal_r2_p": 0.0007574022548396904,
    "WLHReal_r3_p": 5.450310669535348e-06,
    "WLHReal_a0_p": 0.7929241025772121,
    "WLHReal_a1_p": 0.0002033034024581861,
    "WLHReal_a2_p": 4.326833588909324e-06,
    "WLHReal_a3_p": 0.06451412415252034,
    "WLHReal_a4_p": 0.5789358685843351,
    "WLHReal_V0_n": 51.10366115278274,
    "WLHReal_V1_n": 0.2824131741233477,
    "WLHReal_V2_n": -0.0011367411071799526,
    "WLHReal_V3_n": 5.86440597793369e-06,
    "WLHReal_V4_n": 19.97195799254438,
    "WLHReal_V5_n": 0.348890621757102,
    "WLHReal_V6_n": 0.001879757396632872,
    "WLHReal_r0_n": 1.3613305652804266,
    "WLHReal_r1_n": 0.3340304724660494,
    "WLHReal_r2_n": 0.001437616886254968,
    "WLHReal_r3_n": 1.7844245942328142e-05,
    "WLHReal_a0_n": 0.7856610816226015,
    "WLHReal_a1_n": 0.0015153752731998323,
    "WLHReal_a2_n": 2.293999844746802e-05,
    "WLHReal_a3_n": 0.3498950605508546,
    "WLHReal_a4_n": 1.129579388406318,
    "WLHImagVolume_W0_p": 4.864294642241413,
    "WLHImagVolume_W1_p": 0.2784805503286141,
    "WLHImagVolume_W2_p": 0.0005879994330308127,
    "WLHImagVolume_W3_p": 12.66338839569972,
    "WLHImagVolume_W4_p": 0.09155819897718973,
    "WLHImagVolume_r0_p": 0.5075253114892408,
    "WLHImagVolume_r1_p": 61.15349625625555,
    "WLHImagVolume_r2_p": 0.7735716291863103,
    "WLHImagVolume_r3_p": 67.35682420525842,
    "WLHImagVolume_r4_p": 0.506030538244584,
    "WLHImagVolume_r5_p": 1.0943854375362217e-06,
    "WLHImagVolume_a0_p": 0.5653190495132753,
    "WLHImagVolume_a1_p": 0.29366855743492,
    "WLHImagVolume_a2_p": 16.182669846039488,
    "WLHImagVolume_a3_p": 0.4231449842556024,
    "WLHImagVolume_a4_p": 0.0025027327500946736,
    "WLHImagVolume_W0_n": 4.251909194854333,
    "WLHImagVolume_W1_n": 0.3169982575966967,
    "WLHImagVolume_W2_n": 0.0008014469699855508,
    "WLHImagVolume_W3_n": 10.829004564160128,
    "WLHImagVolume_W4_n": 0.020152086846184435,
    "WLHImagVolume_r0_n": 0.5966071897114889,
    "WLHImagVolume_r1_n": 86.33463973238702,
    "WLHImagVolume_r2_n": 0.7587197277892437,
    "WLHImagVolume_r3_n": 106.4952631167627,
    "WLHImagVolume_r4_n": 0.9516558865751757,
    "WLHImagVolume_r5_n": 5.282164650273326e-06,
    "WLHImagVolume_a0_n": 0.3203284621803798,
    "WLHImagVolume_a1_n": 0.5242128801913233,
    "WLHImagVolume_a2_n": 2.308876435423307,
    "WLHImagVolume_a3_n": 0.023956875375697247,
    "WLHImagVolume_a4_n": 0.000327551950231944,
    "WLHImagSurface_W0_p": 1.0599280826456385,
    "WLHImagSurface_W1_p": 0.05848501064306363,
    "WLHImagSurface_W2_p": 1.3949050861953727,
    "WLHImagSurface_W3_p": 0.22017072332575474,
    "WLHImagSurface_r0_p": 0.994730957896749,
    "WLHImagSurface_r1_p": 0.6017682855524287,
    "WLHImagSurface_r2_p": 0.0037422321285534464,
    "WLHImagSurface_a0_p": 0.7815283006682671,
    "WLHImagSurface_W0_n": 1.8810663370121468,
    "WLHImagSurface_W1_n": 0.06913316221420635,
    "WLHImagSurface_W2_n": 2.894883089160737,
    "WLHImagSurface_W3_n": 0.23400457583660872,
    "WLHImagSurface_r0_n": 1.3039352014369279,
    "WLHImagSurface_r1_n": 1.7447557300150902,
    "WLHImagSurface_r2_n": 0.0017394526695905064,
    "WLHImagSurface_a0_n": 0.8864130849895138,
    "WLHRealSpinOrbit_V0_p": 9.293822320165685,
    "WLHRealSpinOrbit_V1_p": 0.008275010917586234,
    "WLHRealSpinOrbit_r0_p": 1.2858838307820533,
    "WLHRealSpinOrbit_r1_p": 0.8815729702923415,
    "WLHRealSpinOrbit_a0_p": 0.8066020421877022,
    "WLHRealSpinOrbit_a1_p": 0.00034954640992239437,
    "WLHRealSpinOrbit_V0_n": 9.255985975667329,
    "WLHRealSpinOrbit_V1_n": 0.008979657662730909,
    "WLHRealSpinOrbit_r0_n": 1.3517393897836127,
    "WLHRealSpinOrbit_r1_n": 0.9983002610061886,
    "WLHRealSpinOrbit_a0_n": 0.8673883626808329,
    "WLHRealSpinOrbit_a1_n": 0.000324894695302483
}