{
    "ECS_p": 0.287254,
    "ECS_n": 0.402976,
    "APower_p": 0.551881,
    "APower_n": 0.184993
}