{
    "CH89RealCentral": {
        "V_0": 57.6138,
        "V_t": 15.1933,
        "V_e": -0.373722,
        "r_o": 1.19986,
        "r_o_0": -0.197691,
        "a_0": 0.720813
    },
    "CH89Coulomb": {
        "r_c": 1.25118,
        "r_c_0": 0.177921
    },
    "CH89SpinOrbit": {
        "V_so": 5.82241,
        "r_so": 1.39935,
        "r_so_0": -1.56824,
        "a_so": 0.580022
    },
    "CH89ImagCentral": {
        "W_v0": 6.93748,
        "W_ve0": 33.2951,
        "W_vew": 37.4631,
        "W_s0": 10.629,
        "W_st": 18.8778,
        "W_se0": 56.7101,
        "W_sew": 89.9928,
        "r_w": 1.2716,
        "r_w0": -0.543215,
        "a_w": 0.671918
    }
}