{
    "WLHReal_V0_p": 53.21824342455988,
    "WLHReal_V1_p": 0.30235713520265445,
    "WLHReal_V2_p": -0.00012160572538841527,
    "WLHReal_V3_p": 2.3825903578678356e-06,
    "WLHReal_V4_p": 12.542879589153735,
    "WLHReal_V5_p": 0.14543004815009375,
    "WLHReal_V6_p": 0.00034964520872865485,
    "WLHReal_r0_p": 1.3323533317132608,
    "WLHReal_r1_p": 0.3685078352210457,
    "WLHReal_r2_p": 0.0006446492258874867,
    "WLHReal_r3_p": 4.2007122145755495e-06,
    "WLHReal_a0_p": 0.7831011146406592,
    "WLHReal_a1_p": 0.00013671990444725384,
    "WLHReal_a2_p": 3.946764561767633e-06,
    "WLHReal_a3_p": 0.04389005898951316,
    "WLHReal_a4_p": 0.5206503071879157,
    "WLHReal_V0_n": 55.45172510408014,
    "WLHReal_V1_n": 0.2849879694798033,
    "WLHReal_V2_n": -0.000176585292201033,
    "WLHReal_V3_n": 2.078459629656258e-06,
    "WLHReal_V4_n": 21.873910797490375,
    "WLHReal_V5_n": 0.2807331540306445,
    "WLHReal_V6_n": 0.001055324835131048,
    "WLHReal_r0_n": 1.2547417753094454,
    "WLHReal_r1_n": 0.266478740472078,
    "WLHReal_r2_n": 0.0009001106232585243,
    "WLHReal_r3_n": 9.16396094850812e-06,
    "WLHReal_a0_n": 0.73970299072619,
    "WLHReal_a1_n": 0.00067423775772201,
    "WLHReal_a2_n": 9.763525061066448e-06,
    "WLHReal_a3_n": 0.29973209484385044,
    "WLHReal_a4_n": 0.9173067680159305,
    "WLHImagVolume_W0_p": 4.359363449437892,
    "WLHImagVolume_W1_p": 0.22997491151309266,
    "WLHImagVolume_W2_p": 0.0004361516875326932,
    "WLHImagVolume_W3_p": 10.917432394705319,
    "WLHImagVolume_W4_p": 0.07963540696632009,
    "WLHImagVolume_r0_p": 0.5429516391800848,
    "WLHImagVolume_r1_p": 56.778147997819936,
    "WLHImagVolume_r2_p": 0.739380638961036,
    "WLHImagVolume_r3_p": 63.257254969113646,
    "WLHImagVolume_r4_p": 0.5068022374723322,
    "WLHImagVolume_r5_p": 1.2856887800281905e-06,
    "WLHImagVolume_a0_p": 0.5534247948648889,
    "WLHImagVolume_a1_p": 0.29560411322372404,
    "WLHImagVolume_a2_p": 16.390165531303925,
    "WLHImagVolume_a3_p": 0.4052703950696178,
    "WLHImagVolume_a4_p": 0.00225686417813427,
    "WLHImagVolume_W0_n": 3.4732813766377597,
    "WLHImagVolume_W1_n": 0.2755379528437223,
    "WLHImagVolume_W2_n": 0.0003340418678645696,
    "WLHImagVolume_W3_n": 10.434415235860696,
    "WLHImagVolume_W4_n": 0.039952206647145896,
    "WLHImagVolume_r0_n": 0.6906073875768577,
    "WLHImagVolume_r1_n": 47.04122293389244,
    "WLHImagVolume_r2_n": 0.5601436904203082,
    "WLHImagVolume_r3_n": 67.94094625980262,
    "WLHImagVolume_r4_n": 1.1126578330703687,
    "WLHImagVolume_r5_n": 4.43626108380388e-06,
    "WLHImagVolume_a0_n": 0.2602296953019772,
    "WLHImagVolume_a1_n": 0.553858895987936,
    "WLHImagVolume_a2_n": 6.043466199053268,
    "WLHImagVolume_a3_n": 0.02727882493875489,
    "WLHImagVolume_a4_n": 0.0006984102493931461,
    "WLHImagSurface_W0_p": 1.1287449942243273,
    "WLHImagSurface_W1_p": 0.06283363504403758,
    "WLHImagSurface_W2_p": 1.6688595460590578,
    "WLHImagSurface_W3_p": 0.2332556075510584,
    "WLHImagSurface_r0_p": 1.0007640931767563,
    "WLHImagSurface_r1_p": 0.5238587056194973,
    "WLHImagSurface_r2_p": 0.0041765553116491555,
    "WLHImagSurface_a0_p": 0.7853261246958038,
    "WLHImagSurface_W0_n": 1.5407346824886672,
    "WLHImagSurface_W1_n": 0.028389859702514238,
    "WLHImagSurface_W2_n": 1.5238192536638522,
    "WLHImagSurface_W3_n": 0.08998139228992938,
    "WLHImagSurface_r0_n": 1.2277267491053079,
    "WLHImagSurface_r1_n": 1.3720160839504627,
    "WLHImagSurface_r2_n": 0.0032952859743746008,
    "WLHImagSurface_a0_n": 0.8373346006320241,
    "WLHRealSpinOrbit_V0_p": 9.229092090618666,
    "WLHRealSpinOrbit_V1_p": 0.008183772543353661,
    "WLHRealSpinOrbit_r0_p": 1.2899455163081759,
    "WLHRealSpinOrbit_r1_p": 0.8755965060158254,
    "WLHRealSpinOrbit_a0_p": 0.8053619297848262,
    "WLHRealSpinOrbit_a1_p": 0.00037024173048566094,
    "WLHRealSpinOrbit_V0_n": 10.396695600438521,
    "WLHRealSpinOrbit_V1_n": 0.00909386163704042,
    "WLHRealSpinOrbit_r0_n": 1.2455652070790293,
    "WLHRealSpinOrbit_r1_n": 0.8434815293937493,
    "WLHRealSpinOrbit_a0_n": 0.7937289008572238,
    "WLHRealSpinOrbit_a1_n": 0.00031802312993858963
}