{
    "CH89RealCentral": {
        "V_0": 58.4385,
        "V_t": 13.1843,
        "V_e": -0.348629,
        "r_o": 1.17834,
        "r_o_0": -0.24004,
        "a_0": 0.737728
    },
    "CH89Coulomb": {
        "r_c": 1.28784,
        "r_c_0": 0.173553
    },
    "CH89SpinOrbit": {
        "V_so": 6.32044,
        "r_so": 1.50788,
        "r_so_0": -2.13612,
        "a_so": 0.649874
    },
    "CH89ImagCentral": {
        "W_v0": 9.00105,
        "W_ve0": 15.2809,
        "W_vew": 36.0935,
        "W_s0": 6.65367,
        "W_st": 25.2199,
        "W_se0": 23.8479,
        "W_sew": 56.5473,
        "r_w": 1.37626,
        "r_w0": -0.53411,
        "a_w": 0.764047
    }
}