{
    "CH89RealCentral": {
        "V_0": 55.3315,
        "V_t": 23.6888,
        "V_e": -0.354023,
        "r_o": 1.1664,
        "r_o_0": -0.102871,
        "a_0": 0.731075
    },
    "CH89Coulomb": {
        "r_c": 1.00957,
        "r_c_0": 0.226389
    },
    "CH89SpinOrbit": {
        "V_so": 5.69301,
        "r_so": 1.29105,
        "r_so_0": -1.01126,
        "a_so": 0.587311
    },
    "CH89ImagCentral": {
        "W_v0": 18.7359,
        "W_ve0": 62.3537,
        "W_vew": 22.3218,
        "W_s0": 10.8924,
        "W_st": 31.6748,
        "W_se0": 23.0072,
        "W_sew": 30.58,
        "r_w": 1.28835,
        "r_w0": -0.408927,
        "a_w": 0.789804
    }
}