{
    "CH89RealCentral": {
        "V_0": 52.2613,
        "V_t": 8.90748,
        "V_e": -0.311771,
        "r_o": 1.19282,
        "r_o_0": -0.0359849,
        "a_0": 0.727245
    },
    "CH89Coulomb": {
        "r_c": 1.24609,
        "r_c_0": 0.332965
    },
    "CH89SpinOrbit": {
        "V_so": 5.78077,
        "r_so": 1.33325,
        "r_so_0": -1.20752,
        "a_so": 0.564917
    },
    "CH89ImagCentral": {
        "W_v0": 8.75223,
        "W_ve0": 20.7252,
        "W_vew": 25.4997,
        "W_s0": 8.68909,
        "W_st": 32.6895,
        "W_se0": 20.6337,
        "W_sew": 36.2222,
        "r_w": 1.31044,
        "r_w0": -0.17984,
        "a_w": 0.679723
    }
}