{
    "WLHReal_V0_p": 59.47817185914056,
    "WLHReal_V1_p": 0.3118142220711066,
    "WLHReal_V2_p": 0.0012773365447596348,
    "WLHReal_V3_p": -2.5555414530216966e-06,
    "WLHReal_V4_p": 17.03923496426529,
    "WLHReal_V5_p": 0.14388640809285666,
    "WLHReal_V6_p": -9.055599499716851e-05,
    "WLHReal_r0_p": 1.1858251965114885,
    "WLHReal_r1_p": 0.3474818611320105,
    "WLHReal_r2_p": 0.0001973773780561001,
    "WLHReal_r3_p": -4.7752253029823745e-06,
    "WLHReal_a0_p": 0.7209352127516734,
    "WLHReal_a1_p": 0.0003382183795501045,
    "WLHReal_a2_p": -6.319314511754589e-06,
    "WLHReal_a3_p": 0.16600341576132843,
    "WLHReal_a4_p": 0.5387952482062771,
    "WLHReal_V0_n": 54.585222165498024,
    "WLHReal_V1_n": 0.3101224245181647,
    "WLHReal_V2_n": -0.0003151196702973969,
    "WLHReal_V3_n": 2.9947308698549815e-06,
    "WLHReal_V4_n": 20.41389786142953,
    "WLHReal_V5_n": 0.29987026901198016,
    "WLHReal_V6_n": 0.0011581756800744596,
    "WLHReal_r0_n": 1.3047197386843945,
    "WLHReal_r1_n": 0.3521976734175888,
    "WLHReal_r2_n": 0.0009265491789597516,
    "WLHReal_r3_n": 8.12543464393922e-06,
    "WLHReal_a0_n": 0.7479455821842658,
    "WLHReal_a1_n": 0.0008104285549310484,
    "WLHReal_a2_n": 1.0476626092532591e-05,
    "WLHReal_a3_n": 0.24673347919930488,
    "WLHReal_a4_n": 0.8588195851278052,
    "WLHImagVolume_W0_p": 1.8262204122638814,
    "WLHImagVolume_W1_p": 0.22409804777564468,
    "WLHImagVolume_W2_p": 0.00028175530338410626,
    "WLHImagVolume_W3_p": 14.384633529550777,
    "WLHImagVolume_W4_p": 0.05600019770104127,
    "WLHImagVolume_r0_p": 0.46499762498710884,
    "WLHImagVolume_r1_p": 50.68900819361585,
    "WLHImagVolume_r2_p": 0.6510653580362442,
    "WLHImagVolume_r3_p": 53.93188726626219,
    "WLHImagVolume_r4_p": 0.6499346521874618,
    "WLHImagVolume_r5_p": 1.9035970474540512e-06,
    "WLHImagVolume_a0_p": 0.45970241757647134,
    "WLHImagVolume_a1_p": 0.2862549876871133,
    "WLHImagVolume_a2_p": 13.59410990486991,
    "WLHImagVolume_a3_p": 0.3508174337882691,
    "WLHImagVolume_a4_p": 0.0011013397191286726,
    "WLHImagVolume_W0_n": 3.5029603034865184,
    "WLHImagVolume_W1_n": 0.31641255438883265,
    "WLHImagVolume_W2_n": 0.0007345703845900076,
    "WLHImagVolume_W3_n": 9.994890397542264,
    "WLHImagVolume_W4_n": 0.05506343758343109,
    "WLHImagVolume_r0_n": 0.5455088201785441,
    "WLHImagVolume_r1_n": 79.85705630835047,
    "WLHImagVolume_r2_n": 0.7526044287716089,
    "WLHImagVolume_r3_n": 90.60447301241919,
    "WLHImagVolume_r4_n": 0.9125167907833414,
    "WLHImagVolume_r5_n": 3.5338657946608983e-06,
    "WLHImagVolume_a0_n": 0.2561719548179478,
    "WLHImagVolume_a1_n": 0.5756316401015416,
    "WLHImagVolume_a2_n": 4.805390279612914,
    "WLHImagVolume_a3_n": 0.024290688350435696,
    "WLHImagVolume_a4_n": 0.000485936754231054,
    "WLHImagSurface_W0_p": 1.577643607737735,
    "WLHImagSurface_W1_p": 0.08350517322083408,
    "WLHImagSurface_W2_p": 2.7416479488310967,
    "WLHImagSurface_W3_p": 0.3022821690322913,
    "WLHImagSurface_r0_p": 1.2284444930169163,
    "WLHImagSurface_r1_p": 1.3765203233449932,
    "WLHImagSurface_r2_p": 0.013249742447927997,
    "WLHImagSurface_a0_p": 0.7321988486243276,
    "WLHImagSurface_W0_n": 2.10247762437875,
    "WLHImagSurface_W1_n": 0.056956495283683864,
    "WLHImagSurface_W2_n": 3.24108162171402,
    "WLHImagSurface_W3_n": 0.18832374707689892,
    "WLHImagSurface_r0_n": 1.2892767444681545,
    "WLHImagSurface_r1_n": 1.6056129339686633,
    "WLHImagSurface_r2_n": 0.0032773132239972895,
    "WLHImagSurface_a0_n": 0.8472085724310936,
    "WLHRealSpinOrbit_V0_p": 10.586900617366908,
    "WLHRealSpinOrbit_V1_p": 0.008002974933518205,
    "WLHRealSpinOrbit_r0_p": 1.1355074810806935,
    "WLHRealSpinOrbit_r1_p": 0.6414907859068217,
    "WLHRealSpinOrbit_a0_p": 0.6916633464382353,
    "WLHRealSpinOrbit_a1_p": 0.00037381947206413865,
    "WLHRealSpinOrbit_V0_n": 9.571123583721372,
    "WLHRealSpinOrbit_V1_n": 0.008586399030692074,
    "WLHRealSpinOrbit_r0_n": 1.2818863964844023,
    "WLHRealSpinOrbit_r1_n": 0.8893052975208118,
    "WLHRealSpinOrbit_a0_n": 0.8112448896558823,
    "WLHRealSpinOrbit_a1_n": 0.00032902489659728814
}