{
    "WLHReal_V0_p": 52.58812850427843,
    "WLHReal_V1_p": 0.2841459660018108,
    "WLHReal_V2_p": -0.0007317736033731403,
    "WLHReal_V3_p": 4.189901921462288e-06,
    "WLHReal_V4_p": 11.696140893091748,
    "WLHReal_V5_p": 0.15402302823729838,
    "WLHReal_V6_p": 0.0005858822882308899,
    "WLHReal_r0_p": 1.367339071250296,
    "WLHReal_r1_p": 0.36058304006738007,
    "WLHReal_r2_p": 0.0008894945793950598,
    "WLHReal_r3_p": 9.44530406887769e-06,
    "WLHReal_a0_p": 0.8090755187861586,
    "WLHReal_a1_p": 0.00018347150556276932,
    "WLHReal_a2_p": 7.679380412448862e-06,
    "WLHReal_a3_p": -0.003425064762332196,
    "WLHReal_a4_p": 0.5282576839805112,
    "WLHReal_V0_n": 49.39113109386145,
    "WLHReal_V1_n": 0.270804940216439,
    "WLHReal_V2_n": -0.00029489911485179685,
    "WLHReal_V3_n": 2.7592200651432066e-06,
    "WLHReal_V4_n": 21.113584946702765,
    "WLHReal_V5_n": 0.2744590045187506,
    "WLHReal_V6_n": 0.001062405370830621,
    "WLHReal_r0_n": 1.3113254226621318,
    "WLHReal_r1_n": 0.2757683373386207,
    "WLHReal_r2_n": 0.0009480364107705184,
    "WLHReal_r3_n": 9.726505313744383e-06,
    "WLHReal_a0_n": 0.7388569511852138,
    "WLHReal_a1_n": 0.0010410065508677777,
    "WLHReal_a2_n": 1.2378710123363237e-05,
    "WLHReal_a3_n": 0.3194428987437425,
    "WLHReal_a4_n": 0.9287950479844431,
    "WLHImagVolume_W0_p": 5.7821125146023045,
    "WLHImagVolume_W1_p": 0.2633152097531358,
    "WLHImagVolume_W2_p": 0.00036828423090161394,
    "WLHImagVolume_W3_p": 10.392425838353724,
    "WLHImagVolume_W4_p": 0.10048285291663622,
    "WLHImagVolume_r0_p": 0.7332998235890127,
    "WLHImagVolume_r1_p": 33.163050292732144,
    "WLHImagVolume_r2_p": 0.5839041252207862,
    "WLHImagVolume_r3_p": 45.93870986616477,
    "WLHImagVolume_r4_p": 0.6563345203041805,
    "WLHImagVolume_r5_p": 1.4737572295374608e-06,
    "WLHImagVolume_a0_p": 0.6328550814647684,
    "WLHImagVolume_a1_p": 0.2365013328804549,
    "WLHImagVolume_a2_p": 11.807494638118131,
    "WLHImagVolume_a3_p": 0.4872201961301222,
    "WLHImagVolume_a4_p": 0.003563005142457121,
    "WLHImagVolume_W0_n": 2.1304169286427053,
    "WLHImagVolume_W1_n": 0.17145018825667308,
    "WLHImagVolume_W2_n": 0.0003823165822511657,
    "WLHImagVolume_W3_n": 6.823791285973995,
    "WLHImagVolume_W4_n": -0.010888670908907518,
    "WLHImagVolume_r0_n": 0.5061120409221774,
    "WLHImagVolume_r1_n": 101.37701209135827,
    "WLHImagVolume_r2_n": 0.7959697941443504,
    "WLHImagVolume_r3_n": 96.06244986204945,
    "WLHImagVolume_r4_n": 0.7850757168418558,
    "WLHImagVolume_r5_n": 3.335458392296233e-06,
    "WLHImagVolume_a0_n": 0.20932987977725748,
    "WLHImagVolume_a1_n": 0.6060000286022393,
    "WLHImagVolume_a2_n": 8.495841222655912,
    "WLHImagVolume_a3_n": 0.0802997997067741,
    "WLHImagVolume_a4_n": 0.00039014561509630695,
    "WLHImagSurface_W0_p": 0.6179424819385799,
    "WLHImagSurface_W1_p": 0.02289386110289874,
    "WLHImagSurface_W2_p": 0.6248657587859265,
    "WLHImagSurface_W3_p": 0.09387253163754514,
    "WLHImagSurface_r0_p": 0.7677521806978607,
    "WLHImagSurface_r1_p": 0.1474289533880367,
    "WLHImagSurface_r2_p": 0.0002625184434269577,
    "WLHImagSurface_a0_p": 0.6475616623721435,
    "WLHImagSurface_W0_n": 1.3744848793626827,
    "WLHImagSurface_W1_n": 0.034064097408444835,
    "WLHImagSurface_W2_n": 2.0471403042155516,
    "WLHImagSurface_W3_n": 0.13585786369244968,
    "WLHImagSurface_r0_n": 1.3255518749548854,
    "WLHImagSurface_r1_n": 1.4477996535869049,
    "WLHImagSurface_r2_n": 0.002817809869511847,
    "WLHImagSurface_a0_n": 0.8619764823457117,
    "WLHRealSpinOrbit_V0_p": 9.323550987649165,
    "WLHRealSpinOrbit_V1_p": 0.008783121613644248,
    "WLHRealSpinOrbit_r0_p": 1.3350334932311503,
    "WLHRealSpinOrbit_r1_p": 0.9557177605195126,
    "WLHRealSpinOrbit_a0_p": 0.8479621616127503,
    "WLHRealSpinOrbit_a1_p": 0.00034956282657673516,
    "WLHRealSpinOrbit_V0_n": 9.225795249636974,
    "WLHRealSpinOrbit_V1_n": 0.00823634083662124,
    "WLHRealSpinOrbit_r0_n": 1.296334186782828,
    "WLHRealSpinOrbit_r1_n": 0.8834569170113221,
    "WLHRealSpinOrbit_a0_n": 0.8109325377606427,
    "WLHRealSpinOrbit_a1_n": 0.00037868085818700356
}