{
    "ECS_p": 0.26101,
    "ECS_n": 0.42403,
    "APower_p": 1.01521,
    "APower_n": 0.777031
}