{
    "CH89RealCentral": {
        "V_0": 55.1766,
        "V_t": 9.0388,
        "V_e": -0.364079,
        "r_o": 1.21066,
        "r_o_0": -0.239565,
        "a_0": 0.746777
    },
    "CH89Coulomb": {
        "r_c": 1.20765,
        "r_c_0": 0.0795385
    },
    "CH89SpinOrbit": {
        "V_so": 5.92558,
        "r_so": 1.13216,
        "r_so_0": -0.483688,
        "a_so": 0.680865
    },
    "CH89ImagCentral": {
        "W_v0": 10.3653,
        "W_ve0": 29.8009,
        "W_vew": 21.7985,
        "W_s0": 14.7778,
        "W_st": 42.7314,
        "W_se0": -10.1847,
        "W_sew": 38.8325,
        "r_w": 1.36965,
        "r_w0": -0.469053,
        "a_w": 0.753324
    }
}