{
    "WLHReal_V0_p": 52.59123032234631,
    "WLHReal_V1_p": 0.2635070297524713,
    "WLHReal_V2_p": 0.0001322101321968129,
    "WLHReal_V3_p": 6.92151255026982e-07,
    "WLHReal_V4_p": 15.248937989861162,
    "WLHReal_V5_p": 0.11649262014416835,
    "WLHReal_V6_p": 0.000217937075965702,
    "WLHReal_r0_p": 1.2552126259600085,
    "WLHReal_r1_p": 0.2172049213185033,
    "WLHReal_r2_p": 0.0006316619431028467,
    "WLHReal_r3_p": 5.376151966236957e-06,
    "WLHReal_a0_p": 0.7490509829572563,
    "WLHReal_a1_p": 4.5407688399411525e-05,
    "WLHReal_a2_p": 4.113767749551415e-06,
    "WLHReal_a3_p": 0.027981847828765463,
    "WLHReal_a4_p": 0.47837552268257605,
    "WLHReal_V0_n": 55.288806906777324,
    "WLHReal_V1_n": 0.3264729162626869,
    "WLHReal_V2_n": 0.0006528063579255809,
    "WLHReal_V3_n": 1.1369396920726166e-07,
    "WLHReal_V4_n": 20.811203654514777,
    "WLHReal_V5_n": 0.2323484536617626,
    "WLHReal_V6_n": 0.00023616028891371187,
    "WLHReal_r0_n": 1.26425751808178,
    "WLHReal_r1_n": 0.3798932571030751,
    "WLHReal_r2_n": 0.0002873449302829515,
    "WLHReal_r3_n": -2.658930290688473e-06,
    "WLHReal_a0_n": 0.6984994192495404,
    "WLHReal_a1_n": 9.800971132729603e-05,
    "WLHReal_a2_n": -4.011088115582589e-06,
    "WLHReal_a3_n": 0.12982625714537643,
    "WLHReal_a4_n": 0.513189069862688,
    "WLHImagVolume_W0_p": 3.102141677734601,
    "WLHImagVolume_W1_p": 0.14087963122717123,
    "WLHImagVolume_W2_p": -5.429588339986275e-05,
    "WLHImagVolume_W3_p": 9.301482291426927,
    "WLHImagVolume_W4_p": 0.05188428275659936,
    "WLHImagVolume_r0_p": 0.8073924625334332,
    "WLHImagVolume_r1_p": 25.031202113223888,
    "WLHImagVolume_r2_p": 0.4130432751750158,
    "WLHImagVolume_r3_p": 41.687739266859964,
    "WLHImagVolume_r4_p": 0.7932556661372853,
    "WLHImagVolume_r5_p": 1.8750234018385422e-06,
    "WLHImagVolume_a0_p": 0.537598352865347,
    "WLHImagVolume_a1_p": 0.2446818818286015,
    "WLHImagVolume_a2_p": 11.85552949863699,
    "WLHImagVolume_a3_p": 0.39684900677203105,
    "WLHImagVolume_a4_p": 0.0020648812211789868,
    "WLHImagVolume_W0_n": 1.6707264016264947,
    "WLHImagVolume_W1_n": 0.24458748027890695,
    "WLHImagVolume_W2_n": 0.0005954515895719644,
    "WLHImagVolume_W3_n": 6.70140659419077,
    "WLHImagVolume_W4_n": 0.06367058622036893,
    "WLHImagVolume_r0_n": 0.3948424963047289,
    "WLHImagVolume_r1_n": 98.0543161665794,
    "WLHImagVolume_r2_n": 0.8575377731080681,
    "WLHImagVolume_r3_n": 83.11994063070532,
    "WLHImagVolume_r4_n": 0.7120005029538353,
    "WLHImagVolume_r5_n": 8.482882852708013e-07,
    "WLHImagVolume_a0_n": 0.1485714753567131,
    "WLHImagVolume_a1_n": 0.6694052246237884,
    "WLHImagVolume_a2_n": 9.836192324853316,
    "WLHImagVolume_a3_n": 0.06462037678731043,
    "WLHImagVolume_a4_n": 0.000638068737269807,
    "WLHImagSurface_W0_p": 0.8909782994387019,
    "WLHImagSurface_W1_p": 0.023090936980025626,
    "WLHImagSurface_W2_p": 0.847637897719759,
    "WLHImagSurface_W3_p": 0.06539838118793939,
    "WLHImagSurface_r0_p": 0.9400133597934816,
    "WLHImagSurface_r1_p": 0.3809078152511321,
    "WLHImagSurface_r2_p": 0.006086547985520875,
    "WLHImagSurface_a0_p": 0.7174215849599168,
    "WLHImagSurface_W0_n": 2.126185076884496,
    "WLHImagSurface_W1_n": 0.038563586028127074,
    "WLHImagSurface_W2_n": 3.6828644031430433,
    "WLHImagSurface_W3_n": 0.14040389946365928,
    "WLHImagSurface_r0_n": 1.3187903465518984,
    "WLHImagSurface_r1_n": 1.428400959767904,
    "WLHImagSurface_r2_n": 0.004871680838579248,
    "WLHImagSurface_a0_n": 0.8123006099550799,
    "WLHRealSpinOrbit_V0_p": 10.102364515778726,
    "WLHRealSpinOrbit_V1_p": 0.008623119754454043,
    "WLHRealSpinOrbit_r0_p": 1.2456867095584265,
    "WLHRealSpinOrbit_r1_p": 0.8107704945950215,
    "WLHRealSpinOrbit_a0_p": 0.779871453404526,
    "WLHRealSpinOrbit_a1_p": 0.0003730263121253939,
    "WLHRealSpinOrbit_V0_n": 9.38080985638874,
    "WLHRealSpinOrbit_V1_n": 0.00764604923275554,
    "WLHRealSpinOrbit_r0_n": 1.2214504364615943,
    "WLHRealSpinOrbit_r1_n": 0.7689447312191299,
    "WLHRealSpinOrbit_a0_n": 0.7488277995580678,
    "WLHRealSpinOrbit_a1_n": 0.00037545589765108754
}