{
    "WLHReal_V0_p": 57.31826934654944,
    "WLHReal_V1_p": 0.30147963956478124,
    "WLHReal_V2_p": 0.0004990072377834038,
    "WLHReal_V3_p": -2.46656358934542e-07,
    "WLHReal_V4_p": 15.033824888979206,
    "WLHReal_V5_p": 0.1514734730081805,
    "WLHReal_V6_p": 0.0001832923897420576,
    "WLHReal_r0_p": 1.2547717758340542,
    "WLHReal_r1_p": 0.36091418288636834,
    "WLHReal_r2_p": 0.0004679005857002862,
    "WLHReal_r3_p": 6.370514594760617e-07,
    "WLHReal_a0_p": 0.7565403533741478,
    "WLHReal_a1_p": 0.0003124578720207214,
    "WLHReal_a2_p": -1.0951889206982056e-06,
    "WLHReal_a3_p": 0.10423902460808433,
    "WLHReal_a4_p": 0.5404571627318846,
    "WLHReal_V0_n": 51.94619320257588,
    "WLHReal_V1_n": 0.2838491103817659,
    "WLHReal_V2_n": -0.00010047604476054529,
    "WLHReal_V3_n": 1.9817150396237255e-06,
    "WLHReal_V4_n": 21.132419998428535,
    "WLHReal_V5_n": 0.27058431470956734,
    "WLHReal_V6_n": 0.0009002485009074097,
    "WLHReal_r0_n": 1.2968396469452743,
    "WLHReal_r1_n": 0.316214929338246,
    "WLHReal_r2_n": 0.0007853128246768456,
    "WLHReal_r3_n": 6.780028804448381e-06,
    "WLHReal_a0_n": 0.7316144414880319,
    "WLHReal_a1_n": 0.0007463160245377303,
    "WLHReal_a2_n": 7.57142186414369e-06,
    "WLHReal_a3_n": 0.2624629244320155,
    "WLHReal_a4_n": 0.8148967432789417,
    "WLHImagVolume_W0_p": 3.473833245163836,
    "WLHImagVolume_W1_p": 0.2513325298791132,
    "WLHImagVolume_W2_p": 0.0003250260771161984,
    "WLHImagVolume_W3_p": 13.176685169395466,
    "WLHImagVolume_W4_p": 0.0768827569989961,
    "WLHImagVolume_r0_p": 0.5761714823941719,
    "WLHImagVolume_r1_p": 41.42065329651941,
    "WLHImagVolume_r2_p": 0.6133665528597262,
    "WLHImagVolume_r3_p": 48.408820466997774,
    "WLHImagVolume_r4_p": 0.6709454080755158,
    "WLHImagVolume_r5_p": 1.979084595794734e-06,
    "WLHImagVolume_a0_p": 0.5336405274913772,
    "WLHImagVolume_a1_p": 0.2592388864292989,
    "WLHImagVolume_a2_p": 12.152026612957847,
    "WLHImagVolume_a3_p": 0.4140546007418013,
    "WLHImagVolume_a4_p": 0.0021984106586035237,
    "WLHImagVolume_W0_n": 2.3251462967894736,
    "WLHImagVolume_W1_n": 0.21705673294412808,
    "WLHImagVolume_W2_n": 0.0004443441387636541,
    "WLHImagVolume_W3_n": 7.571135826848946,
    "WLHImagVolume_W4_n": 0.017617057617460345,
    "WLHImagVolume_r0_n": 0.515490672797198,
    "WLHImagVolume_r1_n": 89.41353573305778,
    "WLHImagVolume_r2_n": 0.771099549097639,
    "WLHImagVolume_r3_n": 88.05191134130855,
    "WLHImagVolume_r4_n": 0.8439825093158219,
    "WLHImagVolume_r5_n": 3.082668398069471e-06,
    "WLHImagVolume_a0_n": 0.21237117507218267,
    "WLHImagVolume_a1_n": 0.6090000535974219,
    "WLHImagVolume_a2_n": 8.166495035838748,
    "WLHImagVolume_a3_n": 0.06930070611231622,
    "WLHImagVolume_a4_n": 0.000586352775555911,
    "WLHImagSurface_W0_p": 1.1739194490227824,
    "WLHImagSurface_W1_p": 0.057818186464059104,
    "WLHImagSurface_W2_p": 1.8993157945997536,
    "WLHImagSurface_W3_p": 0.2158313920941088,
    "WLHImagSurface_r0_p": 1.0334849961250905,
    "WLHImagSurface_r1_p": 0.9222587405247262,
    "WLHImagSurface_r2_p": 0.008212377119010765,
    "WLHImagSurface_a0_p": 0.6743565724935535,
    "WLHImagSurface_W0_n": 1.583980730371544,
    "WLHImagSurface_W1_n": 0.035265198519220296,
    "WLHImagSurface_W2_n": 2.422712455359067,
    "WLHImagSurface_W3_n": 0.13452458352436286,
    "WLHImagSurface_r0_n": 1.3049398494474271,
    "WLHImagSurface_r1_n": 1.442920086578256,
    "WLHImagSurface_r2_n": 0.0033164495898824987,
    "WLHImagSurface_a0_n": 0.8474764658315654,
    "WLHRealSpinOrbit_V0_p": 10.173991593975428,
    "WLHRealSpinOrbit_V1_p": 0.008362817300915133,
    "WLHRealSpinOrbit_r0_p": 1.2100051885835366,
    "WLHRealSpinOrbit_r1_p": 0.76082191989224,
    "WLHRealSpinOrbit_a0_p": 0.7512745513794377,
    "WLHRealSpinOrbit_a1_p": 0.0003606575338009188,
    "WLHRealSpinOrbit_V0_n": 9.453789559416819,
    "WLHRealSpinOrbit_V1_n": 0.00827042656150864,
    "WLHRealSpinOrbit_r0_n": 1.2742881066254885,
    "WLHRealSpinOrbit_r1_n": 0.8549253540393863,
    "WLHRealSpinOrbit_a0_n": 0.7963120379651359,
    "WLHRealSpinOrbit_a1_n": 0.00036888462304100614
}