{
    "WLHReal_V0_p": 45.26361611562647,
    "WLHReal_V1_p": 0.24017242878295306,
    "WLHReal_V2_p": -0.0012698775646232568,
    "WLHReal_V3_p": 5.514371096163506e-06,
    "WLHReal_V4_p": 11.388841806849102,
    "WLHReal_V5_p": 0.09889006830728463,
    "WLHReal_V6_p": 0.00061997559123686,
    "WLHReal_r0_p": 1.3763909914677936,
    "WLHReal_r1_p": 0.14941758992105533,
    "WLHReal_r2_p": 0.0011670117840307513,
    "WLHReal_r3_p": 1.662077188584076e-05,
    "WLHReal_a0_p": 0.8009175087079589,
    "WLHReal_a1_p": -0.00025113202872668156,
    "WLHReal_a2_p": 1.6213096691225565e-05,
    "WLHReal_a3_p": -0.11108211801331237,
    "WLHReal_a4_p": 0.45428993226906045,
    "WLHReal_V0_n": 53.77398525855698,
    "WLHReal_V1_n": 0.2847403114815036,
    "WLHReal_V2_n": -8.533492482258129e-05,
    "WLHReal_V3_n": 1.8713943304492252e-06,
    "WLHReal_V4_n": 21.31039661979493,
    "WLHReal_V5_n": 0.27550679570421877,
    "WLHReal_V6_n": 0.0008964159494018063,
    "WLHReal_r0_n": 1.2881636100965193,
    "WLHReal_r1_n": 0.33913782342439597,
    "WLHReal_r2_n": 0.0007407304013924855,
    "WLHReal_r3_n": 5.837675845978745e-06,
    "WLHReal_a0_n": 0.7321372818969691,
    "WLHReal_a1_n": 0.0005971423217684696,
    "WLHReal_a2_n": 6.405217003054173e-06,
    "WLHReal_a3_n": 0.2389378611704817,
    "WLHReal_a4_n": 0.7743357153231705,
    "WLHImagVolume_W0_p": 5.2447754440668986,
    "WLHImagVolume_W1_p": 0.1019575909147476,
    "WLHImagVolume_W2_p": -9.579969860155837e-05,
    "WLHImagVolume_W3_p": 4.899322765313624,
    "WLHImagVolume_W4_p": 0.06227785281057543,
    "WLHImagVolume_r0_p": 1.0084852454052302,
    "WLHImagVolume_r1_p": 20.616641481706754,
    "WLHImagVolume_r2_p": 0.36724244999590683,
    "WLHImagVolume_r3_p": 46.190050229678604,
    "WLHImagVolume_r4_p": 0.761920278507075,
    "WLHImagVolume_r5_p": 1.2125973429901272e-06,
    "WLHImagVolume_a0_p": 0.6259893384826641,
    "WLHImagVolume_a1_p": 0.2390892850449154,
    "WLHImagVolume_a2_p": 13.596396947522592,
    "WLHImagVolume_a3_p": 0.443206293681634,
    "WLHImagVolume_a4_p": 0.0031053709660871062,
    "WLHImagVolume_W0_n": 2.686065577475895,
    "WLHImagVolume_W1_n": 0.2553006358300814,
    "WLHImagVolume_W2_n": 0.0004494336048612346,
    "WLHImagVolume_W3_n": 8.578013347446479,
    "WLHImagVolume_W4_n": 0.03454038051093415,
    "WLHImagVolume_r0_n": 0.5631777342020933,
    "WLHImagVolume_r1_n": 73.0850557887437,
    "WLHImagVolume_r2_n": 0.7140616289086404,
    "WLHImagVolume_r3_n": 79.8202594044451,
    "WLHImagVolume_r4_n": 0.9499047847049322,
    "WLHImagVolume_r5_n": 3.276312333398485e-06,
    "WLHImagVolume_a0_n": 0.23233685084492572,
    "WLHImagVolume_a1_n": 0.5957494993391907,
    "WLHImagVolume_a2_n": 7.47738410490468,
    "WLHImagVolume_a3_n": 0.059928205996246514,
    "WLHImagVolume_a4_n": 0.0007968902254698218,
    "WLHImagSurface_W0_p": 0.2879520254643161,
    "WLHImagSurface_W1_p": -0.019835651982722857,
    "WLHImagSurface_W2_p": -0.8777928844396041,
    "WLHImagSurface_W3_p": -0.09933831953259895,
    "WLHImagSurface_r0_p": 0.6817681598527716,
    "WLHImagSurface_r1_p": -0.6315211716475206,
    "WLHImagSurface_r2_p": -0.003021298281487077,
    "WLHImagSurface_a0_p": 0.7788584252278589,
    "WLHImagSurface_W0_n": 1.6300380170245088,
    "WLHImagSurface_W1_n": 0.03411687540872492,
    "WLHImagSurface_W2_n": 2.4055378929108877,
    "WLHImagSurface_W3_n": 0.12669641151451358,
    "WLHImagSurface_r0_n": 1.2769131973684322,
    "WLHImagSurface_r1_n": 1.4293580217054898,
    "WLHImagSurface_r2_n": 0.0034340653054316067,
    "WLHImagSurface_a0_n": 0.8410300694245462,
    "WLHRealSpinOrbit_V0_p": 8.995295462775069,
    "WLHRealSpinOrbit_V1_p": 0.009009858926244993,
    "WLHRealSpinOrbit_r0_p": 1.3935106389136787,
    "WLHRealSpinOrbit_r1_p": 1.0389660308134447,
    "WLHRealSpinOrbit_a0_p": 0.892788642383696,
    "WLHRealSpinOrbit_a1_p": 0.00036733956504503133,
    "WLHRealSpinOrbit_V0_n": 9.74772916393672,
    "WLHRealSpinOrbit_V1_n": 0.008487447587480766,
    "WLHRealSpinOrbit_r0_n": 1.2633893603757929,
    "WLHRealSpinOrbit_r1_n": 0.8450428735817461,
    "WLHRealSpinOrbit_a0_n": 0.7924716961798592,
    "WLHRealSpinOrbit_a1_n": 0.00035642232822003043
}