{
    "WLHReal_V0_p": 46.30609034062641,
    "WLHReal_V1_p": 0.2597522726824501,
    "WLHReal_V2_p": -0.0008633512786989453,
    "WLHReal_V3_p": 4.697509008075373e-06,
    "WLHReal_V4_p": 11.359437612771735,
    "WLHReal_V5_p": 0.12486958573207065,
    "WLHReal_V6_p": 0.0005232169249031336,
    "WLHReal_r0_p": 1.4006280579141068,
    "WLHReal_r1_p": 0.3111811829679529,
    "WLHReal_r2_p": 0.0007346573044488715,
    "WLHReal_r3_p": 9.231430043985164e-06,
    "WLHReal_a0_p": 0.7944648616229363,
    "WLHReal_a1_p": -0.00015850810313192135,
    "WLHReal_a2_p": 1.0216573537774275e-05,
    "WLHReal_a3_p": -0.06864866206022208,
    "WLHReal_a4_p": 0.4041153551824841,
    "WLHReal_V0_n": 54.60594766171667,
    "WLHReal_V1_n": 0.3237557286777123,
    "WLHReal_V2_n": -0.00018089628407367257,
    "WLHReal_V3_n": 3.340125510914146e-06,
    "WLHReal_V4_n": 20.097464728879547,
    "WLHReal_V5_n": 0.29244277499288335,
    "WLHReal_V6_n": 0.001043174998743881,
    "WLHReal_r0_n": 1.3046441638612387,
    "WLHReal_r1_n": 0.3603679411278799,
    "WLHReal_r2_n": 0.0008568711527254639,
    "WLHReal_r3_n": 7.051760444165674e-06,
    "WLHReal_a0_n": 0.742321819654519,
    "WLHReal_a1_n": 0.0007603232018459772,
    "WLHReal_a2_n": 8.488072116932047e-06,
    "WLHReal_a3_n": 0.2263869625130369,
    "WLHReal_a4_n": 0.8171629445446361,
    "WLHImagVolume_W0_p": 4.606003986821202,
    "WLHImagVolume_W1_p": 0.12011757250078262,
    "WLHImagVolume_W2_p": 0.0001685640743680593,
    "WLHImagVolume_W3_p": 5.344564694092751,
    "WLHImagVolume_W4_p": 0.06310099514626474,
    "WLHImagVolume_r0_p": 0.6927416433379062,
    "WLHImagVolume_r1_p": 50.39609077468717,
    "WLHImagVolume_r2_p": 0.681643944556322,
    "WLHImagVolume_r3_p": 61.55313009160533,
    "WLHImagVolume_r4_p": 0.4618737332513859,
    "WLHImagVolume_r5_p": 9.215586567277789e-07,
    "WLHImagVolume_a0_p": 0.5756119788527416,
    "WLHImagVolume_a1_p": 0.3046578187349555,
    "WLHImagVolume_a2_p": 18.503733871467087,
    "WLHImagVolume_a3_p": 0.3914064302147011,
    "WLHImagVolume_a4_p": 0.0022859800233836053,
    "WLHImagVolume_W0_n": 3.29420664732449,
    "WLHImagVolume_W1_n": 0.3144231200711207,
    "WLHImagVolume_W2_n": 0.0008162094817390017,
    "WLHImagVolume_W3_n": 9.50554729840773,
    "WLHImagVolume_W4_n": 0.06113719362852575,
    "WLHImagVolume_r0_n": 0.48910368361477846,
    "WLHImagVolume_r1_n": 91.20855163111692,
    "WLHImagVolume_r2_n": 0.8093887898565088,
    "WLHImagVolume_r3_n": 95.3127515171582,
    "WLHImagVolume_r4_n": 0.8223434314115945,
    "WLHImagVolume_r5_n": 2.924141920953279e-06,
    "WLHImagVolume_a0_n": 0.23512603982066255,
    "WLHImagVolume_a1_n": 0.5937168594869648,
    "WLHImagVolume_a2_n": 5.1211586505160485,
    "WLHImagVolume_a3_n": 0.0226289921310286,
    "WLHImagVolume_a4_n": 0.0003529287745966612,
    "WLHImagSurface_W0_p": 0.9627311076695587,
    "WLHImagSurface_W1_p": 0.05121256364230835,
    "WLHImagSurface_W2_p": 1.2819324721400862,
    "WLHImagSurface_W3_p": 0.1810719879438758,
    "WLHImagSurface_r0_p": 0.8888854483378522,
    "WLHImagSurface_r1_p": -0.16344298416554376,
    "WLHImagSurface_r2_p": -4.2248929532514266e-05,
    "WLHImagSurface_a0_p": 0.8478158287037509,
    "WLHImagSurface_W0_n": 2.2862046616211575,
    "WLHImagSurface_W1_n": 0.0620869664508204,
    "WLHImagSurface_W2_n": 3.7004556534393465,
    "WLHImagSurface_W3_n": 0.20419135992593773,
    "WLHImagSurface_r0_n": 1.3087637785789268,
    "WLHImagSurface_r1_n": 1.6383720558014543,
    "WLHImagSurface_r2_n": 0.003564053110656285,
    "WLHImagSurface_a0_n": 0.8430706360639594,
    "WLHRealSpinOrbit_V0_p": 8.418026073746262,
    "WLHRealSpinOrbit_V1_p": 0.008164375995697354,
    "WLHRealSpinOrbit_r0_p": 1.380708328985502,
    "WLHRealSpinOrbit_r1_p": 0.9927273182834601,
    "WLHRealSpinOrbit_a0_p": 0.8657699024130584,
    "WLHRealSpinOrbit_a1_p": 0.00040535443328177046,
    "WLHRealSpinOrbit_V0_n": 9.372724266280583,
    "WLHRealSpinOrbit_V1_n": 0.008340115242196794,
    "WLHRealSpinOrbit_r0_n": 1.2780297296042507,
    "WLHRealSpinOrbit_r1_n": 0.8809741821280944,
    "WLHRealSpinOrbit_a0_n": 0.8049247805890538,
    "WLHRealSpinOrbit_a1_n": 0.00033324056036557203
}