{
    "WLHReal_V0_p": 58.23173235972458,
    "WLHReal_V1_p": 0.3505729282638337,
    "WLHReal_V2_p": 8.130220285575948e-05,
    "WLHReal_V3_p": 2.253825812347354e-06,
    "WLHReal_V4_p": 11.77641050061111,
    "WLHReal_V5_p": 0.15753908668698485,
    "WLHReal_V6_p": 0.0003311323243052041,
    "WLHReal_r0_p": 1.305308170516838,
    "WLHReal_r1_p": 0.3851153615586599,
    "WLHReal_r2_p": 0.0008872309856847961,
    "WLHReal_r3_p": 4.921205922873365e-06,
    "WLHReal_a0_p": 0.797274162008046,
    "WLHReal_a1_p": 0.00033800837490765624,
    "WLHReal_a2_p": 3.2966295346881284e-06,
    "WLHReal_a3_p": 0.11757410983068162,
    "WLHReal_a4_p": 0.6799763515146358,
    "WLHReal_V0_n": 54.48487568444765,
    "WLHReal_V1_n": 0.33621704613043946,
    "WLHReal_V2_n": -0.0004899875923919299,
    "WLHReal_V3_n": 4.0465645259740035e-06,
    "WLHReal_V4_n": 19.600204010795323,
    "WLHReal_V5_n": 0.3149924306184885,
    "WLHReal_V6_n": 0.001382490768194056,
    "WLHReal_r0_n": 1.313479269516526,
    "WLHReal_r1_n": 0.3251335532309686,
    "WLHReal_r2_n": 0.0011369838156192911,
    "WLHReal_r3_n": 1.2019657337731677e-05,
    "WLHReal_a0_n": 0.7607867522437948,
    "WLHReal_a1_n": 0.0011013730395160004,
    "WLHReal_a2_n": 1.4718585096666379e-05,
    "WLHReal_a3_n": 0.28234255638220807,
    "WLHReal_a4_n": 0.9888920294246148,
    "WLHImagVolume_W0_p": 5.2337179975301,
    "WLHImagVolume_W1_p": 0.35317193428771965,
    "WLHImagVolume_W2_p": 0.0007826015002844235,
    "WLHImagVolume_W3_p": 16.081604479373087,
    "WLHImagVolume_W4_p": 0.10587821674374637,
    "WLHImagVolume_r0_p": 0.4586906605410183,
    "WLHImagVolume_r1_p": 65.05870760705699,
    "WLHImagVolume_r2_p": 0.7892013231034483,
    "WLHImagVolume_r3_p": 71.29622511643684,
    "WLHImagVolume_r4_p": 0.5531340201264792,
    "WLHImagVolume_r5_p": 1.8681549374324167e-06,
    "WLHImagVolume_a0_p": 0.5697662569427776,
    "WLHImagVolume_a1_p": 0.28456414793690527,
    "WLHImagVolume_a2_p": 15.017595435578636,
    "WLHImagVolume_a3_p": 0.44450657110508696,
    "WLHImagVolume_a4_p": 0.00272718626243563,
    "WLHImagVolume_W0_n": 4.08883855841513,
    "WLHImagVolume_W1_n": 0.34470837000504423,
    "WLHImagVolume_W2_n": 0.00096096274478091,
    "WLHImagVolume_W3_n": 10.842998344663103,
    "WLHImagVolume_W4_n": 0.06393452570600912,
    "WLHImagVolume_r0_n": 0.5150722266895394,
    "WLHImagVolume_r1_n": 93.44588954488167,
    "WLHImagVolume_r2_n": 0.7983811355957634,
    "WLHImagVolume_r3_n": 103.52961685402941,
    "WLHImagVolume_r4_n": 0.8207354050761658,
    "WLHImagVolume_r5_n": 3.3981349981168154e-06,
    "WLHImagVolume_a0_n": 0.2617127997208947,
    "WLHImagVolume_a1_n": 0.5622746439596801,
    "WLHImagVolume_a2_n": 2.7576386655682468,
    "WLHImagVolume_a3_n": -0.009902558751529802,
    "WLHImagVolume_a4_n": -1.4141576149185394e-05,
    "WLHImagSurface_W0_p": 0.986115862544797,
    "WLHImagSurface_W1_p": 0.05019275240777592,
    "WLHImagSurface_W2_p": 0.9934461273188145,
    "WLHImagSurface_W3_p": 0.19131536643248837,
    "WLHImagSurface_r0_p": 1.0144178169556053,
    "WLHImagSurface_r1_p": 0.8526583959442232,
    "WLHImagSurface_r2_p": 0.004545515658634638,
    "WLHImagSurface_a0_p": 0.7626634958116489,
    "WLHImagSurface_W0_n": 2.505524047971694,
    "WLHImagSurface_W1_n": 0.07687113100657644,
    "WLHImagSurface_W2_n": 3.839404846056761,
    "WLHImagSurface_W3_n": 0.2392310048868984,
    "WLHImagSurface_r0_n": 1.3117050927551666,
    "WLHImagSurface_r1_n": 1.7554529735275717,
    "WLHImagSurface_r2_n": 0.0031352299044591896,
    "WLHImagSurface_a0_n": 0.8540600851712251,
    "WLHRealSpinOrbit_V0_p": 9.694153924822395,
    "WLHRealSpinOrbit_V1_p": 0.008446927299972795,
    "WLHRealSpinOrbit_r0_p": 1.2510645479164715,
    "WLHRealSpinOrbit_r1_p": 0.8502883223289234,
    "WLHRealSpinOrbit_a0_p": 0.7890411020450981,
    "WLHRealSpinOrbit_a1_p": 0.0003147724140592707,
    "WLHRealSpinOrbit_V0_n": 9.344451270880956,
    "WLHRealSpinOrbit_V1_n": 0.008608629528313495,
    "WLHRealSpinOrbit_r0_n": 1.2975370245556137,
    "WLHRealSpinOrbit_r1_n": 0.929054390320274,
    "WLHRealSpinOrbit_a0_n": 0.8273221348371639,
    "WLHRealSpinOrbit_a1_n": 0.00030411716651610615
}