{
    "WLHReal_V0_p": 57.19018420150767,
    "WLHReal_V1_p": 0.34397544794247903,
    "WLHReal_V2_p": 0.0006753740320434263,
    "WLHReal_V3_p": -2.670198725904038e-07,
    "WLHReal_V4_p": 13.731296719097806,
    "WLHReal_V5_p": 0.119929663380639,
    "WLHReal_V6_p": 4.1905936006852984e-05,
    "WLHReal_r0_p": 1.2303353445230443,
    "WLHReal_r1_p": 0.2551584548828742,
    "WLHReal_r2_p": 0.0007710445621822668,
    "WLHReal_r3_p": 3.306857114770597e-06,
    "WLHReal_a0_p": 0.754885617856844,
    "WLHReal_a1_p": 0.0001501048254827109,
    "WLHReal_a2_p": 1.6115235152880425e-06,
    "WLHReal_a3_p": 0.13597368167589968,
    "WLHReal_a4_p": 0.6572516963593382,
    "WLHReal_V0_n": 49.875284973655546,
    "WLHReal_V1_n": 0.2580154569701395,
    "WLHReal_V2_n": -0.0007244362209743855,
    "WLHReal_V3_n": 4.07643673807916e-06,
    "WLHReal_V4_n": 21.161788519536845,
    "WLHReal_V5_n": 0.3064926198156734,
    "WLHReal_V6_n": 0.001465574048935473,
    "WLHReal_r0_n": 1.3254226419186423,
    "WLHReal_r1_n": 0.27771072724188833,
    "WLHReal_r2_n": 0.0011977478202832295,
    "WLHReal_r3_n": 1.437476528426482e-05,
    "WLHReal_a0_n": 0.7606080448594508,
    "WLHReal_a1_n": 0.0012634947252838525,
    "WLHReal_a2_n": 1.7447031512620493e-05,
    "WLHReal_a3_n": 0.3589614422481856,
    "WLHReal_a4_n": 1.0533984815172361,
    "WLHImagVolume_W0_p": 3.2075936338709745,
    "WLHImagVolume_W1_p": 0.24863442026070703,
    "WLHImagVolume_W2_p": 0.0005221764164651463,
    "WLHImagVolume_W3_p": 15.026988486750696,
    "WLHImagVolume_W4_p": 0.06463402761739412,
    "WLHImagVolume_r0_p": 0.4752619901998565,
    "WLHImagVolume_r1_p": 69.74698869003636,
    "WLHImagVolume_r2_p": 0.7192322932137809,
    "WLHImagVolume_r3_p": 78.83773866490252,
    "WLHImagVolume_r4_p": 0.5921173121745932,
    "WLHImagVolume_r5_p": 1.3296447271179058e-06,
    "WLHImagVolume_a0_p": 0.4852454783199701,
    "WLHImagVolume_a1_p": 0.3153450933888686,
    "WLHImagVolume_a2_p": 17.502232409871187,
    "WLHImagVolume_a3_p": 0.3540053870561447,
    "WLHImagVolume_a4_p": 0.0013024728989229572,
    "WLHImagVolume_W0_n": 3.065361471516089,
    "WLHImagVolume_W1_n": 0.21763513605937035,
    "WLHImagVolume_W2_n": 0.00040729542698308095,
    "WLHImagVolume_W3_n": 8.703558441325645,
    "WLHImagVolume_W4_n": -0.009395093858424654,
    "WLHImagVolume_r0_n": 0.6067112395085354,
    "WLHImagVolume_r1_n": 82.57860665056786,
    "WLHImagVolume_r2_n": 0.7104287156048745,
    "WLHImagVolume_r3_n": 93.48498684704013,
    "WLHImagVolume_r4_n": 0.9479040580272866,
    "WLHImagVolume_r5_n": 4.931133977892959e-06,
    "WLHImagVolume_a0_n": 0.26944685918974887,
    "WLHImagVolume_a1_n": 0.5571221114679226,
    "WLHImagVolume_a2_n": 6.1502699974298,
    "WLHImagVolume_a3_n": 0.06333382093169801,
    "WLHImagVolume_a4_n": 0.00050915439379281,
    "WLHImagSurface_W0_p": 1.23775790612647,
    "WLHImagSurface_W1_p": 0.053788390514194345,
    "WLHImagSurface_W2_p": 1.017136104686766,
    "WLHImagSurface_W3_p": 0.1761046077908196,
    "WLHImagSurface_r0_p": 1.1870507752232307,
    "WLHImagSurface_r1_p": 0.9683573136838404,
    "WLHImagSurface_r2_p": 0.00838235333726228,
    "WLHImagSurface_a0_p": 0.8988010022272361,
    "WLHImagSurface_W0_n": 1.3025293087783192,
    "WLHImagSurface_W1_n": 0.03852762303429627,
    "WLHImagSurface_W2_n": 1.7038388191006324,
    "WLHImagSurface_W3_n": 0.14552879661028867,
    "WLHImagSurface_r0_n": 1.2942977714966737,
    "WLHImagSurface_r1_n": 1.498106610538345,
    "WLHImagSurface_r2_n": 0.002120155079008962,
    "WLHImagSurface_a0_n": 0.8747640118089903,
    "WLHRealSpinOrbit_V0_p": 10.024439885590933,
    "WLHRealSpinOrbit_V1_p": 0.008199983222961425,
    "WLHRealSpinOrbit_r0_p": 1.1957753158648434,
    "WLHRealSpinOrbit_r1_p": 0.7605249743750171,
    "WLHRealSpinOrbit_a0_p": 0.7454889237128375,
    "WLHRealSpinOrbit_a1_p": 0.0003311388519019618,
    "WLHRealSpinOrbit_V0_n": 9.493949039832845,
    "WLHRealSpinOrbit_V1_n": 0.008786456694407302,
    "WLHRealSpinOrbit_r0_n": 1.3178187431640054,
    "WLHRealSpinOrbit_r1_n": 0.9297712863371723,
    "WLHRealSpinOrbit_a0_n": 0.836425515997229,
    "WLHRealSpinOrbit_a1_n": 0.0003559258213857856
}