{
    "ECS_p": 0.272713,
    "ECS_n": 0.451574,
    "APower_p": 1.2185,
    "APower_n": 0.197024
}