{
    "WLHReal_V0_p": 55.19667588949396,
    "WLHReal_V1_p": 0.28848685551242353,
    "WLHReal_V2_p": 0.00024238957530686383,
    "WLHReal_V3_p": 6.31387858097474e-07,
    "WLHReal_V4_p": 14.669813099998311,
    "WLHReal_V5_p": 0.13911745167560055,
    "WLHReal_V6_p": 0.00023588969745667873,
    "WLHReal_r0_p": 1.267237429457142,
    "WLHReal_r1_p": 0.31006334003850816,
    "WLHReal_r2_p": 0.0005803901961723853,
    "WLHReal_r3_p": 3.2890082113399376e-06,
    "WLHReal_a0_p": 0.7600589555081867,
    "WLHReal_a1_p": 0.00020290001025533277,
    "WLHReal_a2_p": 1.9148202924129474e-06,
    "WLHReal_a3_p": 0.0677396719505368,
    "WLHReal_a4_p": 0.5223794832429631,
    "WLHReal_V0_n": 55.549424071739004,
    "WLHReal_V1_n": 0.30677803978307533,
    "WLHReal_V2_n": -0.0001714343744607077,
    "WLHReal_V3_n": 1.9940699056221454e-06,
    "WLHReal_V4_n": 20.828733104148828,
    "WLHReal_V5_n": 0.29031702802124876,
    "WLHReal_V6_n": 0.0010300987759916725,
    "WLHReal_r0_n": 1.287033413281493,
    "WLHReal_r1_n": 0.34844880096870134,
    "WLHReal_r2_n": 0.0008281093009811452,
    "WLHReal_r3_n": 7.3127745667220515e-06,
    "WLHReal_a0_n": 0.7408044500689509,
    "WLHReal_a1_n": 0.000640062916927076,
    "WLHReal_a2_n": 7.623029948481908e-06,
    "WLHReal_a3_n": 0.23392919961878528,
    "WLHReal_a4_n": 0.8128410985179287,
    "WLHImagVolume_W0_p": 3.6052784134381612,
    "WLHImagVolume_W1_p": 0.21597322556316653,
    "WLHImagVolume_W2_p": 0.00021217578038475234,
    "WLHImagVolume_W3_p": 11.633685945151727,
    "WLHImagVolume_W4_p": 0.07086488717412433,
    "WLHImagVolume_r0_p": 0.6659935559629132,
    "WLHImagVolume_r1_p": 36.201082112692234,
    "WLHImagVolume_r2_p": 0.5488348927436667,
    "WLHImagVolume_r3_p": 47.078461210117766,
    "WLHImagVolume_r4_p": 0.7054620973824214,
    "WLHImagVolume_r5_p": 1.717173834225458e-06,
    "WLHImagVolume_a0_p": 0.544451188567989,
    "WLHImagVolume_a1_p": 0.25415147980500613,
    "WLHImagVolume_a2_p": 12.23487209160601,
    "WLHImagVolume_a3_p": 0.4143632795952562,
    "WLHImagVolume_a4_p": 0.002275616525288776,
    "WLHImagVolume_W0_n": 3.422677533033205,
    "WLHImagVolume_W1_n": 0.3149579583083624,
    "WLHImagVolume_W2_n": 0.0006380365852785394,
    "WLHImagVolume_W3_n": 10.091137928831253,
    "WLHImagVolume_W4_n": 0.05952579119921686,
    "WLHImagVolume_r0_n": 0.5763300170237895,
    "WLHImagVolume_r1_n": 68.7941688579603,
    "WLHImagVolume_r2_n": 0.7035887496117207,
    "WLHImagVolume_r3_n": 81.8653123927375,
    "WLHImagVolume_r4_n": 0.9728552805224299,
    "WLHImagVolume_r5_n": 3.589474036717367e-06,
    "WLHImagVolume_a0_n": 0.2528191569321822,
    "WLHImagVolume_a1_n": 0.576891760450852,
    "WLHImagVolume_a2_n": 5.37781426415033,
    "WLHImagVolume_a3_n": 0.026484124283656273,
    "WLHImagVolume_a4_n": 0.0006385981871563005,
    "WLHImagSurface_W0_p": 1.021102876092499,
    "WLHImagSurface_W1_p": 0.042437289058464445,
    "WLHImagSurface_W2_p": 1.3806231215815807,
    "WLHImagSurface_W3_p": 0.15165375554530613,
    "WLHImagSurface_r0_p": 0.9782160803374194,
    "WLHImagSurface_r1_p": 0.6562786767174772,
    "WLHImagSurface_r2_p": 0.006603263628272096,
    "WLHImagSurface_a0_p": 0.6941335585630612,
    "WLHImagSurface_W0_n": 2.0049848940703363,
    "WLHImagSurface_W1_n": 0.04848730059587384,
    "WLHImagSurface_W2_n": 2.9376465290295184,
    "WLHImagSurface_W3_n": 0.15978702366751044,
    "WLHImagSurface_r0_n": 1.2691169106026858,
    "WLHImagSurface_r1_n": 1.532102656394979,
    "WLHImagSurface_r2_n": 0.0035057516998678534,
    "WLHImagSurface_a0_n": 0.8387667071078183,
    "WLHRealSpinOrbit_V0_p": 10.042786058739482,
    "WLHRealSpinOrbit_V1_p": 0.008487618171339952,
    "WLHRealSpinOrbit_r0_p": 1.235818950372785,
    "WLHRealSpinOrbit_r1_p": 0.7998321823067749,
    "WLHRealSpinOrbit_a0_p": 0.7716701013129712,
    "WLHRealSpinOrbit_a1_p": 0.0003630518769587213,
    "WLHRealSpinOrbit_V0_n": 9.8300627340842,
    "WLHRealSpinOrbit_V1_n": 0.008665100801817897,
    "WLHRealSpinOrbit_r0_n": 1.263582644974227,
    "WLHRealSpinOrbit_r1_n": 0.8623746251681853,
    "WLHRealSpinOrbit_a0_n": 0.7990994489743684,
    "WLHRealSpinOrbit_a1_n": 0.00032861264218961213
}