{
    "WLHReal_V0_p": 50.18201509697482,
    "WLHReal_V1_p": 0.25626605619576864,
    "WLHReal_V2_p": -0.00019472527025877253,
    "WLHReal_V3_p": 1.3545768642510852e-06,
    "WLHReal_V4_p": 14.621406874728345,
    "WLHReal_V5_p": 0.08267381994620869,
    "WLHReal_V6_p": 0.00025103473697910277,
    "WLHReal_r0_p": 1.2445562048944199,
    "WLHReal_r1_p": 0.06199868867695521,
    "WLHReal_r2_p": 0.0010132528211474498,
    "WLHReal_r3_p": 1.2029951444615613e-05,
    "WLHReal_a0_p": 0.7527223138603722,
    "WLHReal_a1_p": -0.00014974189740601384,
    "WLHReal_a2_p": 9.717467168033687e-06,
    "WLHReal_a3_p": -0.012368215457849767,
    "WLHReal_a4_p": 0.5202501406336884,
    "WLHReal_V0_n": 50.47317280507126,
    "WLHReal_V1_n": 0.29370776011406596,
    "WLHReal_V2_n": -0.0006829523111780869,
    "WLHReal_V3_n": 4.8275838261846385e-06,
    "WLHReal_V4_n": 19.854602502576196,
    "WLHReal_V5_n": 0.31609932186701983,
    "WLHReal_V6_n": 0.0014344780629461033,
    "WLHReal_r0_n": 1.3538843201077067,
    "WLHReal_r1_n": 0.35379006013136766,
    "WLHReal_r2_n": 0.0011393992718649383,
    "WLHReal_r3_n": 1.2369728109325212e-05,
    "WLHReal_a0_n": 0.7619395739322131,
    "WLHReal_a1_n": 0.0012445279086651326,
    "WLHReal_a2_n": 1.590438696013114e-05,
    "WLHReal_a3_n": 0.29177323868087646,
    "WLHReal_a4_n": 0.9614259451264628,
    "WLHImagVolume_W0_p": 3.335148687266981,
    "WLHImagVolume_W1_p": 0.09652858139564446,
    "WLHImagVolume_W2_p": -0.0002214924029757245,
    "WLHImagVolume_W3_p": 8.279616423487772,
    "WLHImagVolume_W4_p": 0.04070541738491502,
    "WLHImagVolume_r0_p": 0.9967521331252036,
    "WLHImagVolume_r1_p": 16.119415239794805,
    "WLHImagVolume_r2_p": 0.24573562103212626,
    "WLHImagVolume_r3_p": 43.405758623939846,
    "WLHImagVolume_r4_p": 0.9349199214147198,
    "WLHImagVolume_r5_p": 1.8456774671820105e-06,
    "WLHImagVolume_a0_p": 0.5510358434187361,
    "WLHImagVolume_a1_p": 0.22959253813850244,
    "WLHImagVolume_a2_p": 11.49711291607265,
    "WLHImagVolume_a3_p": 0.3978527123026146,
    "WLHImagVolume_a4_p": 0.002160804031331417,
    "WLHImagVolume_W0_n": 3.16484304414854,
    "WLHImagVolume_W1_n": 0.2704434362692679,
    "WLHImagVolume_W2_n": 0.0007938705904541592,
    "WLHImagVolume_W3_n": 8.631568699692007,
    "WLHImagVolume_W4_n": 0.019167385360289613,
    "WLHImagVolume_r0_n": 0.47531667694581614,
    "WLHImagVolume_r1_n": 108.16360160951037,
    "WLHImagVolume_r2_n": 0.8695502653063868,
    "WLHImagVolume_r3_n": 110.1274394900878,
    "WLHImagVolume_r4_n": 0.771595383902358,
    "WLHImagVolume_r5_n": 4.023086447963255e-06,
    "WLHImagVolume_a0_n": 0.25703324830535546,
    "WLHImagVolume_a1_n": 0.5810863277569017,
    "WLHImagVolume_a2_n": 4.96455865669078,
    "WLHImagVolume_a3_n": 0.04887140475158999,
    "WLHImagVolume_a4_n": 0.0002879648566473679,
    "WLHImagSurface_W0_p": 0.48560104738688575,
    "WLHImagSurface_W1_p": -0.023269484438226594,
    "WLHImagSurface_W2_p": -0.8457075441003914,
    "WLHImagSurface_W3_p": -0.1292475630917238,
    "WLHImagSurface_r0_p": 0.85383322771925,
    "WLHImagSurface_r1_p": -0.04240427732911972,
    "WLHImagSurface_r2_p": 0.0035581193505127818,
    "WLHImagSurface_a0_p": 0.7792619336124237,
    "WLHImagSurface_W0_n": 1.9587153924580474,
    "WLHImagSurface_W1_n": 0.06496734341271644,
    "WLHImagSurface_W2_n": 3.40943214158806,
    "WLHImagSurface_W3_n": 0.22967936362001,
    "WLHImagSurface_r0_n": 1.3415230029779897,
    "WLHImagSurface_r1_n": 1.6997521520202319,
    "WLHImagSurface_r2_n": 0.0024790358124278777,
    "WLHImagSurface_a0_n": 0.8735585453479884,
    "WLHRealSpinOrbit_V0_p": 10.213144862664695,
    "WLHRealSpinOrbit_V1_p": 0.009049460119572604,
    "WLHRealSpinOrbit_r0_p": 1.2672931184757257,
    "WLHRealSpinOrbit_r1_p": 0.8617688010570623,
    "WLHRealSpinOrbit_a0_p": 0.8062021646296937,
    "WLHRealSpinOrbit_a1_p": 0.0003497335129876706,
    "WLHRealSpinOrbit_V0_n": 8.888147013017786,
    "WLHRealSpinOrbit_V1_n": 0.008322966391431501,
    "WLHRealSpinOrbit_r0_n": 1.332692949411665,
    "WLHRealSpinOrbit_r1_n": 0.9499403213262659,
    "WLHRealSpinOrbit_a0_n": 0.8407662445981704,
    "WLHRealSpinOrbit_a1_n": 0.00035613375441149596
}