{
    "WLHReal_V0_p": 51.99793912987694,
    "WLHReal_V1_p": 0.28652981918796316,
    "WLHReal_V2_p": -0.00020631760444897625,
    "WLHReal_V3_p": 2.5533634987147064e-06,
    "WLHReal_V4_p": 12.945080033690774,
    "WLHReal_V5_p": 0.1340358455499752,
    "WLHReal_V6_p": 0.0003538233808883455,
    "WLHReal_r0_p": 1.3237221245024173,
    "WLHReal_r1_p": 0.3144373011480486,
    "WLHReal_r2_p": 0.0006912493138635937,
    "WLHReal_r3_p": 6.169432978421971e-06,
    "WLHReal_a0_p": 0.7779823739732604,
    "WLHReal_a1_p": 6.59970685453762e-05,
    "WLHReal_a2_p": 5.6738920220677254e-06,
    "WLHReal_a3_p": 0.020942634022011766,
    "WLHReal_a4_p": 0.49930634799936124,
    "WLHReal_V0_n": 50.54842109452343,
    "WLHReal_V1_n": 0.25964516986278824,
    "WLHReal_V2_n": -0.0002531261211170573,
    "WLHReal_V3_n": 2.29123715712952e-06,
    "WLHReal_V4_n": 21.877214150939775,
    "WLHReal_V5_n": 0.26919928597304266,
    "WLHReal_V6_n": 0.0010470115997900232,
    "WLHReal_r0_n": 1.2832665732175121,
    "WLHReal_r1_n": 0.2369232353461991,
    "WLHReal_r2_n": 0.0009490657765608346,
    "WLHReal_r3_n": 1.031451181371275e-05,
    "WLHReal_a0_n": 0.736959562516458,
    "WLHReal_a1_n": 0.0009512449474513024,
    "WLHReal_a2_n": 1.1916946996652029e-05,
    "WLHReal_a3_n": 0.34367945760874113,
    "WLHReal_a4_n": 0.9623029298922974,
    "WLHImagVolume_W0_p": 4.17621266839035,
    "WLHImagVolume_W1_p": 0.19354703224445138,
    "WLHImagVolume_W2_p": 0.0002719888477873011,
    "WLHImagVolume_W3_p": 9.737706915469158,
    "WLHImagVolume_W4_p": 0.07118200335869061,
    "WLHImagVolume_r0_p": 0.6458493035308979,
    "WLHImagVolume_r1_p": 46.83721540015957,
    "WLHImagVolume_r2_p": 0.6367448643618564,
    "WLHImagVolume_r3_p": 57.32953341143819,
    "WLHImagVolume_r4_p": 0.585017873692101,
    "WLHImagVolume_r5_p": 1.349985555939761e-06,
    "WLHImagVolume_a0_p": 0.5570386461383182,
    "WLHImagVolume_a1_p": 0.28108999022895503,
    "WLHImagVolume_a2_p": 15.363392426814764,
    "WLHImagVolume_a3_p": 0.40529236478869257,
    "WLHImagVolume_a4_p": 0.0022806888993144913,
    "WLHImagVolume_W0_n": 2.349851374646902,
    "WLHImagVolume_W1_n": 0.1691654224644847,
    "WLHImagVolume_W2_n": 0.00019573819017681417,
    "WLHImagVolume_W3_n": 7.603343856431395,
    "WLHImagVolume_W4_n": -0.011604317740880467,
    "WLHImagVolume_r0_n": 0.6025944636239536,
    "WLHImagVolume_r1_n": 78.27800981652389,
    "WLHImagVolume_r2_n": 0.6731942908131805,
    "WLHImagVolume_r3_n": 82.09063612450535,
    "WLHImagVolume_r4_n": 0.9299192176064501,
    "WLHImagVolume_r5_n": 3.5499100822236303e-06,
    "WLHImagVolume_a0_n": 0.22244900948265942,
    "WLHImagVolume_a1_n": 0.5859325086984788,
    "WLHImagVolume_a2_n": 8.586408569285418,
    "WLHImagVolume_a3_n": 0.07441083822050872,
    "WLHImagVolume_a4_n": 0.0005418322646475407,
    "WLHImagSurface_W0_p": 1.0003611639163883,
    "WLHImagSurface_W1_p": 0.0469698720697071,
    "WLHImagSurface_W2_p": 1.2605844679284344,
    "WLHImagSurface_W3_p": 0.16725951374585973,
    "WLHImagSurface_r0_p": 0.9558056258604706,
    "WLHImagSurface_r1_p": 0.35652197930272106,
    "WLHImagSurface_r2_p": 0.0037361004673231034,
    "WLHImagSurface_a0_p": 0.7755087583507679,
    "WLHImagSurface_W0_n": 1.1291959990995368,
    "WLHImagSurface_W1_n": 0.020629896004019203,
    "WLHImagSurface_W2_n": 1.174401151057326,
    "WLHImagSurface_W3_n": 0.08627212053210498,
    "WLHImagSurface_r0_n": 1.2831241905303055,
    "WLHImagSurface_r1_n": 1.3358833052530332,
    "WLHImagSurface_r2_n": 0.0028244545557451176,
    "WLHImagSurface_a0_n": 0.8556162140258705,
    "WLHRealSpinOrbit_V0_p": 9.343297690771482,
    "WLHRealSpinOrbit_V1_p": 0.008341202824854729,
    "WLHRealSpinOrbit_r0_p": 1.2946063876727076,
    "WLHRealSpinOrbit_r1_p": 0.8824261850206525,
    "WLHRealSpinOrbit_a0_p": 0.81080504966723,
    "WLHRealSpinOrbit_a1_p": 0.0003726810566442615,
    "WLHRealSpinOrbit_V0_n": 9.763302778838801,
    "WLHRealSpinOrbit_V1_n": 0.008614217096592932,
    "WLHRealSpinOrbit_r0_n": 1.2756163778629426,
    "WLHRealSpinOrbit_r1_n": 0.8615370809836195,
    "WLHRealSpinOrbit_a0_n": 0.8029970566995422,
    "WLHRealSpinOrbit_a1_n": 0.00036515396175545084
}