{
    "ECS_p": 0.269528,
    "ECS_n": 0.46387,
    "APower_p": 0.779955,
    "APower_n": 0.326629
}