{
    "CH89RealCentral": {
        "V_0": 55.8539,
        "V_t": 12.352,
        "V_e": -0.326103,
        "r_o": 1.13957,
        "r_o_0": 0.07654,
        "a_0": 0.76961
    },
    "CH89Coulomb": {
        "r_c": 1.13094,
        "r_c_0": -0.118111
    },
    "CH89SpinOrbit": {
        "V_so": 6.24658,
        "r_so": 1.4049,
        "r_so_0": -1.55412,
        "a_so": 0.646661
    },
    "CH89ImagCentral": {
        "W_v0": 10.4918,
        "W_ve0": 44.6832,
        "W_vew": 21.6075,
        "W_s0": 12.3069,
        "W_st": 36.4823,
        "W_se0": 13.5861,
        "W_sew": 38.4449,
        "r_w": 1.35146,
        "r_w0": -0.386948,
        "a_w": 0.642722
    }
}