{
    "WLHReal_V0_p": 53.65728047554785,
    "WLHReal_V1_p": 0.2720575569865946,
    "WLHReal_V2_p": 0.0004057074203786368,
    "WLHReal_V3_p": 2.8965968236729257e-07,
    "WLHReal_V4_p": 15.649602750337058,
    "WLHReal_V5_p": 0.12545066435464158,
    "WLHReal_V6_p": 0.0001438325769434189,
    "WLHReal_r0_p": 1.2488755311368454,
    "WLHReal_r1_p": 0.2702548341128528,
    "WLHReal_r2_p": 0.0004493439815735887,
    "WLHReal_r3_p": 2.0524382097772756e-06,
    "WLHReal_a0_p": 0.7413397769294456,
    "WLHReal_a1_p": 0.0001009848631342085,
    "WLHReal_a2_p": 1.583604322025664e-06,
    "WLHReal_a3_p": 0.055536934259504615,
    "WLHReal_a4_p": 0.4668252881057796,
    "WLHReal_V0_n": 51.50913041041332,
    "WLHReal_V1_n": 0.2844532818791986,
    "WLHReal_V2_n": -0.000734022215685,
    "WLHReal_V3_n": 4.6167341378808624e-06,
    "WLHReal_V4_n": 20.140405770811835,
    "WLHReal_V5_n": 0.32262313852008184,
    "WLHReal_V6_n": 0.0014691202550486007,
    "WLHReal_r0_n": 1.3520281045381541,
    "WLHReal_r1_n": 0.3761704672100945,
    "WLHReal_r2_n": 0.0011177841733241932,
    "WLHReal_r3_n": 1.247080569704562e-05,
    "WLHReal_a0_n": 0.7640721394791055,
    "WLHReal_a1_n": 0.001144205879706625,
    "WLHReal_a2_n": 1.5396126814754982e-05,
    "WLHReal_a3_n": 0.2777153405050642,
    "WLHReal_a4_n": 0.9323726531481674,
    "WLHImagVolume_W0_p": 2.669267782816455,
    "WLHImagVolume_W1_p": 0.14943369000066745,
    "WLHImagVolume_W2_p": 2.8134307413012715e-05,
    "WLHImagVolume_W3_p": 9.901022382546012,
    "WLHImagVolume_W4_p": 0.050589396872092414,
    "WLHImagVolume_r0_p": 0.6920446629596143,
    "WLHImagVolume_r1_p": 34.59954596782144,
    "WLHImagVolume_r2_p": 0.5113333066943113,
    "WLHImagVolume_r3_p": 46.09176838138877,
    "WLHImagVolume_r4_p": 0.7072617966806953,
    "WLHImagVolume_r5_p": 1.5259657635081068e-06,
    "WLHImagVolume_a0_p": 0.5122940358672827,
    "WLHImagVolume_a1_p": 0.2654365517581632,
    "WLHImagVolume_a2_p": 13.19414088866247,
    "WLHImagVolume_a3_p": 0.3753731493682838,
    "WLHImagVolume_a4_p": 0.0016931496136187883,
    "WLHImagVolume_W0_n": 3.4065560990298858,
    "WLHImagVolume_W1_n": 0.294068823137736,
    "WLHImagVolume_W2_n": 0.0007505324813764079,
    "WLHImagVolume_W3_n": 9.336620435737984,
    "WLHImagVolume_W4_n": 0.025986824168605142,
    "WLHImagVolume_r0_n": 0.5276126854688424,
    "WLHImagVolume_r1_n": 92.60336246130484,
    "WLHImagVolume_r2_n": 0.8133400048363767,
    "WLHImagVolume_r3_n": 102.41890008064384,
    "WLHImagVolume_r4_n": 0.8838446632248269,
    "WLHImagVolume_r5_n": 4.814344687483808e-06,
    "WLHImagVolume_a0_n": 0.2798802205918433,
    "WLHImagVolume_a1_n": 0.5671058811805649,
    "WLHImagVolume_a2_n": 4.594034170610402,
    "WLHImagVolume_a3_n": 0.04967994856092457,
    "WLHImagVolume_a4_n": 0.0005569808274880795,
    "WLHImagSurface_W0_p": 1.1567488044248884,
    "WLHImagSurface_W1_p": 0.04863796678044501,
    "WLHImagSurface_W2_p": 1.661060157814295,
    "WLHImagSurface_W3_p": 0.16528624847539378,
    "WLHImagSurface_r0_p": 1.0311855252442093,
    "WLHImagSurface_r1_p": 0.6269684031619689,
    "WLHImagSurface_r2_p": 0.007956553645087211,
    "WLHImagSurface_a0_p": 0.7344804751266354,
    "WLHImagSurface_W0_n": 1.8678263450064685,
    "WLHImagSurface_W1_n": 0.06071896421778343,
    "WLHImagSurface_W2_n": 3.2023973367290846,
    "WLHImagSurface_W3_n": 0.216745891954376,
    "WLHImagSurface_r0_n": 1.3154790577889817,
    "WLHImagSurface_r1_n": 1.6699504165086405,
    "WLHImagSurface_r2_n": 0.0024084382731224627,
    "WLHImagSurface_a0_n": 0.8717779523574922,
    "WLHRealSpinOrbit_V0_p": 10.048640191800443,
    "WLHRealSpinOrbit_V1_p": 0.008328199493045023,
    "WLHRealSpinOrbit_r0_p": 1.2258357901357806,
    "WLHRealSpinOrbit_r1_p": 0.7724256709126672,
    "WLHRealSpinOrbit_a0_p": 0.7596297897358711,
    "WLHRealSpinOrbit_a1_p": 0.00038473360366073344,
    "WLHRealSpinOrbit_V0_n": 9.138752679708487,
    "WLHRealSpinOrbit_V1_n": 0.00854280443054867,
    "WLHRealSpinOrbit_r0_n": 1.329116628138724,
    "WLHRealSpinOrbit_r1_n": 0.94633116190649,
    "WLHRealSpinOrbit_a0_n": 0.8409857875732436,
    "WLHRealSpinOrbit_a1_n": 0.00035154958517592854
}