{
    "ECS_p": 0.280007,
    "ECS_n": 0.549565,
    "APower_p": 0.690009,
    "APower_n": 0.35154
}