{
    "WLHReal_V0_p": 56.84944593061776,
    "WLHReal_V1_p": 0.3005369132391904,
    "WLHReal_V2_p": 0.0007433548793893409,
    "WLHReal_V3_p": -1.3254528924912457e-06,
    "WLHReal_V4_p": 15.928102393881838,
    "WLHReal_V5_p": 0.12048287023794182,
    "WLHReal_V6_p": 3.516081581880006e-05,
    "WLHReal_r0_p": 1.2008273113896453,
    "WLHReal_r1_p": 0.23023123055829614,
    "WLHReal_r2_p": 0.0005866163475333366,
    "WLHReal_r3_p": 1.9333832193421117e-06,
    "WLHReal_a0_p": 0.7359664429999293,
    "WLHReal_a1_p": 0.00018124792667748005,
    "WLHReal_a2_p": 1.6707123782110888e-07,
    "WLHReal_a3_p": 0.11142002153201779,
    "WLHReal_a4_p": 0.5690393013623604,
    "WLHReal_V0_n": 48.11627787504974,
    "WLHReal_V1_n": 0.2797503982605696,
    "WLHReal_V2_n": -0.0010724438486733562,
    "WLHReal_V3_n": 5.52891882742985e-06,
    "WLHReal_V4_n": 20.115792762582313,
    "WLHReal_V5_n": 0.3291602514711338,
    "WLHReal_V6_n": 0.0018387437761656,
    "WLHReal_r0_n": 1.350655376248481,
    "WLHReal_r1_n": 0.2350505714087192,
    "WLHReal_r2_n": 0.001538313796808878,
    "WLHReal_r3_n": 1.968693976199879e-05,
    "WLHReal_a0_n": 0.780960892596484,
    "WLHReal_a1_n": 0.0017831481181366565,
    "WLHReal_a2_n": 2.5924988895395127e-05,
    "WLHReal_a3_n": 0.4274495401328089,
    "WLHReal_a4_n": 1.2609895296523181,
    "WLHImagVolume_W0_p": 2.587889290072055,
    "WLHImagVolume_W1_p": 0.19817650315257906,
    "WLHImagVolume_W2_p": 0.00015057478012028597,
    "WLHImagVolume_W3_p": 13.099713805652128,
    "WLHImagVolume_W4_p": 0.05470425121391084,
    "WLHImagVolume_r0_p": 0.662815537163684,
    "WLHImagVolume_r1_p": 38.712452766056074,
    "WLHImagVolume_r2_p": 0.49491292424539113,
    "WLHImagVolume_r3_p": 51.83662012798974,
    "WLHImagVolume_r4_p": 0.7790489656473528,
    "WLHImagVolume_r5_p": 2.266280601762423e-06,
    "WLHImagVolume_a0_p": 0.4982065578904019,
    "WLHImagVolume_a1_p": 0.2614481230978813,
    "WLHImagVolume_a2_p": 12.489934875838824,
    "WLHImagVolume_a3_p": 0.37651270563648964,
    "WLHImagVolume_a4_p": 0.0016011496707917803,
    "WLHImagVolume_W0_n": 3.6234914249994254,
    "WLHImagVolume_W1_n": 0.22722222030155892,
    "WLHImagVolume_W2_n": 0.000659109160246233,
    "WLHImagVolume_W3_n": 9.197231955423437,
    "WLHImagVolume_W4_n": -0.01567556258815447,
    "WLHImagVolume_r0_n": 0.5571438581069589,
    "WLHImagVolume_r1_n": 107.16016624366421,
    "WLHImagVolume_r2_n": 0.792507419252252,
    "WLHImagVolume_r3_n": 114.67826583810555,
    "WLHImagVolume_r4_n": 0.8002813044277066,
    "WLHImagVolume_r5_n": 4.472844792008257e-06,
    "WLHImagVolume_a0_n": 0.2766344216475949,
    "WLHImagVolume_a1_n": 0.5408825512773561,
    "WLHImagVolume_a2_n": 3.899353401393779,
    "WLHImagVolume_a3_n": 0.032716676274912135,
    "WLHImagVolume_a4_n": -0.000157184971094269,
    "WLHImagSurface_W0_p": 1.1044758132693915,
    "WLHImagSurface_W1_p": 0.03685214387087047,
    "WLHImagSurface_W2_p": 1.1098910342733892,
    "WLHImagSurface_W3_p": 0.1149416123850682,
    "WLHImagSurface_r0_p": 1.0842120121666674,
    "WLHImagSurface_r1_p": 0.8789524566940204,
    "WLHImagSurface_r2_p": 0.0094990732479627,
    "WLHImagSurface_a0_p": 0.7506607796061178,
    "WLHImagSurface_W0_n": 1.6626373086099928,
    "WLHImagSurface_W1_n": 0.06256391964817712,
    "WLHImagSurface_W2_n": 2.2935572349596685,
    "WLHImagSurface_W3_n": 0.21272357168348943,
    "WLHImagSurface_r0_n": 1.3363063840743739,
    "WLHImagSurface_r1_n": 1.690896997257791,
    "WLHImagSurface_r2_n": 0.0016185392167468165,
    "WLHImagSurface_a0_n": 0.8929378669884374,
    "WLHRealSpinOrbit_V0_p": 10.557158143968051,
    "WLHRealSpinOrbit_V1_p": 0.008486785139781655,
    "WLHRealSpinOrbit_r0_p": 1.1782181990477407,
    "WLHRealSpinOrbit_r1_p": 0.7225769096722001,
    "WLHRealSpinOrbit_a0_p": 0.7331619503191479,
    "WLHRealSpinOrbit_a1_p": 0.0003507497600610271,
    "WLHRealSpinOrbit_V0_n": 9.029010068428331,
    "WLHRealSpinOrbit_V1_n": 0.008760871658809248,
    "WLHRealSpinOrbit_r0_n": 1.3537283125722461,
    "WLHRealSpinOrbit_r1_n": 0.9977592839312067,
    "WLHRealSpinOrbit_a0_n": 0.8661174530068257,
    "WLHRealSpinOrbit_a1_n": 0.0003356427493043387
}