{
    "WLHReal_V0_p": 53.057213836173226,
    "WLHReal_V1_p": 0.2979114599863088,
    "WLHReal_V2_p": -0.00039460925374315136,
    "WLHReal_V3_p": 3.026370325303319e-06,
    "WLHReal_V4_p": 12.295143323467704,
    "WLHReal_V5_p": 0.12591354408225208,
    "WLHReal_V6_p": 0.00041291975977225215,
    "WLHReal_r0_p": 1.3112956423348239,
    "WLHReal_r1_p": 0.24585011552064312,
    "WLHReal_r2_p": 0.0010215815267581297,
    "WLHReal_r3_p": 1.0054805466204536e-05,
    "WLHReal_a0_p": 0.7905101815599764,
    "WLHReal_a1_p": 8.302737584876197e-05,
    "WLHReal_a2_p": 8.591589745244973e-06,
    "WLHReal_a3_p": 0.023973167732010085,
    "WLHReal_a4_p": 0.5876479963610829,
    "WLHReal_V0_n": 49.39020803175055,
    "WLHReal_V1_n": 0.3050305016053789,
    "WLHReal_V2_n": -0.0008307638309219049,
    "WLHReal_V3_n": 4.915785333824988e-06,
    "WLHReal_V4_n": 19.34753447109552,
    "WLHReal_V5_n": 0.32446865593963375,
    "WLHReal_V6_n": 0.0015985375648143788,
    "WLHReal_r0_n": 1.3645829352160235,
    "WLHReal_r1_n": 0.32479166225505324,
    "WLHReal_r2_n": 0.001304447376906191,
    "WLHReal_r3_n": 1.555303348792158e-05,
    "WLHReal_a0_n": 0.7707356304857902,
    "WLHReal_a1_n": 0.001510232354222662,
    "WLHReal_a2_n": 1.9734473761842326e-05,
    "WLHReal_a3_n": 0.3298939153709918,
    "WLHReal_a4_n": 1.069175659292531,
    "WLHImagVolume_W0_p": 4.959830661962038,
    "WLHImagVolume_W1_p": 0.23375181407624745,
    "WLHImagVolume_W2_p": 0.000309465488812434,
    "WLHImagVolume_W3_p": 11.399718129514417,
    "WLHImagVolume_W4_p": 0.08208788007348808,
    "WLHImagVolume_r0_p": 0.7536927354728015,
    "WLHImagVolume_r1_p": 38.56123005576357,
    "WLHImagVolume_r2_p": 0.5276051910719405,
    "WLHImagVolume_r3_p": 55.66371737786493,
    "WLHImagVolume_r4_p": 0.7227414537441936,
    "WLHImagVolume_r5_p": 1.7809484265292773e-06,
    "WLHImagVolume_a0_p": 0.5899031783868289,
    "WLHImagVolume_a1_p": 0.25090911410491673,
    "WLHImagVolume_a2_p": 13.08640427671432,
    "WLHImagVolume_a3_p": 0.4445069864181461,
    "WLHImagVolume_a4_p": 0.0028651800575440773,
    "WLHImagVolume_W0_n": 3.3620653718217373,
    "WLHImagVolume_W1_n": 0.26700566178225055,
    "WLHImagVolume_W2_n": 0.0009075616994624011,
    "WLHImagVolume_W3_n": 8.693314453002392,
    "WLHImagVolume_W4_n": 0.013602454365080582,
    "WLHImagVolume_r0_n": 0.4443361484055494,
    "WLHImagVolume_r1_n": 122.47269924544868,
    "WLHImagVolume_r2_n": 0.9152359457159164,
    "WLHImagVolume_r3_n": 121.22989435879333,
    "WLHImagVolume_r4_n": 0.6813700390418009,
    "WLHImagVolume_r5_n": 3.5157374145897124e-06,
    "WLHImagVolume_a0_n": 0.2548926548728366,
    "WLHImagVolume_a1_n": 0.5761214378221609,
    "WLHImagVolume_a2_n": 4.053494677442271,
    "WLHImagVolume_a3_n": 0.03466398814416722,
    "WLHImagVolume_a4_n": -8.497045341896792e-05,
    "WLHImagSurface_W0_p": 0.6181616212048047,
    "WLHImagSurface_W1_p": 0.008973107660670974,
    "WLHImagSurface_W2_p": -0.07244928459371147,
    "WLHImagSurface_W3_p": 0.020164475000693946,
    "WLHImagSurface_r0_p": 0.8608217287674998,
    "WLHImagSurface_r1_p": 0.22127953372315762,
    "WLHImagSurface_r2_p": 0.001950798357589224,
    "WLHImagSurface_a0_p": 0.7499018162500644,
    "WLHImagSurface_W0_n": 2.126060017704423,
    "WLHImagSurface_W1_n": 0.07620099861049202,
    "WLHImagSurface_W2_n": 3.669302109681162,
    "WLHImagSurface_W3_n": 0.260768673796709,
    "WLHImagSurface_r0_n": 1.3656539671107097,
    "WLHImagSurface_r1_n": 1.78887988968921,
    "WLHImagSurface_r2_n": 0.0022543799885907483,
    "WLHImagSurface_a0_n": 0.8823506994224212,
    "WLHRealSpinOrbit_V0_p": 9.681218841984606,
    "WLHRealSpinOrbit_V1_p": 0.008823594927106933,
    "WLHRealSpinOrbit_r0_p": 1.2949861028217298,
    "WLHRealSpinOrbit_r1_p": 0.9089535585922308,
    "WLHRealSpinOrbit_a0_p": 0.8238861596217617,
    "WLHRealSpinOrbit_a1_p": 0.00033285479400993245,
    "WLHRealSpinOrbit_V0_n": 8.635338394376934,
    "WLHRealSpinOrbit_V1_n": 0.008274546604402293,
    "WLHRealSpinOrbit_r0_n": 1.3493877492055617,
    "WLHRealSpinOrbit_r1_n": 0.9813753798090871,
    "WLHRealSpinOrbit_a0_n": 0.8541755910366609,
    "WLHRealSpinOrbit_a1_n": 0.00034753824565272596
}