{
    "ECS_p": 0.294367,
    "ECS_n": 0.530872,
    "APower_p": 0.756707,
    "APower_n": 0.762896
}