{
    "CH89RealCentral": {
        "V_0": 59.2129,
        "V_t": -0.252064,
        "V_e": -0.401252,
        "r_o": 1.26537,
        "r_o_0": -0.621329,
        "a_0": 0.731993
    },
    "CH89Coulomb": {
        "r_c": 1.38829,
        "r_c_0": 0.154118
    },
    "CH89SpinOrbit": {
        "V_so": 6.09582,
        "r_so": 1.33703,
        "r_so_0": -1.47437,
        "a_so": 0.602314
    },
    "CH89ImagCentral": {
        "W_v0": 10.8106,
        "W_ve0": 45.6395,
        "W_vew": 35.6273,
        "W_s0": 9.76648,
        "W_st": 24.8156,
        "W_se0": 10.0451,
        "W_sew": 35.2506,
        "r_w": 1.29143,
        "r_w0": -0.104012,
        "a_w": 0.820678
    }
}