{
    "ECS_p": 0.403978,
    "ECS_n": 0.57607,
    "APower_p": 0.654347,
    "APower_n": 0.648369
}