{
    "WLHReal_V0_p": 58.78476433401843,
    "WLHReal_V1_p": 0.3544505082718859,
    "WLHReal_V2_p": 0.00030057959921334706,
    "WLHReal_V3_p": 1.4416189903954985e-06,
    "WLHReal_V4_p": 12.371060100739768,
    "WLHReal_V5_p": 0.14792004856159874,
    "WLHReal_V6_p": 0.0002390509129015213,
    "WLHReal_r0_p": 1.2753523440503567,
    "WLHReal_r1_p": 0.34499356044251905,
    "WLHReal_r2_p": 0.0008886115856405482,
    "WLHReal_r3_p": 4.68093185163552e-06,
    "WLHReal_a0_p": 0.7857239265065541,
    "WLHReal_a1_p": 0.0003177061820443068,
    "WLHReal_a2_p": 2.3390721179763784e-06,
    "WLHReal_a3_p": 0.1346332890866621,
    "WLHReal_a4_p": 0.696972351130291,
    "WLHReal_V0_n": 55.39639633469257,
    "WLHReal_V1_n": 0.3226275495059475,
    "WLHReal_V2_n": -0.00040519977938181887,
    "WLHReal_V3_n": 3.214055324199577e-06,
    "WLHReal_V4_n": 20.341701393025026,
    "WLHReal_V5_n": 0.3068690956716652,
    "WLHReal_V6_n": 0.0013059435237364125,
    "WLHReal_r0_n": 1.2905272145014968,
    "WLHReal_r1_n": 0.30445814718783154,
    "WLHReal_r2_n": 0.001078502401404904,
    "WLHReal_r3_n": 1.1152689494377138e-05,
    "WLHReal_a0_n": 0.7557573540616666,
    "WLHReal_a1_n": 0.0009560633895717901,
    "WLHReal_a2_n": 1.3379213274578154e-05,
    "WLHReal_a3_n": 0.28918557755922397,
    "WLHReal_a4_n": 0.9769809074310231,
    "WLHImagVolume_W0_p": 4.737486054094809,
    "WLHImagVolume_W1_p": 0.3400338170988615,
    "WLHImagVolume_W2_p": 0.0007397879498668852,
    "WLHImagVolume_W3_p": 16.569197065642328,
    "WLHImagVolume_W4_p": 0.09732058703133037,
    "WLHImagVolume_r0_p": 0.4629827542808845,
    "WLHImagVolume_r1_p": 65.84139232416985,
    "WLHImagVolume_r2_p": 0.7600849159281597,
    "WLHImagVolume_r3_p": 73.30022930946643,
    "WLHImagVolume_r4_p": 0.5876853192430099,
    "WLHImagVolume_r5_p": 1.871867728315031e-06,
    "WLHImagVolume_a0_p": 0.5479897329254138,
    "WLHImagVolume_a1_p": 0.28816354757069457,
    "WLHImagVolume_a2_p": 15.185699976340217,
    "WLHImagVolume_a3_p": 0.4256038636276454,
    "WLHImagVolume_a4_p": 0.0023995516526327354,
    "WLHImagVolume_W0_n": 4.094319621084364,
    "WLHImagVolume_W1_n": 0.3365640366683853,
    "WLHImagVolume_W2_n": 0.0007746195753478198,
    "WLHImagVolume_W3_n": 11.1844627871973,
    "WLHImagVolume_W4_n": 0.06200956798349819,
    "WLHImagVolume_r0_n": 0.5899089541195615,
    "WLHImagVolume_r1_n": 73.69263727648578,
    "WLHImagVolume_r2_n": 0.7002722886846428,
    "WLHImagVolume_r3_n": 90.26928175547965,
    "WLHImagVolume_r4_n": 0.9447927254402746,
    "WLHImagVolume_r5_n": 3.863353559904894e-06,
    "WLHImagVolume_a0_n": 0.26867365608404137,
    "WLHImagVolume_a1_n": 0.5520550467650911,
    "WLHImagVolume_a2_n": 3.346068668403222,
    "WLHImagVolume_a3_n": -0.006020229790363138,
    "WLHImagVolume_a4_n": 0.00021481153535669965,
    "WLHImagSurface_W0_p": 1.0230214710861412,
    "WLHImagSurface_W1_p": 0.04728768734869439,
    "WLHImagSurface_W2_p": 0.8625133737665789,
    "WLHImagSurface_W3_p": 0.17257434555220702,
    "WLHImagSurface_r0_p": 1.0617658574356006,
    "WLHImagSurface_r1_p": 0.9374933864860684,
    "WLHImagSurface_r2_p": 0.00582920915456553,
    "WLHImagSurface_a0_p": 0.7909289331665765,
    "WLHImagSurface_W0_n": 2.240580502416763,
    "WLHImagSurface_W1_n": 0.062434911805500426,
    "WLHImagSurface_W2_n": 3.0859655279924683,
    "WLHImagSurface_W3_n": 0.19126270397699224,
    "WLHImagSurface_r0_n": 1.275983310307004,
    "WLHImagSurface_r1_n": 1.638318622804897,
    "WLHImagSurface_r2_n": 0.003200956369061549,
    "WLHImagSurface_a0_n": 0.8472302934890601,
    "WLHRealSpinOrbit_V0_p": 9.917327872789647,
    "WLHRealSpinOrbit_V1_p": 0.008444075874590326,
    "WLHRealSpinOrbit_r0_p": 1.226119312590125,
    "WLHRealSpinOrbit_r1_p": 0.8163059411298665,
    "WLHRealSpinOrbit_a0_p": 0.7722330791212018,
    "WLHRealSpinOrbit_a1_p": 0.00031033508835513963,
    "WLHRealSpinOrbit_V0_n": 9.785365155881617,
    "WLHRealSpinOrbit_V1_n": 0.008864775800547677,
    "WLHRealSpinOrbit_r0_n": 1.2779128268343634,
    "WLHRealSpinOrbit_r1_n": 0.9022074772078846,
    "WLHRealSpinOrbit_a0_n": 0.8169142549212203,
    "WLHRealSpinOrbit_a1_n": 0.00030047588363570294
}