{
    "WLHReal_V0_p": 55.97122084140069,
    "WLHReal_V1_p": 0.32213103118058906,
    "WLHReal_V2_p": 8.304600141816005e-05,
    "WLHReal_V3_p": 1.131926339096015e-06,
    "WLHReal_V4_p": 12.80365454214611,
    "WLHReal_V5_p": 0.14141359859781433,
    "WLHReal_V6_p": 0.00029014246751705276,
    "WLHReal_r0_p": 1.2913771239921632,
    "WLHReal_r1_p": 0.3240106952073413,
    "WLHReal_r2_p": 0.0008098393246188923,
    "WLHReal_r3_p": 5.6251430739553215e-06,
    "WLHReal_a0_p": 0.7812428037747702,
    "WLHReal_a1_p": 0.00021556610165815503,
    "WLHReal_a2_p": 3.795061770824173e-06,
    "WLHReal_a3_p": 0.08455211268040977,
    "WLHReal_a4_p": 0.6110064598339562,
    "WLHReal_V0_n": 51.090491054181314,
    "WLHReal_V1_n": 0.26802059079457924,
    "WLHReal_V2_n": -0.00013023344205822225,
    "WLHReal_V3_n": 2.2418875056648306e-06,
    "WLHReal_V4_n": 21.45943009502961,
    "WLHReal_V5_n": 0.26798180236601077,
    "WLHReal_V6_n": 0.0008987631910720369,
    "WLHReal_r0_n": 1.2988900422078191,
    "WLHReal_r1_n": 0.31021101127848216,
    "WLHReal_r2_n": 0.0007809504900310349,
    "WLHReal_r3_n": 6.8991368607103185e-06,
    "WLHReal_a0_n": 0.7306529651292354,
    "WLHReal_a1_n": 0.0007564495477517133,
    "WLHReal_a2_n": 8.272945261586727e-06,
    "WLHReal_a3_n": 0.2733421577550958,
    "WLHReal_a4_n": 0.8165111074855189,
    "WLHImagVolume_W0_p": 4.486629088012745,
    "WLHImagVolume_W1_p": 0.27573429611261907,
    "WLHImagVolume_W2_p": 0.0005057693248146098,
    "WLHImagVolume_W3_p": 13.613412380844295,
    "WLHImagVolume_W4_p": 0.08594409817400929,
    "WLHImagVolume_r0_p": 0.5676540444833769,
    "WLHImagVolume_r1_p": 53.981130490154946,
    "WLHImagVolume_r2_p": 0.6762540958352027,
    "WLHImagVolume_r3_p": 63.63779571712517,
    "WLHImagVolume_r4_p": 0.6166086999516547,
    "WLHImagVolume_r5_p": 1.5949946394594359e-06,
    "WLHImagVolume_a0_p": 0.5552832987866387,
    "WLHImagVolume_a1_p": 0.27737824890333435,
    "WLHImagVolume_a2_p": 14.571443799277171,
    "WLHImagVolume_a3_p": 0.4220164270742939,
    "WLHImagVolume_a4_p": 0.002419544545009784,
    "WLHImagVolume_W0_n": 2.090756013096466,
    "WLHImagVolume_W1_n": 0.19183762125496834,
    "WLHImagVolume_W2_n": 0.00033094823121615426,
    "WLHImagVolume_W3_n": 7.101791415952305,
    "WLHImagVolume_W4_n": 0.0036486345330752797,
    "WLHImagVolume_r0_n": 0.5322077799880156,
    "WLHImagVolume_r1_n": 86.9695190868999,
    "WLHImagVolume_r2_n": 0.754430229357224,
    "WLHImagVolume_r3_n": 85.58561269753213,
    "WLHImagVolume_r4_n": 0.8703919499301535,
    "WLHImagVolume_r5_n": 3.5989154727822707e-06,
    "WLHImagVolume_a0_n": 0.21297146157388538,
    "WLHImagVolume_a1_n": 0.6095193229705541,
    "WLHImagVolume_a2_n": 8.933265616016968,
    "WLHImagVolume_a3_n": 0.08520115940309106,
    "WLHImagVolume_a4_n": 0.0007136711762324943,
    "WLHImagSurface_W0_p": 0.9721604937948893,
    "WLHImagSurface_W1_p": 0.04257900338870248,
    "WLHImagSurface_W2_p": 0.9415584287386911,
    "WLHImagSurface_W3_p": 0.15299183086388557,
    "WLHImagSurface_r0_p": 0.9999839779629665,
    "WLHImagSurface_r1_p": 0.6743696710334945,
    "WLHImagSurface_r2_p": 0.00495012973443962,
    "WLHImagSurface_a0_p": 0.7673780003076709,
    "WLHImagSurface_W0_n": 1.3414048841534192,
    "WLHImagSurface_W1_n": 0.02712379001801448,
    "WLHImagSurface_W2_n": 2.0092165681382275,
    "WLHImagSurface_W3_n": 0.11479165942145611,
    "WLHImagSurface_r0_n": 1.3010841615753181,
    "WLHImagSurface_r1_n": 1.3874932845745462,
    "WLHImagSurface_r2_n": 0.0031436378858861217,
    "WLHImagSurface_a0_n": 0.8508498936316689,
    "WLHRealSpinOrbit_V0_p": 9.758500033567152,
    "WLHRealSpinOrbit_V1_p": 0.008465904547472057,
    "WLHRealSpinOrbit_r0_p": 1.2528734028259538,
    "WLHRealSpinOrbit_r1_p": 0.8417119414413794,
    "WLHRealSpinOrbit_a0_p": 0.7879472689687775,
    "WLHRealSpinOrbit_a1_p": 0.00033575322549556276,
    "WLHRealSpinOrbit_V0_n": 9.486018599153748,
    "WLHRealSpinOrbit_V1_n": 0.008292199917027463,
    "WLHRealSpinOrbit_r0_n": 1.2772120862816168,
    "WLHRealSpinOrbit_r1_n": 0.8525442678225381,
    "WLHRealSpinOrbit_a0_n": 0.7969172030488717,
    "WLHRealSpinOrbit_a1_n": 0.000379893700244973
}