{
    "CH89RealCentral": {
        "V_0": 56.5209,
        "V_t": 21.624,
        "V_e": -0.341081,
        "r_o": 1.16153,
        "r_o_0": -0.089794,
        "a_0": 0.724015
    },
    "CH89Coulomb": {
        "r_c": 1.32678,
        "r_c_0": 0.184247
    },
    "CH89SpinOrbit": {
        "V_so": 5.13513,
        "r_so": 1.37637,
        "r_so_0": -1.34071,
        "a_so": 0.536656
    },
    "CH89ImagCentral": {
        "W_v0": 15.1301,
        "W_ve0": 49.3102,
        "W_vew": 13.2112,
        "W_s0": 11.8149,
        "W_st": 15.04,
        "W_se0": 33.2865,
        "W_sew": 31.3245,
        "r_w": 1.40015,
        "r_w0": -1.11861,
        "a_w": 0.772119
    }
}