{
    "ECS_p": 0.305855,
    "ECS_n": 0.754562,
    "APower_p": 0.595064,
    "APower_n": 0.357929
}