{
    "CH89RealCentral": {
        "V_0": 57.1234,
        "V_t": -1.7546,
        "V_e": -0.337928,
        "r_o": 1.21062,
        "r_o_0": -0.313261,
        "a_0": 0.765285
    },
    "CH89Coulomb": {
        "r_c": 1.37045,
        "r_c_0": 0.115166
    },
    "CH89SpinOrbit": {
        "V_so": 5.00725,
        "r_so": 1.13028,
        "r_so_0": -0.310555,
        "a_so": 0.627548
    },
    "CH89ImagCentral": {
        "W_v0": 7.79729,
        "W_ve0": 34.7771,
        "W_vew": 14.1441,
        "W_s0": 14.5889,
        "W_st": 42.882,
        "W_se0": 8.50886,
        "W_sew": 28.5459,
        "r_w": 1.3427,
        "r_w0": -0.361152,
        "a_w": 0.72036
    }
}