{
    "CH89RealCentral": {
        "V_0": 57.1122,
        "V_t": 18.8133,
        "V_e": -0.362407,
        "r_o": 1.20772,
        "r_o_0": -0.300661,
        "a_0": 0.763363
    },
    "CH89Coulomb": {
        "r_c": 1.12214,
        "r_c_0": 0.118809
    },
    "CH89SpinOrbit": {
        "V_so": 7.17816,
        "r_so": 1.30301,
        "r_so_0": -1.15911,
        "a_so": 0.642541
    },
    "CH89ImagCentral": {
        "W_v0": 8.74923,
        "W_ve0": 27.0113,
        "W_vew": 45.0344,
        "W_s0": 10.0782,
        "W_st": 31.5411,
        "W_se0": 2.39485,
        "W_sew": 61.9118,
        "r_w": 1.39202,
        "r_w0": -0.518713,
        "a_w": 0.663078
    }
}