{
    "WLHReal_V0_p": 54.20240225306481,
    "WLHReal_V1_p": 0.26461302670280756,
    "WLHReal_V2_p": 0.0004221713588571748,
    "WLHReal_V3_p": -7.317931266998146e-07,
    "WLHReal_V4_p": 16.219704153691897,
    "WLHReal_V5_p": 0.12293608608069793,
    "WLHReal_V6_p": 0.0001428756885570016,
    "WLHReal_r0_p": 1.230451245590544,
    "WLHReal_r1_p": 0.24014924716445385,
    "WLHReal_r2_p": 0.000490016269490696,
    "WLHReal_r3_p": 2.421719397963284e-06,
    "WLHReal_a0_p": 0.7377624205049141,
    "WLHReal_a1_p": 0.00012422734193035553,
    "WLHReal_a2_p": 1.1656729563315095e-06,
    "WLHReal_a3_p": 0.05536837279072705,
    "WLHReal_a4_p": 0.47341352150868715,
    "WLHReal_V0_n": 48.24481671100136,
    "WLHReal_V1_n": 0.28452091230626014,
    "WLHReal_V2_n": -0.001124482364196121,
    "WLHReal_V3_n": 6.227835782606527e-06,
    "WLHReal_V4_n": 19.154156071045556,
    "WLHReal_V5_n": 0.3460441850278991,
    "WLHReal_V6_n": 0.00179550885428292,
    "WLHReal_r0_n": 1.4039454903669852,
    "WLHReal_r1_n": 0.3894958971028466,
    "WLHReal_r2_n": 0.0013629968177093687,
    "WLHReal_r3_n": 1.591276274707567e-05,
    "WLHReal_a0_n": 0.7818433289797942,
    "WLHReal_a1_n": 0.0016011443074440104,
    "WLHReal_a2_n": 2.12520948623931e-05,
    "WLHReal_a3_n": 0.3125102927844804,
    "WLHReal_a4_n": 1.0428507113566907,
    "WLHImagVolume_W0_p": 2.656005835069729,
    "WLHImagVolume_W1_p": 0.14930422382400543,
    "WLHImagVolume_W2_p": -6.61611191281163e-05,
    "WLHImagVolume_W3_p": 10.095084769713031,
    "WLHImagVolume_W4_p": 0.050613965150639637,
    "WLHImagVolume_r0_p": 0.7748447456921165,
    "WLHImagVolume_r1_p": 23.21186322423039,
    "WLHImagVolume_r2_p": 0.4109145415536354,
    "WLHImagVolume_r3_p": 37.836578353159815,
    "WLHImagVolume_r4_p": 0.8096995749563006,
    "WLHImagVolume_r5_p": 2.4672676571795498e-06,
    "WLHImagVolume_a0_p": 0.5227700602574675,
    "WLHImagVolume_a1_p": 0.2403825959052103,
    "WLHImagVolume_a2_p": 10.955310227956492,
    "WLHImagVolume_a3_p": 0.39231092233448106,
    "WLHImagVolume_a4_p": 0.0019207505789672,
    "WLHImagVolume_W0_n": 3.4030361783640046,
    "WLHImagVolume_W1_n": 0.2809365338673177,
    "WLHImagVolume_W2_n": 0.0009550935940711093,
    "WLHImagVolume_W3_n": 8.60822858896666,
    "WLHImagVolume_W4_n": 0.00532753053246756,
    "WLHImagVolume_r0_n": 0.44073864697638065,
    "WLHImagVolume_r1_n": 123.78701034451481,
    "WLHImagVolume_r2_n": 0.951699958244302,
    "WLHImagVolume_r3_n": 125.77216996386544,
    "WLHImagVolume_r4_n": 0.7185654024043354,
    "WLHImagVolume_r5_n": 4.618793847555569e-06,
    "WLHImagVolume_a0_n": 0.28589310151216546,
    "WLHImagVolume_a1_n": 0.5685281499134281,
    "WLHImagVolume_a2_n": 3.6523394712256803,
    "WLHImagVolume_a3_n": 0.056161961429951335,
    "WLHImagVolume_a4_n": 0.00022423066936984722,
    "WLHImagSurface_W0_p": 1.0130072128335559,
    "WLHImagSurface_W1_p": 0.032345661996256554,
    "WLHImagSurface_W2_p": 1.2900578091740305,
    "WLHImagSurface_W3_p": 0.10298968340271406,
    "WLHImagSurface_r0_p": 0.9816018812986808,
    "WLHImagSurface_r1_p": 0.5957948660363636,
    "WLHImagSurface_r2_p": 0.008057409076589181,
    "WLHImagSurface_a0_p": 0.6833349945968354,
    "WLHImagSurface_W0_n": 2.000813338865389,
    "WLHImagSurface_W1_n": 0.07940063337528729,
    "WLHImagSurface_W2_n": 3.8706076816706525,
    "WLHImagSurface_W3_n": 0.2858144527964206,
    "WLHImagSurface_r0_n": 1.372766313312085,
    "WLHImagSurface_r1_n": 1.8414400443896075,
    "WLHImagSurface_r2_n": 0.00171289137180118,
    "WLHImagSurface_a0_n": 0.8967297520943789,
    "WLHRealSpinOrbit_V0_p": 10.364360233297274,
    "WLHRealSpinOrbit_V1_p": 0.008558472402266516,
    "WLHRealSpinOrbit_r0_p": 1.214476608254109,
    "WLHRealSpinOrbit_r1_p": 0.7608217564663037,
    "WLHRealSpinOrbit_a0_p": 0.7557003928054341,
    "WLHRealSpinOrbit_a1_p": 0.0003767595316500954,
    "WLHRealSpinOrbit_V0_n": 8.393245390497897,
    "WLHRealSpinOrbit_V1_n": 0.008278699098514128,
    "WLHRealSpinOrbit_r0_n": 1.3816740239007792,
    "WLHRealSpinOrbit_r1_n": 1.0173299378540017,
    "WLHRealSpinOrbit_a0_n": 0.8737305008749123,
    "WLHRealSpinOrbit_a1_n": 0.00036551776042995917
}