{
    "ECS_p": 0.383437,
    "ECS_n": 0.277499,
    "APower_p": 0.663858,
    "APower_n": 0.638739
}