{
    "CH89RealCentral": {
        "V_0": 54.6866,
        "V_t": 8.39434,
        "V_e": -0.307914,
        "r_o": 1.16272,
        "r_o_0": 0.0110142,
        "a_0": 0.746691
    },
    "CH89Coulomb": {
        "r_c": 1.39826,
        "r_c_0": 0.107088
    },
    "CH89SpinOrbit": {
        "V_so": 5.51947,
        "r_so": 1.1725,
        "r_so_0": -0.47607,
        "a_so": 0.636463
    },
    "CH89ImagCentral": {
        "W_v0": 15.0853,
        "W_ve0": 35.7,
        "W_vew": 16.2884,
        "W_s0": 8.74992,
        "W_st": 26.5458,
        "W_se0": 33.9549,
        "W_sew": 14.0413,
        "r_w": 1.34057,
        "r_w0": -0.442917,
        "a_w": 0.636711
    }
}