{
    "CH89RealCentral": {
        "V_0": 55.8062,
        "V_t": 17.4235,
        "V_e": -0.344326,
        "r_o": 1.20606,
        "r_o_0": -0.205082,
        "a_0": 0.725303
    },
    "CH89Coulomb": {
        "r_c": 1.18123,
        "r_c_0": 0.217534
    },
    "CH89SpinOrbit": {
        "V_so": 5.53775,
        "r_so": 1.44391,
        "r_so_0": -1.63014,
        "a_so": 0.533067
    },
    "CH89ImagCentral": {
        "W_v0": 3.65469,
        "W_ve0": 41.1796,
        "W_vew": 22.8721,
        "W_s0": 10.6915,
        "W_st": 20.3939,
        "W_se0": 53.0158,
        "W_sew": 54.8118,
        "r_w": 1.2459,
        "r_w0": -0.375814,
        "a_w": 0.71922
    }
}