{
    "WLHReal_V0_p": 50.53963194454326,
    "WLHReal_V1_p": 0.2575306070134963,
    "WLHReal_V2_p": -0.00027825412937104916,
    "WLHReal_V3_p": 2.4515733795291106e-06,
    "WLHReal_V4_p": 13.928193468094545,
    "WLHReal_V5_p": 0.12556858034064347,
    "WLHReal_V6_p": 0.0003616051724030363,
    "WLHReal_r0_p": 1.312910311474828,
    "WLHReal_r1_p": 0.2692377390778048,
    "WLHReal_r2_p": 0.0006469584957375001,
    "WLHReal_r3_p": 7.012793930435715e-06,
    "WLHReal_a0_p": 0.7680554145572099,
    "WLHReal_a1_p": 8.186415942635795e-06,
    "WLHReal_a2_p": 6.189648981850903e-06,
    "WLHReal_a3_p": -0.01053871936957746,
    "WLHReal_a4_p": 0.44208410945214327,
    "WLHReal_V0_n": 48.894200213571516,
    "WLHReal_V1_n": 0.28984044596945396,
    "WLHReal_V2_n": -0.0008402304290955106,
    "WLHReal_V3_n": 5.688699786478657e-06,
    "WLHReal_V4_n": 19.393555625951013,
    "WLHReal_V5_n": 0.3263336848393589,
    "WLHReal_V6_n": 0.0015391201782482351,
    "WLHReal_r0_n": 1.3844050841192854,
    "WLHReal_r1_n": 0.3853468368808094,
    "WLHReal_r2_n": 0.0011929999265410831,
    "WLHReal_r3_n": 1.3325722896789489e-05,
    "WLHReal_a0_n": 0.767957980063778,
    "WLHReal_a1_n": 0.0013869174349999095,
    "WLHReal_a2_n": 1.747150743305743e-05,
    "WLHReal_a3_n": 0.2865310187281203,
    "WLHReal_a4_n": 0.9607607660147817,
    "WLHImagVolume_W0_p": 3.8106527070296914,
    "WLHImagVolume_W1_p": 0.142048618676917,
    "WLHImagVolume_W2_p": 1.4472760684286848e-05,
    "WLHImagVolume_W3_p": 7.819552844681545,
    "WLHImagVolume_W4_p": 0.06032172549582964,
    "WLHImagVolume_r0_p": 0.7833987086264453,
    "WLHImagVolume_r1_p": 29.55845786641885,
    "WLHImagVolume_r2_p": 0.49289412996617593,
    "WLHImagVolume_r3_p": 44.08606902835591,
    "WLHImagVolume_r4_p": 0.6911712377445371,
    "WLHImagVolume_r5_p": 1.2705354671161913e-06,
    "WLHImagVolume_a0_p": 0.5634349357298897,
    "WLHImagVolume_a1_p": 0.2551818928379386,
    "WLHImagVolume_a2_p": 13.226320462673884,
    "WLHImagVolume_a3_p": 0.409779898990405,
    "WLHImagVolume_a4_p": 0.0023668734646598915,
    "WLHImagVolume_W0_n": 3.006687942783693,
    "WLHImagVolume_W1_n": 0.26478215482789463,
    "WLHImagVolume_W2_n": 0.0008907942653628749,
    "WLHImagVolume_W3_n": 8.00088123451367,
    "WLHImagVolume_W4_n": 0.010085128134641245,
    "WLHImagVolume_r0_n": 0.4209350990337932,
    "WLHImagVolume_r1_n": 123.55201700502768,
    "WLHImagVolume_r2_n": 0.9516461725556866,
    "WLHImagVolume_r3_n": 120.72291979002671,
    "WLHImagVolume_r4_n": 0.6931402313950827,
    "WLHImagVolume_r5_n": 3.596847912521117e-06,
    "WLHImagVolume_a0_n": 0.25888068060800606,
    "WLHImagVolume_a1_n": 0.5888838268152239,
    "WLHImagVolume_a2_n": 4.8965466110359674,
    "WLHImagVolume_a3_n": 0.06175305456222097,
    "WLHImagVolume_a4_n": 0.0002628609685791991,
    "WLHImagSurface_W0_p": 0.8786958654144724,
    "WLHImagSurface_W1_p": 0.03181469620847561,
    "WLHImagSurface_W2_p": 1.0650740749253331,
    "WLHImagSurface_W3_p": 0.10648143675678418,
    "WLHImagSurface_r0_p": 0.8884010019294437,
    "WLHImagSurface_r1_p": 0.17514239811119148,
    "WLHImagSurface_r2_p": 0.0036451553183114464,
    "WLHImagSurface_a0_p": 0.723982176540289,
    "WLHImagSurface_W0_n": 1.9954907207255077,
    "WLHImagSurface_W1_n": 0.0725780453414338,
    "WLHImagSurface_W2_n": 3.8401586417904996,
    "WLHImagSurface_W3_n": 0.2635507311947445,
    "WLHImagSurface_r0_n": 1.3709572420824139,
    "WLHImagSurface_r1_n": 1.7749555915566453,
    "WLHImagSurface_r2_n": 0.002189877709599062,
    "WLHImagSurface_a0_n": 0.884776331434481,
    "WLHRealSpinOrbit_V0_p": 9.530544004916822,
    "WLHRealSpinOrbit_V1_p": 0.0085174387737584,
    "WLHRealSpinOrbit_r0_p": 1.297660498718465,
    "WLHRealSpinOrbit_r1_p": 0.8802178863828585,
    "WLHRealSpinOrbit_a0_p": 0.8134777848606906,
    "WLHRealSpinOrbit_a1_p": 0.0003852956378941547,
    "WLHRealSpinOrbit_V0_n": 8.47513048538596,
    "WLHRealSpinOrbit_V1_n": 0.008115014872011689,
    "WLHRealSpinOrbit_r0_n": 1.3588086139616529,
    "WLHRealSpinOrbit_r1_n": 0.9790646038992156,
    "WLHRealSpinOrbit_a0_n": 0.8543402888453167,
    "WLHRealSpinOrbit_a1_n": 0.00037173673776487757
}