{
    "ECS_p": 0.569314,
    "ECS_n": 0.5439,
    "APower_p": 0.688234,
    "APower_n": 0.555394
}