{
    "ECS_p": 0.172012,
    "ECS_n": 0.603948,
    "APower_p": 0.739706,
    "APower_n": 0.519266
}