{
    "CH89RealCentral": {
        "V_0": 57.7818,
        "V_t": 23.1639,
        "V_e": -0.393921,
        "r_o": 1.17884,
        "r_o_0": -0.175343,
        "a_0": 0.709087
    },
    "CH89Coulomb": {
        "r_c": 1.05239,
        "r_c_0": 0.106177
    },
    "CH89SpinOrbit": {
        "V_so": 6.19695,
        "r_so": 1.33159,
        "r_so_0": -1.21313,
        "a_so": 0.652278
    },
    "CH89ImagCentral": {
        "W_v0": 8.46727,
        "W_ve0": 5.02464,
        "W_vew": 31.7213,
        "W_s0": 5.55616,
        "W_st": 13.0401,
        "W_se0": 67.1028,
        "W_sew": 89.4389,
        "r_w": 1.31008,
        "r_w0": -0.444623,
        "a_w": 0.759252
    }
}