{
    "CH89RealCentral": {
        "V_0": 54.2307,
        "V_t": 13.1788,
        "V_e": -0.367063,
        "r_o": 1.21442,
        "r_o_0": -0.151167,
        "a_0": 0.719097
    },
    "CH89Coulomb": {
        "r_c": 1.31544,
        "r_c_0": 0.222262
    },
    "CH89SpinOrbit": {
        "V_so": 6.02214,
        "r_so": 1.28882,
        "r_so_0": -0.821788,
        "a_so": 0.557052
    },
    "CH89ImagCentral": {
        "W_v0": 7.83318,
        "W_ve0": 38.0628,
        "W_vew": 21.3975,
        "W_s0": 25.4425,
        "W_st": 45.4584,
        "W_se0": -52.3666,
        "W_sew": 70.8274,
        "r_w": 1.30091,
        "r_w0": -0.69402,
        "a_w": 0.726763
    }
}