{
    "WLHReal_V0_p": 53.48480388324513,
    "WLHReal_V1_p": 0.33831674108945337,
    "WLHReal_V2_p": -0.00038189360509226466,
    "WLHReal_V3_p": 3.944160044998847e-06,
    "WLHReal_V4_p": 10.196231869361906,
    "WLHReal_V5_p": 0.14744664189286183,
    "WLHReal_V6_p": 0.0004332711431025658,
    "WLHReal_r0_p": 1.3695243986092076,
    "WLHReal_r1_p": 0.38594439750120496,
    "WLHReal_r2_p": 0.0009139811970287846,
    "WLHReal_r3_p": 7.225072034987742e-06,
    "WLHReal_a0_p": 0.8096861729920122,
    "WLHReal_a1_p": 0.00012771010122802486,
    "WLHReal_a2_p": 6.924754532413939e-06,
    "WLHReal_a3_p": 0.05328321845214141,
    "WLHReal_a4_p": 0.6121736269977186,
    "WLHReal_V0_n": 51.18588726832718,
    "WLHReal_V1_n": 0.26467361384850724,
    "WLHReal_V2_n": -0.0006353658698957424,
    "WLHReal_V3_n": 3.736558221639991e-06,
    "WLHReal_V4_n": 20.62666377152245,
    "WLHReal_V5_n": 0.3133233896428111,
    "WLHReal_V6_n": 0.0013230764020905669,
    "WLHReal_r0_n": 1.3525047452608832,
    "WLHReal_r1_n": 0.4027758788516503,
    "WLHReal_r2_n": 0.0009730599307190843,
    "WLHReal_r3_n": 9.985420086729485e-06,
    "WLHReal_a0_n": 0.7557078467291969,
    "WLHReal_a1_n": 0.0009633840529442306,
    "WLHReal_a2_n": 1.2281466509502494e-05,
    "WLHReal_a3_n": 0.25023073018265907,
    "WLHReal_a4_n": 0.8357904380945048,
    "WLHImagVolume_W0_p": 5.436858586140102,
    "WLHImagVolume_W1_p": 0.2915478505330146,
    "WLHImagVolume_W2_p": 0.0007668610847975006,
    "WLHImagVolume_W3_p": 12.71831220194776,
    "WLHImagVolume_W4_p": 0.0964383879744258,
    "WLHImagVolume_r0_p": 0.4331381117229768,
    "WLHImagVolume_r1_p": 77.80293357008671,
    "WLHImagVolume_r2_p": 0.8934632443189572,
    "WLHImagVolume_r3_p": 82.86007788578416,
    "WLHImagVolume_r4_p": 0.3887289697191939,
    "WLHImagVolume_r5_p": 5.059665990615278e-07,
    "WLHImagVolume_a0_p": 0.5684043143432295,
    "WLHImagVolume_a1_p": 0.3251385677461053,
    "WLHImagVolume_a2_p": 19.444467580743847,
    "WLHImagVolume_a3_p": 0.4129681551324099,
    "WLHImagVolume_a4_p": 0.002430181981923189,
    "WLHImagVolume_W0_n": 2.9217524532372208,
    "WLHImagVolume_W1_n": 0.27076299052068503,
    "WLHImagVolume_W2_n": 0.0006059887258713544,
    "WLHImagVolume_W3_n": 8.527309859542939,
    "WLHImagVolume_W4_n": 0.017138172087955192,
    "WLHImagVolume_r0_n": 0.5351391620322411,
    "WLHImagVolume_r1_n": 86.72823980550427,
    "WLHImagVolume_r2_n": 0.8008337728140424,
    "WLHImagVolume_r3_n": 95.55478394522093,
    "WLHImagVolume_r4_n": 0.9288503569530467,
    "WLHImagVolume_r5_n": 4.717499509503781e-06,
    "WLHImagVolume_a0_n": 0.2749986767493193,
    "WLHImagVolume_a1_n": 0.5796246665749487,
    "WLHImagVolume_a2_n": 6.123434126279216,
    "WLHImagVolume_a3_n": 0.0780365887964943,
    "WLHImagVolume_a4_n": 0.0009121239569846958,
    "WLHImagSurface_W0_p": 1.0693018379373929,
    "WLHImagSurface_W1_p": 0.0637765912751857,
    "WLHImagSurface_W2_p": 1.1743342437892565,
    "WLHImagSurface_W3_p": 0.23776404576221613,
    "WLHImagSurface_r0_p": 1.018053880984925,
    "WLHImagSurface_r1_p": 0.4876008189737716,
    "WLHImagSurface_r2_p": 0.0018296903531158106,
    "WLHImagSurface_a0_p": 0.8773085454160976,
    "WLHImagSurface_W0_n": 1.5818832670216203,
    "WLHImagSurface_W1_n": 0.047841097344005455,
    "WLHImagSurface_W2_n": 2.8688039502437723,
    "WLHImagSurface_W3_n": 0.18722094105316206,
    "WLHImagSurface_r0_n": 1.3067235120787681,
    "WLHImagSurface_r1_n": 1.5769679046306322,
    "WLHImagSurface_r2_n": 0.002455587311907317,
    "WLHImagSurface_a0_n": 0.8692288380399694,
    "WLHRealSpinOrbit_V0_p": 8.791851683815214,
    "WLHRealSpinOrbit_V1_p": 0.008136247346091738,
    "WLHRealSpinOrbit_r0_p": 1.3196561887559914,
    "WLHRealSpinOrbit_r1_p": 0.9367793290387886,
    "WLHRealSpinOrbit_a0_p": 0.8305225944907135,
    "WLHRealSpinOrbit_a1_p": 0.00034261036313426845,
    "WLHRealSpinOrbit_V0_n": 9.201443613119766,
    "WLHRealSpinOrbit_V1_n": 0.008467018732980489,
    "WLHRealSpinOrbit_r0_n": 1.3234679028851488,
    "WLHRealSpinOrbit_r1_n": 0.9233424988760787,
    "WLHRealSpinOrbit_a0_n": 0.8319900733368136,
    "WLHRealSpinOrbit_a1_n": 0.00037389733995113423
}