{
    "CH89RealCentral": {
        "V_0": 53.8437,
        "V_t": 18.0087,
        "V_e": -0.359867,
        "r_o": 1.20757,
        "r_o_0": -0.261385,
        "a_0": 0.74837
    },
    "CH89Coulomb": {
        "r_c": 1.43432,
        "r_c_0": 0.0346794
    },
    "CH89SpinOrbit": {
        "V_so": 5.76144,
        "r_so": 1.15719,
        "r_so_0": -0.513129,
        "a_so": 0.590004
    },
    "CH89ImagCentral": {
        "W_v0": 13.2317,
        "W_ve0": 42.8362,
        "W_vew": 14.292,
        "W_s0": 8.40188,
        "W_st": 22.5098,
        "W_se0": 30.9354,
        "W_sew": 22.4057,
        "r_w": 1.2989,
        "r_w0": 0.0366929,
        "a_w": 0.704909
    }
}