{
    "WLHReal_V0_p": 54.64217243830535,
    "WLHReal_V1_p": 0.3135542468334985,
    "WLHReal_V2_p": 0.0002280017954509904,
    "WLHReal_V3_p": 1.6207701860930579e-06,
    "WLHReal_V4_p": 13.295402611221451,
    "WLHReal_V5_p": 0.13700362488123682,
    "WLHReal_V6_p": 0.0002200908979704315,
    "WLHReal_r0_p": 1.2915001126407268,
    "WLHReal_r1_p": 0.3331136982023915,
    "WLHReal_r2_p": 0.0006291065867013356,
    "WLHReal_r3_p": 3.0757580048648892e-06,
    "WLHReal_a0_p": 0.7686438154081805,
    "WLHReal_a1_p": 0.00014530046818543853,
    "WLHReal_a2_p": 2.3847745353412802e-06,
    "WLHReal_a3_p": 0.07813800678074273,
    "WLHReal_a4_p": 0.5543498763768486,
    "WLHReal_V0_n": 54.57773823703693,
    "WLHReal_V1_n": 0.28870624124848177,
    "WLHReal_V2_n": -6.766026560921999e-05,
    "WLHReal_V3_n": 1.4817344762240079e-06,
    "WLHReal_V4_n": 21.619572647908587,
    "WLHReal_V5_n": 0.27250355470567383,
    "WLHReal_V6_n": 0.0009311179430814252,
    "WLHReal_r0_n": 1.2641828516113498,
    "WLHReal_r1_n": 0.2856905181441667,
    "WLHReal_r2_n": 0.0008119528095206168,
    "WLHReal_r3_n": 7.425944898371632e-06,
    "WLHReal_a0_n": 0.7332704891434803,
    "WLHReal_a1_n": 0.0006351773788690378,
    "WLHReal_a2_n": 8.045360302962086e-06,
    "WLHReal_a3_n": 0.2762594520216244,
    "WLHReal_a4_n": 0.8559604292265901,
    "WLHImagVolume_W0_p": 3.7447251018431236,
    "WLHImagVolume_W1_p": 0.22818587129578852,
    "WLHImagVolume_W2_p": 0.0004351535201280965,
    "WLHImagVolume_W3_p": 12.158804256838545,
    "WLHImagVolume_W4_p": 0.07157184484451101,
    "WLHImagVolume_r0_p": 0.5154334151222314,
    "WLHImagVolume_r1_p": 60.43536515893304,
    "WLHImagVolume_r2_p": 0.729054379657294,
    "WLHImagVolume_r3_p": 67.25674233384835,
    "WLHImagVolume_r4_p": 0.5360560970359781,
    "WLHImagVolume_r5_p": 1.491846293460662e-06,
    "WLHImagVolume_a0_p": 0.5231380700453908,
    "WLHImagVolume_a1_p": 0.3029754451695661,
    "WLHImagVolume_a2_p": 16.705587626313118,
    "WLHImagVolume_a3_p": 0.3817793401663867,
    "WLHImagVolume_a4_p": 0.0018281300469851374,
    "WLHImagVolume_W0_n": 3.0067438757742444,
    "WLHImagVolume_W1_n": 0.25606707443537097,
    "WLHImagVolume_W2_n": 0.0003772087661136948,
    "WLHImagVolume_W3_n": 9.357278323871775,
    "WLHImagVolume_W4_n": 0.03625138328575504,
    "WLHImagVolume_r0_n": 0.6209226996216342,
    "WLHImagVolume_r1_n": 62.06849053283562,
    "WLHImagVolume_r2_n": 0.6372065446638049,
    "WLHImagVolume_r3_n": 73.96719948053564,
    "WLHImagVolume_r4_n": 1.0085302274394725,
    "WLHImagVolume_r5_n": 3.9145235138636556e-06,
    "WLHImagVolume_a0_n": 0.23649355860798738,
    "WLHImagVolume_a1_n": 0.5786360251102932,
    "WLHImagVolume_a2_n": 6.983563967635684,
    "WLHImagVolume_a3_n": 0.040944952036095744,
    "WLHImagVolume_a4_n": 0.0006563143095036386,
    "WLHImagSurface_W0_p": 1.2169458592122153,
    "WLHImagSurface_W1_p": 0.06354797596023898,
    "WLHImagSurface_W2_p": 1.6225647670452474,
    "WLHImagSurface_W3_p": 0.22790633704992702,
    "WLHImagSurface_r0_p": 1.0790817485740298,
    "WLHImagSurface_r1_p": 0.7149262341363605,
    "WLHImagSurface_r2_p": 0.006201346681520076,
    "WLHImagSurface_a0_p": 0.8197632367369637,
    "WLHImagSurface_W0_n": 1.5985383008130074,
    "WLHImagSurface_W1_n": 0.030424101979737526,
    "WLHImagSurface_W2_n": 1.9133880764358615,
    "WLHImagSurface_W3_n": 0.10333321722654325,
    "WLHImagSurface_r0_n": 1.2547286133094955,
    "WLHImagSurface_r1_n": 1.389091985699058,
    "WLHImagSurface_r2_n": 0.003464902267054882,
    "WLHImagSurface_a0_n": 0.8369935198124598,
    "WLHRealSpinOrbit_V0_p": 9.540986917507619,
    "WLHRealSpinOrbit_V1_p": 0.008144639734944035,
    "WLHRealSpinOrbit_r0_p": 1.2510479946141146,
    "WLHRealSpinOrbit_r1_p": 0.8228108169192134,
    "WLHRealSpinOrbit_a0_p": 0.7786359489571445,
    "WLHRealSpinOrbit_a1_p": 0.00036215773958219583,
    "WLHRealSpinOrbit_V0_n": 10.082895527813319,
    "WLHRealSpinOrbit_V1_n": 0.00875648186827219,
    "WLHRealSpinOrbit_r0_n": 1.2489857163794855,
    "WLHRealSpinOrbit_r1_n": 0.837474200103843,
    "WLHRealSpinOrbit_a0_n": 0.789260478798818,
    "WLHRealSpinOrbit_a1_n": 0.00033577468878278694
}