{
    "ECS_p": 0.297184,
    "ECS_n": 0.520628,
    "APower_p": 0.671041,
    "APower_n": 0.620296
}