{
    "WLHReal_V0_p": 54.901860850156204,
    "WLHReal_V1_p": 0.3194743428580828,
    "WLHReal_V2_p": -0.00033011041828763526,
    "WLHReal_V3_p": 3.017782403212163e-06,
    "WLHReal_V4_p": 11.671856214627057,
    "WLHReal_V5_p": 0.1410980223293774,
    "WLHReal_V6_p": 0.0004270910836424339,
    "WLHReal_r0_p": 1.321956490047707,
    "WLHReal_r1_p": 0.3098051157989888,
    "WLHReal_r2_p": 0.001012784755721578,
    "WLHReal_r3_p": 9.406170319855409e-06,
    "WLHReal_a0_p": 0.8001755739330394,
    "WLHReal_a1_p": 0.00018834284325627067,
    "WLHReal_a2_p": 6.984779682513446e-06,
    "WLHReal_a3_p": 0.053628359065069256,
    "WLHReal_a4_p": 0.6286398272811271,
    "WLHReal_V0_n": 56.13761649120369,
    "WLHReal_V1_n": 0.2947582680690613,
    "WLHReal_V2_n": 0.0003380407516271973,
    "WLHReal_V3_n": 5.831345992583703e-07,
    "WLHReal_V4_n": 22.175632444470708,
    "WLHReal_V5_n": 0.24469697574764784,
    "WLHReal_V6_n": 0.0005803105624084405,
    "WLHReal_r0_n": 1.2264527543333361,
    "WLHReal_r1_n": 0.2675313720652217,
    "WLHReal_r2_n": 0.0005818233752902042,
    "WLHReal_r3_n": 3.4159331461150833e-06,
    "WLHReal_a0_n": 0.7140695445116008,
    "WLHReal_a1_n": 0.00030339404969234097,
    "WLHReal_a2_n": 2.653875176276589e-06,
    "WLHReal_a3_n": 0.24734226254001118,
    "WLHReal_a4_n": 0.7560969716932808,
    "WLHImagVolume_W0_p": 5.383991900243148,
    "WLHImagVolume_W1_p": 0.29102640165119414,
    "WLHImagVolume_W2_p": 0.0005283792426422997,
    "WLHImagVolume_W3_p": 13.225774560889032,
    "WLHImagVolume_W4_p": 0.0963067443665257,
    "WLHImagVolume_r0_p": 0.6419871541064596,
    "WLHImagVolume_r1_p": 48.946493939194056,
    "WLHImagVolume_r2_p": 0.6389191953329526,
    "WLHImagVolume_r3_p": 61.893228733851565,
    "WLHImagVolume_r4_p": 0.6486289225197138,
    "WLHImagVolume_r5_p": 1.731226594511284e-06,
    "WLHImagVolume_a0_p": 0.5942168573545463,
    "WLHImagVolume_a1_p": 0.2617238320541618,
    "WLHImagVolume_a2_p": 13.763516517286257,
    "WLHImagVolume_a3_p": 0.455377552620018,
    "WLHImagVolume_a4_p": 0.0029959997897532906,
    "WLHImagVolume_W0_n": 2.6179382816734673,
    "WLHImagVolume_W1_n": 0.24003894545614826,
    "WLHImagVolume_W2_n": 0.00024272400258230225,
    "WLHImagVolume_W3_n": 8.970994967041895,
    "WLHImagVolume_W4_n": 0.04584644184522188,
    "WLHImagVolume_r0_n": 0.62970046010476,
    "WLHImagVolume_r1_n": 52.750686510956285,
    "WLHImagVolume_r2_n": 0.5913024356164217,
    "WLHImagVolume_r3_n": 61.99001209764347,
    "WLHImagVolume_r4_n": 1.0287411773009083,
    "WLHImagVolume_r5_n": 2.4899285556915363e-06,
    "WLHImagVolume_a0_n": 0.20586368046434628,
    "WLHImagVolume_a1_n": 0.597742758311747,
    "WLHImagVolume_a2_n": 8.513203691433237,
    "WLHImagVolume_a3_n": 0.042726278285580545,
    "WLHImagVolume_a4_n": 0.0007492277653132022,
    "WLHImagSurface_W0_p": 0.7095014244985858,
    "WLHImagSurface_W1_p": 0.022780071399207215,
    "WLHImagSurface_W2_p": 0.24645842233000703,
    "WLHImagSurface_W3_p": 0.08095237489111848,
    "WLHImagSurface_r0_p": 0.8942674767109899,
    "WLHImagSurface_r1_p": 0.4146155637852093,
    "WLHImagSurface_r2_p": 0.0021504690200385506,
    "WLHImagSurface_a0_p": 0.7474972470677466,
    "WLHImagSurface_W0_n": 1.547593977890659,
    "WLHImagSurface_W1_n": 0.017679072110717984,
    "WLHImagSurface_W2_n": 1.621052955537695,
    "WLHImagSurface_W3_n": 0.058051714243301564,
    "WLHImagSurface_r0_n": 1.235722287841056,
    "WLHImagSurface_r1_n": 1.2673388945364934,
    "WLHImagSurface_r2_n": 0.004148406329324076,
    "WLHImagSurface_a0_n": 0.8175506807897542,
    "WLHRealSpinOrbit_V0_p": 9.5990954316963,
    "WLHRealSpinOrbit_V1_p": 0.008717069375995534,
    "WLHRealSpinOrbit_r0_p": 1.2898879979958027,
    "WLHRealSpinOrbit_r1_p": 0.9057779325355609,
    "WLHRealSpinOrbit_a0_p": 0.8197883597311684,
    "WLHRealSpinOrbit_a1_p": 0.0003226187752057699,
    "WLHRealSpinOrbit_V0_n": 10.40364572038467,
    "WLHRealSpinOrbit_V1_n": 0.00868486940722706,
    "WLHRealSpinOrbit_r0_n": 1.2092984678888585,
    "WLHRealSpinOrbit_r1_n": 0.777680538056772,
    "WLHRealSpinOrbit_a0_n": 0.7598618865472306,
    "WLHRealSpinOrbit_a1_n": 0.00033584434327220875
}