{
    "WLHReal_V0_p": 60.65172974440128,
    "WLHReal_V1_p": 0.34423989102709934,
    "WLHReal_V2_p": 0.0009017548603899595,
    "WLHReal_V3_p": -1.1788811926841238e-06,
    "WLHReal_V4_p": 14.748407456924248,
    "WLHReal_V5_p": 0.1512401995145919,
    "WLHReal_V6_p": 5.503841400024829e-05,
    "WLHReal_r0_p": 1.220298371205015,
    "WLHReal_r1_p": 0.3606289549579639,
    "WLHReal_r2_p": 0.0005544523889885564,
    "WLHReal_r3_p": -6.703907516200658e-07,
    "WLHReal_a0_p": 0.7541961506855595,
    "WLHReal_a1_p": 0.0003960658362779125,
    "WLHReal_a2_p": -2.7042373447853666e-06,
    "WLHReal_a3_p": 0.17344688069416897,
    "WLHReal_a4_p": 0.650502486616977,
    "WLHReal_V0_n": 56.71333112037809,
    "WLHReal_V1_n": 0.31180154308031705,
    "WLHReal_V2_n": -0.0001443028513742451,
    "WLHReal_V3_n": 2.5688388733505473e-06,
    "WLHReal_V4_n": 20.9169486972109,
    "WLHReal_V5_n": 0.291476495080639,
    "WLHReal_V6_n": 0.0010288262423497636,
    "WLHReal_r0_n": 1.2762556657737238,
    "WLHReal_r1_n": 0.3454072843174769,
    "WLHReal_r2_n": 0.0008229557510276621,
    "WLHReal_r3_n": 6.869409678200455e-06,
    "WLHReal_a0_n": 0.7410500677213656,
    "WLHReal_a1_n": 0.0005788701639566908,
    "WLHReal_a2_n": 7.1803442236750265e-06,
    "WLHReal_a3_n": 0.230530357178601,
    "WLHReal_a4_n": 0.8138808229990865,
    "WLHImagVolume_W0_p": 3.3835708016702024,
    "WLHImagVolume_W1_p": 0.3128839459761915,
    "WLHImagVolume_W2_p": 0.0005914853367445944,
    "WLHImagVolume_W3_p": 16.81448039100087,
    "WLHImagVolume_W4_p": 0.08274382639810526,
    "WLHImagVolume_r0_p": 0.4320539755039394,
    "WLHImagVolume_r1_p": 60.009497900256605,
    "WLHImagVolume_r2_p": 0.7223215769350918,
    "WLHImagVolume_r3_p": 64.50394601018397,
    "WLHImagVolume_r4_p": 0.6271570371471495,
    "WLHImagVolume_r5_p": 2.389482762658913e-06,
    "WLHImagVolume_a0_p": 0.5043045640824123,
    "WLHImagVolume_a1_p": 0.28430710558013267,
    "WLHImagVolume_a2_p": 13.906604653491147,
    "WLHImagVolume_a3_p": 0.3962653867178394,
    "WLHImagVolume_a4_p": 0.0018276678851260378,
    "WLHImagVolume_W0_n": 3.6904140586615037,
    "WLHImagVolume_W1_n": 0.335819417091657,
    "WLHImagVolume_W2_n": 0.0006444659982216707,
    "WLHImagVolume_W3_n": 10.785043853006716,
    "WLHImagVolume_W4_n": 0.07012429616869076,
    "WLHImagVolume_r0_n": 0.6062737116814652,
    "WLHImagVolume_r1_n": 59.817002769634136,
    "WLHImagVolume_r2_n": 0.6642591166998805,
    "WLHImagVolume_r3_n": 77.36745897047213,
    "WLHImagVolume_r4_n": 1.0245958586355026,
    "WLHImagVolume_r5_n": 3.5362117042688654e-06,
    "WLHImagVolume_a0_n": 0.26102491492374064,
    "WLHImagVolume_a1_n": 0.5676700064357181,
    "WLHImagVolume_a2_n": 4.843304466245527,
    "WLHImagVolume_a3_n": 0.014507779069826705,
    "WLHImagVolume_a4_n": 0.000662972173707341,
    "WLHImagSurface_W0_p": 1.3071410422483276,
    "WLHImagSurface_W1_p": 0.06613187478405241,
    "WLHImagSurface_W2_p": 1.8037514430645984,
    "WLHImagSurface_W3_p": 0.2428386241956002,
    "WLHImagSurface_r0_p": 1.1588910478560859,
    "WLHImagSurface_r1_p": 1.2875841419598895,
    "WLHImagSurface_r2_p": 0.010095642792186553,
    "WLHImagSurface_a0_p": 0.7468515532721494,
    "WLHImagSurface_W0_n": 2.0688168582138537,
    "WLHImagSurface_W1_n": 0.048628514051462415,
    "WLHImagSurface_W2_n": 2.8947587449243346,
    "WLHImagSurface_W3_n": 0.15419540292891698,
    "WLHImagSurface_r0_n": 1.2527516286442497,
    "WLHImagSurface_r1_n": 1.5261801964368191,
    "WLHImagSurface_r2_n": 0.00361549619459167,
    "WLHImagSurface_a0_n": 0.833951753822902,
    "WLHRealSpinOrbit_V0_p": 10.402391418370762,
    "WLHRealSpinOrbit_V1_p": 0.008254149090439505,
    "WLHRealSpinOrbit_r0_p": 1.1653781426000653,
    "WLHRealSpinOrbit_r1_p": 0.7117332601184302,
    "WLHRealSpinOrbit_a0_p": 0.7226883958635474,
    "WLHRealSpinOrbit_a1_p": 0.00033107828164997196,
    "WLHRealSpinOrbit_V0_n": 10.031736798739594,
    "WLHRealSpinOrbit_V1_n": 0.008812476540106395,
    "WLHRealSpinOrbit_r0_n": 1.2540300624601504,
    "WLHRealSpinOrbit_r1_n": 0.8556229732420771,
    "WLHRealSpinOrbit_a0_n": 0.7959188745300354,
    "WLHRealSpinOrbit_a1_n": 0.0003156824014701688
}