{
    "WLHReal_V0_p": 52.28059413142031,
    "WLHReal_V1_p": 0.2931475094060736,
    "WLHReal_V2_p": -0.00045861696754721586,
    "WLHReal_V3_p": 3.0336811683924936e-06,
    "WLHReal_V4_p": 12.095910853793981,
    "WLHReal_V5_p": 0.13292890413561442,
    "WLHReal_V6_p": 0.00044215612287706294,
    "WLHReal_r0_p": 1.3332148147893808,
    "WLHReal_r1_p": 0.2888880407295417,
    "WLHReal_r2_p": 0.0009186820161809077,
    "WLHReal_r3_p": 9.478125447099817e-06,
    "WLHReal_a0_p": 0.7930476861286339,
    "WLHReal_a1_p": 7.926500571424285e-05,
    "WLHReal_a2_p": 7.666187785081636e-06,
    "WLHReal_a3_p": 0.013102709419139769,
    "WLHReal_a4_p": 0.5504993300623089,
    "WLHReal_V0_n": 54.268056531554286,
    "WLHReal_V1_n": 0.3297557599162126,
    "WLHReal_V2_n": -0.0005988034790476709,
    "WLHReal_V3_n": 4.909801379707441e-06,
    "WLHReal_V4_n": 18.99078870850958,
    "WLHReal_V5_n": 0.33167892844636787,
    "WLHReal_V6_n": 0.0013900035229722396,
    "WLHReal_r0_n": 1.3608302377858317,
    "WLHReal_r1_n": 0.4541109103016675,
    "WLHReal_r2_n": 0.0010111830920402115,
    "WLHReal_r3_n": 9.337022049770454e-06,
    "WLHReal_a0_n": 0.7634449370135287,
    "WLHReal_a1_n": 0.0009695357391983254,
    "WLHReal_a2_n": 1.214662958894817e-05,
    "WLHReal_a3_n": 0.194233338256186,
    "WLHReal_a4_n": 0.8164997359584639,
    "WLHImagVolume_W0_p": 4.97052784851972,
    "WLHImagVolume_W1_p": 0.22629739927357717,
    "WLHImagVolume_W2_p": 0.00032856795343296836,
    "WLHImagVolume_W3_p": 10.553298861778847,
    "WLHImagVolume_W4_p": 0.08265389865413703,
    "WLHImagVolume_r0_p": 0.7094612999777957,
    "WLHImagVolume_r1_p": 42.29508442843061,
    "WLHImagVolume_r2_p": 0.5883054703148528,
    "WLHImagVolume_r3_p": 56.45708536400449,
    "WLHImagVolume_r4_p": 0.648977009513757,
    "WLHImagVolume_r5_p": 1.5261821042295133e-06,
    "WLHImagVolume_a0_p": 0.5892950691746806,
    "WLHImagVolume_a1_p": 0.2621555797222472,
    "WLHImagVolume_a2_p": 14.06228151265085,
    "WLHImagVolume_a3_p": 0.4390475825865561,
    "WLHImagVolume_a4_p": 0.0028134906214318284,
    "WLHImagVolume_W0_n": 3.8939828114020454,
    "WLHImagVolume_W1_n": 0.38319876025155425,
    "WLHImagVolume_W2_n": 0.001149528548997199,
    "WLHImagVolume_W3_n": 10.346353922351765,
    "WLHImagVolume_W4_n": 0.07488561684479925,
    "WLHImagVolume_r0_n": 0.4403412012798683,
    "WLHImagVolume_r1_n": 103.00122242599456,
    "WLHImagVolume_r2_n": 0.9104788718081962,
    "WLHImagVolume_r3_n": 110.7034129802675,
    "WLHImagVolume_r4_n": 0.7915475533881488,
    "WLHImagVolume_r5_n": 3.925033301794278e-06,
    "WLHImagVolume_a0_n": 0.27786348224387714,
    "WLHImagVolume_a1_n": 0.579696967028932,
    "WLHImagVolume_a2_n": 2.6853912006748244,
    "WLHImagVolume_a3_n": 0.016641444774499713,
    "WLHImagVolume_a4_n": 0.0004084737792510812,
    "WLHImagSurface_W0_p": 0.7330196226989277,
    "WLHImagSurface_W1_p": 0.02391013579505153,
    "WLHImagSurface_W2_p": 0.4345528111236316,
    "WLHImagSurface_W3_p": 0.08130997131307828,
    "WLHImagSurface_r0_p": 0.8721855146896867,
    "WLHImagSurface_r1_p": 0.2141741550922332,
    "WLHImagSurface_r2_p": 0.0017811868927402213,
    "WLHImagSurface_a0_p": 0.753025452236281,
    "WLHImagSurface_W0_n": 2.6468770597584785,
    "WLHImagSurface_W1_n": 0.08686419340769272,
    "WLHImagSurface_W2_n": 4.897127064590608,
    "WLHImagSurface_W3_n": 0.2903494269044277,
    "WLHImagSurface_r0_n": 1.3351233342084248,
    "WLHImagSurface_r1_n": 1.8557743008464263,
    "WLHImagSurface_r2_n": 0.0030453517825720857,
    "WLHImagSurface_a0_n": 0.8602460673774406,
    "WLHRealSpinOrbit_V0_p": 9.41265432046002,
    "WLHRealSpinOrbit_V1_p": 0.008645915971149356,
    "WLHRealSpinOrbit_r0_p": 1.3100230114305547,
    "WLHRealSpinOrbit_r1_p": 0.9210468153532249,
    "WLHRealSpinOrbit_a0_p": 0.8296394629980095,
    "WLHRealSpinOrbit_a1_p": 0.00034820473593613627,
    "WLHRealSpinOrbit_V0_n": 8.87285898184599,
    "WLHRealSpinOrbit_V1_n": 0.008288223839390272,
    "WLHRealSpinOrbit_r0_n": 1.3246159637392483,
    "WLHRealSpinOrbit_r1_n": 0.9488217056970687,
    "WLHRealSpinOrbit_a0_n": 0.8367308449520412,
    "WLHRealSpinOrbit_a1_n": 0.00033294802862378364
}