{
    "WLHReal_V0_p": 49.27316096244607,
    "WLHReal_V1_p": 0.25443258480567177,
    "WLHReal_V2_p": -0.0005747340636395984,
    "WLHReal_V3_p": 3.5727427145201607e-06,
    "WLHReal_V4_p": 13.097333652489782,
    "WLHReal_V5_p": 0.12143180928883958,
    "WLHReal_V6_p": 0.00044874336715672726,
    "WLHReal_r0_p": 1.3350511073023477,
    "WLHReal_r1_p": 0.24846077244579157,
    "WLHReal_r2_p": 0.0007915177330835434,
    "WLHReal_r3_p": 9.360764706763065e-06,
    "WLHReal_a0_p": 0.779830000731162,
    "WLHReal_a1_p": -4.5409712984893834e-05,
    "WLHReal_a2_p": 9.177057759387273e-06,
    "WLHReal_a3_p": -0.03702066970787331,
    "WLHReal_a4_p": 0.4485181446315627,
    "WLHReal_V0_n": 49.870810301323,
    "WLHReal_V1_n": 0.2346770847404043,
    "WLHReal_V2_n": -0.00026950310023891985,
    "WLHReal_V3_n": 2.0740800823572545e-06,
    "WLHReal_V4_n": 22.168517344521902,
    "WLHReal_V5_n": 0.2697481468007776,
    "WLHReal_V6_n": 0.0009761067992303021,
    "WLHReal_r0_n": 1.3024534477704754,
    "WLHReal_r1_n": 0.2988561791931195,
    "WLHReal_r2_n": 0.0008189137205070842,
    "WLHReal_r3_n": 7.955309071668496e-06,
    "WLHReal_a0_n": 0.733183777193259,
    "WLHReal_a1_n": 0.0007970233450670073,
    "WLHReal_a2_n": 9.163799881350508e-06,
    "WLHReal_a3_n": 0.3011743324607407,
    "WLHReal_a4_n": 0.8429187052439604,
    "WLHImagVolume_W0_p": 4.332734289250673,
    "WLHImagVolume_W1_p": 0.14023835291325704,
    "WLHImagVolume_W2_p": 1.2705194060142746e-05,
    "WLHImagVolume_W3_p": 7.186655965832273,
    "WLHImagVolume_W4_p": 0.06394763335228315,
    "WLHImagVolume_r0_p": 0.8358192981322987,
    "WLHImagVolume_r1_p": 27.571854999549853,
    "WLHImagVolume_r2_p": 0.4703918603672764,
    "WLHImagVolume_r3_p": 44.62948114633426,
    "WLHImagVolume_r4_p": 0.7025939170558128,
    "WLHImagVolume_r5_p": 1.259249734933418e-06,
    "WLHImagVolume_a0_p": 0.5851315399831244,
    "WLHImagVolume_a1_p": 0.2499893180672712,
    "WLHImagVolume_a2_p": 13.246301704145893,
    "WLHImagVolume_a3_p": 0.42427128373543616,
    "WLHImagVolume_a4_p": 0.0026505869193205666,
    "WLHImagVolume_W0_n": 1.8965833847765228,
    "WLHImagVolume_W1_n": 0.15775561249130415,
    "WLHImagVolume_W2_n": 0.00010742639838177379,
    "WLHImagVolume_W3_n": 6.773920717425616,
    "WLHImagVolume_W4_n": -0.02059336968142959,
    "WLHImagVolume_r0_n": 0.597420595594652,
    "WLHImagVolume_r1_n": 74.81806232281295,
    "WLHImagVolume_r2_n": 0.6892472770844696,
    "WLHImagVolume_r3_n": 78.3490093937767,
    "WLHImagVolume_r4_n": 0.977149707811116,
    "WLHImagVolume_r5_n": 4.047330174169361e-06,
    "WLHImagVolume_a0_n": 0.22970180186619385,
    "WLHImagVolume_a1_n": 0.5974331635931229,
    "WLHImagVolume_a2_n": 9.833821255128596,
    "WLHImagVolume_a3_n": 0.11030084483005295,
    "WLHImagVolume_a4_n": 0.0010149575107222762,
    "WLHImagSurface_W0_p": 0.7129811302812274,
    "WLHImagSurface_W1_p": 0.018745609099364447,
    "WLHImagSurface_W2_p": 0.5666884115151039,
    "WLHImagSurface_W3_p": 0.05637495190732047,
    "WLHImagSurface_r0_p": 0.8255114956601809,
    "WLHImagSurface_r1_p": -0.03707989762588382,
    "WLHImagSurface_r2_p": 0.0016495416925546564,
    "WLHImagSurface_a0_p": 0.7312909682003145,
    "WLHImagSurface_W0_n": 0.8536687579693304,
    "WLHImagSurface_W1_n": 0.011439499278874905,
    "WLHImagSurface_W2_n": 1.0862533412260595,
    "WLHImagSurface_W3_n": 0.0746322801565851,
    "WLHImagSurface_r0_n": 1.2808590734926353,
    "WLHImagSurface_r1_n": 1.2825215374498562,
    "WLHImagSurface_r2_n": 0.0026881448695683196,
    "WLHImagSurface_a0_n": 0.8586025005152098,
    "WLHRealSpinOrbit_V0_p": 9.359462763565631,
    "WLHRealSpinOrbit_V1_p": 0.008654083702401047,
    "WLHRealSpinOrbit_r0_p": 1.3264122107374394,
    "WLHRealSpinOrbit_r1_p": 0.9278662219582836,
    "WLHRealSpinOrbit_a0_p": 0.8370575618501084,
    "WLHRealSpinOrbit_a1_p": 0.0003793766098161496,
    "WLHRealSpinOrbit_V0_n": 9.677659819069998,
    "WLHRealSpinOrbit_V1_n": 0.008501068632984382,
    "WLHRealSpinOrbit_r0_n": 1.28425506253859,
    "WLHRealSpinOrbit_r1_n": 0.8546328026354265,
    "WLHRealSpinOrbit_a0_n": 0.8022006236179247,
    "WLHRealSpinOrbit_a1_n": 0.00039441205631428485
}