{
    "WLHReal_V0_p": 56.97008475878308,
    "WLHReal_V1_p": 0.30094995449424156,
    "WLHReal_V2_p": 0.0006629082974910602,
    "WLHReal_V3_p": -1.042412364184426e-06,
    "WLHReal_V4_p": 15.773767777650521,
    "WLHReal_V5_p": 0.11795774512284272,
    "WLHReal_V6_p": 6.0235226935291856e-05,
    "WLHReal_r0_p": 1.1986284131595422,
    "WLHReal_r1_p": 0.20868844853125845,
    "WLHReal_r2_p": 0.0006808123179255629,
    "WLHReal_r3_p": 3.389513170417018e-06,
    "WLHReal_a0_p": 0.7396842707520346,
    "WLHReal_a1_p": 0.00018064916859108343,
    "WLHReal_a2_p": 1.0409025998691264e-06,
    "WLHReal_a3_p": 0.10793160121811646,
    "WLHReal_a4_p": 0.5885437911253191,
    "WLHReal_V0_n": 57.83809045086063,
    "WLHReal_V1_n": 0.3207516030186767,
    "WLHReal_V2_n": -0.0002765810939277114,
    "WLHReal_V3_n": 2.440708302698165e-06,
    "WLHReal_V4_n": 21.038174577052594,
    "WLHReal_V5_n": 0.3007012849250933,
    "WLHReal_V6_n": 0.0012260117822579005,
    "WLHReal_r0_n": 1.2556619932259452,
    "WLHReal_r1_n": 0.28318906483504713,
    "WLHReal_r2_n": 0.0010143508890515522,
    "WLHReal_r3_n": 1.0594788887111818e-05,
    "WLHReal_a0_n": 0.7511713197992602,
    "WLHReal_a1_n": 0.0007409877746472515,
    "WLHReal_a2_n": 1.1146707895724283e-05,
    "WLHReal_a3_n": 0.2877049609128916,
    "WLHReal_a4_n": 0.9642312520991105,
    "WLHImagVolume_W0_p": 2.824553773846131,
    "WLHImagVolume_W1_p": 0.2061266078880969,
    "WLHImagVolume_W2_p": 0.00014147341062612588,
    "WLHImagVolume_W3_p": 13.3686777475173,
    "WLHImagVolume_W4_p": 0.05753937134545094,
    "WLHImagVolume_r0_p": 0.7068929703170612,
    "WLHImagVolume_r1_p": 34.68774788878572,
    "WLHImagVolume_r2_p": 0.45204246053180586,
    "WLHImagVolume_r3_p": 50.046877868439765,
    "WLHImagVolume_r4_p": 0.8263221970088737,
    "WLHImagVolume_r5_p": 2.545373879436282e-06,
    "WLHImagVolume_a0_p": 0.5101281080148957,
    "WLHImagVolume_a1_p": 0.2500557017360938,
    "WLHImagVolume_a2_p": 11.62754422705084,
    "WLHImagVolume_a3_p": 0.3898019894448267,
    "WLHImagVolume_a4_p": 0.0018047654272504946,
    "WLHImagVolume_W0_n": 4.459475172625938,
    "WLHImagVolume_W1_n": 0.35956922992834733,
    "WLHImagVolume_W2_n": 0.0006397244260429124,
    "WLHImagVolume_W3_n": 12.406536678585013,
    "WLHImagVolume_W4_n": 0.07658388006298672,
    "WLHImagVolume_r0_n": 0.6873872294801747,
    "WLHImagVolume_r1_n": 45.98767156828629,
    "WLHImagVolume_r2_n": 0.5698322262300769,
    "WLHImagVolume_r3_n": 73.47148327524064,
    "WLHImagVolume_r4_n": 1.1091362268349096,
    "WLHImagVolume_r5_n": 4.4095319477228256e-06,
    "WLHImagVolume_a0_n": 0.2831860343602209,
    "WLHImagVolume_a1_n": 0.5327024379753507,
    "WLHImagVolume_a2_n": 3.0981894817588738,
    "WLHImagVolume_a3_n": -0.02066927826700779,
    "WLHImagVolume_a4_n": 0.0004148645131913636,
    "WLHImagSurface_W0_p": 0.9776100945711929,
    "WLHImagSurface_W1_p": 0.024464854381075454,
    "WLHImagSurface_W2_p": 0.7065893403995581,
    "WLHImagSurface_W3_p": 0.0673152953331412,
    "WLHImagSurface_r0_p": 1.046453059363735,
    "WLHImagSurface_r1_p": 0.8145045640731864,
    "WLHImagSurface_r2_p": 0.008854451636094156,
    "WLHImagSurface_a0_p": 0.7368399668900242,
    "WLHImagSurface_W0_n": 2.140734105198034,
    "WLHImagSurface_W1_n": 0.05144243620347354,
    "WLHImagSurface_W2_n": 2.4620536099906456,
    "WLHImagSurface_W3_n": 0.14562814592663503,
    "WLHImagSurface_r0_n": 1.2254950241984914,
    "WLHImagSurface_r1_n": 1.5374575009224667,
    "WLHImagSurface_r2_n": 0.003455175697786453,
    "WLHImagSurface_a0_n": 0.8340036841952807,
    "WLHRealSpinOrbit_V0_p": 10.65417382802696,
    "WLHRealSpinOrbit_V1_p": 0.008644744472417814,
    "WLHRealSpinOrbit_r0_p": 1.180734661371351,
    "WLHRealSpinOrbit_r1_p": 0.7331223897505142,
    "WLHRealSpinOrbit_a0_p": 0.7387008478071746,
    "WLHRealSpinOrbit_a1_p": 0.00034079333986179354,
    "WLHRealSpinOrbit_V0_n": 10.41552474110529,
    "WLHRealSpinOrbit_V1_n": 0.009257135283895055,
    "WLHRealSpinOrbit_r0_n": 1.2471849833463584,
    "WLHRealSpinOrbit_r1_n": 0.8690482143150883,
    "WLHRealSpinOrbit_a0_n": 0.8027916263237913,
    "WLHRealSpinOrbit_a1_n": 0.00027951034883483684
}