{
    "WLHReal_V0_p": 48.830857180517555,
    "WLHReal_V1_p": 0.2515039015990079,
    "WLHReal_V2_p": -0.0014237829676975902,
    "WLHReal_V3_p": 6.33252821335327e-06,
    "WLHReal_V4_p": 10.79642039316612,
    "WLHReal_V5_p": 0.14467086930843903,
    "WLHReal_V6_p": 0.0007916442279477505,
    "WLHReal_r0_p": 1.412305366830653,
    "WLHReal_r1_p": 0.30703543151642365,
    "WLHReal_r2_p": 0.0010989745429094025,
    "WLHReal_r3_p": 1.5031643363933779e-05,
    "WLHReal_a0_p": 0.8269535791948773,
    "WLHReal_a1_p": 5.152899607069126e-05,
    "WLHReal_a2_p": 1.384625687206215e-05,
    "WLHReal_a3_p": -0.08569963649573732,
    "WLHReal_a4_p": 0.48033173827297293,
    "WLHReal_V0_n": 49.77359273297242,
    "WLHReal_V1_n": 0.2825207799423277,
    "WLHReal_V2_n": -0.0008563496057750711,
    "WLHReal_V3_n": 4.748300329345951e-06,
    "WLHReal_V4_n": 19.70100946913378,
    "WLHReal_V5_n": 0.32903335008653223,
    "WLHReal_V6_n": 0.0015496784211357555,
    "WLHReal_r0_n": 1.3781279657268646,
    "WLHReal_r1_n": 0.3936398328143653,
    "WLHReal_r2_n": 0.0011729186499629936,
    "WLHReal_r3_n": 1.2749984282920454e-05,
    "WLHReal_a0_n": 0.768544907875238,
    "WLHReal_a1_n": 0.0013008434630864365,
    "WLHReal_a2_n": 1.724854608635984e-05,
    "WLHReal_a3_n": 0.28018564892790215,
    "WLHReal_a4_n": 0.9442807957513948,
    "WLHImagVolume_W0_p": 6.630188613168734,
    "WLHImagVolume_W1_p": 0.2223315567291428,
    "WLHImagVolume_W2_p": 0.00016306834659483925,
    "WLHImagVolume_W3_p": 7.365552840864556,
    "WLHImagVolume_W4_p": 0.10185371510090488,
    "WLHImagVolume_r0_p": 0.9407249570280377,
    "WLHImagVolume_r1_p": 14.34319303725541,
    "WLHImagVolume_r2_p": 0.43604752214758036,
    "WLHImagVolume_r3_p": 34.32454887153992,
    "WLHImagVolume_r4_p": 0.7492836485160912,
    "WLHImagVolume_r5_p": 1.2704174527970833e-06,
    "WLHImagVolume_a0_p": 0.6874479587944767,
    "WLHImagVolume_a1_p": 0.20322538173250307,
    "WLHImagVolume_a2_p": 9.90674239465188,
    "WLHImagVolume_a3_p": 0.5261248175683512,
    "WLHImagVolume_a4_p": 0.004300142421746275,
    "WLHImagVolume_W0_n": 3.1846262056970907,
    "WLHImagVolume_W1_n": 0.27933186092390944,
    "WLHImagVolume_W2_n": 0.0008326312785423755,
    "WLHImagVolume_W3_n": 8.558974320530533,
    "WLHImagVolume_W4_n": 0.014692014685849053,
    "WLHImagVolume_r0_n": 0.4686662523752142,
    "WLHImagVolume_r1_n": 109.97095865906672,
    "WLHImagVolume_r2_n": 0.896598111960287,
    "WLHImagVolume_r3_n": 113.43835001634828,
    "WLHImagVolume_r4_n": 0.7866522823779679,
    "WLHImagVolume_r5_n": 4.475532820253881e-06,
    "WLHImagVolume_a0_n": 0.27463969945313593,
    "WLHImagVolume_a1_n": 0.5775005973015126,
    "WLHImagVolume_a2_n": 4.708476753308077,
    "WLHImagVolume_a3_n": 0.06138266426813471,
    "WLHImagVolume_a4_n": 0.0004600096578166493,
    "WLHImagSurface_W0_p": 0.20726517682696677,
    "WLHImagSurface_W1_p": -0.011189203916915386,
    "WLHImagSurface_W2_p": -0.33270372573613494,
    "WLHImagSurface_W3_p": -0.035063165916408456,
    "WLHImagSurface_r0_p": 0.5755048952665164,
    "WLHImagSurface_r1_p": -0.42210822799142206,
    "WLHImagSurface_r2_p": -0.003948542368833626,
    "WLHImagSurface_a0_p": 0.6005348457374362,
    "WLHImagSurface_W0_n": 1.9014432809244575,
    "WLHImagSurface_W1_n": 0.06760335064997196,
    "WLHImagSurface_W2_n": 3.5749781480674003,
    "WLHImagSurface_W3_n": 0.24694727785140566,
    "WLHImagSurface_r0_n": 1.3475877821810796,
    "WLHImagSurface_r1_n": 1.7366242859166185,
    "WLHImagSurface_r2_n": 0.002165645116868136,
    "WLHImagSurface_a0_n": 0.882173811201362,
    "WLHRealSpinOrbit_V0_p": 9.069577192314535,
    "WLHRealSpinOrbit_V1_p": 0.009173234423599347,
    "WLHRealSpinOrbit_r0_p": 1.400758733918636,
    "WLHRealSpinOrbit_r1_p": 1.0543068800677378,
    "WLHRealSpinOrbit_a0_p": 0.9000145436744719,
    "WLHRealSpinOrbit_a1_p": 0.00035258116315910464,
    "WLHRealSpinOrbit_V0_n": 8.722444736241766,
    "WLHRealSpinOrbit_V1_n": 0.008308964820210207,
    "WLHRealSpinOrbit_r0_n": 1.3524333688267438,
    "WLHRealSpinOrbit_r1_n": 0.9719849205281782,
    "WLHRealSpinOrbit_a0_n": 0.8525431006241032,
    "WLHRealSpinOrbit_a1_n": 0.0003668216207435018
}