{
    "WLHReal_V0_p": 54.10302846993669,
    "WLHReal_V1_p": 0.32585186444652536,
    "WLHReal_V2_p": -0.0002505553592610933,
    "WLHReal_V3_p": 2.809479975618881e-06,
    "WLHReal_V4_p": 11.433937031353151,
    "WLHReal_V5_p": 0.13450716942579447,
    "WLHReal_V6_p": 0.0003753657826109967,
    "WLHReal_r0_p": 1.3246302512371813,
    "WLHReal_r1_p": 0.30520634195446555,
    "WLHReal_r2_p": 0.000978265180579914,
    "WLHReal_r3_p": 8.48592072416791e-06,
    "WLHReal_a0_p": 0.796077296592698,
    "WLHReal_a1_p": 0.00012046282394259526,
    "WLHReal_a2_p": 7.081175523140381e-06,
    "WLHReal_a3_p": 0.05600069872502739,
    "WLHReal_a4_p": 0.6230873236234781,
    "WLHReal_V0_n": 50.34966862392792,
    "WLHReal_V1_n": 0.2553706179260054,
    "WLHReal_V2_n": -0.0006101262048339761,
    "WLHReal_V3_n": 3.7500296512749153e-06,
    "WLHReal_V4_n": 21.3702446014533,
    "WLHReal_V5_n": 0.29929531865012576,
    "WLHReal_V6_n": 0.0013496310138286873,
    "WLHReal_r0_n": 1.318420414262704,
    "WLHReal_r1_n": 0.2887178981603167,
    "WLHReal_r2_n": 0.0010999723644326206,
    "WLHReal_r3_n": 1.2675772495051867e-05,
    "WLHReal_a0_n": 0.7544337988145351,
    "WLHReal_a1_n": 0.0011245183433762304,
    "WLHReal_a2_n": 1.5497758876424294e-05,
    "WLHReal_a3_n": 0.33865886576291127,
    "WLHReal_a4_n": 0.9951327388008635,
    "WLHImagVolume_W0_p": 5.040471773310028,
    "WLHImagVolume_W1_p": 0.27054602190051447,
    "WLHImagVolume_W2_p": 0.000565920692872974,
    "WLHImagVolume_W3_p": 12.856736582695424,
    "WLHImagVolume_W4_p": 0.08817636392431936,
    "WLHImagVolume_r0_p": 0.574435974069468,
    "WLHImagVolume_r1_p": 60.57068705634478,
    "WLHImagVolume_r2_p": 0.7143659481346071,
    "WLHImagVolume_r3_p": 71.64878758080307,
    "WLHImagVolume_r4_p": 0.5653031359362187,
    "WLHImagVolume_r5_p": 7.661070977809476e-07,
    "WLHImagVolume_a0_p": 0.5689875656416407,
    "WLHImagVolume_a1_p": 0.290989811721015,
    "WLHImagVolume_a2_p": 16.38321786313833,
    "WLHImagVolume_a3_p": 0.4222893677986065,
    "WLHImagVolume_a4_p": 0.0025164489939383324,
    "WLHImagVolume_W0_n": 2.894519462447991,
    "WLHImagVolume_W1_n": 0.2150454667459225,
    "WLHImagVolume_W2_n": 0.00035779012606878733,
    "WLHImagVolume_W3_n": 8.508589998295987,
    "WLHImagVolume_W4_n": -0.00649845382459548,
    "WLHImagVolume_r0_n": 0.6097345687625827,
    "WLHImagVolume_r1_n": 78.29584888071264,
    "WLHImagVolume_r2_n": 0.6987936308907801,
    "WLHImagVolume_r3_n": 88.91393643037075,
    "WLHImagVolume_r4_n": 0.9691234576224368,
    "WLHImagVolume_r5_n": 4.515103478971282e-06,
    "WLHImagVolume_a0_n": 0.26369893643395503,
    "WLHImagVolume_a1_n": 0.5642460163163674,
    "WLHImagVolume_a2_n": 6.760048708697354,
    "WLHImagVolume_a3_n": 0.07013217434169015,
    "WLHImagVolume_a4_n": 0.0006470527143658334,
    "WLHImagSurface_W0_p": 0.8705927758561576,
    "WLHImagSurface_W1_p": 0.03633062721079632,
    "WLHImagSurface_W2_p": 0.4980130143143792,
    "WLHImagSurface_W3_p": 0.12628428425565064,
    "WLHImagSurface_r0_p": 0.9705220560606733,
    "WLHImagSurface_r1_p": 0.446282316460499,
    "WLHImagSurface_r2_p": 0.002630094408696832,
    "WLHImagSurface_a0_p": 0.8269282128601584,
    "WLHImagSurface_W0_n": 1.247993866599787,
    "WLHImagSurface_W1_n": 0.033418207443920184,
    "WLHImagSurface_W2_n": 1.63383619161317,
    "WLHImagSurface_W3_n": 0.13118363986648568,
    "WLHImagSurface_r0_n": 1.2869071516099275,
    "WLHImagSurface_r1_n": 1.4551711421118665,
    "WLHImagSurface_r2_n": 0.0023037478701380745,
    "WLHImagSurface_a0_n": 0.8692598764723589,
    "WLHRealSpinOrbit_V0_p": 9.36732510028717,
    "WLHRealSpinOrbit_V1_p": 0.008475424585374102,
    "WLHRealSpinOrbit_r0_p": 1.2911947291369503,
    "WLHRealSpinOrbit_r1_p": 0.9028153497046111,
    "WLHRealSpinOrbit_a0_p": 0.8167177799443358,
    "WLHRealSpinOrbit_a1_p": 0.00033107654223240695,
    "WLHRealSpinOrbit_V0_n": 9.581414218938816,
    "WLHRealSpinOrbit_V1_n": 0.008752905202812087,
    "WLHRealSpinOrbit_r0_n": 1.307635924098661,
    "WLHRealSpinOrbit_r1_n": 0.9108557911440699,
    "WLHRealSpinOrbit_a0_n": 0.8276401667072522,
    "WLHRealSpinOrbit_a1_n": 0.00036085360121265075
}