{
    "WLHReal_V0_p": 49.99859753246662,
    "WLHReal_V1_p": 0.2787259311491592,
    "WLHReal_V2_p": -0.0007861854147763129,
    "WLHReal_V3_p": 4.332281914289634e-06,
    "WLHReal_V4_p": 11.503583991187108,
    "WLHReal_V5_p": 0.1276700540979293,
    "WLHReal_V6_p": 0.0005323241961718126,
    "WLHReal_r0_p": 1.3614126111163158,
    "WLHReal_r1_p": 0.27089633910982336,
    "WLHReal_r2_p": 0.0009892833481143243,
    "WLHReal_r3_p": 1.1413454283285125e-05,
    "WLHReal_a0_p": 0.8012382704232374,
    "WLHReal_a1_p": -9.71159301839821e-06,
    "WLHReal_a2_p": 1.0241483977575043e-05,
    "WLHReal_a3_p": -0.02861923922069999,
    "WLHReal_a4_p": 0.5179079202375297,
    "WLHReal_V0_n": 49.51822966655087,
    "WLHReal_V1_n": 0.2552975059158169,
    "WLHReal_V2_n": -0.0008237806363988431,
    "WLHReal_V3_n": 4.165797728446821e-06,
    "WLHReal_V4_n": 21.154855236738776,
    "WLHReal_V5_n": 0.31184651397929203,
    "WLHReal_V6_n": 0.00156095633580248,
    "WLHReal_r0_n": 1.3284600251225989,
    "WLHReal_r1_n": 0.2649263418771216,
    "WLHReal_r2_n": 0.0012761224624020548,
    "WLHReal_r3_n": 1.5943280437042857e-05,
    "WLHReal_a0_n": 0.7654746761383472,
    "WLHReal_a1_n": 0.001364188383949336,
    "WLHReal_a2_n": 1.9225281589620165e-05,
    "WLHReal_a3_n": 0.379396112511523,
    "WLHReal_a4_n": 1.103319021197014,
    "WLHImagVolume_W0_p": 5.281207659421144,
    "WLHImagVolume_W1_p": 0.1982323480036281,
    "WLHImagVolume_W2_p": 0.00024975988480091993,
    "WLHImagVolume_W3_p": 8.778018010588138,
    "WLHImagVolume_W4_p": 0.08083665335155407,
    "WLHImagVolume_r0_p": 0.7765344966838652,
    "WLHImagVolume_r1_p": 38.16356807747988,
    "WLHImagVolume_r2_p": 0.5572333850414672,
    "WLHImagVolume_r3_p": 54.534501260841985,
    "WLHImagVolume_r4_p": 0.6479839661321857,
    "WLHImagVolume_r5_p": 9.516420421678363e-07,
    "WLHImagVolume_a0_p": 0.6073266662474023,
    "WLHImagVolume_a1_p": 0.25880045672141827,
    "WLHImagVolume_a2_p": 14.286653784396748,
    "WLHImagVolume_a3_p": 0.4455406571875786,
    "WLHImagVolume_a4_p": 0.00299910509605572,
    "WLHImagVolume_W0_n": 3.202496277434268,
    "WLHImagVolume_W1_n": 0.21640082692690144,
    "WLHImagVolume_W2_n": 0.0004024503341104518,
    "WLHImagVolume_W3_n": 8.909078553933325,
    "WLHImagVolume_W4_n": -0.014052256822028538,
    "WLHImagVolume_r0_n": 0.6215435713616778,
    "WLHImagVolume_r1_n": 82.04608425644537,
    "WLHImagVolume_r2_n": 0.6996188297848476,
    "WLHImagVolume_r3_n": 94.73246590400208,
    "WLHImagVolume_r4_n": 0.9590881279666784,
    "WLHImagVolume_r5_n": 4.9237885232704205e-06,
    "WLHImagVolume_a0_n": 0.2773686467614975,
    "WLHImagVolume_a1_n": 0.5481760001982346,
    "WLHImagVolume_a2_n": 5.776635675969705,
    "WLHImagVolume_a3_n": 0.06019785425240851,
    "WLHImagVolume_a4_n": 0.0004548606285691077,
    "WLHImagSurface_W0_p": 0.6126297856576346,
    "WLHImagSurface_W1_p": 0.015249286635993582,
    "WLHImagSurface_W2_p": 0.1603717156742409,
    "WLHImagSurface_W3_p": 0.04754614356184941,
    "WLHImagSurface_r0_p": 0.8071850922394002,
    "WLHImagSurface_r1_p": -0.05535304078358888,
    "WLHImagSurface_r2_p": -0.00017625188343627432,
    "WLHImagSurface_a0_p": 0.7591168846748476,
    "WLHImagSurface_W0_n": 1.2681688784943648,
    "WLHImagSurface_W1_n": 0.03943914833345643,
    "WLHImagSurface_W2_n": 1.5738350052264338,
    "WLHImagSurface_W3_n": 0.1473436700223597,
    "WLHImagSurface_r0_n": 1.2932310699357603,
    "WLHImagSurface_r1_n": 1.5087872376728189,
    "WLHImagSurface_r2_n": 0.0019311456205533927,
    "WLHImagSurface_a0_n": 0.879147105577009,
    "WLHRealSpinOrbit_V0_p": 9.144002882458883,
    "WLHRealSpinOrbit_V1_p": 0.008713926461665317,
    "WLHRealSpinOrbit_r0_p": 1.3462836681696446,
    "WLHRealSpinOrbit_r1_p": 0.971599878952351,
    "WLHRealSpinOrbit_a0_p": 0.8555910716624128,
    "WLHRealSpinOrbit_a1_p": 0.0003561281436750396,
    "WLHRealSpinOrbit_V0_n": 9.503611172920364,
    "WLHRealSpinOrbit_V1_n": 0.008875160937027598,
    "WLHRealSpinOrbit_r0_n": 1.324312101481792,
    "WLHRealSpinOrbit_r1_n": 0.9423278940764843,
    "WLHRealSpinOrbit_a0_n": 0.8429632135422594,
    "WLHRealSpinOrbit_a1_n": 0.0003523468650106472
}