{
    "ECS_p": 0.422695,
    "ECS_n": 0.396024,
    "APower_p": 0.626737,
    "APower_n": 0.573886
}