{
    "WLHReal_V0_p": 54.214516982494274,
    "WLHReal_V1_p": 0.29145456323113367,
    "WLHReal_V2_p": -3.070866782464844e-05,
    "WLHReal_V3_p": 1.90648499476075e-06,
    "WLHReal_V4_p": 13.525898916525332,
    "WLHReal_V5_p": 0.1467947064189692,
    "WLHReal_V6_p": 0.000336132517142815,
    "WLHReal_r0_p": 1.3078254196719261,
    "WLHReal_r1_p": 0.351383386830683,
    "WLHReal_r2_p": 0.000620336286410486,
    "WLHReal_r3_p": 4.29737602781697e-06,
    "WLHReal_a0_p": 0.7759129237826957,
    "WLHReal_a1_p": 0.00019362341105969212,
    "WLHReal_a2_p": 3.3477803718503122e-06,
    "WLHReal_a3_p": 0.04888671174178818,
    "WLHReal_a4_p": 0.5158862051012236,
    "WLHReal_V0_n": 48.7901039069914,
    "WLHReal_V1_n": 0.25178779859724987,
    "WLHReal_V2_n": -0.0008115889144625287,
    "WLHReal_V3_n": 4.146358638438673e-06,
    "WLHReal_V4_n": 21.135749395752956,
    "WLHReal_V5_n": 0.30886168342316145,
    "WLHReal_V6_n": 0.0015323194688147625,
    "WLHReal_r0_n": 1.3337617681729723,
    "WLHReal_r1_n": 0.2672536257178236,
    "WLHReal_r2_n": 0.001258167868229141,
    "WLHReal_r3_n": 1.5554543700942257e-05,
    "WLHReal_a0_n": 0.763708622648741,
    "WLHReal_a1_n": 0.0013787534437610161,
    "WLHReal_a2_n": 1.9085381484589108e-05,
    "WLHReal_a3_n": 0.3784272512706639,
    "WLHReal_a4_n": 1.0918743237734516,
    "WLHImagVolume_W0_p": 4.217533515003886,
    "WLHImagVolume_W1_p": 0.23099605527974823,
    "WLHImagVolume_W2_p": 0.00031801333265066897,
    "WLHImagVolume_W3_p": 11.165074008391375,
    "WLHImagVolume_W4_p": 0.07978022441337944,
    "WLHImagVolume_r0_p": 0.6267267284427878,
    "WLHImagVolume_r1_p": 42.398363374936785,
    "WLHImagVolume_r2_p": 0.626982159022922,
    "WLHImagVolume_r3_p": 51.359630353774854,
    "WLHImagVolume_r4_p": 0.6225329934743671,
    "WLHImagVolume_r5_p": 1.4256781032749645e-06,
    "WLHImagVolume_a0_p": 0.5628815477867476,
    "WLHImagVolume_a1_p": 0.2646803752087819,
    "WLHImagVolume_a2_p": 13.452276312680217,
    "WLHImagVolume_a3_p": 0.4250329336097237,
    "WLHImagVolume_a4_p": 0.002504074758017368,
    "WLHImagVolume_W0_n": 2.9697008298884584,
    "WLHImagVolume_W1_n": 0.20005828402737344,
    "WLHImagVolume_W2_n": 0.0003868119531455389,
    "WLHImagVolume_W3_n": 8.360534642524199,
    "WLHImagVolume_W4_n": -0.02100979182818793,
    "WLHImagVolume_r0_n": 0.59998560680764,
    "WLHImagVolume_r1_n": 87.8228069565156,
    "WLHImagVolume_r2_n": 0.7253501545632945,
    "WLHImagVolume_r3_n": 97.02372001803134,
    "WLHImagVolume_r4_n": 0.9235822068408915,
    "WLHImagVolume_r5_n": 4.9364497183583746e-06,
    "WLHImagVolume_a0_n": 0.2691212405920394,
    "WLHImagVolume_a1_n": 0.556674251801127,
    "WLHImagVolume_a2_n": 6.303901656432817,
    "WLHImagVolume_a3_n": 0.06965366562335734,
    "WLHImagVolume_a4_n": 0.00045461317343826156,
    "WLHImagSurface_W0_p": 1.014528383005905,
    "WLHImagSurface_W1_p": 0.04922954682485109,
    "WLHImagSurface_W2_p": 1.488574675036666,
    "WLHImagSurface_W3_p": 0.1834957423925456,
    "WLHImagSurface_r0_p": 0.9513652415705506,
    "WLHImagSurface_r1_p": 0.5493430337639775,
    "WLHImagSurface_r2_p": 0.004862406616618675,
    "WLHImagSurface_a0_p": 0.7069780042477554,
    "WLHImagSurface_W0_n": 1.2151350738458109,
    "WLHImagSurface_W1_n": 0.038250070969375174,
    "WLHImagSurface_W2_n": 1.5868181992231025,
    "WLHImagSurface_W3_n": 0.14790495340469,
    "WLHImagSurface_r0_n": 1.303686650088421,
    "WLHImagSurface_r1_n": 1.5031717370172821,
    "WLHImagSurface_r2_n": 0.0019046199503629467,
    "WLHImagSurface_a0_n": 0.8811414302075207,
    "WLHRealSpinOrbit_V0_p": 9.639253210723535,
    "WLHRealSpinOrbit_V1_p": 0.008409919048950545,
    "WLHRealSpinOrbit_r0_p": 1.270220189967589,
    "WLHRealSpinOrbit_r1_p": 0.8488080302685097,
    "WLHRealSpinOrbit_a0_p": 0.7945821216957776,
    "WLHRealSpinOrbit_a1_p": 0.0003653966838109992,
    "WLHRealSpinOrbit_V0_n": 9.37919833673539,
    "WLHRealSpinOrbit_V1_n": 0.00875884675472644,
    "WLHRealSpinOrbit_r0_n": 1.3283059216064705,
    "WLHRealSpinOrbit_r1_n": 0.9424159594140205,
    "WLHRealSpinOrbit_a0_n": 0.8429358857688782,
    "WLHRealSpinOrbit_a1_n": 0.00036175224683698777
}