{
    "WLHReal_V0_p": 54.71676057237315,
    "WLHReal_V1_p": 0.30123796426939903,
    "WLHReal_V2_p": -0.00011789794038330236,
    "WLHReal_V3_p": 1.900961152899195e-06,
    "WLHReal_V4_p": 13.109520474935985,
    "WLHReal_V5_p": 0.13455516240221824,
    "WLHReal_V6_p": 0.00034580707004431324,
    "WLHReal_r0_p": 1.2916063194213223,
    "WLHReal_r1_p": 0.28002519679780136,
    "WLHReal_r2_p": 0.0008748963217541997,
    "WLHReal_r3_p": 7.272885592065081e-06,
    "WLHReal_a0_p": 0.781274090424262,
    "WLHReal_a1_p": 0.00016897922062246662,
    "WLHReal_a2_p": 5.939546909919635e-06,
    "WLHReal_a3_p": 0.05242931608336374,
    "WLHReal_a4_p": 0.584085577969776,
    "WLHReal_V0_n": 53.92790074548724,
    "WLHReal_V1_n": 0.28557132107598593,
    "WLHReal_V2_n": -0.0002685956701563011,
    "WLHReal_V3_n": 2.825772000844734e-06,
    "WLHReal_V4_n": 20.786282295072123,
    "WLHReal_V5_n": 0.29531344193484843,
    "WLHReal_V6_n": 0.0010319366398797252,
    "WLHReal_r0_n": 1.3187263283695119,
    "WLHReal_r1_n": 0.40792122228809946,
    "WLHReal_r2_n": 0.0007652273985155716,
    "WLHReal_r3_n": 6.5480054475272075e-06,
    "WLHReal_a0_n": 0.7410307128031736,
    "WLHReal_a1_n": 0.000621620545578044,
    "WLHReal_a2_n": 6.701538392723945e-06,
    "WLHReal_a3_n": 0.20299980880247676,
    "WLHReal_a4_n": 0.7289837141960259,
    "WLHImagVolume_W0_p": 4.588194827726595,
    "WLHImagVolume_W1_p": 0.2478168344536946,
    "WLHImagVolume_W2_p": 0.0003280988617354883,
    "WLHImagVolume_W3_p": 12.283227003081794,
    "WLHImagVolume_W4_p": 0.08262057352442176,
    "WLHImagVolume_r0_p": 0.7033772330047798,
    "WLHImagVolume_r1_p": 38.69477421576961,
    "WLHImagVolume_r2_p": 0.5469760362783216,
    "WLHImagVolume_r3_p": 53.0215554598699,
    "WLHImagVolume_r4_p": 0.7200588210829023,
    "WLHImagVolume_r5_p": 1.764406999156591e-06,
    "WLHImagVolume_a0_p": 0.5760395602598681,
    "WLHImagVolume_a1_p": 0.24978625348854516,
    "WLHImagVolume_a2_p": 12.459504794152505,
    "WLHImagVolume_a3_p": 0.4405622223527267,
    "WLHImagVolume_a4_p": 0.002733633175323688,
    "WLHImagVolume_W0_n": 2.9421320706614207,
    "WLHImagVolume_W1_n": 0.29729598599479895,
    "WLHImagVolume_W2_n": 0.0006192103110753937,
    "WLHImagVolume_W3_n": 8.981286074703924,
    "WLHImagVolume_W4_n": 0.045251567943742944,
    "WLHImagVolume_r0_n": 0.5373097511107742,
    "WLHImagVolume_r1_n": 76.60836747133213,
    "WLHImagVolume_r2_n": 0.7666588048570131,
    "WLHImagVolume_r3_n": 85.76837892580525,
    "WLHImagVolume_r4_n": 0.9521643689595561,
    "WLHImagVolume_r5_n": 3.8014544548194414e-06,
    "WLHImagVolume_a0_n": 0.25630718549024323,
    "WLHImagVolume_a1_n": 0.5915550576905559,
    "WLHImagVolume_a2_n": 6.394521142348448,
    "WLHImagVolume_a3_n": 0.06184839253984688,
    "WLHImagVolume_a4_n": 0.0009529937232124436,
    "WLHImagSurface_W0_p": 0.7591593016931161,
    "WLHImagSurface_W1_p": 0.021204959121760646,
    "WLHImagSurface_W2_p": 0.44236184797608546,
    "WLHImagSurface_W3_p": 0.07036034880861236,
    "WLHImagSurface_r0_p": 0.9065070838865242,
    "WLHImagSurface_r1_p": 0.44808905202461624,
    "WLHImagSurface_r2_p": 0.003825529744355331,
    "WLHImagSurface_a0_p": 0.7188038667384336,
    "WLHImagSurface_W0_n": 1.8058496075428219,
    "WLHImagSurface_W1_n": 0.045583540664345445,
    "WLHImagSurface_W2_n": 3.0910898324039255,
    "WLHImagSurface_W3_n": 0.16954314400541884,
    "WLHImagSurface_r0_n": 1.2868738328569946,
    "WLHImagSurface_r1_n": 1.5323312344990636,
    "WLHImagSurface_r2_n": 0.003231000550928344,
    "WLHImagSurface_a0_n": 0.8479000142979742,
    "WLHRealSpinOrbit_V0_p": 9.88679213648441,
    "WLHRealSpinOrbit_V1_p": 0.008727330508939092,
    "WLHRealSpinOrbit_r0_p": 1.2664850593742822,
    "WLHRealSpinOrbit_r1_p": 0.8626285044072614,
    "WLHRealSpinOrbit_a0_p": 0.8011163950740543,
    "WLHRealSpinOrbit_a1_p": 0.0003364835772560292,
    "WLHRealSpinOrbit_V0_n": 9.506991652302025,
    "WLHRealSpinOrbit_V1_n": 0.008439786743522804,
    "WLHRealSpinOrbit_r0_n": 1.2854038476351974,
    "WLHRealSpinOrbit_r1_n": 0.873859521057517,
    "WLHRealSpinOrbit_a0_n": 0.806191280936573,
    "WLHRealSpinOrbit_a1_n": 0.0003606741496538311
}