{
    "WLHReal_V0_p": 51.92227026615609,
    "WLHReal_V1_p": 0.2865032825327959,
    "WLHReal_V2_p": -0.00017879449749713636,
    "WLHReal_V3_p": 2.3809684246170486e-06,
    "WLHReal_V4_p": 12.959281514510009,
    "WLHReal_V5_p": 0.13689807173634858,
    "WLHReal_V6_p": 0.00034858472855703597,
    "WLHReal_r0_p": 1.3283010159594466,
    "WLHReal_r1_p": 0.3329003624189613,
    "WLHReal_r2_p": 0.0006353565864744394,
    "WLHReal_r3_p": 5.684656607950319e-06,
    "WLHReal_a0_p": 0.7772082549043076,
    "WLHReal_a1_p": 7.101870481885552e-05,
    "WLHReal_a2_p": 5.209230236600942e-06,
    "WLHReal_a3_p": 0.022122081805131897,
    "WLHReal_a4_p": 0.4872522433789318,
    "WLHReal_V0_n": 53.47706298749015,
    "WLHReal_V1_n": 0.2953368856059615,
    "WLHReal_V2_n": 0.0002416054074930446,
    "WLHReal_V3_n": 9.163631928472762e-07,
    "WLHReal_V4_n": 21.362751650986304,
    "WLHReal_V5_n": 0.24990502099145256,
    "WLHReal_V6_n": 0.0006055542240571382,
    "WLHReal_r0_n": 1.2705778299945492,
    "WLHReal_r1_n": 0.31765759292421736,
    "WLHReal_r2_n": 0.0005811602738164027,
    "WLHReal_r3_n": 2.6443961756375886e-06,
    "WLHReal_a0_n": 0.7160965301400615,
    "WLHReal_a1_n": 0.0004576022082248419,
    "WLHReal_a2_n": 2.9211295772690023e-06,
    "WLHReal_a3_n": 0.22407711408519382,
    "WLHReal_a4_n": 0.711715382484756,
    "WLHImagVolume_W0_p": 4.097714312598843,
    "WLHImagVolume_W1_p": 0.1917445030837665,
    "WLHImagVolume_W2_p": 0.0002882930178985544,
    "WLHImagVolume_W3_p": 9.580981093364688,
    "WLHImagVolume_W4_p": 0.07075249577333334,
    "WLHImagVolume_r0_p": 0.6162984144869199,
    "WLHImagVolume_r1_p": 49.42781366555702,
    "WLHImagVolume_r2_p": 0.6680537191134227,
    "WLHImagVolume_r3_p": 58.36476913154222,
    "WLHImagVolume_r4_p": 0.5515985987589108,
    "WLHImagVolume_r5_p": 1.4569783562964018e-06,
    "WLHImagVolume_a0_p": 0.5522845819160662,
    "WLHImagVolume_a1_p": 0.2877674250441492,
    "WLHImagVolume_a2_p": 15.875615565334952,
    "WLHImagVolume_a3_p": 0.3996214322603859,
    "WLHImagVolume_a4_p": 0.00219662028999696,
    "WLHImagVolume_W0_n": 2.0490151232205784,
    "WLHImagVolume_W1_n": 0.21659528022012567,
    "WLHImagVolume_W2_n": 0.00040520546810367356,
    "WLHImagVolume_W3_n": 7.313008380916644,
    "WLHImagVolume_W4_n": 0.03206168276817938,
    "WLHImagVolume_r0_n": 0.5020017547596536,
    "WLHImagVolume_r1_n": 85.20414404871906,
    "WLHImagVolume_r2_n": 0.7585727818699299,
    "WLHImagVolume_r3_n": 80.62786787460628,
    "WLHImagVolume_r4_n": 0.8364864906453884,
    "WLHImagVolume_r5_n": 2.3623681963279625e-06,
    "WLHImagVolume_a0_n": 0.1865080602421859,
    "WLHImagVolume_a1_n": 0.6281984359640861,
    "WLHImagVolume_a2_n": 9.158631328608106,
    "WLHImagVolume_a3_n": 0.06760743915685681,
    "WLHImagVolume_a4_n": 0.0006417589385535895,
    "WLHImagSurface_W0_p": 1.0740963184197243,
    "WLHImagSurface_W1_p": 0.054951905331513125,
    "WLHImagSurface_W2_p": 1.5203162316720267,
    "WLHImagSurface_W3_p": 0.1989124201893907,
    "WLHImagSurface_r0_p": 0.974322614177659,
    "WLHImagSurface_r1_p": 0.39142786066580654,
    "WLHImagSurface_r2_p": 0.003993633903660486,
    "WLHImagSurface_a0_p": 0.7808304459723441,
    "WLHImagSurface_W0_n": 1.6655291310584797,
    "WLHImagSurface_W1_n": 0.029543065939439794,
    "WLHImagSurface_W2_n": 2.4971197147232855,
    "WLHImagSurface_W3_n": 0.11223703645236635,
    "WLHImagSurface_r0_n": 1.2958799632357145,
    "WLHImagSurface_r1_n": 1.378849533393344,
    "WLHImagSurface_r2_n": 0.003953417364254553,
    "WLHImagSurface_a0_n": 0.8307922014971637,
    "WLHRealSpinOrbit_V0_p": 9.261431027579926,
    "WLHRealSpinOrbit_V1_p": 0.008245437337196423,
    "WLHRealSpinOrbit_r0_p": 1.2954690021557187,
    "WLHRealSpinOrbit_r1_p": 0.8795086083214204,
    "WLHRealSpinOrbit_a0_p": 0.8091005104200758,
    "WLHRealSpinOrbit_a1_p": 0.0003787770231125769,
    "WLHRealSpinOrbit_V0_n": 9.627276615451807,
    "WLHRealSpinOrbit_V1_n": 0.008141192328828673,
    "WLHRealSpinOrbit_r0_n": 1.2436448027348863,
    "WLHRealSpinOrbit_r1_n": 0.8087084595390398,
    "WLHRealSpinOrbit_a0_n": 0.7726526970789902,
    "WLHRealSpinOrbit_a1_n": 0.00036862518673728013
}