{
    "ECS_p": 0.356475,
    "ECS_n": 0.359054,
    "APower_p": 0.797482,
    "APower_n": 0.60016
}