{
    "CH89RealCentral": {
        "V_0": 52.3849,
        "V_t": 18.0298,
        "V_e": -0.315636,
        "r_o": 1.21805,
        "r_o_0": -0.143763,
        "a_0": 0.7023
    },
    "CH89Coulomb": {
        "r_c": 1.47716,
        "r_c_0": 0.132167
    },
    "CH89SpinOrbit": {
        "V_so": 5.07236,
        "r_so": 1.22766,
        "r_so_0": -0.423328,
        "a_so": 0.527111
    },
    "CH89ImagCentral": {
        "W_v0": 9.72624,
        "W_ve0": 44.0574,
        "W_vew": 16.0148,
        "W_s0": 8.56417,
        "W_st": 11.9981,
        "W_se0": 47.769,
        "W_sew": 23.1314,
        "r_w": 1.2434,
        "r_w0": -0.0932797,
        "a_w": 0.680192
    }
}