{
    "ECS_p": 0.403219,
    "ECS_n": 0.395202,
    "APower_p": 0.722701,
    "APower_n": 0.592569
}