{
    "WLHReal_V0_p": 54.24282524797632,
    "WLHReal_V1_p": 0.32319056492086207,
    "WLHReal_V2_p": 0.0002537251883859585,
    "WLHReal_V3_p": 1.5363264749247142e-06,
    "WLHReal_V4_p": 12.913157306207504,
    "WLHReal_V5_p": 0.12666698584586367,
    "WLHReal_V6_p": 0.00018317369217012882,
    "WLHReal_r0_p": 1.2868850949048418,
    "WLHReal_r1_p": 0.29955756972000264,
    "WLHReal_r2_p": 0.0007118653501342207,
    "WLHReal_r3_p": 4.1745264097638196e-06,
    "WLHReal_a0_p": 0.7678633203329006,
    "WLHReal_a1_p": 8.218541863122106e-05,
    "WLHReal_a2_p": 3.2967810991974113e-06,
    "WLHReal_a3_p": 0.08191851804777517,
    "WLHReal_a4_p": 0.5799525442378012,
    "WLHReal_V0_n": 53.392189175487765,
    "WLHReal_V1_n": 0.3400773203660296,
    "WLHReal_V2_n": 5.502649174699546e-05,
    "WLHReal_V3_n": 2.824673355754575e-06,
    "WLHReal_V4_n": 19.61225361662406,
    "WLHReal_V5_n": 0.274531724088785,
    "WLHReal_V6_n": 0.0008203405626210488,
    "WLHReal_r0_n": 1.309370158990736,
    "WLHReal_r1_n": 0.36385197594394597,
    "WLHReal_r2_n": 0.0007364633724526351,
    "WLHReal_r3_n": 4.306988411594269e-06,
    "WLHReal_a0_n": 0.7306197678153702,
    "WLHReal_a1_n": 0.0007297668525385819,
    "WLHReal_a2_n": 6.278010448154984e-06,
    "WLHReal_a3_n": 0.20266281836844519,
    "WLHReal_a4_n": 0.7528719028580537,
    "WLHImagVolume_W0_p": 3.637864076148581,
    "WLHImagVolume_W1_p": 0.21990607499939904,
    "WLHImagVolume_W2_p": 0.00047335371234634357,
    "WLHImagVolume_W3_p": 12.37091017450487,
    "WLHImagVolume_W4_p": 0.06651732990710783,
    "WLHImagVolume_r0_p": 0.49292257654573834,
    "WLHImagVolume_r1_p": 68.29064839861985,
    "WLHImagVolume_r2_p": 0.7565362041839235,
    "WLHImagVolume_r3_p": 75.876247145773,
    "WLHImagVolume_r4_p": 0.5103451166816761,
    "WLHImagVolume_r5_p": 6.96016917639227e-07,
    "WLHImagVolume_a0_p": 0.5087626008356645,
    "WLHImagVolume_a1_p": 0.32011831660820406,
    "WLHImagVolume_a2_p": 18.384282277605656,
    "WLHImagVolume_a3_p": 0.36221096531621183,
    "WLHImagVolume_a4_p": 0.001545429543762748,
    "WLHImagVolume_W0_n": 2.6008111389713795,
    "WLHImagVolume_W1_n": 0.27996738686438427,
    "WLHImagVolume_W2_n": 0.0009038118698728154,
    "WLHImagVolume_W3_n": 7.865451338440235,
    "WLHImagVolume_W4_n": 0.057629907610635786,
    "WLHImagVolume_r0_n": 0.37077991357654827,
    "WLHImagVolume_r1_n": 118.24361583385311,
    "WLHImagVolume_r2_n": 0.9323203117582375,
    "WLHImagVolume_r3_n": 106.22196206896072,
    "WLHImagVolume_r4_n": 0.62150276668579,
    "WLHImagVolume_r5_n": 1.5574666522633113e-06,
    "WLHImagVolume_a0_n": 0.1867922373987105,
    "WLHImagVolume_a1_n": 0.634443056705379,
    "WLHImagVolume_a2_n": 6.479560429730602,
    "WLHImagVolume_a3_n": 0.03301278331738197,
    "WLHImagVolume_a4_n": 9.067285574467074e-05,
    "WLHImagSurface_W0_p": 1.236552085577733,
    "WLHImagSurface_W1_p": 0.06247134583739035,
    "WLHImagSurface_W2_p": 1.3758446981699495,
    "WLHImagSurface_W3_p": 0.21614414474316634,
    "WLHImagSurface_r0_p": 1.1210482044161016,
    "WLHImagSurface_r1_p": 0.6987815458709536,
    "WLHImagSurface_r2_p": 0.006134373689484117,
    "WLHImagSurface_a0_p": 0.8884178933348776,
    "WLHImagSurface_W0_n": 2.4753855270710226,
    "WLHImagSurface_W1_n": 0.06751405508115528,
    "WLHImagSurface_W2_n": 4.34733549894638,
    "WLHImagSurface_W3_n": 0.22610365198752816,
    "WLHImagSurface_r0_n": 1.3554074988640463,
    "WLHImagSurface_r1_n": 1.673510339545588,
    "WLHImagSurface_r2_n": 0.0039679474305681925,
    "WLHImagSurface_a0_n": 0.8397028083916135,
    "WLHRealSpinOrbit_V0_p": 9.460400907418277,
    "WLHRealSpinOrbit_V1_p": 0.008086655677269334,
    "WLHRealSpinOrbit_r0_p": 1.250507357759835,
    "WLHRealSpinOrbit_r1_p": 0.8265188480565705,
    "WLHRealSpinOrbit_a0_p": 0.779016741441098,
    "WLHRealSpinOrbit_a1_p": 0.0003564149458995701,
    "WLHRealSpinOrbit_V0_n": 8.88931315448694,
    "WLHRealSpinOrbit_V1_n": 0.0077888069835375506,
    "WLHRealSpinOrbit_r0_n": 1.2767721144506827,
    "WLHRealSpinOrbit_r1_n": 0.8673384807299692,
    "WLHRealSpinOrbit_a0_n": 0.7945954277387888,
    "WLHRealSpinOrbit_a1_n": 0.00035286489219263405
}