{
    "WLHReal_V0_p": 46.42319686316283,
    "WLHReal_V1_p": 0.258260021531118,
    "WLHReal_V2_p": -0.001378375889278698,
    "WLHReal_V3_p": 6.322823337806569e-06,
    "WLHReal_V4_p": 10.338509560860397,
    "WLHReal_V5_p": 0.1147900171103478,
    "WLHReal_V6_p": 0.000691238822139966,
    "WLHReal_r0_p": 1.4029594107813428,
    "WLHReal_r1_p": 0.21464476868886923,
    "WLHReal_r2_p": 0.0012095860325985364,
    "WLHReal_r3_p": 1.672762428383095e-05,
    "WLHReal_a0_p": 0.8176552817925457,
    "WLHReal_a1_p": -0.0001619613517333815,
    "WLHReal_a2_p": 1.6248597384936095e-05,
    "WLHReal_a3_p": -0.09727407333499972,
    "WLHReal_a4_p": 0.49049711755135794,
    "WLHReal_V0_n": 53.15728835144366,
    "WLHReal_V1_n": 0.2710986896558185,
    "WLHReal_V2_n": 0.0006841100670257691,
    "WLHReal_V3_n": -1.3942991681363175e-06,
    "WLHReal_V4_n": 22.834313361667522,
    "WLHReal_V5_n": 0.2057335846027365,
    "WLHReal_V6_n": 0.0001884070842552624,
    "WLHReal_r0_n": 1.218752147362129,
    "WLHReal_r1_n": 0.2408644078362317,
    "WLHReal_r2_n": 0.000348306489621163,
    "WLHReal_r3_n": 2.114317974645038e-07,
    "WLHReal_a0_n": 0.6905949179393103,
    "WLHReal_a1_n": 0.00016152822817156506,
    "WLHReal_a2_n": -1.4731410113152641e-06,
    "WLHReal_a3_n": 0.24390670304215095,
    "WLHReal_a4_n": 0.657229222920183,
    "WLHImagVolume_W0_p": 5.9812899825130525,
    "WLHImagVolume_W1_p": 0.15986064875662873,
    "WLHImagVolume_W2_p": 0.00012195871394875604,
    "WLHImagVolume_W3_p": 6.273014755503627,
    "WLHImagVolume_W4_p": 0.07968960234863474,
    "WLHImagVolume_r0_p": 0.920992392393321,
    "WLHImagVolume_r1_p": 29.305437679788174,
    "WLHImagVolume_r2_p": 0.47193381867014894,
    "WLHImagVolume_r3_p": 51.501663138824746,
    "WLHImagVolume_r4_p": 0.6871769205496585,
    "WLHImagVolume_r5_p": 1.0199172639022762e-06,
    "WLHImagVolume_a0_p": 0.6445362628045544,
    "WLHImagVolume_a1_p": 0.2458917695076443,
    "WLHImagVolume_a2_p": 14.143940265088807,
    "WLHImagVolume_a3_p": 0.46476483928261275,
    "WLHImagVolume_a4_p": 0.003434125142069657,
    "WLHImagVolume_W0_n": 1.0733838586877915,
    "WLHImagVolume_W1_n": 0.12486604807679055,
    "WLHImagVolume_W2_n": -4.588864214745533e-05,
    "WLHImagVolume_W3_n": 5.78463645488334,
    "WLHImagVolume_W4_n": 0.007016214503476854,
    "WLHImagVolume_r0_n": 0.5576124802782372,
    "WLHImagVolume_r1_n": 70.23374271682258,
    "WLHImagVolume_r2_n": 0.6507293987423737,
    "WLHImagVolume_r3_n": 61.25311285041229,
    "WLHImagVolume_r4_n": 0.8987422014529404,
    "WLHImagVolume_r5_n": 1.7350597030256703e-06,
    "WLHImagVolume_a0_n": 0.14228499988211962,
    "WLHImagVolume_a1_n": 0.6498504015089693,
    "WLHImagVolume_a2_n": 12.74316739749245,
    "WLHImagVolume_a3_n": 0.09739348227638078,
    "WLHImagVolume_a4_n": 0.0008442608117201566,
    "WLHImagSurface_W0_p": 0.3026875355749131,
    "WLHImagSurface_W1_p": -0.01072446474672089,
    "WLHImagSurface_W2_p": -0.7159576868109174,
    "WLHImagSurface_W3_p": -0.05460510477026864,
    "WLHImagSurface_r0_p": 0.6761171275339986,
    "WLHImagSurface_r1_p": -0.547877815495377,
    "WLHImagSurface_r2_p": -0.003914468342187228,
    "WLHImagSurface_a0_p": 0.7692632819605202,
    "WLHImagSurface_W0_n": 1.047473204649612,
    "WLHImagSurface_W1_n": -0.0050739837794650244,
    "WLHImagSurface_W2_n": 0.9871879589648276,
    "WLHImagSurface_W3_n": 0.00477902441449049,
    "WLHImagSurface_r0_n": 1.2653085447723944,
    "WLHImagSurface_r1_n": 1.0939826767856842,
    "WLHImagSurface_r2_n": 0.004396109343551672,
    "WLHImagSurface_a0_n": 0.8146777947850697,
    "WLHRealSpinOrbit_V0_p": 8.796845794232071,
    "WLHRealSpinOrbit_V1_p": 0.008962212085713057,
    "WLHRealSpinOrbit_r0_p": 1.4060071877233402,
    "WLHRealSpinOrbit_r1_p": 1.0626126657280295,
    "WLHRealSpinOrbit_a0_p": 0.9021262212372277,
    "WLHRealSpinOrbit_a1_p": 0.0003566924064280364,
    "WLHRealSpinOrbit_V0_n": 10.139317043449617,
    "WLHRealSpinOrbit_V1_n": 0.008144106735494934,
    "WLHRealSpinOrbit_r0_n": 1.197754997563408,
    "WLHRealSpinOrbit_r1_n": 0.7299664822652178,
    "WLHRealSpinOrbit_a0_n": 0.7374910989954421,
    "WLHRealSpinOrbit_a1_n": 0.00038647901755420127
}