{
    "WLHReal_V0_p": 52.09539444653918,
    "WLHReal_V1_p": 0.2949794894888535,
    "WLHReal_V2_p": -0.0006174132101833801,
    "WLHReal_V3_p": 4.356761038842963e-06,
    "WLHReal_V4_p": 11.401956661662027,
    "WLHReal_V5_p": 0.14729409440202973,
    "WLHReal_V6_p": 0.0005222506282200676,
    "WLHReal_r0_p": 1.367151486425214,
    "WLHReal_r1_p": 0.3556650028149255,
    "WLHReal_r2_p": 0.0008672083430866396,
    "WLHReal_r3_p": 8.773039084832573e-06,
    "WLHReal_a0_p": 0.8050377937559116,
    "WLHReal_a1_p": 0.00012275737199022064,
    "WLHReal_a2_p": 7.767171101630228e-06,
    "WLHReal_a3_p": 0.005486166283780694,
    "WLHReal_a4_p": 0.5342090644725294,
    "WLHReal_V0_n": 51.12628843183279,
    "WLHReal_V1_n": 0.27854251258728796,
    "WLHReal_V2_n": -3.8369822111551915e-06,
    "WLHReal_V3_n": 2.0388576043113803e-06,
    "WLHReal_V4_n": 21.388153416885583,
    "WLHReal_V5_n": 0.2583774401128927,
    "WLHReal_V6_n": 0.000807992660679026,
    "WLHReal_r0_n": 1.2881075024238986,
    "WLHReal_r1_n": 0.28752965377976136,
    "WLHReal_r2_n": 0.0007539740629148566,
    "WLHReal_r3_n": 6.730973398093619e-06,
    "WLHReal_a0_n": 0.7256345179611698,
    "WLHReal_a1_n": 0.0007447745113467006,
    "WLHReal_a2_n": 7.376952164183485e-06,
    "WLHReal_a3_n": 0.27784836391204604,
    "WLHReal_a4_n": 0.8222048207583986,
    "WLHImagVolume_W0_p": 5.440669328458172,
    "WLHImagVolume_W1_p": 0.24908144100056379,
    "WLHImagVolume_W2_p": 0.0004341655706104837,
    "WLHImagVolume_W3_p": 10.381906096455376,
    "WLHImagVolume_W4_p": 0.09301141060059193,
    "WLHImagVolume_r0_p": 0.6510716541383286,
    "WLHImagVolume_r1_p": 46.81953539678907,
    "WLHImagVolume_r2_p": 0.6713088641070961,
    "WLHImagVolume_r3_p": 57.495460534565346,
    "WLHImagVolume_r4_p": 0.567485545375705,
    "WLHImagVolume_r5_p": 8.999001857962935e-07,
    "WLHImagVolume_a0_p": 0.6049102362310307,
    "WLHImagVolume_a1_p": 0.2685923922500285,
    "WLHImagVolume_a2_p": 14.641333359764644,
    "WLHImagVolume_a3_p": 0.4523436526215956,
    "WLHImagVolume_a4_p": 0.003047141404064504,
    "WLHImagVolume_W0_n": 1.9615434434195778,
    "WLHImagVolume_W1_n": 0.18032811336889643,
    "WLHImagVolume_W2_n": 0.000341322444901493,
    "WLHImagVolume_W3_n": 6.819949998259242,
    "WLHImagVolume_W4_n": 0.005032812205684394,
    "WLHImagVolume_r0_n": 0.508400436340564,
    "WLHImagVolume_r1_n": 92.89418924724207,
    "WLHImagVolume_r2_n": 0.7698498820677949,
    "WLHImagVolume_r3_n": 87.14166646732038,
    "WLHImagVolume_r4_n": 0.8127874511086923,
    "WLHImagVolume_r5_n": 2.8318587384102375e-06,
    "WLHImagVolume_a0_n": 0.1936940057105702,
    "WLHImagVolume_a1_n": 0.6192365873477271,
    "WLHImagVolume_a2_n": 9.24618698024754,
    "WLHImagVolume_a3_n": 0.0791667580268758,
    "WLHImagVolume_a4_n": 0.0005330358912436122,
    "WLHImagSurface_W0_p": 0.7907211763735484,
    "WLHImagSurface_W1_p": 0.0371838433873939,
    "WLHImagSurface_W2_p": 0.8583956175096978,
    "WLHImagSurface_W3_p": 0.1414999818616308,
    "WLHImagSurface_r0_p": 0.8562463204410008,
    "WLHImagSurface_r1_p": 0.21215118704576563,
    "WLHImagSurface_r2_p": 0.0008900115593427202,
    "WLHImagSurface_a0_p": 0.7355162245425421,
    "WLHImagSurface_W0_n": 1.4299273353891917,
    "WLHImagSurface_W1_n": 0.0280353781727619,
    "WLHImagSurface_W2_n": 2.0862358290489045,
    "WLHImagSurface_W3_n": 0.1134488972854005,
    "WLHImagSurface_r0_n": 1.309706061522231,
    "WLHImagSurface_r1_n": 1.384588044166019,
    "WLHImagSurface_r2_n": 0.0033723911543413875,
    "WLHImagSurface_a0_n": 0.846395442588081,
    "WLHRealSpinOrbit_V0_p": 9.107466267507887,
    "WLHRealSpinOrbit_V1_p": 0.008530538056011519,
    "WLHRealSpinOrbit_r0_p": 1.3325249227812013,
    "WLHRealSpinOrbit_r1_p": 0.948928358532507,
    "WLHRealSpinOrbit_a0_p": 0.8425291130252236,
    "WLHRealSpinOrbit_a1_p": 0.0003553839048951661,
    "WLHRealSpinOrbit_V0_n": 9.450376301049813,
    "WLHRealSpinOrbit_V1_n": 0.008182766262040314,
    "WLHRealSpinOrbit_r0_n": 1.2680985486277219,
    "WLHRealSpinOrbit_r1_n": 0.8411522530205663,
    "WLHRealSpinOrbit_a0_n": 0.7898637612750619,
    "WLHRealSpinOrbit_a1_n": 0.0003772114181818514
}