{
    "CH89RealCentral": {
        "V_0": 54.5954,
        "V_t": 18.4072,
        "V_e": -0.354785,
        "r_o": 1.21258,
        "r_o_0": -0.222889,
        "a_0": 0.718976
    },
    "CH89Coulomb": {
        "r_c": 1.35895,
        "r_c_0": 0.211903
    },
    "CH89SpinOrbit": {
        "V_so": 6.15238,
        "r_so": 1.19553,
        "r_so_0": -0.404389,
        "a_so": 0.618515
    },
    "CH89ImagCentral": {
        "W_v0": 5.01214,
        "W_ve0": 26.8324,
        "W_vew": 12.8127,
        "W_s0": 16.4938,
        "W_st": 21.0532,
        "W_se0": -4.10842,
        "W_sew": 47.9962,
        "r_w": 1.19357,
        "r_w0": 0.0327943,
        "a_w": 0.75187
    }
}