{
    "WLHReal_V0_p": 53.64875621279627,
    "WLHReal_V1_p": 0.3071580942997306,
    "WLHReal_V2_p": -7.437906212151139e-05,
    "WLHReal_V3_p": 2.6580375702153292e-06,
    "WLHReal_V4_p": 12.551693614796674,
    "WLHReal_V5_p": 0.14352660585276003,
    "WLHReal_V6_p": 0.0003320168301519703,
    "WLHReal_r0_p": 1.3245464905826838,
    "WLHReal_r1_p": 0.35777573552261366,
    "WLHReal_r2_p": 0.0006776582127807364,
    "WLHReal_r3_p": 5.082389845178758e-06,
    "WLHReal_a0_p": 0.7823484818024276,
    "WLHReal_a1_p": 0.0001423585263090375,
    "WLHReal_a2_p": 4.219140360375505e-06,
    "WLHReal_a3_p": 0.05198276570003709,
    "WLHReal_a4_p": 0.5386807501413322,
    "WLHReal_V0_n": 53.25409407095173,
    "WLHReal_V1_n": 0.31046599120572993,
    "WLHReal_V2_n": -8.843446122915269e-05,
    "WLHReal_V3_n": 2.31140360317458e-06,
    "WLHReal_V4_n": 20.523682751765193,
    "WLHReal_V5_n": 0.2776258858908345,
    "WLHReal_V6_n": 0.0009386670124864401,
    "WLHReal_r0_n": 1.2964896171637803,
    "WLHReal_r1_n": 0.3264174866371811,
    "WLHReal_r2_n": 0.0008191513104678986,
    "WLHReal_r3_n": 6.375377548025201e-06,
    "WLHReal_a0_n": 0.7351797665377686,
    "WLHReal_a1_n": 0.0007651496691939232,
    "WLHReal_a2_n": 7.932463745089382e-06,
    "WLHReal_a3_n": 0.24810025781697323,
    "WLHReal_a4_n": 0.8249240339842528,
    "WLHImagVolume_W0_p": 4.348033282634843,
    "WLHImagVolume_W1_p": 0.23640361768141888,
    "WLHImagVolume_W2_p": 0.0004547461550908857,
    "WLHImagVolume_W3_p": 11.407272273936472,
    "WLHImagVolume_W4_p": 0.07984960781590672,
    "WLHImagVolume_r0_p": 0.5407616852431354,
    "WLHImagVolume_r1_p": 57.65760199362235,
    "WLHImagVolume_r2_p": 0.7352286246404942,
    "WLHImagVolume_r3_p": 64.62630070706724,
    "WLHImagVolume_r4_p": 0.5191996332211136,
    "WLHImagVolume_r5_p": 1.040806309048785e-06,
    "WLHImagVolume_a0_p": 0.5508393747393937,
    "WLHImagVolume_a1_p": 0.2955666499507933,
    "WLHImagVolume_a2_p": 16.359522196982258,
    "WLHImagVolume_a3_p": 0.40454885164930277,
    "WLHImagVolume_a4_p": 0.002231375865303248,
    "WLHImagVolume_W0_n": 2.768850565295912,
    "WLHImagVolume_W1_n": 0.2612924023653852,
    "WLHImagVolume_W2_n": 0.0006505927872471454,
    "WLHImagVolume_W3_n": 8.420654129050206,
    "WLHImagVolume_W4_n": 0.04039679776458867,
    "WLHImagVolume_r0_n": 0.48694219557404106,
    "WLHImagVolume_r1_n": 94.44408490939483,
    "WLHImagVolume_r2_n": 0.8028181137361137,
    "WLHImagVolume_r3_n": 93.41150246708472,
    "WLHImagVolume_r4_n": 0.7968702909417958,
    "WLHImagVolume_r5_n": 2.710091498432225e-06,
    "WLHImagVolume_a0_n": 0.21418947117091935,
    "WLHImagVolume_a1_n": 0.6059308606468529,
    "WLHImagVolume_a2_n": 6.698235578360381,
    "WLHImagVolume_a3_n": 0.04148174810902356,
    "WLHImagVolume_a4_n": 0.0003519170446250882,
    "WLHImagSurface_W0_p": 1.1137359347261944,
    "WLHImagSurface_W1_p": 0.060072524819925435,
    "WLHImagSurface_W2_p": 1.5384703007414848,
    "WLHImagSurface_W3_p": 0.22118522868161344,
    "WLHImagSurface_r0_p": 1.0093718886366654,
    "WLHImagSurface_r1_p": 0.5540260568793453,
    "WLHImagSurface_r2_p": 0.00436060889575116,
    "WLHImagSurface_a0_p": 0.7924467442987984,
    "WLHImagSurface_W0_n": 2.0029245574374785,
    "WLHImagSurface_W1_n": 0.050378645940210645,
    "WLHImagSurface_W2_n": 3.1459481868523205,
    "WLHImagSurface_W3_n": 0.17223593839644924,
    "WLHImagSurface_r0_n": 1.3131965083479842,
    "WLHImagSurface_r1_n": 1.5489137115202385,
    "WLHImagSurface_r2_n": 0.0035448778232862257,
    "WLHImagSurface_a0_n": 0.8435969913872566,
    "WLHRealSpinOrbit_V0_p": 9.305436809346523,
    "WLHRealSpinOrbit_V1_p": 0.00821379123172073,
    "WLHRealSpinOrbit_r0_p": 1.283001738604507,
    "WLHRealSpinOrbit_r1_p": 0.8691258377956668,
    "WLHRealSpinOrbit_a0_p": 0.8018230297076566,
    "WLHRealSpinOrbit_a1_p": 0.0003639641180274895,
    "WLHRealSpinOrbit_V0_n": 9.372220999101799,
    "WLHRealSpinOrbit_V1_n": 0.008243892181255204,
    "WLHRealSpinOrbit_r0_n": 1.272941157597041,
    "WLHRealSpinOrbit_r1_n": 0.8648302075036182,
    "WLHRealSpinOrbit_a0_n": 0.7981391775807253,
    "WLHRealSpinOrbit_a1_n": 0.0003483028774924702
}