{
    "WLHReal_V0_p": 56.96750950536744,
    "WLHReal_V1_p": 0.2865877868292898,
    "WLHReal_V2_p": 0.0007487959702282608,
    "WLHReal_V3_p": -2.0516800174153663e-06,
    "WLHReal_V4_p": 16.631336102266715,
    "WLHReal_V5_p": 0.12222271066433632,
    "WLHReal_V6_p": 4.432393818697806e-05,
    "WLHReal_r0_p": 1.1911873809198619,
    "WLHReal_r1_p": 0.22410460133035892,
    "WLHReal_r2_p": 0.0005404759868077825,
    "WLHReal_r3_p": 1.972237878889254e-06,
    "WLHReal_a0_p": 0.7313081585327164,
    "WLHReal_a1_p": 0.00020662576107508603,
    "WLHReal_a2_p": -5.250736155960249e-07,
    "WLHReal_a3_p": 0.1042589639131473,
    "WLHReal_a4_p": 0.5451838077012268,
    "WLHReal_V0_n": 54.75848605070641,
    "WLHReal_V1_n": 0.3294898347017337,
    "WLHReal_V2_n": 0.0002261788851630764,
    "WLHReal_V3_n": 1.5574384101119508e-06,
    "WLHReal_V4_n": 20.479622411336084,
    "WLHReal_V5_n": 0.26047062117580655,
    "WLHReal_V6_n": 0.0006782321140115738,
    "WLHReal_r0_n": 1.2754761425647565,
    "WLHReal_r1_n": 0.33201407544270684,
    "WLHReal_r2_n": 0.0006427736513221774,
    "WLHReal_r3_n": 3.390834593857295e-06,
    "WLHReal_a0_n": 0.7219353600511256,
    "WLHReal_a1_n": 0.0005248313044357001,
    "WLHReal_a2_n": 3.580746238588286e-06,
    "WLHReal_a3_n": 0.2085371852310296,
    "WLHReal_a4_n": 0.7329560821718905,
    "WLHImagVolume_W0_p": 2.4840114915863225,
    "WLHImagVolume_W1_p": 0.18864063505306655,
    "WLHImagVolume_W2_p": 3.475948020583255e-05,
    "WLHImagVolume_W3_p": 12.649404069001866,
    "WLHImagVolume_W4_p": 0.053734903844762094,
    "WLHImagVolume_r0_p": 0.7325892689420961,
    "WLHImagVolume_r1_p": 26.991995880267734,
    "WLHImagVolume_r2_p": 0.4120902824681249,
    "WLHImagVolume_r3_p": 41.71219247871458,
    "WLHImagVolume_r4_p": 0.8532627362378583,
    "WLHImagVolume_r5_p": 2.4044208020521295e-06,
    "WLHImagVolume_a0_p": 0.5076670256519252,
    "WLHImagVolume_a1_p": 0.23890589425494824,
    "WLHImagVolume_a2_p": 10.411206039290388,
    "WLHImagVolume_a3_p": 0.39074905747158345,
    "WLHImagVolume_a4_p": 0.001798224180155289,
    "WLHImagVolume_W0_n": 2.5831513242486857,
    "WLHImagVolume_W1_n": 0.26984329248368644,
    "WLHImagVolume_W2_n": 0.0006884000827392915,
    "WLHImagVolume_W3_n": 8.252755120285547,
    "WLHImagVolume_W4_n": 0.058612915770766605,
    "WLHImagVolume_r0_n": 0.45310158132885825,
    "WLHImagVolume_r1_n": 95.61804320658536,
    "WLHImagVolume_r2_n": 0.8167595666269095,
    "WLHImagVolume_r3_n": 90.09880812181366,
    "WLHImagVolume_r4_n": 0.7534432860309132,
    "WLHImagVolume_r5_n": 1.839263730292751e-06,
    "WLHImagVolume_a0_n": 0.18766525005134466,
    "WLHImagVolume_a1_n": 0.625938647728447,
    "WLHImagVolume_a2_n": 7.262587547665992,
    "WLHImagVolume_a3_n": 0.03355544668784506,
    "WLHImagVolume_a4_n": 0.00030400228379595185,
    "WLHImagSurface_W0_p": 1.0290014339884297,
    "WLHImagSurface_W1_p": 0.02879965339682833,
    "WLHImagSurface_W2_p": 1.0794588594583252,
    "WLHImagSurface_W3_p": 0.08670475215770673,
    "WLHImagSurface_r0_p": 1.0371684875824083,
    "WLHImagSurface_r1_p": 0.8487850304259412,
    "WLHImagSurface_r2_p": 0.009735825163557189,
    "WLHImagSurface_a0_p": 0.6888571060376634,
    "WLHImagSurface_W0_n": 2.2138390609883296,
    "WLHImagSurface_W1_n": 0.05065346667095291,
    "WLHImagSurface_W2_n": 3.499018090748006,
    "WLHImagSurface_W3_n": 0.16745014607570885,
    "WLHImagSurface_r0_n": 1.3136622376067266,
    "WLHImagSurface_r1_n": 1.5308210492975283,
    "WLHImagSurface_r2_n": 0.004186463335535051,
    "WLHImagSurface_a0_n": 0.8282576298108382,
    "WLHRealSpinOrbit_V0_p": 10.770744105775368,
    "WLHRealSpinOrbit_V1_p": 0.008626431210105041,
    "WLHRealSpinOrbit_r0_p": 1.172306071898316,
    "WLHRealSpinOrbit_r1_p": 0.7115648800722834,
    "WLHRealSpinOrbit_a0_p": 0.7299558574081589,
    "WLHRealSpinOrbit_a1_p": 0.0003542652212704277,
    "WLHRealSpinOrbit_V0_n": 9.432879831099807,
    "WLHRealSpinOrbit_V1_n": 0.008061414962496597,
    "WLHRealSpinOrbit_r0_n": 1.247128223375825,
    "WLHRealSpinOrbit_r1_n": 0.827762612337545,
    "WLHRealSpinOrbit_a0_n": 0.7778387372965689,
    "WLHRealSpinOrbit_a1_n": 0.0003450639215660879
}