{
    "WLHReal_V0_p": 52.14690898492495,
    "WLHReal_V1_p": 0.29207883404871415,
    "WLHReal_V2_p": -0.00026238878874552376,
    "WLHReal_V3_p": 2.5793483515208242e-06,
    "WLHReal_V4_p": 12.647167023326555,
    "WLHReal_V5_p": 0.12804921236371167,
    "WLHReal_V6_p": 0.00036232036427953006,
    "WLHReal_r0_p": 1.3183620631918793,
    "WLHReal_r1_p": 0.2812204818829158,
    "WLHReal_r2_p": 0.0008197563086575177,
    "WLHReal_r3_p": 7.688405504935243e-06,
    "WLHReal_a0_p": 0.7814737645158611,
    "WLHReal_a1_p": 4.947871231929583e-05,
    "WLHReal_a2_p": 6.687679437962188e-06,
    "WLHReal_a3_p": 0.021765306126016622,
    "WLHReal_a4_p": 0.5329282667224546,
    "WLHReal_V0_n": 54.087384193149,
    "WLHReal_V1_n": 0.2838209943659324,
    "WLHReal_V2_n": -2.8405028302438636e-05,
    "WLHReal_V3_n": 9.869700110184894e-07,
    "WLHReal_V4_n": 21.979833179226457,
    "WLHReal_V5_n": 0.2637121610674082,
    "WLHReal_V6_n": 0.0009134050692524172,
    "WLHReal_r0_n": 1.2483340676784014,
    "WLHReal_r1_n": 0.23476279959800575,
    "WLHReal_r2_n": 0.0008491435119158775,
    "WLHReal_r3_n": 8.142469267526463e-06,
    "WLHReal_a0_n": 0.7310108693849897,
    "WLHReal_a1_n": 0.0006902654198663034,
    "WLHReal_a2_n": 9.285266124860562e-06,
    "WLHReal_a3_n": 0.3133936284419264,
    "WLHReal_a4_n": 0.9169950816277475,
    "WLHImagVolume_W0_p": 4.382402247136151,
    "WLHImagVolume_W1_p": 0.20193864720254678,
    "WLHImagVolume_W2_p": 0.00028717546467402124,
    "WLHImagVolume_W3_p": 10.253617490302252,
    "WLHImagVolume_W4_p": 0.07274557050593289,
    "WLHImagVolume_r0_p": 0.6774323244585132,
    "WLHImagVolume_r1_p": 46.09496384787841,
    "WLHImagVolume_r2_p": 0.6064162180497367,
    "WLHImagVolume_r3_p": 59.03252200037434,
    "WLHImagVolume_r4_p": 0.6235004277422693,
    "WLHImagVolume_r5_p": 9.288398743346381e-07,
    "WLHImagVolume_a0_p": 0.5633423376706309,
    "WLHImagVolume_a1_p": 0.27604986245962915,
    "WLHImagVolume_a2_p": 15.09948843404972,
    "WLHImagVolume_a3_p": 0.41185272109108056,
    "WLHImagVolume_a4_p": 0.0023832265046340225,
    "WLHImagVolume_W0_n": 2.9018910856085394,
    "WLHImagVolume_W1_n": 0.22553450789822363,
    "WLHImagVolume_W2_n": 0.0002537952967480905,
    "WLHImagVolume_W3_n": 9.163598601927305,
    "WLHImagVolume_W4_n": 0.02427175522136014,
    "WLHImagVolume_r0_n": 0.6483913320243528,
    "WLHImagVolume_r1_n": 59.40646055005198,
    "WLHImagVolume_r2_n": 0.596520721053761,
    "WLHImagVolume_r3_n": 70.93190402889428,
    "WLHImagVolume_r4_n": 1.0176012234802574,
    "WLHImagVolume_r5_n": 3.3708698174697627e-06,
    "WLHImagVolume_a0_n": 0.22724959909223588,
    "WLHImagVolume_a1_n": 0.575458261187529,
    "WLHImagVolume_a2_n": 7.517171790744482,
    "WLHImagVolume_a3_n": 0.04041287399548731,
    "WLHImagVolume_a4_n": 0.0005454244008624917,
    "WLHImagSurface_W0_p": 0.881633604166576,
    "WLHImagSurface_W1_p": 0.03418893329834093,
    "WLHImagSurface_W2_p": 0.7585009013387222,
    "WLHImagSurface_W3_p": 0.11540968360675148,
    "WLHImagSurface_r0_p": 0.9362022370081321,
    "WLHImagSurface_r1_p": 0.30146739638876047,
    "WLHImagSurface_r2_p": 0.0031340275231188934,
    "WLHImagSurface_a0_p": 0.7869298610074076,
    "WLHImagSurface_W0_n": 1.430468103387864,
    "WLHImagSurface_W1_n": 0.022852000201591435,
    "WLHImagSurface_W2_n": 1.3495882895794777,
    "WLHImagSurface_W3_n": 0.07576588690894105,
    "WLHImagSurface_r0_n": 1.247770305873993,
    "WLHImagSurface_r1_n": 1.3256667927833643,
    "WLHImagSurface_r2_n": 0.003430929935116488,
    "WLHImagSurface_a0_n": 0.8364137061217306,
    "WLHRealSpinOrbit_V0_p": 9.427871593768467,
    "WLHRealSpinOrbit_V1_p": 0.008481067924380928,
    "WLHRealSpinOrbit_r0_p": 1.294979752412246,
    "WLHRealSpinOrbit_r1_p": 0.8922901755537299,
    "WLHRealSpinOrbit_a0_p": 0.8153462962544522,
    "WLHRealSpinOrbit_a1_p": 0.0003591335063860742,
    "WLHRealSpinOrbit_V0_n": 10.23514035204379,
    "WLHRealSpinOrbit_V1_n": 0.008844997288880194,
    "WLHRealSpinOrbit_r0_n": 1.2407182945618311,
    "WLHRealSpinOrbit_r1_n": 0.8282815902652658,
    "WLHRealSpinOrbit_a0_n": 0.7855263492733598,
    "WLHRealSpinOrbit_a1_n": 0.0003327480774853208
}