{
    "WLHReal_V0_p": 50.628046519508494,
    "WLHReal_V1_p": 0.32493127307586667,
    "WLHReal_V2_p": -0.0003066634114439183,
    "WLHReal_V3_p": 3.3074145625194785e-06,
    "WLHReal_V4_p": 10.733167861064814,
    "WLHReal_V5_p": 0.11331993105796655,
    "WLHReal_V6_p": 0.0003198970526266388,
    "WLHReal_r0_p": 1.343645739272956,
    "WLHReal_r1_p": 0.2648689208818159,
    "WLHReal_r2_p": 0.000965149466209748,
    "WLHReal_r3_p": 8.954754019867053e-06,
    "WLHReal_a0_p": 0.7903880695177711,
    "WLHReal_a1_p": -9.923213373068575e-05,
    "WLHReal_a2_p": 8.787187167729743e-06,
    "WLHReal_a3_p": 0.02794287667332863,
    "WLHReal_a4_p": 0.5843831435460823,
    "WLHReal_V0_n": 49.55398289384825,
    "WLHReal_V1_n": 0.24401677585377174,
    "WLHReal_V2_n": -0.0005718133116517779,
    "WLHReal_V3_n": 3.276511032620566e-06,
    "WLHReal_V4_n": 21.531648905193094,
    "WLHReal_V5_n": 0.29392012590652067,
    "WLHReal_V6_n": 0.0012750865047310026,
    "WLHReal_r0_n": 1.324699297563459,
    "WLHReal_r1_n": 0.303582502294277,
    "WLHReal_r2_n": 0.0010311168777695937,
    "WLHReal_r3_n": 1.1883922631036137e-05,
    "WLHReal_a0_n": 0.7500736608450291,
    "WLHReal_a1_n": 0.0010700557561669785,
    "WLHReal_a2_n": 1.4060250829195062e-05,
    "WLHReal_a3_n": 0.3263737643062308,
    "WLHReal_a4_n": 0.946634618644348,
    "WLHImagVolume_W0_p": 4.4332547298207094,
    "WLHImagVolume_W1_p": 0.19747564690076996,
    "WLHImagVolume_W2_p": 0.0005376788574946389,
    "WLHImagVolume_W3_p": 10.599789432150768,
    "WLHImagVolume_W4_p": 0.0668778623059115,
    "WLHImagVolume_r0_p": 0.5099535591406552,
    "WLHImagVolume_r1_p": 78.91116860879602,
    "WLHImagVolume_r2_p": 0.8167467574490064,
    "WLHImagVolume_r3_p": 88.84825861182512,
    "WLHImagVolume_r4_p": 0.4184499694298418,
    "WLHImagVolume_r5_p": 3.566435159056098e-07,
    "WLHImagVolume_a0_p": 0.5278754086327069,
    "WLHImagVolume_a1_p": 0.3451982479398541,
    "WLHImagVolume_a2_p": 21.645648492873892,
    "WLHImagVolume_a3_p": 0.35652647536003335,
    "WLHImagVolume_a4_p": 0.0016254551080890493,
    "WLHImagVolume_W0_n": 2.5070022614096885,
    "WLHImagVolume_W1_n": 0.19251379946044195,
    "WLHImagVolume_W2_n": 0.0002912338442033666,
    "WLHImagVolume_W3_n": 7.717048455437474,
    "WLHImagVolume_W4_n": -0.016177353632422797,
    "WLHImagVolume_r0_n": 0.5935225582177537,
    "WLHImagVolume_r1_n": 81.13435750957521,
    "WLHImagVolume_r2_n": 0.7179569373085846,
    "WLHImagVolume_r3_n": 88.44697228424896,
    "WLHImagVolume_r4_n": 0.9567215602769191,
    "WLHImagVolume_r5_n": 4.9990824729025865e-06,
    "WLHImagVolume_a0_n": 0.255765384629384,
    "WLHImagVolume_a1_n": 0.5762353331523281,
    "WLHImagVolume_a2_n": 7.791124826946234,
    "WLHImagVolume_a3_n": 0.0900444871950748,
    "WLHImagVolume_a4_n": 0.0007939385272825539,
    "WLHImagSurface_W0_p": 1.090882487311074,
    "WLHImagSurface_W1_p": 0.053844655841321754,
    "WLHImagSurface_W2_p": 0.7138070461102207,
    "WLHImagSurface_W3_p": 0.17725308963560318,
    "WLHImagSurface_r0_p": 1.0760024490388995,
    "WLHImagSurface_r1_p": 0.2922261812802056,
    "WLHImagSurface_r2_p": 0.0023234462917142524,
    "WLHImagSurface_a0_p": 0.9939937792485594,
    "WLHImagSurface_W0_n": 1.088459429943628,
    "WLHImagSurface_W1_n": 0.027586173657013456,
    "WLHImagSurface_W2_n": 1.5275455592380203,
    "WLHImagSurface_W3_n": 0.12136224762381104,
    "WLHImagSurface_r0_n": 1.2929465060336724,
    "WLHImagSurface_r1_n": 1.416728026848514,
    "WLHImagSurface_r2_n": 0.0022810976234281357,
    "WLHImagSurface_a0_n": 0.8705198149074893,
    "WLHRealSpinOrbit_V0_p": 8.764069771026014,
    "WLHRealSpinOrbit_V1_p": 0.008065036698598914,
    "WLHRealSpinOrbit_r0_p": 1.3170118539585463,
    "WLHRealSpinOrbit_r1_p": 0.9288821432107236,
    "WLHRealSpinOrbit_a0_p": 0.8275552035279865,
    "WLHRealSpinOrbit_a1_p": 0.00035439770566228734,
    "WLHRealSpinOrbit_V0_n": 9.487640645984655,
    "WLHRealSpinOrbit_V1_n": 0.0086216357754989,
    "WLHRealSpinOrbit_r0_n": 1.3101184337436793,
    "WLHRealSpinOrbit_r1_n": 0.9033891002993797,
    "WLHRealSpinOrbit_a0_n": 0.8248554473270541,
    "WLHRealSpinOrbit_a1_n": 0.0003781439747533209
}