{
    "WLHReal_V0_p": 49.24902010390671,
    "WLHReal_V1_p": 0.2709056433530293,
    "WLHReal_V2_p": -0.0003474205485604264,
    "WLHReal_V3_p": 2.961880981792652e-06,
    "WLHReal_V4_p": 12.79875960055861,
    "WLHReal_V5_p": 0.1245023445595777,
    "WLHReal_V6_p": 0.00036515925368574157,
    "WLHReal_r0_p": 1.3432561054562788,
    "WLHReal_r1_p": 0.2981355273060377,
    "WLHReal_r2_p": 0.0006361502141595615,
    "WLHReal_r3_p": 6.513230542686776e-06,
    "WLHReal_a0_p": 0.7748483123460969,
    "WLHReal_a1_p": -6.404524784913289e-05,
    "WLHReal_a2_p": 6.677192886807383e-06,
    "WLHReal_a3_p": -0.014823512695703582,
    "WLHReal_a4_p": 0.43963789771572875,
    "WLHReal_V0_n": 56.05421484530985,
    "WLHReal_V1_n": 0.288280971318504,
    "WLHReal_V2_n": 0.00031641164429470554,
    "WLHReal_V3_n": 3.707758905126433e-07,
    "WLHReal_V4_n": 22.044288323652626,
    "WLHReal_V5_n": 0.24943781909326274,
    "WLHReal_V6_n": 0.000553455884655832,
    "WLHReal_r0_n": 1.2445932974651048,
    "WLHReal_r1_n": 0.3238081794143115,
    "WLHReal_r2_n": 0.0005017896867628522,
    "WLHReal_r3_n": 2.6879803204066987e-06,
    "WLHReal_a0_n": 0.7134050843299973,
    "WLHReal_a1_n": 0.0002098369565847626,
    "WLHReal_a2_n": 7.986692660941382e-07,
    "WLHReal_a3_n": 0.20668660490955293,
    "WLHReal_a4_n": 0.6680273035395432,
    "WLHImagVolume_W0_p": 3.8599311882389156,
    "WLHImagVolume_W1_p": 0.13626184530572114,
    "WLHImagVolume_W2_p": 0.00016295809648594564,
    "WLHImagVolume_W3_p": 7.394076015028102,
    "WLHImagVolume_W4_p": 0.05843835278369658,
    "WLHImagVolume_r0_p": 0.6604154953829483,
    "WLHImagVolume_r1_p": 49.22255869949592,
    "WLHImagVolume_r2_p": 0.6500997309948986,
    "WLHImagVolume_r3_p": 59.741046546600856,
    "WLHImagVolume_r4_p": 0.527743313118054,
    "WLHImagVolume_r5_p": 6.110027891012461e-07,
    "WLHImagVolume_a0_p": 0.5454822653579064,
    "WLHImagVolume_a1_p": 0.29885704650156725,
    "WLHImagVolume_a2_p": 17.274104783923406,
    "WLHImagVolume_a3_p": 0.3784208666666134,
    "WLHImagVolume_a4_p": 0.0019550192853923657,
    "WLHImagVolume_W0_n": 2.4563624176965124,
    "WLHImagVolume_W1_n": 0.2516018311576617,
    "WLHImagVolume_W2_n": 0.0002863586232924604,
    "WLHImagVolume_W3_n": 8.64926994433663,
    "WLHImagVolume_W4_n": 0.04891590781731304,
    "WLHImagVolume_r0_n": 0.6038874165599406,
    "WLHImagVolume_r1_n": 54.68596956160839,
    "WLHImagVolume_r2_n": 0.630249465459181,
    "WLHImagVolume_r3_n": 63.08253590757148,
    "WLHImagVolume_r4_n": 1.0302771132963087,
    "WLHImagVolume_r5_n": 2.9847957114312084e-06,
    "WLHImagVolume_a0_n": 0.21181774597007325,
    "WLHImagVolume_a1_n": 0.6065992259303618,
    "WLHImagVolume_a2_n": 8.772282118145206,
    "WLHImagVolume_a3_n": 0.05845052752566169,
    "WLHImagVolume_a4_n": 0.0009928203606120324,
    "WLHImagSurface_W0_p": 1.0782093851166907,
    "WLHImagSurface_W1_p": 0.05406665846792219,
    "WLHImagSurface_W2_p": 1.4618027650768841,
    "WLHImagSurface_W3_p": 0.18851284627074863,
    "WLHImagSurface_r0_p": 0.9683051162839417,
    "WLHImagSurface_r1_p": 0.17362546021998684,
    "WLHImagSurface_r2_p": 0.0031241859120717105,
    "WLHImagSurface_a0_p": 0.8289097637037012,
    "WLHImagSurface_W0_n": 1.5461658192600143,
    "WLHImagSurface_W1_n": 0.018898188142021235,
    "WLHImagSurface_W2_n": 1.9634331940607226,
    "WLHImagSurface_W3_n": 0.07160124608794112,
    "WLHImagSurface_r0_n": 1.2420349811969602,
    "WLHImagSurface_r1_n": 1.2868618078484975,
    "WLHImagSurface_r2_n": 0.0041274924154556854,
    "WLHImagSurface_a0_n": 0.819187503921187,
    "WLHRealSpinOrbit_V0_p": 8.985010923124412,
    "WLHRealSpinOrbit_V1_p": 0.00816541057011781,
    "WLHRealSpinOrbit_r0_p": 1.3202398815725784,
    "WLHRealSpinOrbit_r1_p": 0.9076749393609219,
    "WLHRealSpinOrbit_a0_p": 0.8238553859999932,
    "WLHRealSpinOrbit_a1_p": 0.0003952809541344801,
    "WLHRealSpinOrbit_V0_n": 10.243888750673843,
    "WLHRealSpinOrbit_V1_n": 0.00855222144942756,
    "WLHRealSpinOrbit_r0_n": 1.2182439816163442,
    "WLHRealSpinOrbit_r1_n": 0.7802868180076793,
    "WLHRealSpinOrbit_a0_n": 0.7615259603005148,
    "WLHRealSpinOrbit_a1_n": 0.0003507000406489962
}