{
    "ECS_p": 0.34368,
    "ECS_n": 0.502251,
    "APower_p": 0.84346,
    "APower_n": 0.4336
}