{
    "ECS_p": 0.281969,
    "ECS_n": 0.413394,
    "APower_p": 0.780426,
    "APower_n": 0.269791
}