{
    "WLHReal_V0_p": 60.70873451992797,
    "WLHReal_V1_p": 0.3826956085795952,
    "WLHReal_V2_p": 0.0005543399905467649,
    "WLHReal_V3_p": 6.258648419233272e-07,
    "WLHReal_V4_p": 12.134826000380766,
    "WLHReal_V5_p": 0.14361827533895782,
    "WLHReal_V6_p": 0.00014828617731322562,
    "WLHReal_r0_p": 1.2505031139369325,
    "WLHReal_r1_p": 0.328465642452089,
    "WLHReal_r2_p": 0.0009761324404380775,
    "WLHReal_r3_p": 4.487575642589237e-06,
    "WLHReal_a0_p": 0.7835251505093258,
    "WLHReal_a1_p": 0.0003476686149766778,
    "WLHReal_a2_p": 1.816594111223638e-06,
    "WLHReal_a3_p": 0.17756924207800484,
    "WLHReal_a4_p": 0.7732812321055202,
    "WLHReal_V0_n": 51.12360987426931,
    "WLHReal_V1_n": 0.252468856440746,
    "WLHReal_V2_n": -8.311924469724385e-05,
    "WLHReal_V3_n": 1.194971369914661e-06,
    "WLHReal_V4_n": 21.963160790904833,
    "WLHReal_V5_n": 0.26212148115030576,
    "WLHReal_V6_n": 0.0008302188148424012,
    "WLHReal_r0_n": 1.2918904576233246,
    "WLHReal_r1_n": 0.3113988274165375,
    "WLHReal_r2_n": 0.0007148485374899264,
    "WLHReal_r3_n": 5.7679576328923544e-06,
    "WLHReal_a0_n": 0.7262743952587957,
    "WLHReal_a1_n": 0.0006485020085955274,
    "WLHReal_a2_n": 6.785612411143285e-06,
    "WLHReal_a3_n": 0.2691786486239271,
    "WLHReal_a4_n": 0.7812541098886135,
    "WLHImagVolume_W0_p": 4.64032913025493,
    "WLHImagVolume_W1_p": 0.37382498381981627,
    "WLHImagVolume_W2_p": 0.0009016052508004595,
    "WLHImagVolume_W3_p": 18.855241548216572,
    "WLHImagVolume_W4_p": 0.09894438552823273,
    "WLHImagVolume_r0_p": 0.37891129643538635,
    "WLHImagVolume_r1_p": 78.42071735293044,
    "WLHImagVolume_r2_p": 0.8225425841731772,
    "WLHImagVolume_r3_p": 85.07134849423548,
    "WLHImagVolume_r4_p": 0.5652333156067864,
    "WLHImagVolume_r5_p": 1.4224585654713197e-06,
    "WLHImagVolume_a0_p": 0.5263657202274216,
    "WLHImagVolume_a1_p": 0.30630488971657704,
    "WLHImagVolume_a2_p": 16.56902215940483,
    "WLHImagVolume_a3_p": 0.4098334864725548,
    "WLHImagVolume_a4_p": 0.0021007820976469706,
    "WLHImagVolume_W0_n": 1.8937089504083047,
    "WLHImagVolume_W1_n": 0.17652868792747967,
    "WLHImagVolume_W2_n": 0.00019062935119128183,
    "WLHImagVolume_W3_n": 6.880666751433364,
    "WLHImagVolume_W4_n": -0.0031204453643728404,
    "WLHImagVolume_r0_n": 0.5672223006330609,
    "WLHImagVolume_r1_n": 76.95084707637263,
    "WLHImagVolume_r2_n": 0.7099404825925736,
    "WLHImagVolume_r3_n": 77.905170432812,
    "WLHImagVolume_r4_n": 0.9397876011313163,
    "WLHImagVolume_r5_n": 3.6408015052235635e-06,
    "WLHImagVolume_a0_n": 0.21539191887771342,
    "WLHImagVolume_a1_n": 0.6092607140242415,
    "WLHImagVolume_a2_n": 9.787819275215131,
    "WLHImagVolume_a3_n": 0.09967638602079526,
    "WLHImagVolume_a4_n": 0.0009511756327221675,
    "WLHImagSurface_W0_p": 1.091860932071699,
    "WLHImagSurface_W1_p": 0.049778702268511235,
    "WLHImagSurface_W2_p": 0.666470546668009,
    "WLHImagSurface_W3_p": 0.17639157060050337,
    "WLHImagSurface_r0_p": 1.146236683354978,
    "WLHImagSurface_r1_p": 1.146964786831091,
    "WLHImagSurface_r2_p": 0.006951985814392613,
    "WLHImagSurface_a0_p": 0.8532072168514605,
    "WLHImagSurface_W0_n": 1.092924351158552,
    "WLHImagSurface_W1_n": 0.01585812484113035,
    "WLHImagSurface_W2_n": 1.5301294906012677,
    "WLHImagSurface_W3_n": 0.08354883417784814,
    "WLHImagSurface_r0_n": 1.2838335342586342,
    "WLHImagSurface_r1_n": 1.3028644081467355,
    "WLHImagSurface_r2_n": 0.0031271893822982775,
    "WLHImagSurface_a0_n": 0.8486126896668491,
    "WLHRealSpinOrbit_V0_p": 10.065984785459156,
    "WLHRealSpinOrbit_V1_p": 0.008387254643351476,
    "WLHRealSpinOrbit_r0_p": 1.1976054061159438,
    "WLHRealSpinOrbit_r1_p": 0.7866100007080534,
    "WLHRealSpinOrbit_a0_p": 0.7546607955314222,
    "WLHRealSpinOrbit_a1_p": 0.00028955284473835695,
    "WLHRealSpinOrbit_V0_n": 9.676134241420009,
    "WLHRealSpinOrbit_V1_n": 0.008373611207142653,
    "WLHRealSpinOrbit_r0_n": 1.2695474345334097,
    "WLHRealSpinOrbit_r1_n": 0.8356662069106147,
    "WLHRealSpinOrbit_a0_n": 0.7908707278086619,
    "WLHRealSpinOrbit_a1_n": 0.0003883422438886174
}