{
    "WLHReal_V0_p": 48.68678293683317,
    "WLHReal_V1_p": 0.2622327495478175,
    "WLHReal_V2_p": -0.0006151078457706442,
    "WLHReal_V3_p": 3.5558402198220076e-06,
    "WLHReal_V4_p": 12.540636171979996,
    "WLHReal_V5_p": 0.11587326844588562,
    "WLHReal_V6_p": 0.0004431929955243764,
    "WLHReal_r0_p": 1.3422986679436073,
    "WLHReal_r1_p": 0.23645595949196896,
    "WLHReal_r2_p": 0.0008509769570813328,
    "WLHReal_r3_p": 1.0430240811676366e-05,
    "WLHReal_a0_p": 0.782731908785276,
    "WLHReal_a1_p": -9.628569993026798e-05,
    "WLHReal_a2_p": 9.729585010656496e-06,
    "WLHReal_a3_p": -0.0387756426356293,
    "WLHReal_a4_p": 0.46301142094630454,
    "WLHReal_V0_n": 50.01957969032863,
    "WLHReal_V1_n": 0.2693625067891543,
    "WLHReal_V2_n": -0.0012528307625795402,
    "WLHReal_V3_n": 6.051776923070257e-06,
    "WLHReal_V4_n": 19.57883610632784,
    "WLHReal_V5_n": 0.36054472943950633,
    "WLHReal_V6_n": 0.0018954752119652817,
    "WLHReal_r0_n": 1.4034108437192543,
    "WLHReal_r1_n": 0.4290071073823608,
    "WLHReal_r2_n": 0.0013530116382266518,
    "WLHReal_r3_n": 1.6076209216875856e-05,
    "WLHReal_a0_n": 0.7877449339380603,
    "WLHReal_a1_n": 0.00146208444244502,
    "WLHReal_a2_n": 2.0836819122548546e-05,
    "WLHReal_a3_n": 0.29138058278465523,
    "WLHReal_a4_n": 1.0056355153347938,
    "WLHImagVolume_W0_p": 4.373254837779786,
    "WLHImagVolume_W1_p": 0.1362989497981907,
    "WLHImagVolume_W2_p": 6.814019306248777e-05,
    "WLHImagVolume_W3_p": 7.172547531923427,
    "WLHImagVolume_W4_p": 0.061927379523044314,
    "WLHImagVolume_r0_p": 0.8032545091330084,
    "WLHImagVolume_r1_p": 35.58851264400566,
    "WLHImagVolume_r2_p": 0.5165826766521907,
    "WLHImagVolume_r3_p": 52.43820761263323,
    "WLHImagVolume_r4_p": 0.6555801118711593,
    "WLHImagVolume_r5_p": 1.1047843740794623e-06,
    "WLHImagVolume_a0_p": 0.5773218774499094,
    "WLHImagVolume_a1_p": 0.26717631146356796,
    "WLHImagVolume_a2_p": 14.944137004760702,
    "WLHImagVolume_a3_p": 0.4102960088162496,
    "WLHImagVolume_a4_p": 0.0024666521509496926,
    "WLHImagVolume_W0_n": 3.9051833618383567,
    "WLHImagVolume_W1_n": 0.3266291874227572,
    "WLHImagVolume_W2_n": 0.0008997805496429386,
    "WLHImagVolume_W3_n": 9.966710568049491,
    "WLHImagVolume_W4_n": 0.017750404760390127,
    "WLHImagVolume_r0_n": 0.5324950825603808,
    "WLHImagVolume_r1_n": 97.20375065641943,
    "WLHImagVolume_r2_n": 0.8561383341606127,
    "WLHImagVolume_r3_n": 113.48139984042398,
    "WLHImagVolume_r4_n": 0.9135008066245001,
    "WLHImagVolume_r5_n": 5.91260532918916e-06,
    "WLHImagVolume_a0_n": 0.32935114308206487,
    "WLHImagVolume_a1_n": 0.5411864262819108,
    "WLHImagVolume_a2_n": 2.7444401765303423,
    "WLHImagVolume_a3_n": 0.05501289285546326,
    "WLHImagVolume_a4_n": 0.0006703256105136562,
    "WLHImagSurface_W0_p": 0.7435420977865522,
    "WLHImagSurface_W1_p": 0.02135986920470063,
    "WLHImagSurface_W2_p": 0.4641028774795881,
    "WLHImagSurface_W3_p": 0.062105583771256384,
    "WLHImagSurface_r0_p": 0.8553438861427872,
    "WLHImagSurface_r1_p": -0.06914186402326788,
    "WLHImagSurface_r2_p": 0.0012399177805989562,
    "WLHImagSurface_a0_p": 0.7883348205669028,
    "WLHImagSurface_W0_n": 1.8690898628263253,
    "WLHImagSurface_W1_n": 0.0739206405485901,
    "WLHImagSurface_W2_n": 3.557300217111775,
    "WLHImagSurface_W3_n": 0.26878990064039426,
    "WLHImagSurface_r0_n": 1.3284463675380735,
    "WLHImagSurface_r1_n": 1.8056019841449285,
    "WLHImagSurface_r2_n": 0.001536372780272367,
    "WLHImagSurface_a0_n": 0.895134169236946,
    "WLHRealSpinOrbit_V0_p": 9.181157165026187,
    "WLHRealSpinOrbit_V1_p": 0.008568985970983892,
    "WLHRealSpinOrbit_r0_p": 1.3345757931056075,
    "WLHRealSpinOrbit_r1_p": 0.9418316432783708,
    "WLHRealSpinOrbit_a0_p": 0.8425050848793123,
    "WLHRealSpinOrbit_a1_p": 0.00037742334104338683,
    "WLHRealSpinOrbit_V0_n": 8.810956590391658,
    "WLHRealSpinOrbit_V1_n": 0.00868124908743647,
    "WLHRealSpinOrbit_r0_n": 1.378647835475075,
    "WLHRealSpinOrbit_r1_n": 1.0171696173240283,
    "WLHRealSpinOrbit_a0_n": 0.8770014084571169,
    "WLHRealSpinOrbit_a1_n": 0.0003558050346776518
}