{
    "WLHReal_V0_p": 50.41006108420208,
    "WLHReal_V1_p": 0.27381136959217267,
    "WLHReal_V2_p": -0.000606832889220473,
    "WLHReal_V3_p": 3.518224273087478e-06,
    "WLHReal_V4_p": 12.124278440964023,
    "WLHReal_V5_p": 0.14055899146727152,
    "WLHReal_V6_p": 0.0004981926738882742,
    "WLHReal_r0_p": 1.3649440833142128,
    "WLHReal_r1_p": 0.33802364070400226,
    "WLHReal_r2_p": 0.0007469423374061077,
    "WLHReal_r3_p": 8.359497507749755e-06,
    "WLHReal_a0_p": 0.7939093664919528,
    "WLHReal_a1_p": 4.771525324117359e-05,
    "WLHReal_a2_p": 7.798033950883587e-06,
    "WLHReal_a3_p": -0.018220293688337802,
    "WLHReal_a4_p": 0.4694290654793962,
    "WLHReal_V0_n": 50.28831105553851,
    "WLHReal_V1_n": 0.23844858723323592,
    "WLHReal_V2_n": -0.00013573182113505518,
    "WLHReal_V3_n": 1.203973160483348e-06,
    "WLHReal_V4_n": 22.67320533267014,
    "WLHReal_V5_n": 0.25478638206188453,
    "WLHReal_V6_n": 0.0009120650877542912,
    "WLHReal_r0_n": 1.2666337934089722,
    "WLHReal_r1_n": 0.21694201811039732,
    "WLHReal_r2_n": 0.0008545431516483156,
    "WLHReal_r3_n": 8.943475212470642e-06,
    "WLHReal_a0_n": 0.7282419745791907,
    "WLHReal_a1_n": 0.0008158417844841329,
    "WLHReal_a2_n": 1.0090148733496885e-05,
    "WLHReal_a3_n": 0.35029996458191187,
    "WLHReal_a4_n": 0.9303849043369878,
    "WLHImagVolume_W0_p": 4.87965529020435,
    "WLHImagVolume_W1_p": 0.19431933143408314,
    "WLHImagVolume_W2_p": 0.00025643906334956096,
    "WLHImagVolume_W3_p": 8.42033180600223,
    "WLHImagVolume_W4_p": 0.07960274926567917,
    "WLHImagVolume_r0_p": 0.6981578666514321,
    "WLHImagVolume_r1_p": 41.04722186698618,
    "WLHImagVolume_r2_p": 0.6248606628006821,
    "WLHImagVolume_r3_p": 52.331208102843874,
    "WLHImagVolume_r4_p": 0.5762536800631843,
    "WLHImagVolume_r5_p": 1.1789096453826615e-06,
    "WLHImagVolume_a0_p": 0.5925934772773318,
    "WLHImagVolume_a1_p": 0.2688996586499792,
    "WLHImagVolume_a2_p": 14.71820053008508,
    "WLHImagVolume_a3_p": 0.43360539797760117,
    "WLHImagVolume_a4_p": 0.0027907852136735685,
    "WLHImagVolume_W0_n": 1.9494220062601053,
    "WLHImagVolume_W1_n": 0.13114893501788044,
    "WLHImagVolume_W2_n": -4.028229091448997e-05,
    "WLHImagVolume_W3_n": 7.025557561287496,
    "WLHImagVolume_W4_n": -0.026020532888041636,
    "WLHImagVolume_r0_n": 0.6486182644123853,
    "WLHImagVolume_r1_n": 66.36204285244462,
    "WLHImagVolume_r2_n": 0.6082888103425661,
    "WLHImagVolume_r3_n": 71.30167425516855,
    "WLHImagVolume_r4_n": 1.005835402890097,
    "WLHImagVolume_r5_n": 4.30763130265298e-06,
    "WLHImagVolume_a0_n": 0.21558255607075494,
    "WLHImagVolume_a1_n": 0.5893325618486006,
    "WLHImagVolume_a2_n": 10.165762435530953,
    "WLHImagVolume_a3_n": 0.09507539755515339,
    "WLHImagVolume_a4_n": 0.0007906367490159815,
    "WLHImagSurface_W0_p": 0.8541835914732906,
    "WLHImagSurface_W1_p": 0.040564516207385534,
    "WLHImagSurface_W2_p": 1.126533120769642,
    "WLHImagSurface_W3_p": 0.1503614072141756,
    "WLHImagSurface_r0_p": 0.8584231767872752,
    "WLHImagSurface_r1_p": 0.11783179675630057,
    "WLHImagSurface_r2_p": 0.0013495383863740972,
    "WLHImagSurface_a0_p": 0.7366292482674922,
    "WLHImagSurface_W0_n": 0.7406091211302507,
    "WLHImagSurface_W1_n": 0.002411821648915652,
    "WLHImagSurface_W2_n": 0.3508407128023667,
    "WLHImagSurface_W3_n": 0.033495077331367334,
    "WLHImagSurface_r0_n": 1.2615383043245176,
    "WLHImagSurface_r1_n": 1.1949595779711806,
    "WLHImagSurface_r2_n": 0.002850646224993647,
    "WLHImagSurface_a0_n": 0.8514569369707202,
    "WLHRealSpinOrbit_V0_p": 9.055004896053404,
    "WLHRealSpinOrbit_V1_p": 0.00844738199240786,
    "WLHRealSpinOrbit_r0_p": 1.3367567061819687,
    "WLHRealSpinOrbit_r1_p": 0.942230111572689,
    "WLHRealSpinOrbit_a0_p": 0.841275242695944,
    "WLHRealSpinOrbit_a1_p": 0.00037714472330263436,
    "WLHRealSpinOrbit_V0_n": 10.03942666600801,
    "WLHRealSpinOrbit_V1_n": 0.008698222722282533,
    "WLHRealSpinOrbit_r0_n": 1.2605565971374282,
    "WLHRealSpinOrbit_r1_n": 0.831655363075526,
    "WLHRealSpinOrbit_a0_n": 0.7912872730550671,
    "WLHRealSpinOrbit_a1_n": 0.00037738611533296714
}