{
    "WLHReal_V0_p": 51.328713553448814,
    "WLHReal_V1_p": 0.2678955238380975,
    "WLHReal_V2_p": -0.00017549181426568272,
    "WLHReal_V3_p": 1.8817082655385767e-06,
    "WLHReal_V4_p": 13.916897678130724,
    "WLHReal_V5_p": 0.12130840392111511,
    "WLHReal_V6_p": 0.0003216575024494232,
    "WLHReal_r0_p": 1.2978468770081621,
    "WLHReal_r1_p": 0.24836943919036503,
    "WLHReal_r2_p": 0.0007072627373433888,
    "WLHReal_r3_p": 7.173740851451171e-06,
    "WLHReal_a0_p": 0.7662097491219773,
    "WLHReal_a1_p": 1.3265710639284712e-05,
    "WLHReal_a2_p": 6.225102520196872e-06,
    "WLHReal_a3_p": 0.006059586743543233,
    "WLHReal_a4_p": 0.4774498050470146,
    "WLHReal_V0_n": 48.95921696256679,
    "WLHReal_V1_n": 0.2553594731829508,
    "WLHReal_V2_n": -0.0004190485914121277,
    "WLHReal_V3_n": 2.8582918491512362e-06,
    "WLHReal_V4_n": 21.718128344112817,
    "WLHReal_V5_n": 0.27548355169314587,
    "WLHReal_V6_n": 0.0011974107521323032,
    "WLHReal_r0_n": 1.2951952270298748,
    "WLHReal_r1_n": 0.21032011889306748,
    "WLHReal_r2_n": 0.0010899296681666608,
    "WLHReal_r3_n": 1.2607533437858447e-05,
    "WLHReal_a0_n": 0.7443159955935291,
    "WLHReal_a1_n": 0.001186217912219382,
    "WLHReal_a2_n": 1.599079005483027e-05,
    "WLHReal_a3_n": 0.3841493381910074,
    "WLHReal_a4_n": 1.0544924725909544,
    "WLHImagVolume_W0_p": 3.755367803653606,
    "WLHImagVolume_W1_p": 0.15320242043646523,
    "WLHImagVolume_W2_p": 5.734177295591881e-05,
    "WLHImagVolume_W3_p": 8.767942712274387,
    "WLHImagVolume_W4_p": 0.06003844420802134,
    "WLHImagVolume_r0_p": 0.7706796944712778,
    "WLHImagVolume_r1_p": 32.6191499057718,
    "WLHImagVolume_r2_p": 0.49383438249089157,
    "WLHImagVolume_r3_p": 47.86388285146967,
    "WLHImagVolume_r4_p": 0.706091153602439,
    "WLHImagVolume_r5_p": 1.4720811739583795e-06,
    "WLHImagVolume_a0_p": 0.5556884417147047,
    "WLHImagVolume_a1_p": 0.2582881678545418,
    "WLHImagVolume_a2_p": 13.4458257855973,
    "WLHImagVolume_a3_p": 0.40498145702512856,
    "WLHImagVolume_a4_p": 0.0022668924000736083,
    "WLHImagVolume_W0_n": 2.351330117876498,
    "WLHImagVolume_W1_n": 0.14791612241798519,
    "WLHImagVolume_W2_n": 0.00020075031299332676,
    "WLHImagVolume_W3_n": 7.328720408148342,
    "WLHImagVolume_W4_n": -0.027495901699378992,
    "WLHImagVolume_r0_n": 0.5931803117828509,
    "WLHImagVolume_r1_n": 87.57713287002588,
    "WLHImagVolume_r2_n": 0.6960608821227454,
    "WLHImagVolume_r3_n": 89.28189405347354,
    "WLHImagVolume_r4_n": 0.8825823139563402,
    "WLHImagVolume_r5_n": 3.602756171944825e-06,
    "WLHImagVolume_a0_n": 0.22371729995472608,
    "WLHImagVolume_a1_n": 0.5807239201043324,
    "WLHImagVolume_a2_n": 8.375452270999915,
    "WLHImagVolume_a3_n": 0.0756067381114123,
    "WLHImagVolume_a4_n": 0.0003504659456099292,
    "WLHImagSurface_W0_p": 0.8674251681014682,
    "WLHImagSurface_W1_p": 0.02797655738239843,
    "WLHImagSurface_W2_p": 0.8394417563274928,
    "WLHImagSurface_W3_p": 0.08823708422192225,
    "WLHImagSurface_r0_p": 0.913866969627855,
    "WLHImagSurface_r1_p": 0.24065919334854916,
    "WLHImagSurface_r2_p": 0.004065476240428769,
    "WLHImagSurface_a0_p": 0.7462310908942761,
    "WLHImagSurface_W0_n": 1.0673532765086529,
    "WLHImagSurface_W1_n": 0.02355934360457783,
    "WLHImagSurface_W2_n": 1.0542375215339495,
    "WLHImagSurface_W3_n": 0.09700652520687644,
    "WLHImagSurface_r0_n": 1.2991725845702662,
    "WLHImagSurface_r1_n": 1.3676268869277715,
    "WLHImagSurface_r2_n": 0.0024673971939309053,
    "WLHImagSurface_a0_n": 0.866273158071788,
    "WLHRealSpinOrbit_V0_p": 9.656531860105805,
    "WLHRealSpinOrbit_V1_p": 0.008549414468970753,
    "WLHRealSpinOrbit_r0_p": 1.2839633749749024,
    "WLHRealSpinOrbit_r1_p": 0.8669664382117894,
    "WLHRealSpinOrbit_a0_p": 0.8060625774892963,
    "WLHRealSpinOrbit_a1_p": 0.0003746352883168502,
    "WLHRealSpinOrbit_V0_n": 9.582165308780914,
    "WLHRealSpinOrbit_V1_n": 0.008607427391135175,
    "WLHRealSpinOrbit_r0_n": 1.2931488054480058,
    "WLHRealSpinOrbit_r1_n": 0.8877016039251009,
    "WLHRealSpinOrbit_a0_n": 0.8157289751191106,
    "WLHRealSpinOrbit_a1_n": 0.0003671916474457721
}