{
    "ECS_p": 0.413136,
    "ECS_n": 0.38589,
    "APower_p": 0.924205,
    "APower_n": 0.492726
}