{
    "ECS_p": 0.336819,
    "ECS_n": 0.342791,
    "APower_p": 0.810673,
    "APower_n": 0.76186
}