{
    "WLHReal_V0_p": 50.924652508799255,
    "WLHReal_V1_p": 0.30698621153781375,
    "WLHReal_V2_p": -0.0005210221091123048,
    "WLHReal_V3_p": 4.131703570897109e-06,
    "WLHReal_V4_p": 11.01490898933467,
    "WLHReal_V5_p": 0.1258556558448599,
    "WLHReal_V6_p": 0.00043102642648626226,
    "WLHReal_r0_p": 1.3549290558740437,
    "WLHReal_r1_p": 0.28923579294605517,
    "WLHReal_r2_p": 0.0009630453280721752,
    "WLHReal_r3_p": 9.799347133614328e-06,
    "WLHReal_a0_p": 0.7981888552970905,
    "WLHReal_a1_p": -1.662444722231606e-05,
    "WLHReal_a2_p": 8.767722773500429e-06,
    "WLHReal_a3_p": 0.008542091915385477,
    "WLHReal_a4_p": 0.5602921137211092,
    "WLHReal_V0_n": 52.366741593494496,
    "WLHReal_V1_n": 0.2757766723645855,
    "WLHReal_V2_n": -0.0003575342687913145,
    "WLHReal_V3_n": 2.8754221856147332e-06,
    "WLHReal_V4_n": 20.8605483335833,
    "WLHReal_V5_n": 0.2950335622678173,
    "WLHReal_V6_n": 0.0010995372723587148,
    "WLHReal_r0_n": 1.3252829550361946,
    "WLHReal_r1_n": 0.38252620977109875,
    "WLHReal_r2_n": 0.0008417426513076929,
    "WLHReal_r3_n": 7.445019875985376e-06,
    "WLHReal_a0_n": 0.7436335983185145,
    "WLHReal_a1_n": 0.0007724299643699948,
    "WLHReal_a2_n": 8.791301777292148e-06,
    "WLHReal_a3_n": 0.23560519246242562,
    "WLHReal_a4_n": 0.7875199437513329,
    "WLHImagVolume_W0_p": 4.9710372584811,
    "WLHImagVolume_W1_p": 0.2149353121558905,
    "WLHImagVolume_W2_p": 0.00045033830670237356,
    "WLHImagVolume_W3_p": 10.210557320474612,
    "WLHImagVolume_W4_p": 0.07825403436972878,
    "WLHImagVolume_r0_p": 0.613688525360166,
    "WLHImagVolume_r1_p": 60.57847671889991,
    "WLHImagVolume_r2_p": 0.714679835730578,
    "WLHImagVolume_r3_p": 72.46496628149933,
    "WLHImagVolume_r4_p": 0.5162997478317959,
    "WLHImagVolume_r5_p": 6.934388972637357e-07,
    "WLHImagVolume_a0_p": 0.5697097856911334,
    "WLHImagVolume_a1_p": 0.3031155010488191,
    "WLHImagVolume_a2_p": 17.954844480078663,
    "WLHImagVolume_a3_p": 0.4058451059369415,
    "WLHImagVolume_a4_p": 0.0023714571952612377,
    "WLHImagVolume_W0_n": 2.7489967908947923,
    "WLHImagVolume_W1_n": 0.26468452146804966,
    "WLHImagVolume_W2_n": 0.0005555007700098958,
    "WLHImagVolume_W3_n": 8.407468895909904,
    "WLHImagVolume_W4_n": 0.02673595077167957,
    "WLHImagVolume_r0_n": 0.5332299824919957,
    "WLHImagVolume_r1_n": 83.0088863563081,
    "WLHImagVolume_r2_n": 0.7775301423306573,
    "WLHImagVolume_r3_n": 89.41183690875772,
    "WLHImagVolume_r4_n": 0.920474441521116,
    "WLHImagVolume_r5_n": 3.827858964761174e-06,
    "WLHImagVolume_a0_n": 0.251879766845941,
    "WLHImagVolume_a1_n": 0.591880829271216,
    "WLHImagVolume_a2_n": 6.846671654229653,
    "WLHImagVolume_a3_n": 0.07148003338263201,
    "WLHImagVolume_a4_n": 0.000864623819071819,
    "WLHImagSurface_W0_p": 0.8781347822925657,
    "WLHImagSurface_W1_p": 0.038648579952283366,
    "WLHImagSurface_W2_p": 0.5589840059900584,
    "WLHImagSurface_W3_p": 0.13107676402376126,
    "WLHImagSurface_r0_p": 0.9481053183631878,
    "WLHImagSurface_r1_p": 0.1808126704874322,
    "WLHImagSurface_r2_p": 0.001200982246301155,
    "WLHImagSurface_a0_p": 0.8681574272095489,
    "WLHImagSurface_W0_n": 1.640457877210592,
    "WLHImagSurface_W1_n": 0.042707394434608754,
    "WLHImagSurface_W2_n": 2.7927678222557906,
    "WLHImagSurface_W3_n": 0.164328260887229,
    "WLHImagSurface_r0_n": 1.2977932702558357,
    "WLHImagSurface_r1_n": 1.5181324327687222,
    "WLHImagSurface_r2_n": 0.002960468801024553,
    "WLHImagSurface_a0_n": 0.8556438337871868,
    "WLHRealSpinOrbit_V0_p": 8.949969323123401,
    "WLHRealSpinOrbit_V1_p": 0.008365107075064162,
    "WLHRealSpinOrbit_r0_p": 1.3291274800303963,
    "WLHRealSpinOrbit_r1_p": 0.9472701405089438,
    "WLHRealSpinOrbit_a0_p": 0.8395595098042711,
    "WLHRealSpinOrbit_a1_p": 0.0003531269382441319,
    "WLHRealSpinOrbit_V0_n": 9.391484522094554,
    "WLHRealSpinOrbit_V1_n": 0.008408666921989752,
    "WLHRealSpinOrbit_r0_n": 1.2962351875686031,
    "WLHRealSpinOrbit_r1_n": 0.8859724288206716,
    "WLHRealSpinOrbit_a0_n": 0.8127498157704995,
    "WLHRealSpinOrbit_a1_n": 0.0003687323888659053
}