{
    "CH89RealCentral": {
        "V_0": 54.8316,
        "V_t": 9.40623,
        "V_e": -0.314361,
        "r_o": 1.1711,
        "r_o_0": -0.0501574,
        "a_0": 0.74619
    },
    "CH89Coulomb": {
        "r_c": 1.21333,
        "r_c_0": 0.173372
    },
    "CH89SpinOrbit": {
        "V_so": 4.56242,
        "r_so": 1.11522,
        "r_so_0": 0.100482,
        "a_so": 0.620352
    },
    "CH89ImagCentral": {
        "W_v0": 6.55397,
        "W_ve0": 27.7883,
        "W_vew": 31.8108,
        "W_s0": 11.8983,
        "W_st": 25.5488,
        "W_se0": 25.454,
        "W_sew": 27.0511,
        "r_w": 1.35942,
        "r_w0": -0.545531,
        "a_w": 0.694485
    }
}