{
    "WLHReal_V0_p": 56.23944702077512,
    "WLHReal_V1_p": 0.32105464935225225,
    "WLHReal_V2_p": 0.0005872654815867352,
    "WLHReal_V3_p": 1.3331414876672928e-07,
    "WLHReal_V4_p": 14.07515048311418,
    "WLHReal_V5_p": 0.1469688796183254,
    "WLHReal_V6_p": 0.0001233062640817786,
    "WLHReal_r0_p": 1.2745406649380173,
    "WLHReal_r1_p": 0.3858903777511029,
    "WLHReal_r2_p": 0.00041498790628947935,
    "WLHReal_r3_p": -1.4622868831385902e-07,
    "WLHReal_a0_p": 0.7569384065770123,
    "WLHReal_a1_p": 0.00022476806717570838,
    "WLHReal_a2_p": -8.559981716815602e-07,
    "WLHReal_a3_p": 0.11326285252406239,
    "WLHReal_a4_p": 0.5426843963796197,
    "WLHReal_V0_n": 52.68948538093712,
    "WLHReal_V1_n": 0.24071041296354057,
    "WLHReal_V2_n": 3.633754017901968e-05,
    "WLHReal_V3_n": 1.0194777066513012e-06,
    "WLHReal_V4_n": 22.803428457954627,
    "WLHReal_V5_n": 0.2530095301039971,
    "WLHReal_V6_n": 0.0007334715679401518,
    "WLHReal_r0_n": 1.2614981649793373,
    "WLHReal_r1_n": 0.288636188642819,
    "WLHReal_r2_n": 0.0006395199052629229,
    "WLHReal_r3_n": 5.041443595598201e-06,
    "WLHReal_a0_n": 0.7202529036879455,
    "WLHReal_a1_n": 0.00045091390276957264,
    "WLHReal_a2_n": 4.62846483420552e-06,
    "WLHReal_a3_n": 0.27266323800975395,
    "WLHReal_a4_n": 0.7630541897057096,
    "WLHImagVolume_W0_p": 3.1750741299910743,
    "WLHImagVolume_W1_p": 0.23834250607496918,
    "WLHImagVolume_W2_p": 0.0004961587140344513,
    "WLHImagVolume_W3_p": 13.005582497772576,
    "WLHImagVolume_W4_p": 0.06965915576205949,
    "WLHImagVolume_r0_p": 0.4064383770111638,
    "WLHImagVolume_r1_p": 67.48388064735396,
    "WLHImagVolume_r2_p": 0.8080011325848355,
    "WLHImagVolume_r3_p": 69.18617013372844,
    "WLHImagVolume_r4_p": 0.4735088702378956,
    "WLHImagVolume_r5_p": 1.2941511129036284e-06,
    "WLHImagVolume_a0_p": 0.49513296550285635,
    "WLHImagVolume_a1_p": 0.31822533645691053,
    "WLHImagVolume_a2_p": 17.41095594463423,
    "WLHImagVolume_a3_p": 0.3615321106404367,
    "WLHImagVolume_a4_p": 0.0014487282650096711,
    "WLHImagVolume_W0_n": 2.003865605734427,
    "WLHImagVolume_W1_n": 0.17724843675201002,
    "WLHImagVolume_W2_n": -7.844878049382241e-06,
    "WLHImagVolume_W3_n": 7.538656495462474,
    "WLHImagVolume_W4_n": 0.0002952754813517651,
    "WLHImagVolume_r0_n": 0.6594906922085892,
    "WLHImagVolume_r1_n": 51.686923920954776,
    "WLHImagVolume_r2_n": 0.5875211371737054,
    "WLHImagVolume_r3_n": 61.40047132818488,
    "WLHImagVolume_r4_n": 1.0948635374843216,
    "WLHImagVolume_r5_n": 4.0767050791082125e-06,
    "WLHImagVolume_a0_n": 0.2252743877712715,
    "WLHImagVolume_a1_n": 0.5952753927063891,
    "WLHImagVolume_a2_n": 10.228196966328559,
    "WLHImagVolume_a3_n": 0.09855128472280578,
    "WLHImagVolume_a4_n": 0.0012120734271324055,
    "WLHImagSurface_W0_p": 1.4910989395565428,
    "WLHImagSurface_W1_p": 0.0886289422601286,
    "WLHImagSurface_W2_p": 2.4868354357715345,
    "WLHImagSurface_W3_p": 0.3263940714333958,
    "WLHImagSurface_r0_p": 1.1737326456740758,
    "WLHImagSurface_r1_p": 1.0144218937030414,
    "WLHImagSurface_r2_p": 0.00864985560973025,
    "WLHImagSurface_a0_p": 0.8193260762825063,
    "WLHImagSurface_W0_n": 0.8427682185287829,
    "WLHImagSurface_W1_n": 0.0002538630250678714,
    "WLHImagSurface_W2_n": 0.714444354352876,
    "WLHImagSurface_W3_n": 0.028933324961158052,
    "WLHImagSurface_r0_n": 1.238046795337897,
    "WLHImagSurface_r1_n": 1.1723359788582683,
    "WLHImagSurface_r2_n": 0.0032772097688946187,
    "WLHImagSurface_a0_n": 0.8383786702098031,
    "WLHRealSpinOrbit_V0_p": 9.618387123663261,
    "WLHRealSpinOrbit_V1_p": 0.007872841176030394,
    "WLHRealSpinOrbit_r0_p": 1.2202601229576846,
    "WLHRealSpinOrbit_r1_p": 0.7681960941034363,
    "WLHRealSpinOrbit_a0_p": 0.7508227193269001,
    "WLHRealSpinOrbit_a1_p": 0.0003734806302100026,
    "WLHRealSpinOrbit_V0_n": 10.243322781217078,
    "WLHRealSpinOrbit_V1_n": 0.008705399300693103,
    "WLHRealSpinOrbit_r0_n": 1.2429419118188043,
    "WLHRealSpinOrbit_r1_n": 0.8017793707994741,
    "WLHRealSpinOrbit_a0_n": 0.777208342320373,
    "WLHRealSpinOrbit_a1_n": 0.0003789932351208643
}