{
    "ECS_p": 0.245114,
    "ECS_n": 0.247477,
    "APower_p": 0.709775,
    "APower_n": 0.507033
}