{
    "CH89RealCentral": {
        "V_0": 58.2103,
        "V_t": 14.1687,
        "V_e": -0.384022,
        "r_o": 1.18295,
        "r_o_0": -0.203724,
        "a_0": 0.724295
    },
    "CH89Coulomb": {
        "r_c": 1.20955,
        "r_c_0": 0.10861
    },
    "CH89SpinOrbit": {
        "V_so": 6.73998,
        "r_so": 1.1864,
        "r_so_0": -0.563885,
        "a_so": 0.669268
    },
    "CH89ImagCentral": {
        "W_v0": 12.1897,
        "W_ve0": 46.7073,
        "W_vew": 32.7778,
        "W_s0": 12.0863,
        "W_st": 25.0227,
        "W_se0": -15.4192,
        "W_sew": 58.0286,
        "r_w": 1.31783,
        "r_w0": -0.28979,
        "a_w": 0.767608
    }
}