{
    "WLHReal_V0_p": 53.83241405995254,
    "WLHReal_V1_p": 0.30191024432678115,
    "WLHReal_V2_p": -0.00011569687797729458,
    "WLHReal_V3_p": 2.3707067727579814e-06,
    "WLHReal_V4_p": 12.787339965644389,
    "WLHReal_V5_p": 0.14076975197453026,
    "WLHReal_V6_p": 0.000346544719131861,
    "WLHReal_r0_p": 1.315155798598132,
    "WLHReal_r1_p": 0.3315497201369901,
    "WLHReal_r2_p": 0.0007381817184616338,
    "WLHReal_r3_p": 5.788895823579547e-06,
    "WLHReal_a0_p": 0.7820910964675102,
    "WLHReal_a1_p": 0.00014907679337398155,
    "WLHReal_a2_p": 4.860446698832603e-06,
    "WLHReal_a3_p": 0.04761223879539435,
    "WLHReal_a4_p": 0.5466249559640223,
    "WLHReal_V0_n": 50.921732664670486,
    "WLHReal_V1_n": 0.2798655180290443,
    "WLHReal_V2_n": -0.0003878509944462786,
    "WLHReal_V3_n": 3.300708204414022e-06,
    "WLHReal_V4_n": 20.71593696697903,
    "WLHReal_V5_n": 0.290952914075986,
    "WLHReal_V6_n": 0.0011477089585087846,
    "WLHReal_r0_n": 1.3246880575650637,
    "WLHReal_r1_n": 0.33427172653852943,
    "WLHReal_r2_n": 0.000941832843828049,
    "WLHReal_r3_n": 9.429686881446104e-06,
    "WLHReal_a0_n": 0.7452649194894767,
    "WLHReal_a1_n": 0.000970929830075349,
    "WLHReal_a2_n": 1.1657330216594513e-05,
    "WLHReal_a3_n": 0.27877452487301685,
    "WLHReal_a4_n": 0.8780276792858981,
    "WLHImagVolume_W0_p": 4.440782954032698,
    "WLHImagVolume_W1_p": 0.2367701889021703,
    "WLHImagVolume_W2_p": 0.00039087492872861266,
    "WLHImagVolume_W3_p": 11.476247959580176,
    "WLHImagVolume_W4_p": 0.08062786096141138,
    "WLHImagVolume_r0_p": 0.608562742834712,
    "WLHImagVolume_r1_p": 49.41403678667882,
    "WLHImagVolume_r2_p": 0.6602712865155351,
    "WLHImagVolume_r3_p": 59.118754887056745,
    "WLHImagVolume_r4_p": 0.5943728066427106,
    "WLHImagVolume_r5_p": 1.458956627097201e-06,
    "WLHImagVolume_a0_p": 0.5621532410268522,
    "WLHImagVolume_a1_p": 0.2770294530639554,
    "WLHImagVolume_a2_p": 14.794521642620388,
    "WLHImagVolume_a3_p": 0.41918702798954277,
    "WLHImagVolume_a4_p": 0.0024433568098918158,
    "WLHImagVolume_W0_n": 2.610090469053014,
    "WLHImagVolume_W1_n": 0.23156214310884424,
    "WLHImagVolume_W2_n": 0.0005491329729101429,
    "WLHImagVolume_W3_n": 7.870605324961191,
    "WLHImagVolume_W4_n": 0.012166350356451715,
    "WLHImagVolume_r0_n": 0.5077160333002789,
    "WLHImagVolume_r1_n": 95.87451683491366,
    "WLHImagVolume_r2_n": 0.805996709466835,
    "WLHImagVolume_r3_n": 96.5502401612897,
    "WLHImagVolume_r4_n": 0.8311960649185298,
    "WLHImagVolume_r5_n": 3.752321353165421e-06,
    "WLHImagVolume_a0_n": 0.23507183106171753,
    "WLHImagVolume_a1_n": 0.5957276497776175,
    "WLHImagVolume_a2_n": 7.043661047668271,
    "WLHImagVolume_a3_n": 0.06819586147952016,
    "WLHImagVolume_a4_n": 0.0005378260412215165,
    "WLHImagSurface_W0_p": 0.9790942705296483,
    "WLHImagSurface_W1_p": 0.045822288148930274,
    "WLHImagSurface_W2_p": 1.1670622168656166,
    "WLHImagSurface_W3_p": 0.16651734545678623,
    "WLHImagSurface_r0_p": 0.9633343187444715,
    "WLHImagSurface_r1_p": 0.4942095488780703,
    "WLHImagSurface_r2_p": 0.004059803863675311,
    "WLHImagSurface_a0_p": 0.7588770285284719,
    "WLHImagSurface_W0_n": 1.6332555357020326,
    "WLHImagSurface_W1_n": 0.04478359077677113,
    "WLHImagSurface_W2_n": 2.676307959999072,
    "WLHImagSurface_W3_n": 0.16848922586492293,
    "WLHImagSurface_r0_n": 1.3183798003208431,
    "WLHImagSurface_r1_n": 1.533274064305086,
    "WLHImagSurface_r2_n": 0.0028408514577693937,
    "WLHImagSurface_a0_n": 0.8610782283287098,
    "WLHRealSpinOrbit_V0_p": 9.50108964723208,
    "WLHRealSpinOrbit_V1_p": 0.008405081456833711,
    "WLHRealSpinOrbit_r0_p": 1.27992132358079,
    "WLHRealSpinOrbit_r1_p": 0.8696411005617259,
    "WLHRealSpinOrbit_a0_p": 0.8033054847679114,
    "WLHRealSpinOrbit_a1_p": 0.0003568891321622192,
    "WLHRealSpinOrbit_V0_n": 9.219905512479665,
    "WLHRealSpinOrbit_V1_n": 0.008315378216353109,
    "WLHRealSpinOrbit_r0_n": 1.302729437126744,
    "WLHRealSpinOrbit_r1_n": 0.8974583943011388,
    "WLHRealSpinOrbit_a0_n": 0.8171911876375555,
    "WLHRealSpinOrbit_a1_n": 0.00036871213242012086
}