{
    "WLHReal_V0_p": 55.22529597996456,
    "WLHReal_V1_p": 0.304436945303626,
    "WLHReal_V2_p": -4.7473256511943127e-05,
    "WLHReal_V3_p": 1.4688226555013841e-06,
    "WLHReal_V4_p": 13.44729230722897,
    "WLHReal_V5_p": 0.1183354726065962,
    "WLHReal_V6_p": 0.0002948299801113885,
    "WLHReal_r0_p": 1.257331947249726,
    "WLHReal_r1_p": 0.19453359414699206,
    "WLHReal_r2_p": 0.0010457208712029086,
    "WLHReal_r3_p": 1.0084971906996164e-05,
    "WLHReal_a0_p": 0.7753582936475446,
    "WLHReal_a1_p": 0.00013238546161417017,
    "WLHReal_a2_p": 6.961183121714761e-06,
    "WLHReal_a3_p": 0.06029806183839339,
    "WLHReal_a4_p": 0.632080466127966,
    "WLHReal_V0_n": 55.37453073670651,
    "WLHReal_V1_n": 0.2690814539389357,
    "WLHReal_V2_n": 0.00016777468196246175,
    "WLHReal_V3_n": 3.863664813016878e-07,
    "WLHReal_V4_n": 22.098298672710527,
    "WLHReal_V5_n": 0.26012690948424727,
    "WLHReal_V6_n": 0.0006268592901675916,
    "WLHReal_r0_n": 1.2685337547421953,
    "WLHReal_r1_n": 0.3745197841205319,
    "WLHReal_r2_n": 0.0004866903863441261,
    "WLHReal_r3_n": 1.8523787725347022e-06,
    "WLHReal_a0_n": 0.7175710945129976,
    "WLHReal_a1_n": 0.00019457917568937349,
    "WLHReal_a2_n": 1.212420210344383e-07,
    "WLHReal_a3_n": 0.1850123553195258,
    "WLHReal_a4_n": 0.6166506364217827,
    "WLHImagVolume_W0_p": 4.456631539789287,
    "WLHImagVolume_W1_p": 0.24188191909840545,
    "WLHImagVolume_W2_p": 0.0002526341464683771,
    "WLHImagVolume_W3_p": 13.045079037906513,
    "WLHImagVolume_W4_p": 0.07718853411622002,
    "WLHImagVolume_r0_p": 0.7918398650717184,
    "WLHImagVolume_r1_p": 32.3230608123665,
    "WLHImagVolume_r2_p": 0.43711606533897474,
    "WLHImagVolume_r3_p": 52.14317988521677,
    "WLHImagVolume_r4_p": 0.838998248781378,
    "WLHImagVolume_r5_p": 2.378727041780648e-06,
    "WLHImagVolume_a0_p": 0.573377590949796,
    "WLHImagVolume_a1_p": 0.23449267477290453,
    "WLHImagVolume_a2_p": 11.254352108953322,
    "WLHImagVolume_a3_p": 0.441800047172597,
    "WLHImagVolume_a4_p": 0.0027217375035081537,
    "WLHImagVolume_W0_n": 2.348683778866334,
    "WLHImagVolume_W1_n": 0.2554389101078595,
    "WLHImagVolume_W2_n": 0.00026873910716547456,
    "WLHImagVolume_W3_n": 8.40474481101138,
    "WLHImagVolume_W4_n": 0.042136995578245,
    "WLHImagVolume_r0_n": 0.6077182383467306,
    "WLHImagVolume_r1_n": 52.33007554375698,
    "WLHImagVolume_r2_n": 0.6444699245905057,
    "WLHImagVolume_r3_n": 63.01271864637282,
    "WLHImagVolume_r4_n": 1.076216209794579,
    "WLHImagVolume_r5_n": 3.6121779917721173e-06,
    "WLHImagVolume_a0_n": 0.23094920304095137,
    "WLHImagVolume_a1_n": 0.6050325309884582,
    "WLHImagVolume_a2_n": 8.976970864254593,
    "WLHImagVolume_a3_n": 0.08046496337209726,
    "WLHImagVolume_a4_n": 0.0013186103624611522,
    "WLHImagSurface_W0_p": 0.5713928211017727,
    "WLHImagSurface_W1_p": -0.004230622315203124,
    "WLHImagSurface_W2_p": -0.4288942509862348,
    "WLHImagSurface_W3_p": -0.03632472793502947,
    "WLHImagSurface_r0_p": 0.8888007271332045,
    "WLHImagSurface_r1_p": 0.3987341741510328,
    "WLHImagSurface_r2_p": 0.003942263854492579,
    "WLHImagSurface_a0_p": 0.7298247890420129,
    "WLHImagSurface_W0_n": 1.3774436100574112,
    "WLHImagSurface_W1_n": 0.01654261062641477,
    "WLHImagSurface_W2_n": 1.9770837689761835,
    "WLHImagSurface_W3_n": 0.07680653039161206,
    "WLHImagSurface_r0_n": 1.2414461514206694,
    "WLHImagSurface_r1_n": 1.2877411402073506,
    "WLHImagSurface_r2_n": 0.003815974494072984,
    "WLHImagSurface_a0_n": 0.8267823229555585,
    "WLHRealSpinOrbit_V0_p": 10.26801483141202,
    "WLHRealSpinOrbit_V1_p": 0.00899876397251236,
    "WLHRealSpinOrbit_r0_p": 1.2471276823334,
    "WLHRealSpinOrbit_r1_p": 0.848434905195675,
    "WLHRealSpinOrbit_a0_p": 0.7947612634126711,
    "WLHRealSpinOrbit_a1_p": 0.0003155233366241539,
    "WLHRealSpinOrbit_V0_n": 10.136438490118769,
    "WLHRealSpinOrbit_V1_n": 0.008545545884733188,
    "WLHRealSpinOrbit_r0_n": 1.2355945576094638,
    "WLHRealSpinOrbit_r1_n": 0.7942550087109758,
    "WLHRealSpinOrbit_a0_n": 0.7703976911193672,
    "WLHRealSpinOrbit_a1_n": 0.0003689500878231569
}