{
    "ECS_p": 0.28639,
    "ECS_n": 0.464801,
    "APower_p": 0.973207,
    "APower_n": 0.136378
}