{
    "WLHReal_V0_p": 51.32418400097588,
    "WLHReal_V1_p": 0.3197528705829529,
    "WLHReal_V2_p": -0.0011670515070254122,
    "WLHReal_V3_p": 6.371093100677836e-06,
    "WLHReal_V4_p": 8.815334861800755,
    "WLHReal_V5_p": 0.1352416024339395,
    "WLHReal_V6_p": 0.0006773277036796665,
    "WLHReal_r0_p": 1.4006504897535061,
    "WLHReal_r1_p": 0.28953796324913894,
    "WLHReal_r2_p": 0.0013797717646965076,
    "WLHReal_r3_p": 1.5960100475624948e-05,
    "WLHReal_a0_p": 0.8379718545023801,
    "WLHReal_a1_p": 4.6433138627113756e-05,
    "WLHReal_a2_p": 1.395157625626694e-05,
    "WLHReal_a3_p": -0.015276684711310759,
    "WLHReal_a4_p": 0.6475702390302978,
    "WLHReal_V0_n": 58.78206441433616,
    "WLHReal_V1_n": 0.31687615389163754,
    "WLHReal_V2_n": 0.0004852226921033989,
    "WLHReal_V3_n": -5.3185522955415866e-08,
    "WLHReal_V4_n": 21.698415641283272,
    "WLHReal_V5_n": 0.2490525369134871,
    "WLHReal_V6_n": 0.0004534039692507913,
    "WLHReal_r0_n": 1.2289158614668407,
    "WLHReal_r1_n": 0.3465052503045002,
    "WLHReal_r2_n": 0.00041580493432500005,
    "WLHReal_r3_n": 5.206695753352745e-07,
    "WLHReal_a0_n": 0.7099036453009068,
    "WLHReal_a1_n": 2.0461898086625188e-05,
    "WLHReal_a2_n": -2.196225401930477e-06,
    "WLHReal_a3_n": 0.16420299581584027,
    "WLHReal_a4_n": 0.6082989731700659,
    "WLHImagVolume_W0_p": 6.955771467972503,
    "WLHImagVolume_W1_p": 0.29799884414254946,
    "WLHImagVolume_W2_p": 0.0006321017223199566,
    "WLHImagVolume_W3_p": 11.638186573448673,
    "WLHImagVolume_W4_p": 0.10972657933442728,
    "WLHImagVolume_r0_p": 0.7071363337002575,
    "WLHImagVolume_r1_p": 53.28817959821656,
    "WLHImagVolume_r2_p": 0.670730666500682,
    "WLHImagVolume_r3_p": 70.10999782614513,
    "WLHImagVolume_r4_p": 0.5912639540669639,
    "WLHImagVolume_r5_p": 8.019147673733275e-07,
    "WLHImagVolume_a0_p": 0.6494835273023333,
    "WLHImagVolume_a1_p": 0.26661273557390386,
    "WLHImagVolume_a2_p": 15.492759727166757,
    "WLHImagVolume_a3_p": 0.48724133565032945,
    "WLHImagVolume_a4_p": 0.003673183985165758,
    "WLHImagVolume_W0_n": 2.8970827481377825,
    "WLHImagVolume_W1_n": 0.30947603491695486,
    "WLHImagVolume_W2_n": 0.00045229551101672646,
    "WLHImagVolume_W3_n": 9.769561530853844,
    "WLHImagVolume_W4_n": 0.083740121180524,
    "WLHImagVolume_r0_n": 0.5959200436382946,
    "WLHImagVolume_r1_n": 49.152259563443806,
    "WLHImagVolume_r2_n": 0.6252359195857743,
    "WLHImagVolume_r3_n": 60.42209117981646,
    "WLHImagVolume_r4_n": 1.03856343856528,
    "WLHImagVolume_r5_n": 2.435166319020164e-06,
    "WLHImagVolume_a0_n": 0.212101862885124,
    "WLHImagVolume_a1_n": 0.6060730696378904,
    "WLHImagVolume_a2_n": 7.591687134357881,
    "WLHImagVolume_a3_n": 0.02919177501388171,
    "WLHImagVolume_a4_n": 0.0009254052611713271,
    "WLHImagSurface_W0_p": 0.36774666630746944,
    "WLHImagSurface_W1_p": 0.0010913077134211274,
    "WLHImagSurface_W2_p": -0.7920052004327152,
    "WLHImagSurface_W3_p": -0.00011637214542860319,
    "WLHImagSurface_r0_p": 0.7575476808609558,
    "WLHImagSurface_r1_p": -0.11971528533122117,
    "WLHImagSurface_r2_p": -0.003495978691668509,
    "WLHImagSurface_a0_p": 0.800109904359718,
    "WLHImagSurface_W0_n": 1.971420859061133,
    "WLHImagSurface_W1_n": 0.029049782449234292,
    "WLHImagSurface_W2_n": 2.630642282165142,
    "WLHImagSurface_W3_n": 0.09124344621611627,
    "WLHImagSurface_r0_n": 1.2314870423216562,
    "WLHImagSurface_r1_n": 1.345069912095319,
    "WLHImagSurface_r2_n": 0.004666341219726964,
    "WLHImagSurface_a0_n": 0.8052606891275605,
    "WLHRealSpinOrbit_V0_p": 8.870626314057866,
    "WLHRealSpinOrbit_V1_p": 0.008913293937622978,
    "WLHRealSpinOrbit_r0_p": 1.3784064811484948,
    "WLHRealSpinOrbit_r1_p": 1.0476582853277414,
    "WLHRealSpinOrbit_a0_p": 0.8882675600512955,
    "WLHRealSpinOrbit_a1_p": 0.0003095302915311217,
    "WLHRealSpinOrbit_V0_n": 10.3907232809568,
    "WLHRealSpinOrbit_V1_n": 0.008576830708669325,
    "WLHRealSpinOrbit_r0_n": 1.1983702937064837,
    "WLHRealSpinOrbit_r1_n": 0.7636801221596523,
    "WLHRealSpinOrbit_a0_n": 0.7508061958294134,
    "WLHRealSpinOrbit_a1_n": 0.0003281063470916837
}