{
    "WLHReal_V0_p": 53.431348234041465,
    "WLHReal_V1_p": 0.2700831672814686,
    "WLHReal_V2_p": -0.0002616518488292054,
    "WLHReal_V3_p": 2.401626476417155e-06,
    "WLHReal_V4_p": 13.94660342232324,
    "WLHReal_V5_p": 0.13620963657335017,
    "WLHReal_V6_p": 0.0004007222981505835,
    "WLHReal_r0_p": 1.2959140366434247,
    "WLHReal_r1_p": 0.2754787032466314,
    "WLHReal_r2_p": 0.0007816934564817364,
    "WLHReal_r3_p": 7.35330698123257e-06,
    "WLHReal_a0_p": 0.7767832928707669,
    "WLHReal_a1_p": 0.00015728390643498494,
    "WLHReal_a2_p": 5.811143158429437e-06,
    "WLHReal_a3_p": 0.01772005306562193,
    "WLHReal_a4_p": 0.5130818737002566,
    "WLHReal_V0_n": 50.9565044958229,
    "WLHReal_V1_n": 0.2842007597939283,
    "WLHReal_V2_n": -4.688791655521057e-05,
    "WLHReal_V3_n": 2.4870173638264154e-06,
    "WLHReal_V4_n": 21.365091407846673,
    "WLHReal_V5_n": 0.2589436588144093,
    "WLHReal_V6_n": 0.0008823679334296271,
    "WLHReal_r0_n": 1.2799210558598042,
    "WLHReal_r1_n": 0.2460917935865788,
    "WLHReal_r2_n": 0.0008535408488186115,
    "WLHReal_r3_n": 7.924170028284103e-06,
    "WLHReal_a0_n": 0.7291352337249611,
    "WLHReal_a1_n": 0.0008739898396474213,
    "WLHReal_a2_n": 9.817009714031262e-06,
    "WLHReal_a3_n": 0.31382340395664726,
    "WLHReal_a4_n": 0.9074972755025171,
    "WLHImagVolume_W0_p": 4.471420509808369,
    "WLHImagVolume_W1_p": 0.21107435054737445,
    "WLHImagVolume_W2_p": 0.00010519684346736908,
    "WLHImagVolume_W3_p": 10.306236094745302,
    "WLHImagVolume_W4_p": 0.07843155363008766,
    "WLHImagVolume_r0_p": 0.824416096507364,
    "WLHImagVolume_r1_p": 20.330530999271055,
    "WLHImagVolume_r2_p": 0.42706253874996375,
    "WLHImagVolume_r3_p": 36.967802275806875,
    "WLHImagVolume_r4_p": 0.8039465403487456,
    "WLHImagVolume_r5_p": 2.428129306687433e-06,
    "WLHImagVolume_a0_p": 0.5947090259363864,
    "WLHImagVolume_a1_p": 0.21958275585157655,
    "WLHImagVolume_a2_p": 9.875294965902008,
    "WLHImagVolume_a3_p": 0.45883468165286573,
    "WLHImagVolume_a4_p": 0.0030330875128502413,
    "WLHImagVolume_W0_n": 2.1530141539252936,
    "WLHImagVolume_W1_n": 0.1745425365674796,
    "WLHImagVolume_W2_n": 0.00033908306485511396,
    "WLHImagVolume_W3_n": 7.1294587727558625,
    "WLHImagVolume_W4_n": 0.0018139485610906038,
    "WLHImagVolume_r0_n": 0.5232800537055406,
    "WLHImagVolume_r1_n": 93.79416469347677,
    "WLHImagVolume_r2_n": 0.7508139569538648,
    "WLHImagVolume_r3_n": 88.73181535628581,
    "WLHImagVolume_r4_n": 0.8010430910533226,
    "WLHImagVolume_r5_n": 2.869655656820739e-06,
    "WLHImagVolume_a0_n": 0.19273711601635046,
    "WLHImagVolume_a1_n": 0.6100094312594033,
    "WLHImagVolume_a2_n": 8.76772255007576,
    "WLHImagVolume_a3_n": 0.065513413584263,
    "WLHImagVolume_a4_n": 0.00030705154082497863,
    "WLHImagSurface_W0_p": 0.6508240494828852,
    "WLHImagSurface_W1_p": 0.011654934005374554,
    "WLHImagSurface_W2_p": 0.5041871513570002,
    "WLHImagSurface_W3_p": 0.03796869150447252,
    "WLHImagSurface_r0_p": 0.8164545217106296,
    "WLHImagSurface_r1_p": 0.2783188237829406,
    "WLHImagSurface_r2_p": 0.0034060808971121347,
    "WLHImagSurface_a0_p": 0.6328243335623117,
    "WLHImagSurface_W0_n": 1.4609055551647663,
    "WLHImagSurface_W1_n": 0.029886919390225773,
    "WLHImagSurface_W2_n": 1.9065620972301855,
    "WLHImagSurface_W3_n": 0.11211407525076014,
    "WLHImagSurface_r0_n": 1.3093490908457113,
    "WLHImagSurface_r1_n": 1.3940372150427602,
    "WLHImagSurface_r2_n": 0.003297215019934242,
    "WLHImagSurface_a0_n": 0.8480289804528992,
    "WLHRealSpinOrbit_V0_p": 9.989930618002322,
    "WLHRealSpinOrbit_V1_p": 0.008883340570795905,
    "WLHRealSpinOrbit_r0_p": 1.278187017667742,
    "WLHRealSpinOrbit_r1_p": 0.8698278073243073,
    "WLHRealSpinOrbit_a0_p": 0.8085747752454115,
    "WLHRealSpinOrbit_a1_p": 0.0003540476080151134,
    "WLHRealSpinOrbit_V0_n": 9.509245763631009,
    "WLHRealSpinOrbit_V1_n": 0.008283993243219295,
    "WLHRealSpinOrbit_r0_n": 1.2673706201898445,
    "WLHRealSpinOrbit_r1_n": 0.8488837752995213,
    "WLHRealSpinOrbit_a0_n": 0.7931433269414291,
    "WLHRealSpinOrbit_a1_n": 0.000364609210666187
}