{
    "WLHReal_V0_p": 49.09614794204751,
    "WLHReal_V1_p": 0.2639429692084312,
    "WLHReal_V2_p": -0.001192674015904699,
    "WLHReal_V3_p": 5.662627800105603e-06,
    "WLHReal_V4_p": 10.950732537228236,
    "WLHReal_V5_p": 0.13337976136101493,
    "WLHReal_V6_p": 0.0006850958049942296,
    "WLHReal_r0_p": 1.3898366917927392,
    "WLHReal_r1_p": 0.2733779322856469,
    "WLHReal_r2_p": 0.001107058042704566,
    "WLHReal_r3_p": 1.4495351279202066e-05,
    "WLHReal_a0_p": 0.8171380659135773,
    "WLHReal_a1_p": 2.4355419370709837e-06,
    "WLHReal_a2_p": 1.3239824997501093e-05,
    "WLHReal_a3_p": -0.06487040200721088,
    "WLHReal_a4_p": 0.5057147250655002,
    "WLHReal_V0_n": 51.85127016929168,
    "WLHReal_V1_n": 0.3022151659377155,
    "WLHReal_V2_n": -0.00022684397730222595,
    "WLHReal_V3_n": 2.8934725687740174e-06,
    "WLHReal_V4_n": 20.492817182642586,
    "WLHReal_V5_n": 0.28235222001718546,
    "WLHReal_V6_n": 0.0010538947427080993,
    "WLHReal_r0_n": 1.3071609568408908,
    "WLHReal_r1_n": 0.30868739472983897,
    "WLHReal_r2_n": 0.0009204515868188601,
    "WLHReal_r3_n": 8.26369978011173e-06,
    "WLHReal_a0_n": 0.7406441942800758,
    "WLHReal_a1_n": 0.0009380737244997356,
    "WLHReal_a2_n": 1.0756058465192218e-05,
    "WLHReal_a3_n": 0.2790599417602615,
    "WLHReal_a4_n": 0.8897742524084677,
    "WLHImagVolume_W0_p": 6.111406870466105,
    "WLHImagVolume_W1_p": 0.2093677905092393,
    "WLHImagVolume_W2_p": 0.0001932345466175373,
    "WLHImagVolume_W3_p": 7.951823904246202,
    "WLHImagVolume_W4_p": 0.09209235537580523,
    "WLHImagVolume_r0_p": 0.888031034923153,
    "WLHImagVolume_r1_p": 24.339332987401896,
    "WLHImagVolume_r2_p": 0.47378511418191993,
    "WLHImagVolume_r3_p": 43.979995079069234,
    "WLHImagVolume_r4_p": 0.718957045724772,
    "WLHImagVolume_r5_p": 1.3097033209576191e-06,
    "WLHImagVolume_a0_p": 0.6548108038645439,
    "WLHImagVolume_a1_p": 0.22639972378823464,
    "WLHImagVolume_a2_p": 11.851226490297638,
    "WLHImagVolume_a3_p": 0.49174671569717343,
    "WLHImagVolume_a4_p": 0.0037549271534328948,
    "WLHImagVolume_W0_n": 2.7104118839440217,
    "WLHImagVolume_W1_n": 0.24011082777622822,
    "WLHImagVolume_W2_n": 0.0006241074195463181,
    "WLHImagVolume_W3_n": 8.100613711256504,
    "WLHImagVolume_W4_n": 0.025011605115413393,
    "WLHImagVolume_r0_n": 0.4850252718679279,
    "WLHImagVolume_r1_n": 100.34083918898561,
    "WLHImagVolume_r2_n": 0.8156670232754899,
    "WLHImagVolume_r3_n": 97.99820344943902,
    "WLHImagVolume_r4_n": 0.7727110351998638,
    "WLHImagVolume_r5_n": 2.768950310348379e-06,
    "WLHImagVolume_a0_n": 0.21672915837451492,
    "WLHImagVolume_a1_n": 0.6019253964543075,
    "WLHImagVolume_a2_n": 6.734884887596999,
    "WLHImagVolume_a3_n": 0.04751883582487059,
    "WLHImagVolume_a4_n": 0.00026511049793440057,
    "WLHImagSurface_W0_p": 0.3319824548046115,
    "WLHImagSurface_W1_p": -0.005320388737846987,
    "WLHImagSurface_W2_p": -0.3416973067608764,
    "WLHImagSurface_W3_p": -0.022667024273908598,
    "WLHImagSurface_r0_p": 0.6665310998191587,
    "WLHImagSurface_r1_p": -0.3120155853696876,
    "WLHImagSurface_r2_p": -0.0026809742393566656,
    "WLHImagSurface_a0_p": 0.6795431965122314,
    "WLHImagSurface_W0_n": 1.8874620573822296,
    "WLHImagSurface_W1_n": 0.05036903433671706,
    "WLHImagSurface_W2_n": 2.955324874707424,
    "WLHImagSurface_W3_n": 0.17549752981590794,
    "WLHImagSurface_r0_n": 1.3236782697300324,
    "WLHImagSurface_r1_n": 1.558527920087035,
    "WLHImagSurface_r2_n": 0.003221078607575953,
    "WLHImagSurface_a0_n": 0.8526869375841558,
    "WLHRealSpinOrbit_V0_p": 9.1053437548695,
    "WLHRealSpinOrbit_V1_p": 0.0090249174960558,
    "WLHRealSpinOrbit_r0_p": 1.3802811954202794,
    "WLHRealSpinOrbit_r1_p": 1.0261492708769095,
    "WLHRealSpinOrbit_a0_p": 0.8845058750950006,
    "WLHRealSpinOrbit_a1_p": 0.0003502546795308375,
    "WLHRealSpinOrbit_V0_n": 9.2438208326855,
    "WLHRealSpinOrbit_V1_n": 0.008246785186711758,
    "WLHRealSpinOrbit_r0_n": 1.287539027183163,
    "WLHRealSpinOrbit_r1_n": 0.8843043456992964,
    "WLHRealSpinOrbit_a0_n": 0.8081934174600695,
    "WLHRealSpinOrbit_a1_n": 0.00035407578516580013
}