{
    "WLHReal_V0_p": 56.87842428353761,
    "WLHReal_V1_p": 0.3099875782558549,
    "WLHReal_V2_p": -0.0004052423273159877,
    "WLHReal_V3_p": 3.076867340763048e-06,
    "WLHReal_V4_p": 12.19646804945687,
    "WLHReal_V5_p": 0.16178838219343486,
    "WLHReal_V6_p": 0.0005174183336097157,
    "WLHReal_r0_p": 1.3220304419154383,
    "WLHReal_r1_p": 0.35929775533471897,
    "WLHReal_r2_p": 0.0009798526544148153,
    "WLHReal_r3_p": 8.69664703552693e-06,
    "WLHReal_a0_p": 0.8073846684257446,
    "WLHReal_a1_p": 0.0003573284295579303,
    "WLHReal_a2_p": 6.046765714608444e-06,
    "WLHReal_a3_p": 0.058467520880429114,
    "WLHReal_a4_p": 0.6274396003281419,
    "WLHReal_V0_n": 50.674853969041415,
    "WLHReal_V1_n": 0.25757701807166367,
    "WLHReal_V2_n": -0.0008318921970288414,
    "WLHReal_V3_n": 4.34494375741579e-06,
    "WLHReal_V4_n": 20.987073676373797,
    "WLHReal_V5_n": 0.31973554001055843,
    "WLHReal_V6_n": 0.001550336829740566,
    "WLHReal_r0_n": 1.3378998035797445,
    "WLHReal_r1_n": 0.3210052109054647,
    "WLHReal_r2_n": 0.001203386632762798,
    "WLHReal_r3_n": 1.4497424204313957e-05,
    "WLHReal_a0_n": 0.7662326316178849,
    "WLHReal_a1_n": 0.0012270614100644269,
    "WLHReal_a2_n": 1.7811255552010755e-05,
    "WLHReal_a3_n": 0.33391669501341187,
    "WLHReal_a4_n": 1.0204870194927955,
    "WLHImagVolume_W0_p": 5.970059546245137,
    "WLHImagVolume_W1_p": 0.3394251980605152,
    "WLHImagVolume_W2_p": 0.0005083589917252748,
    "WLHImagVolume_W3_p": 14.11106611553002,
    "WLHImagVolume_W4_p": 0.11408590593949422,
    "WLHImagVolume_r0_p": 0.7130447489847827,
    "WLHImagVolume_r1_p": 30.73000442597464,
    "WLHImagVolume_r2_p": 0.5502760803458104,
    "WLHImagVolume_r3_p": 44.236527980342935,
    "WLHImagVolume_r4_p": 0.7574320463117076,
    "WLHImagVolume_r5_p": 2.4684416094833276e-06,
    "WLHImagVolume_a0_p": 0.6368644190572745,
    "WLHImagVolume_a1_p": 0.2137884039891922,
    "WLHImagVolume_a2_p": 9.237369867359645,
    "WLHImagVolume_a3_p": 0.5147661357323898,
    "WLHImagVolume_a4_p": 0.003840778181665502,
    "WLHImagVolume_W0_n": 3.3726064232324213,
    "WLHImagVolume_W1_n": 0.25508530526084927,
    "WLHImagVolume_W2_n": 0.0004898257391229849,
    "WLHImagVolume_W3_n": 9.378608777510623,
    "WLHImagVolume_W4_n": 0.0022573488098181806,
    "WLHImagVolume_r0_n": 0.6183375632527848,
    "WLHImagVolume_r1_n": 76.80532688163812,
    "WLHImagVolume_r2_n": 0.709069952466003,
    "WLHImagVolume_r3_n": 92.92888219131613,
    "WLHImagVolume_r4_n": 1.000188064495713,
    "WLHImagVolume_r5_n": 5.0408480525307e-06,
    "WLHImagVolume_a0_n": 0.29224005370180245,
    "WLHImagVolume_a1_n": 0.5474383133235933,
    "WLHImagVolume_a2_n": 5.2538242558418355,
    "WLHImagVolume_a3_n": 0.060342495827377655,
    "WLHImagVolume_a4_n": 0.000681609437805184,
    "WLHImagSurface_W0_p": 0.5236429425441739,
    "WLHImagSurface_W1_p": 0.01062314351277191,
    "WLHImagSurface_W2_p": 0.23040160399179543,
    "WLHImagSurface_W3_p": 0.050734068468311966,
    "WLHImagSurface_r0_p": 0.7782761152245021,
    "WLHImagSurface_r1_p": 0.4586709654727711,
    "WLHImagSurface_r2_p": 0.0018389252641422382,
    "WLHImagSurface_a0_p": 0.5906423480547828,
    "WLHImagSurface_W0_n": 1.395821666713475,
    "WLHImagSurface_W1_n": 0.043673210524583714,
    "WLHImagSurface_W2_n": 2.0061855276694684,
    "WLHImagSurface_W3_n": 0.1634172604034527,
    "WLHImagSurface_r0_n": 1.286395872542112,
    "WLHImagSurface_r1_n": 1.5441704302382149,
    "WLHImagSurface_r2_n": 0.0020278240120115776,
    "WLHImagSurface_a0_n": 0.8763305784864631,
    "WLHRealSpinOrbit_V0_p": 9.963605375165395,
    "WLHRealSpinOrbit_V1_p": 0.009037010997167886,
    "WLHRealSpinOrbit_r0_p": 1.2839625668502475,
    "WLHRealSpinOrbit_r1_p": 0.9008169980294146,
    "WLHRealSpinOrbit_a0_p": 0.8198622241942435,
    "WLHRealSpinOrbit_a1_p": 0.0003135378333005834,
    "WLHRealSpinOrbit_V0_n": 9.50585045743984,
    "WLHRealSpinOrbit_V1_n": 0.008876118017164186,
    "WLHRealSpinOrbit_r0_n": 1.3255308837606001,
    "WLHRealSpinOrbit_r1_n": 0.9422428301645797,
    "WLHRealSpinOrbit_a0_n": 0.8429382203646881,
    "WLHRealSpinOrbit_a1_n": 0.00035179623061304063
}