{
    "WLHReal_V0_p": 55.82686626421327,
    "WLHReal_V1_p": 0.2910317643043604,
    "WLHReal_V2_p": 7.909798547543843e-05,
    "WLHReal_V3_p": 5.734190931847972e-07,
    "WLHReal_V4_p": 14.60171528306247,
    "WLHReal_V5_p": 0.11474949868405362,
    "WLHReal_V6_p": 0.00025611260066297635,
    "WLHReal_r0_p": 1.227281931760048,
    "WLHReal_r1_p": 0.16091582352944472,
    "WLHReal_r2_p": 0.0010103811600747088,
    "WLHReal_r3_p": 8.972431443377511e-06,
    "WLHReal_a0_p": 0.7639103090199858,
    "WLHReal_a1_p": 0.00015606805113982394,
    "WLHReal_a2_p": 6.149907845813131e-06,
    "WLHReal_a3_p": 0.06277653797224797,
    "WLHReal_a4_p": 0.6198615003791472,
    "WLHReal_V0_n": 52.79562721399301,
    "WLHReal_V1_n": 0.25316182444170426,
    "WLHReal_V2_n": -0.0003838642470925101,
    "WLHReal_V3_n": 2.0840175739706565e-06,
    "WLHReal_V4_n": 21.99938623646657,
    "WLHReal_V5_n": 0.2881515308034114,
    "WLHReal_V6_n": 0.0011520038040629505,
    "WLHReal_r0_n": 1.2892643083082518,
    "WLHReal_r1_n": 0.30044283267114424,
    "WLHReal_r2_n": 0.0009247187154785894,
    "WLHReal_r3_n": 9.828375921778903e-06,
    "WLHReal_a0_n": 0.7440398407983234,
    "WLHReal_a1_n": 0.0007877540467740561,
    "WLHReal_a2_n": 1.0924714200270702e-05,
    "WLHReal_a3_n": 0.302373936929349,
    "WLHReal_a4_n": 0.8980917153522564,
    "WLHImagVolume_W0_p": 4.099180039179151,
    "WLHImagVolume_W1_p": 0.22684256410397863,
    "WLHImagVolume_W2_p": 9.464380154723288e-05,
    "WLHImagVolume_W3_p": 12.947489344653793,
    "WLHImagVolume_W4_p": 0.0720928578347641,
    "WLHImagVolume_r0_p": 0.8833962355092242,
    "WLHImagVolume_r1_p": 18.19206225751779,
    "WLHImagVolume_r2_p": 0.3147145502308784,
    "WLHImagVolume_r3_p": 40.98589067648409,
    "WLHImagVolume_r4_p": 0.9571013450148602,
    "WLHImagVolume_r5_p": 2.4688030975020344e-06,
    "WLHImagVolume_a0_p": 0.5743527061453364,
    "WLHImagVolume_a1_p": 0.20733747280545817,
    "WLHImagVolume_a2_p": 8.67515891936916,
    "WLHImagVolume_a3_p": 0.450971718714725,
    "WLHImagVolume_a4_p": 0.002811878109963923,
    "WLHImagVolume_W0_n": 2.96796003350663,
    "WLHImagVolume_W1_n": 0.2364310720512039,
    "WLHImagVolume_W2_n": 0.00024224353747460844,
    "WLHImagVolume_W3_n": 9.172821687683363,
    "WLHImagVolume_W4_n": 0.010990362874959362,
    "WLHImagVolume_r0_n": 0.6720930580875095,
    "WLHImagVolume_r1_n": 54.8386458125811,
    "WLHImagVolume_r2_n": 0.606087049251733,
    "WLHImagVolume_r3_n": 72.57945827216533,
    "WLHImagVolume_r4_n": 1.1034667965691538,
    "WLHImagVolume_r5_n": 5.039306519528239e-06,
    "WLHImagVolume_a0_n": 0.2682751077560973,
    "WLHImagVolume_a1_n": 0.5608783759253283,
    "WLHImagVolume_a2_n": 7.183824170582262,
    "WLHImagVolume_a3_n": 0.06765126558903198,
    "WLHImagVolume_a4_n": 0.0009732341275261069,
    "WLHImagSurface_W0_p": 0.4789409043853246,
    "WLHImagSurface_W1_p": -0.01783814457485685,
    "WLHImagSurface_W2_p": -0.619113208441846,
    "WLHImagSurface_W3_p": -0.08959302064657954,
    "WLHImagSurface_r0_p": 0.8540404850192685,
    "WLHImagSurface_r1_p": 0.4095972535022355,
    "WLHImagSurface_r2_p": 0.00488568490973936,
    "WLHImagSurface_a0_p": 0.6688963575181566,
    "WLHImagSurface_W0_n": 1.1692786965172635,
    "WLHImagSurface_W1_n": 0.021847639712191027,
    "WLHImagSurface_W2_n": 1.2842356795717023,
    "WLHImagSurface_W3_n": 0.089847426220026,
    "WLHImagSurface_r0_n": 1.2451185585946853,
    "WLHImagSurface_r1_n": 1.3510412955959132,
    "WLHImagSurface_r2_n": 0.0027337381767608775,
    "WLHImagSurface_a0_n": 0.8531105067788147,
    "WLHRealSpinOrbit_V0_p": 10.681799066976886,
    "WLHRealSpinOrbit_V1_p": 0.00919648348837341,
    "WLHRealSpinOrbit_r0_p": 1.224935035565083,
    "WLHRealSpinOrbit_r1_p": 0.8163625741229427,
    "WLHRealSpinOrbit_a0_p": 0.7815666411389663,
    "WLHRealSpinOrbit_a1_p": 0.00031528420810218635,
    "WLHRealSpinOrbit_V0_n": 10.083305587304167,
    "WLHRealSpinOrbit_V1_n": 0.008953196002872902,
    "WLHRealSpinOrbit_r0_n": 1.2754302164339053,
    "WLHRealSpinOrbit_r1_n": 0.8665136394452813,
    "WLHRealSpinOrbit_a0_n": 0.8076474569492719,
    "WLHRealSpinOrbit_a1_n": 0.00035250753973506687
}