{
    "WLHReal_V0_p": 49.49417405353002,
    "WLHReal_V1_p": 0.3114555042585519,
    "WLHReal_V2_p": -0.0011901471639341585,
    "WLHReal_V3_p": 6.668413678129733e-06,
    "WLHReal_V4_p": 8.910321289188891,
    "WLHReal_V5_p": 0.11867378564098294,
    "WLHReal_V6_p": 0.0006393969814036829,
    "WLHReal_r0_p": 1.395778687994001,
    "WLHReal_r1_p": 0.23378814272714868,
    "WLHReal_r2_p": 0.0014073911604298786,
    "WLHReal_r3_p": 1.6965391334069917e-05,
    "WLHReal_a0_p": 0.8305699112375057,
    "WLHReal_a1_p": -7.92591341404381e-05,
    "WLHReal_a2_p": 1.5691318131778604e-05,
    "WLHReal_a3_p": -0.03476704700539164,
    "WLHReal_a4_p": 0.6264450866469798,
    "WLHReal_V0_n": 58.88991851733081,
    "WLHReal_V1_n": 0.3124774763212161,
    "WLHReal_V2_n": 0.00042464529939370056,
    "WLHReal_V3_n": -7.677854686240124e-08,
    "WLHReal_V4_n": 21.946479770552802,
    "WLHReal_V5_n": 0.25088236978591366,
    "WLHReal_V6_n": 0.0005275096046912007,
    "WLHReal_r0_n": 1.2197659277136943,
    "WLHReal_r1_n": 0.3160962779111637,
    "WLHReal_r2_n": 0.0004885253509318931,
    "WLHReal_r3_n": 1.2035434268132992e-06,
    "WLHReal_a0_n": 0.7131970329709951,
    "WLHReal_a1_n": 8.43099807906777e-05,
    "WLHReal_a2_n": -5.222197687894139e-07,
    "WLHReal_a3_n": 0.1935711554177809,
    "WLHReal_a4_n": 0.6706697856330823,
    "WLHImagVolume_W0_p": 6.529413176528225,
    "WLHImagVolume_W1_p": 0.2481018405140103,
    "WLHImagVolume_W2_p": 0.0005194456194651778,
    "WLHImagVolume_W3_p": 10.273701063987824,
    "WLHImagVolume_W4_p": 0.09533879642397801,
    "WLHImagVolume_r0_p": 0.7447694894001001,
    "WLHImagVolume_r1_p": 54.40492117362857,
    "WLHImagVolume_r2_p": 0.6415614675445809,
    "WLHImagVolume_r3_p": 73.47507392143378,
    "WLHImagVolume_r4_p": 0.5918712595135847,
    "WLHImagVolume_r5_p": 7.625170594104565e-07,
    "WLHImagVolume_a0_p": 0.6320721463892687,
    "WLHImagVolume_a1_p": 0.2785793541554854,
    "WLHImagVolume_a2_p": 16.841937253489565,
    "WLHImagVolume_a3_p": 0.45947818189062384,
    "WLHImagVolume_a4_p": 0.003295588262066695,
    "WLHImagVolume_W0_n": 3.099180336636945,
    "WLHImagVolume_W1_n": 0.3063999544355756,
    "WLHImagVolume_W2_n": 0.0003853816056148767,
    "WLHImagVolume_W3_n": 10.226444905924504,
    "WLHImagVolume_W4_n": 0.07963055002393789,
    "WLHImagVolume_r0_n": 0.6411499257121742,
    "WLHImagVolume_r1_n": 41.281642526918326,
    "WLHImagVolume_r2_n": 0.5729511040145894,
    "WLHImagVolume_r3_n": 56.90262296395342,
    "WLHImagVolume_r4_n": 1.0917897756727253,
    "WLHImagVolume_r5_n": 2.833204883822942e-06,
    "WLHImagVolume_a0_n": 0.22142483659961482,
    "WLHImagVolume_a1_n": 0.5915453393101042,
    "WLHImagVolume_a2_n": 7.281190792819201,
    "WLHImagVolume_a3_n": 0.022348260668410072,
    "WLHImagVolume_a4_n": 0.0008923204072336945,
    "WLHImagSurface_W0_p": 0.37766671646721206,
    "WLHImagSurface_W1_p": -0.0027786770748567807,
    "WLHImagSurface_W2_p": -0.9962726393529318,
    "WLHImagSurface_W3_p": -0.025577424005673338,
    "WLHImagSurface_r0_p": 0.7798022014756074,
    "WLHImagSurface_r1_p": -0.25471820020781916,
    "WLHImagSurface_r2_p": -0.0036003295689109706,
    "WLHImagSurface_a0_p": 0.8618297829680053,
    "WLHImagSurface_W0_n": 1.8717736339195015,
    "WLHImagSurface_W1_n": 0.02549322302640423,
    "WLHImagSurface_W2_n": 2.2118150597558492,
    "WLHImagSurface_W3_n": 0.07541704454116821,
    "WLHImagSurface_r0_n": 1.2165386205154352,
    "WLHImagSurface_r1_n": 1.3162619011839978,
    "WLHImagSurface_r2_n": 0.004527016223545264,
    "WLHImagSurface_a0_n": 0.8063844176705826,
    "WLHRealSpinOrbit_V0_p": 8.769756368521957,
    "WLHRealSpinOrbit_V1_p": 0.008859880168097632,
    "WLHRealSpinOrbit_r0_p": 1.3849385679762627,
    "WLHRealSpinOrbit_r1_p": 1.0539063588876418,
    "WLHRealSpinOrbit_a0_p": 0.8917790259246967,
    "WLHRealSpinOrbit_a1_p": 0.00031849353591105977,
    "WLHRealSpinOrbit_V0_n": 10.589358899168559,
    "WLHRealSpinOrbit_V1_n": 0.008782194053136195,
    "WLHRealSpinOrbit_r0_n": 1.195559471723753,
    "WLHRealSpinOrbit_r1_n": 0.7662192857728799,
    "WLHRealSpinOrbit_a0_n": 0.7531411892491717,
    "WLHRealSpinOrbit_a1_n": 0.0003176767174326737
}