{
    "WLHReal_V0_p": 53.60849159389839,
    "WLHReal_V1_p": 0.2698253770935678,
    "WLHReal_V2_p": -0.0002454126379845174,
    "WLHReal_V3_p": 1.766041023228742e-06,
    "WLHReal_V4_p": 14.174786314180126,
    "WLHReal_V5_p": 0.12525397529274554,
    "WLHReal_V6_p": 0.0003768794275437479,
    "WLHReal_r0_p": 1.274737568835349,
    "WLHReal_r1_p": 0.21649018997044572,
    "WLHReal_r2_p": 0.0009002380802951162,
    "WLHReal_r3_p": 9.096443567977381e-06,
    "WLHReal_a0_p": 0.7733927015176857,
    "WLHReal_a1_p": 0.00012881779081787148,
    "WLHReal_a2_p": 6.9156967657214295e-06,
    "WLHReal_a3_p": 0.01877917802873185,
    "WLHReal_a4_p": 0.5409926069085382,
    "WLHReal_V0_n": 53.03236311869572,
    "WLHReal_V1_n": 0.25970085100947016,
    "WLHReal_V2_n": -0.0003298278859869738,
    "WLHReal_V3_n": 2.6677046860051514e-06,
    "WLHReal_V4_n": 21.56414187996935,
    "WLHReal_V5_n": 0.29053466985931264,
    "WLHReal_V6_n": 0.0010695617374037415,
    "WLHReal_r0_n": 1.3075983755524825,
    "WLHReal_r1_n": 0.3651808805105725,
    "WLHReal_r2_n": 0.0008106892040386653,
    "WLHReal_r3_n": 7.331179711967671e-06,
    "WLHReal_a0_n": 0.7410504580049694,
    "WLHReal_a1_n": 0.000665962665452974,
    "WLHReal_a2_n": 8.166118986749e-06,
    "WLHReal_a3_n": 0.2460810533054048,
    "WLHReal_a4_n": 0.7864560699670551,
    "WLHImagVolume_W0_p": 4.416505876706144,
    "WLHImagVolume_W1_p": 0.20478014770480368,
    "WLHImagVolume_W2_p": 3.8797864964597154e-05,
    "WLHImagVolume_W3_p": 10.644754915304818,
    "WLHImagVolume_W4_p": 0.07487386592449607,
    "WLHImagVolume_r0_p": 0.8964442070255205,
    "WLHImagVolume_r1_p": 14.523876286653898,
    "WLHImagVolume_r2_p": 0.34274425887499826,
    "WLHImagVolume_r3_p": 35.20061668382384,
    "WLHImagVolume_r4_p": 0.8912625599885132,
    "WLHImagVolume_r5_p": 2.5357729369483826e-06,
    "WLHImagVolume_a0_p": 0.5960432910102664,
    "WLHImagVolume_a1_p": 0.2065311407861968,
    "WLHImagVolume_a2_p": 8.858620177506427,
    "WLHImagVolume_a3_p": 0.46236263184093457,
    "WLHImagVolume_a4_p": 0.003071933584419816,
    "WLHImagVolume_W0_n": 2.7890867406195192,
    "WLHImagVolume_W1_n": 0.25731177233732616,
    "WLHImagVolume_W2_n": 0.0003758949476168831,
    "WLHImagVolume_W3_n": 8.773907185436814,
    "WLHImagVolume_W4_n": 0.02262763352130832,
    "WLHImagVolume_r0_n": 0.609436723171775,
    "WLHImagVolume_r1_n": 63.839923158058035,
    "WLHImagVolume_r2_n": 0.6829365569546368,
    "WLHImagVolume_r3_n": 77.28607137918777,
    "WLHImagVolume_r4_n": 1.0473652427871576,
    "WLHImagVolume_r5_n": 4.735927182976708e-06,
    "WLHImagVolume_a0_n": 0.2635806628597909,
    "WLHImagVolume_a1_n": 0.5789809714274068,
    "WLHImagVolume_a2_n": 7.296375820513437,
    "WLHImagVolume_a3_n": 0.07674795265206735,
    "WLHImagVolume_a4_n": 0.0011036556082693514,
    "WLHImagSurface_W0_p": 0.5039081966143564,
    "WLHImagSurface_W1_p": -0.007133823360073406,
    "WLHImagSurface_W2_p": -0.11378510666472341,
    "WLHImagSurface_W3_p": -0.03983402830465746,
    "WLHImagSurface_r0_p": 0.7930851985254802,
    "WLHImagSurface_r1_p": 0.21858807167691482,
    "WLHImagSurface_r2_p": 0.0033105502766972595,
    "WLHImagSurface_a0_p": 0.6338280805154706,
    "WLHImagSurface_W0_n": 1.3588938243259843,
    "WLHImagSurface_W1_n": 0.02912256064476531,
    "WLHImagSurface_W2_n": 2.0413319478665706,
    "WLHImagSurface_W3_n": 0.12036866074871662,
    "WLHImagSurface_r0_n": 1.263556400803687,
    "WLHImagSurface_r1_n": 1.4114559956310255,
    "WLHImagSurface_r2_n": 0.002920730032625516,
    "WLHImagSurface_a0_n": 0.8515834077621153,
    "WLHRealSpinOrbit_V0_p": 10.24367817201348,
    "WLHRealSpinOrbit_V1_p": 0.00908933062137581,
    "WLHRealSpinOrbit_r0_p": 1.2679860657791926,
    "WLHRealSpinOrbit_r1_p": 0.8641593687716627,
    "WLHRealSpinOrbit_a0_p": 0.8065028640935513,
    "WLHRealSpinOrbit_a1_p": 0.00034065920610346095,
    "WLHRealSpinOrbit_V0_n": 9.798388159268464,
    "WLHRealSpinOrbit_V1_n": 0.008680982953626768,
    "WLHRealSpinOrbit_r0_n": 1.2820157863079447,
    "WLHRealSpinOrbit_r1_n": 0.8665760303159347,
    "WLHRealSpinOrbit_a0_n": 0.8062187535572329,
    "WLHRealSpinOrbit_a1_n": 0.00036586971073203947
}