{
    "CH89RealCentral": {
        "V_0": 55.631,
        "V_t": 14.6526,
        "V_e": -0.358811,
        "r_o": 1.23311,
        "r_o_0": -0.34352,
        "a_0": 0.761079
    },
    "CH89Coulomb": {
        "r_c": 1.22177,
        "r_c_0": 0.470096
    },
    "CH89SpinOrbit": {
        "V_so": 5.11656,
        "r_so": 1.1807,
        "r_so_0": -0.446504,
        "a_so": 0.541892
    },
    "CH89ImagCentral": {
        "W_v0": 5.47106,
        "W_ve0": 7.30686,
        "W_vew": 10.0842,
        "W_s0": 8.82854,
        "W_st": 17.0291,
        "W_se0": 33.4976,
        "W_sew": 28.5812,
        "r_w": 1.28293,
        "r_w0": -0.32456,
        "a_w": 0.676129
    }
}