{
    "ECS_p": 0.462867,
    "ECS_n": 0.482016,
    "APower_p": 0.809827,
    "APower_n": 0.179937
}