{
    "WLHReal_V0_p": 50.355566781370136,
    "WLHReal_V1_p": 0.29892791327808427,
    "WLHReal_V2_p": -0.000844327857248501,
    "WLHReal_V3_p": 4.775564676247568e-06,
    "WLHReal_V4_p": 10.594802561050557,
    "WLHReal_V5_p": 0.11689295929852944,
    "WLHReal_V6_p": 0.0005278277368189901,
    "WLHReal_r0_p": 1.3563107777366696,
    "WLHReal_r1_p": 0.22215223697438816,
    "WLHReal_r2_p": 0.0012215662175634532,
    "WLHReal_r3_p": 1.4288563690598614e-05,
    "WLHReal_a0_p": 0.8090106148921317,
    "WLHReal_a1_p": -4.812125876803389e-05,
    "WLHReal_a2_p": 1.2319814148998359e-05,
    "WLHReal_a3_p": -0.01810319280793115,
    "WLHReal_a4_p": 0.5919449385885853,
    "WLHReal_V0_n": 60.60857931701456,
    "WLHReal_V1_n": 0.34582101348543504,
    "WLHReal_V2_n": 0.0008082638143459993,
    "WLHReal_V3_n": -1.1388139299766015e-06,
    "WLHReal_V4_n": 21.360931981267033,
    "WLHReal_V5_n": 0.23440675112491438,
    "WLHReal_V6_n": 0.0001946353977361426,
    "WLHReal_r0_n": 1.2116893174701318,
    "WLHReal_r1_n": 0.36435696082051267,
    "WLHReal_r2_n": 0.0002369014793228006,
    "WLHReal_r3_n": -3.854038930967754e-06,
    "WLHReal_a0_n": 0.6974310559034812,
    "WLHReal_a1_n": -0.00021925693287462664,
    "WLHReal_a2_n": -7.11321625688045e-06,
    "WLHReal_a3_n": 0.11266824744676626,
    "WLHReal_a4_n": 0.5052809118055513,
    "WLHImagVolume_W0_p": 5.638459675565409,
    "WLHImagVolume_W1_p": 0.2201343799817668,
    "WLHImagVolume_W2_p": 0.00036185299607424367,
    "WLHImagVolume_W3_p": 10.085829670606564,
    "WLHImagVolume_W4_p": 0.08380435658455201,
    "WLHImagVolume_r0_p": 0.771364299460704,
    "WLHImagVolume_r1_p": 45.79329795644331,
    "WLHImagVolume_r2_p": 0.569886777266156,
    "WLHImagVolume_r3_p": 64.78287100373825,
    "WLHImagVolume_r4_p": 0.6572955320928078,
    "WLHImagVolume_r5_p": 1.3092653156071299e-06,
    "WLHImagVolume_a0_p": 0.6081780480230297,
    "WLHImagVolume_a1_p": 0.2674480697954756,
    "WLHImagVolume_a2_p": 15.354507841005548,
    "WLHImagVolume_a3_p": 0.4443966261097311,
    "WLHImagVolume_a4_p": 0.0029906449711054,
    "WLHImagVolume_W0_n": 2.804258913694273,
    "WLHImagVolume_W1_n": 0.3333097253367816,
    "WLHImagVolume_W2_n": 0.0005815388668336782,
    "WLHImagVolume_W3_n": 9.742702007564244,
    "WLHImagVolume_W4_n": 0.11009919102903745,
    "WLHImagVolume_r0_n": 0.5383141644006777,
    "WLHImagVolume_r1_n": 54.86525575318363,
    "WLHImagVolume_r2_n": 0.6672881678470793,
    "WLHImagVolume_r3_n": 60.41457427516813,
    "WLHImagVolume_r4_n": 0.9614108098289494,
    "WLHImagVolume_r5_n": 1.248874329979228e-06,
    "WLHImagVolume_a0_n": 0.18396751300107583,
    "WLHImagVolume_a1_n": 0.6289795221838232,
    "WLHImagVolume_a2_n": 7.7280454663201406,
    "WLHImagVolume_a3_n": 0.014142688044670775,
    "WLHImagVolume_a4_n": 0.0008020902753336769,
    "WLHImagSurface_W0_p": 0.489178501636085,
    "WLHImagSurface_W1_p": 0.001272728791150514,
    "WLHImagSurface_W2_p": -0.6007720094458953,
    "WLHImagSurface_W3_p": -0.01275528366406739,
    "WLHImagSurface_r0_p": 0.8170788883928202,
    "WLHImagSurface_r1_p": -0.09620812774230508,
    "WLHImagSurface_r2_p": -0.001095285040357029,
    "WLHImagSurface_a0_p": 0.8225776986543486,
    "WLHImagSurface_W0_n": 2.3508413546691083,
    "WLHImagSurface_W1_n": 0.03576120139783194,
    "WLHImagSurface_W2_n": 3.3538173513476344,
    "WLHImagSurface_W3_n": 0.1050157444455895,
    "WLHImagSurface_r0_n": 1.2401211714714115,
    "WLHImagSurface_r1_n": 1.374276602727734,
    "WLHImagSurface_r2_n": 0.005402466206840625,
    "WLHImagSurface_a0_n": 0.7889948809205772,
    "WLHRealSpinOrbit_V0_p": 9.155533099150464,
    "WLHRealSpinOrbit_V1_p": 0.008830172721144398,
    "WLHRealSpinOrbit_r0_p": 1.3471942007023123,
    "WLHRealSpinOrbit_r1_p": 0.9897743495462534,
    "WLHRealSpinOrbit_a0_p": 0.8623506818782871,
    "WLHRealSpinOrbit_a1_p": 0.000330602139464349,
    "WLHRealSpinOrbit_V0_n": 10.351782278482457,
    "WLHRealSpinOrbit_V1_n": 0.008324462634982495,
    "WLHRealSpinOrbit_r0_n": 1.174278549028683,
    "WLHRealSpinOrbit_r1_n": 0.7310793521740813,
    "WLHRealSpinOrbit_a0_n": 0.7313566127534912,
    "WLHRealSpinOrbit_a1_n": 0.0003207454420415086
}