{
    "WLHReal_V0_p": 50.76765673188564,
    "WLHReal_V1_p": 0.27422972169973475,
    "WLHReal_V2_p": -0.0006682668763712816,
    "WLHReal_V3_p": 3.2755052549972267e-06,
    "WLHReal_V4_p": 12.446304888586512,
    "WLHReal_V5_p": 0.10726886515588938,
    "WLHReal_V6_p": 0.00046338151052337576,
    "WLHReal_r0_p": 1.308792735864469,
    "WLHReal_r1_p": 0.1549556586175814,
    "WLHReal_r2_p": 0.0011737259847736943,
    "WLHReal_r3_p": 1.4069477910720865e-05,
    "WLHReal_a0_p": 0.7894659397673794,
    "WLHReal_a1_p": -4.209611896311663e-05,
    "WLHReal_a2_p": 1.2155697038562653e-05,
    "WLHReal_a3_p": -0.021434740222891525,
    "WLHReal_a4_p": 0.5646647962070592,
    "WLHReal_V0_n": 53.36476094874745,
    "WLHReal_V1_n": 0.2895716079348699,
    "WLHReal_V2_n": -0.000504159144016472,
    "WLHReal_V3_n": 3.191669325617547e-06,
    "WLHReal_V4_n": 20.661801048067556,
    "WLHReal_V5_n": 0.3079387796117936,
    "WLHReal_V6_n": 0.0012972489652364266,
    "WLHReal_r0_n": 1.3169688670375637,
    "WLHReal_r1_n": 0.3479338215400802,
    "WLHReal_r2_n": 0.0010138486844533958,
    "WLHReal_r3_n": 1.0599824463126979e-05,
    "WLHReal_a0_n": 0.7545263218479629,
    "WLHReal_a1_n": 0.0009330866745744362,
    "WLHReal_a2_n": 1.1940485280391823e-05,
    "WLHReal_a3_n": 0.27270393954610356,
    "WLHReal_a4_n": 0.9051188939260824,
    "WLHImagVolume_W0_p": 4.990099589112159,
    "WLHImagVolume_W1_p": 0.18294430900239556,
    "WLHImagVolume_W2_p": 7.451924598180615e-05,
    "WLHImagVolume_W3_p": 9.495324577075401,
    "WLHImagVolume_W4_p": 0.0723492668224647,
    "WLHImagVolume_r0_p": 0.9326289322132646,
    "WLHImagVolume_r1_p": 22.783848182266713,
    "WLHImagVolume_r2_p": 0.3631281902865547,
    "WLHImagVolume_r3_p": 47.20902183271822,
    "WLHImagVolume_r4_p": 0.8484670188095144,
    "WLHImagVolume_r5_p": 1.851052081839834e-06,
    "WLHImagVolume_a0_p": 0.6074199614322449,
    "WLHImagVolume_a1_p": 0.22570232200256857,
    "WLHImagVolume_a2_p": 11.473388190120849,
    "WLHImagVolume_a3_p": 0.45386294309954905,
    "WLHImagVolume_a4_p": 0.003070280545274873,
    "WLHImagVolume_W0_n": 3.4789272172680006,
    "WLHImagVolume_W1_n": 0.2987409954290115,
    "WLHImagVolume_W2_n": 0.0006413569563770633,
    "WLHImagVolume_W3_n": 9.859458989199116,
    "WLHImagVolume_W4_n": 0.03758651696241415,
    "WLHImagVolume_r0_n": 0.5781429082305762,
    "WLHImagVolume_r1_n": 76.34366342125671,
    "WLHImagVolume_r2_n": 0.7301967938197182,
    "WLHImagVolume_r3_n": 90.150169433377,
    "WLHImagVolume_r4_n": 0.9617131975511116,
    "WLHImagVolume_r5_n": 4.343479410559841e-06,
    "WLHImagVolume_a0_n": 0.27261954827590074,
    "WLHImagVolume_a1_n": 0.564186796838243,
    "WLHImagVolume_a2_n": 4.943468664550919,
    "WLHImagVolume_a3_n": 0.03832260154180704,
    "WLHImagVolume_a4_n": 0.0006145873268515112,
    "WLHImagSurface_W0_p": 0.3335274442445173,
    "WLHImagSurface_W1_p": -0.022117494888274906,
    "WLHImagSurface_W2_p": -0.9666285528522089,
    "WLHImagSurface_W3_p": -0.1064465957918363,
    "WLHImagSurface_r0_p": 0.760556359388661,
    "WLHImagSurface_r1_p": -0.12714494902532908,
    "WLHImagSurface_r2_p": 0.0002706490989188839,
    "WLHImagSurface_a0_p": 0.736975072917763,
    "WLHImagSurface_W0_n": 1.8351796627503134,
    "WLHImagSurface_W1_n": 0.05146725527190687,
    "WLHImagSurface_W2_n": 2.785999616221619,
    "WLHImagSurface_W3_n": 0.17770921651496174,
    "WLHImagSurface_r0_n": 1.2843465379472279,
    "WLHImagSurface_r1_n": 1.5787381327810364,
    "WLHImagSurface_r2_n": 0.002826823172999988,
    "WLHImagSurface_a0_n": 0.8571916080629859,
    "WLHRealSpinOrbit_V0_p": 9.783745446412087,
    "WLHRealSpinOrbit_V1_p": 0.009142855082280807,
    "WLHRealSpinOrbit_r0_p": 1.315369151155589,
    "WLHRealSpinOrbit_r1_p": 0.9428349659643607,
    "WLHRealSpinOrbit_a0_p": 0.8436318680724786,
    "WLHRealSpinOrbit_a1_p": 0.0003313949454556331,
    "WLHRealSpinOrbit_V0_n": 9.580743538062466,
    "WLHRealSpinOrbit_V1_n": 0.008714413801707578,
    "WLHRealSpinOrbit_r0_n": 1.2969903896209505,
    "WLHRealSpinOrbit_r1_n": 0.9070640189911604,
    "WLHRealSpinOrbit_a0_n": 0.8223360540426559,
    "WLHRealSpinOrbit_a1_n": 0.00033800680154571296
}