{
    "WLHReal_V0_p": 57.94204213352096,
    "WLHReal_V1_p": 0.36350864384757164,
    "WLHReal_V2_p": 0.00035510027863847526,
    "WLHReal_V3_p": 1.5491546646118142e-06,
    "WLHReal_V4_p": 11.964935821281149,
    "WLHReal_V5_p": 0.13840729857450407,
    "WLHReal_V6_p": 0.00018938629042399238,
    "WLHReal_r0_p": 1.277033577987521,
    "WLHReal_r1_p": 0.3267896501951769,
    "WLHReal_r2_p": 0.0009062932639968544,
    "WLHReal_r3_p": 4.678940839518529e-06,
    "WLHReal_a0_p": 0.7831140306121395,
    "WLHReal_a1_p": 0.00023679777025969578,
    "WLHReal_a2_p": 2.9094971860209666e-06,
    "WLHReal_a3_p": 0.13673139951856214,
    "WLHReal_a4_p": 0.7044098943515305,
    "WLHReal_V0_n": 50.76403026306881,
    "WLHReal_V1_n": 0.24284666488065365,
    "WLHReal_V2_n": -9.842905100270838e-05,
    "WLHReal_V3_n": 1.2530591670827843e-06,
    "WLHReal_V4_n": 22.295607528339914,
    "WLHReal_V5_n": 0.25913530105259486,
    "WLHReal_V6_n": 0.0008419511023149034,
    "WLHReal_r0_n": 1.2850248428024682,
    "WLHReal_r1_n": 0.2875113942226968,
    "WLHReal_r2_n": 0.0007386137886641869,
    "WLHReal_r3_n": 6.298487688621605e-06,
    "WLHReal_a0_n": 0.7260199406644503,
    "WLHReal_a1_n": 0.0006743031805246233,
    "WLHReal_a2_n": 7.561025967525784e-06,
    "WLHReal_a3_n": 0.2907632630556401,
    "WLHReal_a4_n": 0.8127813925232554,
    "WLHImagVolume_W0_p": 4.466376781422403,
    "WLHImagVolume_W1_p": 0.321354994154732,
    "WLHImagVolume_W2_p": 0.0007876004528853666,
    "WLHImagVolume_W3_p": 16.356326931957078,
    "WLHImagVolume_W4_p": 0.0893317317249432,
    "WLHImagVolume_r0_p": 0.4033076951367927,
    "WLHImagVolume_r1_p": 78.12728023891998,
    "WLHImagVolume_r2_p": 0.82986944354826,
    "WLHImagVolume_r3_p": 84.57546304673113,
    "WLHImagVolume_r4_p": 0.5123274579903792,
    "WLHImagVolume_r5_p": 1.0415531103584712e-06,
    "WLHImagVolume_a0_p": 0.523913525854591,
    "WLHImagVolume_a1_p": 0.31777748521844373,
    "WLHImagVolume_a2_p": 17.92475542460049,
    "WLHImagVolume_a3_p": 0.3928951006574207,
    "WLHImagVolume_a4_p": 0.0019304544660107145,
    "WLHImagVolume_W0_n": 1.835916951076662,
    "WLHImagVolume_W1_n": 0.1582361102702819,
    "WLHImagVolume_W2_n": 8.549957689088283e-05,
    "WLHImagVolume_W3_n": 6.8057454017157575,
    "WLHImagVolume_W4_n": -0.012698210272200212,
    "WLHImagVolume_r0_n": 0.5981787494936216,
    "WLHImagVolume_r1_n": 71.76998049496756,
    "WLHImagVolume_r2_n": 0.6724852335099089,
    "WLHImagVolume_r3_n": 74.33644945331974,
    "WLHImagVolume_r4_n": 0.9761929927789552,
    "WLHImagVolume_r5_n": 3.679867659307203e-06,
    "WLHImagVolume_a0_n": 0.21678468184579525,
    "WLHImagVolume_a1_n": 0.6038442327519025,
    "WLHImagVolume_a2_n": 10.161622681936391,
    "WLHImagVolume_a3_n": 0.10420362938532889,
    "WLHImagVolume_a4_n": 0.000983690466282355,
    "WLHImagSurface_W0_p": 1.1461153483370374,
    "WLHImagSurface_W1_p": 0.05662750260700175,
    "WLHImagSurface_W2_p": 0.9247374067790375,
    "WLHImagSurface_W3_p": 0.2001604232082635,
    "WLHImagSurface_r0_p": 1.1346788069456555,
    "WLHImagSurface_r1_p": 0.9439439716867313,
    "WLHImagSurface_r2_p": 0.006045541947551406,
    "WLHImagSurface_a0_p": 0.8815961156138284,
    "WLHImagSurface_W0_n": 0.9117553544725132,
    "WLHImagSurface_W1_n": 0.008922241637670823,
    "WLHImagSurface_W2_n": 1.067420104333881,
    "WLHImagSurface_W3_n": 0.06173966320114467,
    "WLHImagSurface_r0_n": 1.2740106507281495,
    "WLHImagSurface_r1_n": 1.2504333660014124,
    "WLHImagSurface_r2_n": 0.003014026998625464,
    "WLHImagSurface_a0_n": 0.8497144392535103,
    "WLHRealSpinOrbit_V0_p": 9.692426407485685,
    "WLHRealSpinOrbit_V1_p": 0.008240490266774064,
    "WLHRealSpinOrbit_r0_p": 1.2286861243609986,
    "WLHRealSpinOrbit_r1_p": 0.8186088114750159,
    "WLHRealSpinOrbit_a0_p": 0.7714898221583917,
    "WLHRealSpinOrbit_a1_p": 0.0003140435166215919,
    "WLHRealSpinOrbit_V0_n": 9.8099583383842,
    "WLHRealSpinOrbit_V1_n": 0.008479021093255629,
    "WLHRealSpinOrbit_r0_n": 1.2667761029477793,
    "WLHRealSpinOrbit_r1_n": 0.8316440880028706,
    "WLHRealSpinOrbit_a0_n": 0.7902830385723696,
    "WLHRealSpinOrbit_a1_n": 0.00038954358165518783
}