{
    "CH89RealCentral": {
        "V_0": 57.6811,
        "V_t": 15.9758,
        "V_e": -0.361584,
        "r_o": 1.18182,
        "r_o_0": -0.127369,
        "a_0": 0.717543
    },
    "CH89Coulomb": {
        "r_c": 1.06428,
        "r_c_0": 0.223347
    },
    "CH89SpinOrbit": {
        "V_so": 6.00221,
        "r_so": 1.38637,
        "r_so_0": -1.6922,
        "a_so": 0.614678
    },
    "CH89ImagCentral": {
        "W_v0": 10.7023,
        "W_ve0": 47.9675,
        "W_vew": 33.951,
        "W_s0": 13.12,
        "W_st": 28.7021,
        "W_se0": 22.0882,
        "W_sew": 74.5357,
        "r_w": 1.30237,
        "r_w0": -0.811978,
        "a_w": 0.744247
    }
}