{
    "WLHReal_V0_p": 50.245803576968406,
    "WLHReal_V1_p": 0.24870791710481702,
    "WLHReal_V2_p": -0.0008772420673846285,
    "WLHReal_V3_p": 3.640095349871287e-06,
    "WLHReal_V4_p": 12.820463986910681,
    "WLHReal_V5_p": 0.12704848446213285,
    "WLHReal_V6_p": 0.0005805200869566955,
    "WLHReal_r0_p": 1.3379898772646857,
    "WLHReal_r1_p": 0.2273035157611209,
    "WLHReal_r2_p": 0.0010078553533606424,
    "WLHReal_r3_p": 1.3365911487434346e-05,
    "WLHReal_a0_p": 0.7953321984758978,
    "WLHReal_a1_p": 3.608678297162125e-05,
    "WLHReal_a2_p": 1.1372611337789465e-05,
    "WLHReal_a3_p": -0.049919607424520465,
    "WLHReal_a4_p": 0.4889110310746463,
    "WLHReal_V0_n": 57.187637900306086,
    "WLHReal_V1_n": 0.30724126383095535,
    "WLHReal_V2_n": 0.0003543403124904906,
    "WLHReal_V3_n": 1.1464199339510858e-07,
    "WLHReal_V4_n": 21.39826389297969,
    "WLHReal_V5_n": 0.2567684836197401,
    "WLHReal_V6_n": 0.0005197441919352752,
    "WLHReal_r0_n": 1.2585173598115456,
    "WLHReal_r1_n": 0.38439376973939776,
    "WLHReal_r2_n": 0.0004297602008742779,
    "WLHReal_r3_n": 1.3417958313927728e-07,
    "WLHReal_a0_n": 0.713661865191337,
    "WLHReal_a1_n": 0.00010944543363606315,
    "WLHReal_a2_n": -1.263023139990222e-06,
    "WLHReal_a3_n": 0.1520160412611234,
    "WLHReal_a4_n": 0.5821957674627367,
    "WLHImagVolume_W0_p": 5.3185971666628395,
    "WLHImagVolume_W1_p": 0.18365854030746537,
    "WLHImagVolume_W2_p": -1.8501976276069784e-05,
    "WLHImagVolume_W3_p": 8.029839565711743,
    "WLHImagVolume_W4_p": 0.08114552652754899,
    "WLHImagVolume_r0_p": 0.9825984248542152,
    "WLHImagVolume_r1_p": 8.270013854660128,
    "WLHImagVolume_r2_p": 0.3256567988900327,
    "WLHImagVolume_r3_p": 30.9569863052994,
    "WLHImagVolume_r4_p": 0.8641887992011986,
    "WLHImagVolume_r5_p": 2.081059708180184e-06,
    "WLHImagVolume_a0_p": 0.6409196321102287,
    "WLHImagVolume_a1_p": 0.1976130304852825,
    "WLHImagVolume_a2_p": 8.895753552753128,
    "WLHImagVolume_a3_p": 0.49015288376725,
    "WLHImagVolume_a4_p": 0.0036421694568132615,
    "WLHImagVolume_W0_n": 2.6238058624529073,
    "WLHImagVolume_W1_n": 0.29822140093917177,
    "WLHImagVolume_W2_n": 0.0005034592759282977,
    "WLHImagVolume_W3_n": 8.968605449735911,
    "WLHImagVolume_W4_n": 0.07253370727757195,
    "WLHImagVolume_r0_n": 0.5479564760653657,
    "WLHImagVolume_r1_n": 61.82772102192767,
    "WLHImagVolume_r2_n": 0.6985617581207502,
    "WLHImagVolume_r3_n": 68.53324131853192,
    "WLHImagVolume_r4_n": 0.9795359707496292,
    "WLHImagVolume_r5_n": 2.670145222164829e-06,
    "WLHImagVolume_a0_n": 0.2135962976752347,
    "WLHImagVolume_a1_n": 0.6162169564056085,
    "WLHImagVolume_a2_n": 7.9227941789757175,
    "WLHImagVolume_a3_n": 0.04936071919879535,
    "WLHImagVolume_a4_n": 0.0010062017057170046,
    "WLHImagSurface_W0_p": 0.296595757009091,
    "WLHImagSurface_W1_p": -0.017402313208654818,
    "WLHImagSurface_W2_p": -0.41329189448815673,
    "WLHImagSurface_W3_p": -0.07295491063502585,
    "WLHImagSurface_r0_p": 0.6618168993461502,
    "WLHImagSurface_r1_p": -0.21032283074474983,
    "WLHImagSurface_r2_p": -0.0004773221933240578,
    "WLHImagSurface_a0_p": 0.6148311912934002,
    "WLHImagSurface_W0_n": 1.9229197170555052,
    "WLHImagSurface_W1_n": 0.03270708496641602,
    "WLHImagSurface_W2_n": 2.940201218118096,
    "WLHImagSurface_W3_n": 0.11532861088361543,
    "WLHImagSurface_r0_n": 1.2565356177699318,
    "WLHImagSurface_r1_n": 1.3911906831108298,
    "WLHImagSurface_r2_n": 0.004390239787253629,
    "WLHImagSurface_a0_n": 0.8154988192035832,
    "WLHRealSpinOrbit_V0_p": 9.709100020675123,
    "WLHRealSpinOrbit_V1_p": 0.009201313497160427,
    "WLHRealSpinOrbit_r0_p": 1.3374748233817402,
    "WLHRealSpinOrbit_r1_p": 0.9617653472213263,
    "WLHRealSpinOrbit_a0_p": 0.8559470151999203,
    "WLHRealSpinOrbit_a1_p": 0.00035161662030900524,
    "WLHRealSpinOrbit_V0_n": 10.018710700687508,
    "WLHRealSpinOrbit_V1_n": 0.008366024049552563,
    "WLHRealSpinOrbit_r0_n": 1.2221320446096444,
    "WLHRealSpinOrbit_r1_n": 0.7857948980161817,
    "WLHRealSpinOrbit_a0_n": 0.7616811446691728,
    "WLHRealSpinOrbit_a1_n": 0.0003489968043331041
}