{
    "ECS_p": 0.399679,
    "ECS_n": 0.736717,
    "APower_p": 0.802947,
    "APower_n": 0.44944
}