{
    "WLHReal_V0_p": 53.794698211753875,
    "WLHReal_V1_p": 0.27718497920513696,
    "WLHReal_V2_p": -9.885725610225428e-05,
    "WLHReal_V3_p": 1.8420912703888885e-06,
    "WLHReal_V4_p": 14.202707023559885,
    "WLHReal_V5_p": 0.12631851900007082,
    "WLHReal_V6_p": 0.00032531759367907377,
    "WLHReal_r0_p": 1.2731141553679608,
    "WLHReal_r1_p": 0.23648689823049213,
    "WLHReal_r2_p": 0.0008181432861320937,
    "WLHReal_r3_p": 7.418819728285757e-06,
    "WLHReal_a0_p": 0.7689984935785578,
    "WLHReal_a1_p": 0.0001262375737100465,
    "WLHReal_a2_p": 5.322005410379865e-06,
    "WLHReal_a3_p": 0.03238847406514819,
    "WLHReal_a4_p": 0.537615070479603,
    "WLHReal_V0_n": 53.218964389146365,
    "WLHReal_V1_n": 0.278666045951172,
    "WLHReal_V2_n": -0.00021235211535862629,
    "WLHReal_V3_n": 2.077674689453923e-06,
    "WLHReal_V4_n": 21.38470133670205,
    "WLHReal_V5_n": 0.28140483234548175,
    "WLHReal_V6_n": 0.0010175158460436651,
    "WLHReal_r0_n": 1.2906435092036048,
    "WLHReal_r1_n": 0.31826460109527516,
    "WLHReal_r2_n": 0.000842256248368872,
    "WLHReal_r3_n": 7.861529902453558e-06,
    "WLHReal_a0_n": 0.7380568616139798,
    "WLHReal_a1_n": 0.0007261070162311111,
    "WLHReal_a2_n": 9.238003648769233e-06,
    "WLHReal_a3_n": 0.269054381484055,
    "WLHReal_a4_n": 0.8424347478570385,
    "WLHImagVolume_W0_p": 4.119592220045078,
    "WLHImagVolume_W1_p": 0.2022908671968722,
    "WLHImagVolume_W2_p": 9.708820116184996e-05,
    "WLHImagVolume_W3_p": 10.840106999251061,
    "WLHImagVolume_W4_p": 0.07150646260374431,
    "WLHImagVolume_r0_p": 0.8184780439329499,
    "WLHImagVolume_r1_p": 23.67561045489711,
    "WLHImagVolume_r2_p": 0.4168862164384982,
    "WLHImagVolume_r3_p": 41.44701507134364,
    "WLHImagVolume_r4_p": 0.8208080632672461,
    "WLHImagVolume_r5_p": 2.607896110440485e-06,
    "WLHImagVolume_a0_p": 0.5754649499168193,
    "WLHImagVolume_a1_p": 0.22744410950080976,
    "WLHImagVolume_a2_p": 10.5164276350977,
    "WLHImagVolume_a3_p": 0.440350917378245,
    "WLHImagVolume_a4_p": 0.002726891582962056,
    "WLHImagVolume_W0_n": 2.8326453101324645,
    "WLHImagVolume_W1_n": 0.24888242591081391,
    "WLHImagVolume_W2_n": 0.0004171064763147275,
    "WLHImagVolume_W3_n": 8.794423154160675,
    "WLHImagVolume_W4_n": 0.026181278560216768,
    "WLHImagVolume_r0_n": 0.5885723024269066,
    "WLHImagVolume_r1_n": 71.25888750446934,
    "WLHImagVolume_r2_n": 0.6923381742677115,
    "WLHImagVolume_r3_n": 80.52158453702413,
    "WLHImagVolume_r4_n": 0.972395775889173,
    "WLHImagVolume_r5_n": 3.754712060849536e-06,
    "WLHImagVolume_a0_n": 0.24245454974976588,
    "WLHImagVolume_a1_n": 0.5836203181037872,
    "WLHImagVolume_a2_n": 7.127840127002418,
    "WLHImagVolume_a3_n": 0.05774161256780903,
    "WLHImagVolume_a4_n": 0.0007434499553187297,
    "WLHImagSurface_W0_p": 0.6771404579764311,
    "WLHImagSurface_W1_p": 0.00876866080756818,
    "WLHImagSurface_W2_p": 0.30666825326011304,
    "WLHImagSurface_W3_p": 0.019230529144180192,
    "WLHImagSurface_r0_p": 0.8629042401128154,
    "WLHImagSurface_r1_p": 0.33756073689149857,
    "WLHImagSurface_r2_p": 0.004259961266100738,
    "WLHImagSurface_a0_p": 0.6748973833271745,
    "WLHImagSurface_W0_n": 1.5392572339436779,
    "WLHImagSurface_W1_n": 0.033449871476480854,
    "WLHImagSurface_W2_n": 2.131616881992721,
    "WLHImagSurface_W3_n": 0.1235910614314493,
    "WLHImagSurface_r0_n": 1.2734202046904335,
    "WLHImagSurface_r1_n": 1.42931244459161,
    "WLHImagSurface_r2_n": 0.00316776750143645,
    "WLHImagSurface_a0_n": 0.8468350195031589,
    "WLHRealSpinOrbit_V0_p": 10.128177514783342,
    "WLHRealSpinOrbit_V1_p": 0.008870948182526055,
    "WLHRealSpinOrbit_r0_p": 1.260023877305107,
    "WLHRealSpinOrbit_r1_p": 0.8473876812457066,
    "WLHRealSpinOrbit_a0_p": 0.796894872876015,
    "WLHRealSpinOrbit_a1_p": 0.0003474072821469119,
    "WLHRealSpinOrbit_V0_n": 9.788222239757737,
    "WLHRealSpinOrbit_V1_n": 0.008619295423629375,
    "WLHRealSpinOrbit_r0_n": 1.2710057025699129,
    "WLHRealSpinOrbit_r1_n": 0.8596436767226603,
    "WLHRealSpinOrbit_a0_n": 0.8004680251773683,
    "WLHRealSpinOrbit_a1_n": 0.0003526386530969841
}