{
    "WLHReal_V0_p": 51.56089308888476,
    "WLHReal_V1_p": 0.3166720104288147,
    "WLHReal_V2_p": -0.0006334883366442917,
    "WLHReal_V3_p": 4.6904626419132656e-06,
    "WLHReal_V4_p": 10.291552372069727,
    "WLHReal_V5_p": 0.1370790591748838,
    "WLHReal_V6_p": 0.0004937103832163285,
    "WLHReal_r0_p": 1.375576688395123,
    "WLHReal_r1_p": 0.3334183496881039,
    "WLHReal_r2_p": 0.0009970814567318233,
    "WLHReal_r3_p": 1.0020005227881652e-05,
    "WLHReal_a0_p": 0.8105802468073028,
    "WLHReal_a1_p": 4.2382331173088114e-05,
    "WLHReal_a2_p": 9.446317833283103e-06,
    "WLHReal_a3_p": 0.01329927127019109,
    "WLHReal_a4_p": 0.5803716289596932,
    "WLHReal_V0_n": 56.97624564016905,
    "WLHReal_V1_n": 0.3040331827746723,
    "WLHReal_V2_n": 0.0006380594414311323,
    "WLHReal_V3_n": -1.161285935808814e-06,
    "WLHReal_V4_n": 22.08107259949712,
    "WLHReal_V5_n": 0.22878882766540992,
    "WLHReal_V6_n": 0.0002834788885949658,
    "WLHReal_r0_n": 1.2224235367366814,
    "WLHReal_r1_n": 0.3146488305558921,
    "WLHReal_r2_n": 0.00033677739375632346,
    "WLHReal_r3_n": -1.0721204668246694e-06,
    "WLHReal_a0_n": 0.6991398289572299,
    "WLHReal_a1_n": 6.394178274260541e-06,
    "WLHReal_a2_n": -3.030131909898899e-06,
    "WLHReal_a3_n": 0.17951926366073878,
    "WLHReal_a4_n": 0.5933421603281995,
    "WLHImagVolume_W0_p": 5.527911662835645,
    "WLHImagVolume_W1_p": 0.2530333612779551,
    "WLHImagVolume_W2_p": 0.0005838678334204599,
    "WLHImagVolume_W3_p": 10.97347252572843,
    "WLHImagVolume_W4_p": 0.09065602638808709,
    "WLHImagVolume_r0_p": 0.5680576369147194,
    "WLHImagVolume_r1_p": 64.67064418285781,
    "WLHImagVolume_r2_p": 0.7745121389436865,
    "WLHImagVolume_r3_p": 74.61118201481003,
    "WLHImagVolume_r4_p": 0.47389861100305397,
    "WLHImagVolume_r5_p": 9.664777768011833e-07,
    "WLHImagVolume_a0_p": 0.5866592897145044,
    "WLHImagVolume_a1_p": 0.3041492189997612,
    "WLHImagVolume_a2_p": 18.04999648334655,
    "WLHImagVolume_a3_p": 0.42456826210472703,
    "WLHImagVolume_a4_p": 0.0026628331097167503,
    "WLHImagVolume_W0_n": 2.1304359960262373,
    "WLHImagVolume_W1_n": 0.24253201920776163,
    "WLHImagVolume_W2_n": 0.0002832081616382618,
    "WLHImagVolume_W3_n": 8.148432097179407,
    "WLHImagVolume_W4_n": 0.059499148340063895,
    "WLHImagVolume_r0_n": 0.5667615479583913,
    "WLHImagVolume_r1_n": 58.46800742993708,
    "WLHImagVolume_r2_n": 0.6466137200168875,
    "WLHImagVolume_r3_n": 60.47171642160582,
    "WLHImagVolume_r4_n": 0.9693587841712462,
    "WLHImagVolume_r5_n": 2.655108128700441e-06,
    "WLHImagVolume_a0_n": 0.1788308430939198,
    "WLHImagVolume_a1_n": 0.6294706703765575,
    "WLHImagVolume_a2_n": 9.72355502838439,
    "WLHImagVolume_a3_n": 0.05494156051818053,
    "WLHImagVolume_a4_n": 0.0009021557276581757,
    "WLHImagSurface_W0_p": 0.8626906046359006,
    "WLHImagSurface_W1_p": 0.04292425026152229,
    "WLHImagSurface_W2_p": 0.6348259215510329,
    "WLHImagSurface_W3_p": 0.15491774563253907,
    "WLHImagSurface_r0_p": 0.9297279425461592,
    "WLHImagSurface_r1_p": 0.20880499981844966,
    "WLHImagSurface_r2_p": 0.0003759497002892927,
    "WLHImagSurface_a0_p": 0.8524206925255031,
    "WLHImagSurface_W0_n": 1.6814773701954255,
    "WLHImagSurface_W1_n": 0.016688567148265936,
    "WLHImagSurface_W2_n": 2.1587513786755514,
    "WLHImagSurface_W3_n": 0.06009470384011996,
    "WLHImagSurface_r0_n": 1.2465735036626557,
    "WLHImagSurface_r1_n": 1.2504560264734947,
    "WLHImagSurface_r2_n": 0.004725804829937182,
    "WLHImagSurface_a0_n": 0.8052939439009595,
    "WLHRealSpinOrbit_V0_p": 8.812666518767863,
    "WLHRealSpinOrbit_V1_p": 0.008361538901724395,
    "WLHRealSpinOrbit_r0_p": 1.3410114184079032,
    "WLHRealSpinOrbit_r1_p": 0.9681344053917416,
    "WLHRealSpinOrbit_a0_p": 0.8485947616153224,
    "WLHRealSpinOrbit_a1_p": 0.00034627022929285963,
    "WLHRealSpinOrbit_V0_n": 10.276157890148239,
    "WLHRealSpinOrbit_V1_n": 0.008338896654236302,
    "WLHRealSpinOrbit_r0_n": 1.1931111379380748,
    "WLHRealSpinOrbit_r1_n": 0.7423165276785766,
    "WLHRealSpinOrbit_a0_n": 0.7409547851677922,
    "WLHRealSpinOrbit_a1_n": 0.00035146373270586006
}