{
    "WLHReal_V0_p": 56.88315207932559,
    "WLHReal_V1_p": 0.3228573398750713,
    "WLHReal_V2_p": 0.0005096240632639514,
    "WLHReal_V3_p": 3.2029737334797535e-07,
    "WLHReal_V4_p": 14.083314791879282,
    "WLHReal_V5_p": 0.13675640702761752,
    "WLHReal_V6_p": 0.00013880641021380815,
    "WLHReal_r0_p": 1.2530943614611054,
    "WLHReal_r1_p": 0.3152917365557971,
    "WLHReal_r2_p": 0.0006336657519837344,
    "WLHReal_r3_p": 2.464834237742941e-06,
    "WLHReal_a0_p": 0.7596079344406765,
    "WLHReal_a1_p": 0.00022186434905366808,
    "WLHReal_a2_p": 9.415660212489564e-07,
    "WLHReal_a3_p": 0.11363661754320714,
    "WLHReal_a4_p": 0.5960071107264853,
    "WLHReal_V0_n": 56.67838292823242,
    "WLHReal_V1_n": 0.3149516366493418,
    "WLHReal_V2_n": 0.0007093402841411691,
    "WLHReal_V3_n": -2.034221654586733e-07,
    "WLHReal_V4_n": 21.675736373934733,
    "WLHReal_V5_n": 0.22584911270935215,
    "WLHReal_V6_n": 0.00021317187156055003,
    "WLHReal_r0_n": 1.2309994188784588,
    "WLHReal_r1_n": 0.33388279923113134,
    "WLHReal_r2_n": 0.00028694891259571306,
    "WLHReal_r3_n": -2.6078079955378855e-06,
    "WLHReal_a0_n": 0.6960694510082165,
    "WLHReal_a1_n": -7.539651064087825e-06,
    "WLHReal_a2_n": -4.269178096281767e-06,
    "WLHReal_a3_n": 0.15761818634085062,
    "WLHReal_a4_n": 0.5522949531380417,
    "WLHImagVolume_W0_p": 3.4862033945494115,
    "WLHImagVolume_W1_p": 0.25116037727978036,
    "WLHImagVolume_W2_p": 0.000443677452218622,
    "WLHImagVolume_W3_p": 13.893973222657031,
    "WLHImagVolume_W4_p": 0.0723807622076704,
    "WLHImagVolume_r0_p": 0.5193945636506856,
    "WLHImagVolume_r1_p": 57.06822946172733,
    "WLHImagVolume_r2_p": 0.6835346397321227,
    "WLHImagVolume_r3_p": 64.80105658627036,
    "WLHImagVolume_r4_p": 0.6112895154913209,
    "WLHImagVolume_r5_p": 1.6438726996061635e-06,
    "WLHImagVolume_a0_p": 0.513846455866763,
    "WLHImagVolume_a1_p": 0.29026066418686186,
    "WLHImagVolume_a2_p": 15.187327497716888,
    "WLHImagVolume_a3_p": 0.3858094018149181,
    "WLHImagVolume_a4_p": 0.0017979535612242157,
    "WLHImagVolume_W0_n": 1.9304329041069264,
    "WLHImagVolume_W1_n": 0.24262547932930395,
    "WLHImagVolume_W2_n": 0.0003855510479233359,
    "WLHImagVolume_W3_n": 7.614715848915641,
    "WLHImagVolume_W4_n": 0.06365438465420661,
    "WLHImagVolume_r0_n": 0.5045471334292002,
    "WLHImagVolume_r1_n": 71.72033474470149,
    "WLHImagVolume_r2_n": 0.71686368793777,
    "WLHImagVolume_r3_n": 67.13039855596497,
    "WLHImagVolume_r4_n": 0.8754013551833579,
    "WLHImagVolume_r5_n": 1.5034470798046191e-06,
    "WLHImagVolume_a0_n": 0.16268111423122428,
    "WLHImagVolume_a1_n": 0.6466423040898288,
    "WLHImagVolume_a2_n": 9.918208140208018,
    "WLHImagVolume_a3_n": 0.05661238895551995,
    "WLHImagVolume_a4_n": 0.0007969586712225386,
    "WLHImagSurface_W0_p": 1.2003368770465124,
    "WLHImagSurface_W1_p": 0.05698652706757329,
    "WLHImagSurface_W2_p": 1.4645394410474522,
    "WLHImagSurface_W3_p": 0.20147992271492865,
    "WLHImagSurface_r0_p": 1.1026835408385223,
    "WLHImagSurface_r1_p": 0.9061458719593465,
    "WLHImagSurface_r2_p": 0.0078052464303299445,
    "WLHImagSurface_a0_p": 0.7925406658970713,
    "WLHImagSurface_W0_n": 1.8594116003654462,
    "WLHImagSurface_W1_n": 0.02346131504791125,
    "WLHImagSurface_W2_n": 2.6966418605286893,
    "WLHImagSurface_W3_n": 0.08385334268592264,
    "WLHImagSurface_r0_n": 1.2702617696786054,
    "WLHImagSurface_r1_n": 1.3013469992430224,
    "WLHImagSurface_r2_n": 0.004901565316726213,
    "WLHImagSurface_a0_n": 0.8044956442955002,
    "WLHRealSpinOrbit_V0_p": 9.989069015062844,
    "WLHRealSpinOrbit_V1_p": 0.008263317789752242,
    "WLHRealSpinOrbit_r0_p": 1.2126044547848922,
    "WLHRealSpinOrbit_r1_p": 0.7744645211642598,
    "WLHRealSpinOrbit_a0_p": 0.7549108924993486,
    "WLHRealSpinOrbit_a1_p": 0.00034654881986916937,
    "WLHRealSpinOrbit_V0_n": 10.000608600280756,
    "WLHRealSpinOrbit_V1_n": 0.008077154523607532,
    "WLHRealSpinOrbit_r0_n": 1.1967553893949203,
    "WLHRealSpinOrbit_r1_n": 0.7430091652449445,
    "WLHRealSpinOrbit_a0_n": 0.7391971890856306,
    "WLHRealSpinOrbit_a1_n": 0.00035894055787859833
}