{
    "CH89RealCentral": {
        "V_0": 57.0436,
        "V_t": 9.70593,
        "V_e": -0.37822,
        "r_o": 1.19828,
        "r_o_0": -0.232414,
        "a_0": 0.73189
    },
    "CH89Coulomb": {
        "r_c": 1.26669,
        "r_c_0": -0.0539781
    },
    "CH89SpinOrbit": {
        "V_so": 5.86485,
        "r_so": 1.22728,
        "r_so_0": -0.954371,
        "a_so": 0.613418
    },
    "CH89ImagCentral": {
        "W_v0": 7.80582,
        "W_ve0": 24.1652,
        "W_vew": 35.3067,
        "W_s0": 7.75514,
        "W_st": 20.0457,
        "W_se0": 31.3025,
        "W_sew": 51.4863,
        "r_w": 1.29326,
        "r_w0": 0.0594416,
        "a_w": 0.660337
    }
}