{
    "WLHReal_V0_p": 53.270319130503374,
    "WLHReal_V1_p": 0.2654263374134986,
    "WLHReal_V2_p": -0.00014132792902449366,
    "WLHReal_V3_p": 1.4774710333675711e-06,
    "WLHReal_V4_p": 14.623984096816091,
    "WLHReal_V5_p": 0.11974246918051212,
    "WLHReal_V6_p": 0.0003281716424221776,
    "WLHReal_r0_p": 1.2632171577881826,
    "WLHReal_r1_p": 0.1995460730119489,
    "WLHReal_r2_p": 0.0008476317426089636,
    "WLHReal_r3_p": 8.92739756185666e-06,
    "WLHReal_a0_p": 0.7649456514614665,
    "WLHReal_a1_p": 9.58694345204651e-05,
    "WLHReal_a2_p": 6.35407649635998e-06,
    "WLHReal_a3_p": 0.01911428287253378,
    "WLHReal_a4_p": 0.5251275994943042,
    "WLHReal_V0_n": 48.108130828278306,
    "WLHReal_V1_n": 0.2336737571273102,
    "WLHReal_V2_n": -0.0014614592509078182,
    "WLHReal_V3_n": 6.4774134756395275e-06,
    "WLHReal_V4_n": 20.92799291860618,
    "WLHReal_V5_n": 0.3543902929486723,
    "WLHReal_V6_n": 0.0021240691909910426,
    "WLHReal_r0_n": 1.3679554004443535,
    "WLHReal_r1_n": 0.2712899240062818,
    "WLHReal_r2_n": 0.0016404264211644036,
    "WLHReal_r3_n": 2.282240182658288e-05,
    "WLHReal_a0_n": 0.7955188304606232,
    "WLHReal_a1_n": 0.0018038717851789807,
    "WLHReal_a2_n": 2.800748153547499e-05,
    "WLHReal_a3_n": 0.44062093974168315,
    "WLHReal_a4_n": 1.2808057830331074,
    "WLHImagVolume_W0_p": 4.008125363536441,
    "WLHImagVolume_W1_p": 0.18155988859414,
    "WLHImagVolume_W2_p": -2.554666926101346e-05,
    "WLHImagVolume_W3_p": 10.198355652709921,
    "WLHImagVolume_W4_p": 0.06685081506527014,
    "WLHImagVolume_r0_p": 0.9008324589739427,
    "WLHImagVolume_r1_p": 14.418827373707394,
    "WLHImagVolume_r2_p": 0.3292962031793892,
    "WLHImagVolume_r3_p": 35.26328851461964,
    "WLHImagVolume_r4_p": 0.8947298655465656,
    "WLHImagVolume_r5_p": 2.0744797524900454e-06,
    "WLHImagVolume_a0_p": 0.5809097207804458,
    "WLHImagVolume_a1_p": 0.21139315067387265,
    "WLHImagVolume_a2_p": 9.22292255046871,
    "WLHImagVolume_a3_p": 0.4458356737080183,
    "WLHImagVolume_a4_p": 0.002814706922578481,
    "WLHImagVolume_W0_n": 4.045462622850744,
    "WLHImagVolume_W1_n": 0.24565806139590407,
    "WLHImagVolume_W2_n": 0.0004612131338505465,
    "WLHImagVolume_W3_n": 10.280934253948649,
    "WLHImagVolume_W4_n": -0.02894980687808669,
    "WLHImagVolume_r0_n": 0.6949210159709399,
    "WLHImagVolume_r1_n": 75.32783832148102,
    "WLHImagVolume_r2_n": 0.6653707907032441,
    "WLHImagVolume_r3_n": 101.29829094724245,
    "WLHImagVolume_r4_n": 1.0675726019502632,
    "WLHImagVolume_r5_n": 6.7190003009218744e-06,
    "WLHImagVolume_a0_n": 0.3429325756945933,
    "WLHImagVolume_a1_n": 0.49858633801141955,
    "WLHImagVolume_a2_n": 3.323666715964538,
    "WLHImagVolume_a3_n": 0.054162874695905555,
    "WLHImagVolume_a4_n": 0.00050141105985805,
    "WLHImagSurface_W0_p": 0.5659028999953497,
    "WLHImagSurface_W1_p": -0.0044797138773233006,
    "WLHImagSurface_W2_p": -0.005021544079359952,
    "WLHImagSurface_W3_p": -0.03404649658375558,
    "WLHImagSurface_r0_p": 0.8219535005502565,
    "WLHImagSurface_r1_p": 0.23605109981173117,
    "WLHImagSurface_r2_p": 0.0040643223871233685,
    "WLHImagSurface_a0_p": 0.6512434441688428,
    "WLHImagSurface_W0_n": 1.1273606418686795,
    "WLHImagSurface_W1_n": 0.048272608022171884,
    "WLHImagSurface_W2_n": 1.3122044221687934,
    "WLHImagSurface_W3_n": 0.17852957378843679,
    "WLHImagSurface_r0_n": 1.2846941819838629,
    "WLHImagSurface_r1_n": 1.6098034214056571,
    "WLHImagSurface_r2_n": 0.0008044318615508185,
    "WLHImagSurface_a0_n": 0.9054216376902511,
    "WLHRealSpinOrbit_V0_p": 10.285225479997889,
    "WLHRealSpinOrbit_V1_p": 0.009025431590300627,
    "WLHRealSpinOrbit_r0_p": 1.2593669202695503,
    "WLHRealSpinOrbit_r1_p": 0.8473679941678565,
    "WLHRealSpinOrbit_a0_p": 0.7986579035469483,
    "WLHRealSpinOrbit_a1_p": 0.00034781757324159703,
    "WLHRealSpinOrbit_V0_n": 9.459528513468271,
    "WLHRealSpinOrbit_V1_n": 0.009335132142649069,
    "WLHRealSpinOrbit_r0_n": 1.3719740687008959,
    "WLHRealSpinOrbit_r1_n": 1.0211278492478413,
    "WLHRealSpinOrbit_a0_n": 0.8844913224330777,
    "WLHRealSpinOrbit_a1_n": 0.0003407603153466752
}