{
    "ECS_p": 0.32873,
    "ECS_n": 0.360481,
    "APower_p": 0.707156,
    "APower_n": 0.141916
}