{
    "WLHReal_V0_p": 47.046766008467195,
    "WLHReal_V1_p": 0.27062878404183366,
    "WLHReal_V2_p": -0.0008313363822836464,
    "WLHReal_V3_p": 4.5105406522490285e-06,
    "WLHReal_V4_p": 11.421151936542566,
    "WLHReal_V5_p": 0.09745490443486804,
    "WLHReal_V6_p": 0.0004655468995133336,
    "WLHReal_r0_p": 1.3522240547894024,
    "WLHReal_r1_p": 0.16732409197705705,
    "WLHReal_r2_p": 0.0010884223735129215,
    "WLHReal_r3_p": 1.3840947922814339e-05,
    "WLHReal_a0_p": 0.7907254905732081,
    "WLHReal_a1_p": -0.0002288169399216585,
    "WLHReal_a2_p": 1.3513833262772886e-05,
    "WLHReal_a3_p": -0.05758464922736646,
    "WLHReal_a4_p": 0.501394535082377,
    "WLHReal_V0_n": 57.321767599877944,
    "WLHReal_V1_n": 0.33764360723054765,
    "WLHReal_V2_n": -2.0385067936630485e-05,
    "WLHReal_V3_n": 1.929481513747138e-06,
    "WLHReal_V4_n": 20.871438743389298,
    "WLHReal_V5_n": 0.27991783806669845,
    "WLHReal_V6_n": 0.0010187107414979155,
    "WLHReal_r0_n": 1.2409597654750415,
    "WLHReal_r1_n": 0.24805444391534526,
    "WLHReal_r2_n": 0.0009349854482042296,
    "WLHReal_r3_n": 8.680726121713325e-06,
    "WLHReal_a0_n": 0.7396865008838924,
    "WLHReal_a1_n": 0.0007149906733191081,
    "WLHReal_a2_n": 9.766356107435621e-06,
    "WLHReal_a3_n": 0.2901055690180048,
    "WLHReal_a4_n": 0.9535911967723871,
    "WLHImagVolume_W0_p": 4.646778546098023,
    "WLHImagVolume_W1_p": 0.12068738267072088,
    "WLHImagVolume_W2_p": 9.533680070870207e-05,
    "WLHImagVolume_W3_p": 6.850211949513838,
    "WLHImagVolume_W4_p": 0.05746977104239308,
    "WLHImagVolume_r0_p": 0.8320263613994033,
    "WLHImagVolume_r1_p": 42.6803951235364,
    "WLHImagVolume_r2_p": 0.5178186939192924,
    "WLHImagVolume_r3_p": 63.24458141515145,
    "WLHImagVolume_r4_p": 0.6456744277029574,
    "WLHImagVolume_r5_p": 8.375359528070599e-07,
    "WLHImagVolume_a0_p": 0.5772430743610343,
    "WLHImagVolume_a1_p": 0.2825209476700503,
    "WLHImagVolume_a2_p": 16.93542238359005,
    "WLHImagVolume_a3_p": 0.39753566321652145,
    "WLHImagVolume_a4_p": 0.002345316467727241,
    "WLHImagVolume_W0_n": 3.9941801903899377,
    "WLHImagVolume_W1_n": 0.3252609810945776,
    "WLHImagVolume_W2_n": 0.0006525633014539071,
    "WLHImagVolume_W3_n": 11.366858203658584,
    "WLHImagVolume_W4_n": 0.07414467419262127,
    "WLHImagVolume_r0_n": 0.6201750919486365,
    "WLHImagVolume_r1_n": 62.39217085610617,
    "WLHImagVolume_r2_n": 0.6254461294205398,
    "WLHImagVolume_r3_n": 78.39671985788995,
    "WLHImagVolume_r4_n": 0.9683962003258667,
    "WLHImagVolume_r5_n": 3.0168610612766045e-06,
    "WLHImagVolume_a0_n": 0.23940455135556069,
    "WLHImagVolume_a1_n": 0.5598778450186894,
    "WLHImagVolume_a2_n": 4.183432864520082,
    "WLHImagVolume_a3_n": -0.022705549783498785,
    "WLHImagVolume_a4_n": 9.544567326195898e-05,
    "WLHImagSurface_W0_p": 0.6097544613661071,
    "WLHImagSurface_W1_p": 0.006408733816461135,
    "WLHImagSurface_W2_p": -0.3441119918597362,
    "WLHImagSurface_W3_p": -0.005848777722122889,
    "WLHImagSurface_r0_p": 0.8515088249064172,
    "WLHImagSurface_r1_p": -0.28315930281353147,
    "WLHImagSurface_r2_p": -0.0005321601759713255,
    "WLHImagSurface_a0_p": 0.8811973347406004,
    "WLHImagSurface_W0_n": 2.2698608409744754,
    "WLHImagSurface_W1_n": 0.05230315263787449,
    "WLHImagSurface_W2_n": 2.6651755328804607,
    "WLHImagSurface_W3_n": 0.1448333298185944,
    "WLHImagSurface_r0_n": 1.2514363164547306,
    "WLHImagSurface_r1_n": 1.5287039072516788,
    "WLHImagSurface_r2_n": 0.003884115297536038,
    "WLHImagSurface_a0_n": 0.8269660802893688,
    "WLHRealSpinOrbit_V0_p": 8.967298950172507,
    "WLHRealSpinOrbit_V1_p": 0.008637824418849686,
    "WLHRealSpinOrbit_r0_p": 1.3571265165537914,
    "WLHRealSpinOrbit_r1_p": 0.9858926193068147,
    "WLHRealSpinOrbit_a0_p": 0.8626860220384088,
    "WLHRealSpinOrbit_a1_p": 0.00036427675773849865,
    "WLHRealSpinOrbit_V0_n": 10.227197315645101,
    "WLHRealSpinOrbit_V1_n": 0.00893080020441094,
    "WLHRealSpinOrbit_r0_n": 1.2334522791322666,
    "WLHRealSpinOrbit_r1_n": 0.8466921957482704,
    "WLHRealSpinOrbit_a0_n": 0.7889601200804724,
    "WLHRealSpinOrbit_a1_n": 0.00028358857237159173
}