{
    "WLHReal_V0_p": 51.2245774547214,
    "WLHReal_V1_p": 0.290774806511338,
    "WLHReal_V2_p": -0.0008293287421042639,
    "WLHReal_V3_p": 4.858789958299251e-06,
    "WLHReal_V4_p": 10.90687466829366,
    "WLHReal_V5_p": 0.1449422204123108,
    "WLHReal_V6_p": 0.000586376262136681,
    "WLHReal_r0_p": 1.3819449525564087,
    "WLHReal_r1_p": 0.34134446350505926,
    "WLHReal_r2_p": 0.0009620536850360155,
    "WLHReal_r3_p": 1.1059183147326149e-05,
    "WLHReal_a0_p": 0.8129245076607429,
    "WLHReal_a1_p": 9.073482047120157e-05,
    "WLHReal_a2_p": 9.593932422844584e-06,
    "WLHReal_a3_p": -0.014357393511408752,
    "WLHReal_a4_p": 0.5351265755571917,
    "WLHReal_V0_n": 55.47044156778684,
    "WLHReal_V1_n": 0.29069949576871557,
    "WLHReal_V2_n": -0.00015164041236156363,
    "WLHReal_V3_n": 1.6228757521688684e-06,
    "WLHReal_V4_n": 21.657804400130583,
    "WLHReal_V5_n": 0.2808743956795326,
    "WLHReal_V6_n": 0.00103021293246359,
    "WLHReal_r0_n": 1.2597405469532441,
    "WLHReal_r1_n": 0.2807801403250856,
    "WLHReal_r2_n": 0.0008761949081654191,
    "WLHReal_r3_n": 8.687705495197157e-06,
    "WLHReal_a0_n": 0.7388462647265178,
    "WLHReal_a1_n": 0.0006595421870485996,
    "WLHReal_a2_n": 9.134608075624393e-06,
    "WLHReal_a3_n": 0.28578622865018644,
    "WLHReal_a4_n": 0.8932913919296284,
    "WLHImagVolume_W0_p": 5.805631250614791,
    "WLHImagVolume_W1_p": 0.24705537993649004,
    "WLHImagVolume_W2_p": 0.000417320972253599,
    "WLHImagVolume_W3_p": 9.872559551065374,
    "WLHImagVolume_W4_p": 0.09569322521900349,
    "WLHImagVolume_r0_p": 0.697660652187461,
    "WLHImagVolume_r1_p": 43.706800234644014,
    "WLHImagVolume_r2_p": 0.6442953252471808,
    "WLHImagVolume_r3_p": 56.35299623348833,
    "WLHImagVolume_r4_p": 0.5855716607377902,
    "WLHImagVolume_r5_p": 1.3021942801662944e-06,
    "WLHImagVolume_a0_p": 0.6220857522096982,
    "WLHImagVolume_a1_p": 0.26152650734414334,
    "WLHImagVolume_a2_p": 14.342032643979486,
    "WLHImagVolume_a3_p": 0.46516197496064293,
    "WLHImagVolume_a4_p": 0.003284475837461032,
    "WLHImagVolume_W0_n": 3.4267610937369826,
    "WLHImagVolume_W1_n": 0.2812373850621972,
    "WLHImagVolume_W2_n": 0.00039546051833836635,
    "WLHImagVolume_W3_n": 10.291941767574118,
    "WLHImagVolume_W4_n": 0.044039721789181654,
    "WLHImagVolume_r0_n": 0.6629548809131545,
    "WLHImagVolume_r1_n": 52.39021199825949,
    "WLHImagVolume_r2_n": 0.5923665187695865,
    "WLHImagVolume_r3_n": 70.90151971037385,
    "WLHImagVolume_r4_n": 1.075269251197545,
    "WLHImagVolume_r5_n": 4.31899733564489e-06,
    "WLHImagVolume_a0_n": 0.25535318368210114,
    "WLHImagVolume_a1_n": 0.5606752128350634,
    "WLHImagVolume_a2_n": 6.001771854960241,
    "WLHImagVolume_a3_n": 0.026972708140812318,
    "WLHImagVolume_a4_n": 0.000667138861190947,
    "WLHImagSurface_W0_p": 0.662460447876872,
    "WLHImagSurface_W1_p": 0.026911214249620504,
    "WLHImagSurface_W2_p": 0.5073871246796609,
    "WLHImagSurface_W3_p": 0.10271951707359285,
    "WLHImagSurface_r0_p": 0.8041410160768873,
    "WLHImagSurface_r1_p": 0.05788250531707062,
    "WLHImagSurface_r2_p": -0.0005039124868384363,
    "WLHImagSurface_a0_p": 0.7307370894534513,
    "WLHImagSurface_W0_n": 1.6441461151388959,
    "WLHImagSurface_W1_n": 0.032363703245274544,
    "WLHImagSurface_W2_n": 1.823184658415487,
    "WLHImagSurface_W3_n": 0.10349969629071645,
    "WLHImagSurface_r0_n": 1.2375432958611448,
    "WLHImagSurface_r1_n": 1.4022733478215055,
    "WLHImagSurface_r2_n": 0.0033788817004448577,
    "WLHImagSurface_a0_n": 0.8368110256473511,
    "WLHRealSpinOrbit_V0_p": 9.014436109426839,
    "WLHRealSpinOrbit_V1_p": 0.008648013438688991,
    "WLHRealSpinOrbit_r0_p": 1.3523260488215574,
    "WLHRealSpinOrbit_r1_p": 0.9814625085841361,
    "WLHRealSpinOrbit_a0_p": 0.8589500731766923,
    "WLHRealSpinOrbit_a1_p": 0.0003515057251606641,
    "WLHRealSpinOrbit_V0_n": 10.27408770372351,
    "WLHRealSpinOrbit_V1_n": 0.008983011657910711,
    "WLHRealSpinOrbit_r0_n": 1.2476516156855206,
    "WLHRealSpinOrbit_r1_n": 0.844841722542236,
    "WLHRealSpinOrbit_a0_n": 0.793407004664718,
    "WLHRealSpinOrbit_a1_n": 0.00032036058967377487
}