{
    "WLHReal_V0_p": 53.235444843889596,
    "WLHReal_V1_p": 0.2776156809383856,
    "WLHReal_V2_p": 0.00027078415855060867,
    "WLHReal_V3_p": 8.90500205397698e-07,
    "WLHReal_V4_p": 14.707718141624412,
    "WLHReal_V5_p": 0.1451901007517558,
    "WLHReal_V6_p": 0.0002207201105507577,
    "WLHReal_r0_p": 1.296791950596837,
    "WLHReal_r1_p": 0.37503490518170873,
    "WLHReal_r2_p": 0.0003140322685479999,
    "WLHReal_r3_p": 3.69517167884242e-07,
    "WLHReal_a0_p": 0.7545094586744648,
    "WLHReal_a1_p": 0.00014604561169352762,
    "WLHReal_a2_p": 5.68851008917977e-07,
    "WLHReal_a3_p": 0.05029432550398521,
    "WLHReal_a4_p": 0.43472542103688916,
    "WLHReal_V0_n": 50.18138261261156,
    "WLHReal_V1_n": 0.27246828794157196,
    "WLHReal_V2_n": -0.00093742203144136,
    "WLHReal_V3_n": 4.572650155732778e-06,
    "WLHReal_V4_n": 20.60132574844435,
    "WLHReal_V5_n": 0.32547177576732145,
    "WLHReal_V6_n": 0.0016982264556046763,
    "WLHReal_r0_n": 1.3369331383795748,
    "WLHReal_r1_n": 0.27484798672149074,
    "WLHReal_r2_n": 0.0013718241728550443,
    "WLHReal_r3_n": 1.737866755852008e-05,
    "WLHReal_a0_n": 0.7740155257969162,
    "WLHReal_a1_n": 0.0014697931711356005,
    "WLHReal_a2_n": 2.125321938767769e-05,
    "WLHReal_a3_n": 0.3795520362367168,
    "WLHReal_a4_n": 1.1448132094402392,
    "WLHImagVolume_W0_p": 3.080931219502462,
    "WLHImagVolume_W1_p": 0.17296163842923554,
    "WLHImagVolume_W2_p": 0.0001998385303048206,
    "WLHImagVolume_W3_p": 9.532341642215792,
    "WLHImagVolume_W4_p": 0.06126770545923503,
    "WLHImagVolume_r0_p": 0.5604636187185342,
    "WLHImagVolume_r1_p": 47.14615074497521,
    "WLHImagVolume_r2_p": 0.6771494977928353,
    "WLHImagVolume_r3_p": 51.828544947494585,
    "WLHImagVolume_r4_p": 0.5411211129813083,
    "WLHImagVolume_r5_p": 1.40973271075084e-06,
    "WLHImagVolume_a0_p": 0.5188086104858867,
    "WLHImagVolume_a1_p": 0.29012641823871715,
    "WLHImagVolume_a2_p": 15.292960792450343,
    "WLHImagVolume_a3_p": 0.3761563269262145,
    "WLHImagVolume_a4_p": 0.0017505188128341485,
    "WLHImagVolume_W0_n": 3.691697552034788,
    "WLHImagVolume_W1_n": 0.2555980541642066,
    "WLHImagVolume_W2_n": 0.0005813949646782725,
    "WLHImagVolume_W3_n": 9.777476444229135,
    "WLHImagVolume_W4_n": 0.0005250968049834472,
    "WLHImagVolume_r0_n": 0.608136727457522,
    "WLHImagVolume_r1_n": 86.0415485442441,
    "WLHImagVolume_r2_n": 0.7241492886870401,
    "WLHImagVolume_r3_n": 100.93134322024032,
    "WLHImagVolume_r4_n": 0.9342760687188022,
    "WLHImagVolume_r5_n": 5.215114727070632e-06,
    "WLHImagVolume_a0_n": 0.2901428547657743,
    "WLHImagVolume_a1_n": 0.537493453251923,
    "WLHImagVolume_a2_n": 4.177060725407259,
    "WLHImagVolume_a3_n": 0.03771293971171705,
    "WLHImagVolume_a4_n": 0.0002682220495395579,
    "WLHImagSurface_W0_p": 1.363035962884979,
    "WLHImagSurface_W1_p": 0.07863325114677534,
    "WLHImagSurface_W2_p": 2.5621358751373293,
    "WLHImagSurface_W3_p": 0.29133819278086304,
    "WLHImagSurface_r0_p": 1.0573025467290302,
    "WLHImagSurface_r1_p": 0.6858422163719055,
    "WLHImagSurface_r2_p": 0.007314432452840386,
    "WLHImagSurface_a0_p": 0.742528612484577,
    "WLHImagSurface_W0_n": 1.577761012124734,
    "WLHImagSurface_W1_n": 0.05349164738602217,
    "WLHImagSurface_W2_n": 2.123823462323938,
    "WLHImagSurface_W3_n": 0.18486557672098256,
    "WLHImagSurface_r0_n": 1.30045897428936,
    "WLHImagSurface_r1_n": 1.615539451447015,
    "WLHImagSurface_r2_n": 0.001892938578988986,
    "WLHImagSurface_a0_n": 0.8814996764145981,
    "WLHRealSpinOrbit_V0_p": 9.511689356493541,
    "WLHRealSpinOrbit_V1_p": 0.008001592845828498,
    "WLHRealSpinOrbit_r0_p": 1.2542269300888298,
    "WLHRealSpinOrbit_r1_p": 0.8020252483178021,
    "WLHRealSpinOrbit_a0_p": 0.7722331113864628,
    "WLHRealSpinOrbit_a1_p": 0.00040200075394221515,
    "WLHRealSpinOrbit_V0_n": 9.403116546285837,
    "WLHRealSpinOrbit_V1_n": 0.008921282957014378,
    "WLHRealSpinOrbit_r0_n": 1.3333526075405908,
    "WLHRealSpinOrbit_r1_n": 0.9661100284605935,
    "WLHRealSpinOrbit_a0_n": 0.8526626968545504,
    "WLHRealSpinOrbit_a1_n": 0.0003351482024717176
}