{
    "ECS_p": 0.33946,
    "ECS_n": 0.498825,
    "APower_p": 0.839959,
    "APower_n": 0.51465
}