{
    "WLHReal_V0_p": 50.50478135057093,
    "WLHReal_V1_p": 0.2916702693094034,
    "WLHReal_V2_p": -0.0009028716774051055,
    "WLHReal_V3_p": 5.335466850975793e-06,
    "WLHReal_V4_p": 10.555615502964436,
    "WLHReal_V5_p": 0.14079180780942707,
    "WLHReal_V6_p": 0.0005974932464645874,
    "WLHReal_r0_p": 1.3896713845949011,
    "WLHReal_r1_p": 0.3302931125210378,
    "WLHReal_r2_p": 0.0010027937775206,
    "WLHReal_r3_p": 1.1864745823375905e-05,
    "WLHReal_a0_p": 0.8153270361102627,
    "WLHReal_a1_p": 4.6787311307707475e-05,
    "WLHReal_a2_p": 1.0468181913351072e-05,
    "WLHReal_a3_p": -0.022846342138423473,
    "WLHReal_a4_p": 0.5357883598156973,
    "WLHReal_V0_n": 52.15962409347796,
    "WLHReal_V1_n": 0.28139039914442526,
    "WLHReal_V2_n": 5.069613538070407e-06,
    "WLHReal_V3_n": 1.9855851561960433e-06,
    "WLHReal_V4_n": 21.150304548319898,
    "WLHReal_V5_n": 0.26550321537171856,
    "WLHReal_V6_n": 0.0007731924895077701,
    "WLHReal_r0_n": 1.3009942716818688,
    "WLHReal_r1_n": 0.35301564772418553,
    "WLHReal_r2_n": 0.000658937596269563,
    "WLHReal_r3_n": 4.825309722605046e-06,
    "WLHReal_a0_n": 0.7252915539333892,
    "WLHReal_a1_n": 0.0005911546495792753,
    "WLHReal_a2_n": 5.456461387695681e-06,
    "WLHReal_a3_n": 0.22373007334536496,
    "WLHReal_a4_n": 0.7197917411492323,
    "WLHImagVolume_W0_p": 5.859453269654902,
    "WLHImagVolume_W1_p": 0.23862032195133653,
    "WLHImagVolume_W2_p": 0.0004253333198280198,
    "WLHImagVolume_W3_p": 9.520842068834778,
    "WLHImagVolume_W4_p": 0.09388402625226067,
    "WLHImagVolume_r0_p": 0.6956255881798274,
    "WLHImagVolume_r1_p": 46.73816677197703,
    "WLHImagVolume_r2_p": 0.6588736169279235,
    "WLHImagVolume_r3_p": 59.76674564354408,
    "WLHImagVolume_r4_p": 0.5642080758992095,
    "WLHImagVolume_r5_p": 6.296167749252168e-07,
    "WLHImagVolume_a0_p": 0.6208114309773591,
    "WLHImagVolume_a1_p": 0.2693025409198075,
    "WLHImagVolume_a2_p": 15.21068634179722,
    "WLHImagVolume_a3_p": 0.45873275212727754,
    "WLHImagVolume_a4_p": 0.0032161963660699406,
    "WLHImagVolume_W0_n": 2.0456764453400185,
    "WLHImagVolume_W1_n": 0.21796174894880863,
    "WLHImagVolume_W2_n": 0.0004456787835662463,
    "WLHImagVolume_W3_n": 7.093120975764585,
    "WLHImagVolume_W4_n": 0.0215884010442548,
    "WLHImagVolume_r0_n": 0.49007040217344255,
    "WLHImagVolume_r1_n": 90.4926482116754,
    "WLHImagVolume_r2_n": 0.7970755205693528,
    "WLHImagVolume_r3_n": 86.57541639318241,
    "WLHImagVolume_r4_n": 0.8354450187133873,
    "WLHImagVolume_r5_n": 2.501063451301414e-06,
    "WLHImagVolume_a0_n": 0.20519305199302504,
    "WLHImagVolume_a1_n": 0.6235685304014806,
    "WLHImagVolume_a2_n": 8.877359465301396,
    "WLHImagVolume_a3_n": 0.08263499176538028,
    "WLHImagVolume_a4_n": 0.000772512670485557,
    "WLHImagSurface_W0_p": 0.6560414822084731,
    "WLHImagSurface_W1_p": 0.026415004425554105,
    "WLHImagSurface_W2_p": 0.4025818710400282,
    "WLHImagSurface_W3_p": 0.09829522974711861,
    "WLHImagSurface_r0_p": 0.8078477063020292,
    "WLHImagSurface_r1_p": -0.007320613165727796,
    "WLHImagSurface_r2_p": -0.0010234148362186588,
    "WLHImagSurface_a0_p": 0.760528532217125,
    "WLHImagSurface_W0_n": 1.576829344297265,
    "WLHImagSurface_W1_n": 0.0330739744169095,
    "WLHImagSurface_W2_n": 2.6368500619998785,
    "WLHImagSurface_W3_n": 0.13401592731695375,
    "WLHImagSurface_r0_n": 1.3082525379717211,
    "WLHImagSurface_r1_n": 1.4271959033748611,
    "WLHImagSurface_r2_n": 0.003501629828455631,
    "WLHImagSurface_a0_n": 0.8435748919663362,
    "WLHRealSpinOrbit_V0_p": 8.884933712060892,
    "WLHRealSpinOrbit_V1_p": 0.008618653102358995,
    "WLHRealSpinOrbit_r0_p": 1.3623225656585223,
    "WLHRealSpinOrbit_r1_p": 0.9965403636797592,
    "WLHRealSpinOrbit_a0_p": 0.8659095696729682,
    "WLHRealSpinOrbit_a1_p": 0.0003519172069886142,
    "WLHRealSpinOrbit_V0_n": 9.381422590667537,
    "WLHRealSpinOrbit_V1_n": 0.008112168366499717,
    "WLHRealSpinOrbit_r0_n": 1.2707503299569274,
    "WLHRealSpinOrbit_r1_n": 0.8404703492588195,
    "WLHRealSpinOrbit_a0_n": 0.7892610044786595,
    "WLHRealSpinOrbit_a1_n": 0.00038201903194974183
}