{
    "ECS_p": 0.319635,
    "ECS_n": 0.341412,
    "APower_p": 0.608459,
    "APower_n": 0.719771
}