{
    "CH89RealCentral": {
        "V_0": 53.2673,
        "V_t": 17.1523,
        "V_e": -0.299937,
        "r_o": 1.18698,
        "r_o_0": -0.0985543,
        "a_0": 0.747068
    },
    "CH89Coulomb": {
        "r_c": 1.3102,
        "r_c_0": 0.0230246
    },
    "CH89SpinOrbit": {
        "V_so": 5.51685,
        "r_so": 1.31192,
        "r_so_0": -1.13478,
        "a_so": 0.64569
    },
    "CH89ImagCentral": {
        "W_v0": 4.61351,
        "W_ve0": 36.0187,
        "W_vew": 42.7052,
        "W_s0": 10.3044,
        "W_st": 12.6302,
        "W_se0": 30.0284,
        "W_sew": 55.1526,
        "r_w": 1.24232,
        "r_w0": 0.0969048,
        "a_w": 0.697265
    }
}