{
    "WLHReal_V0_p": 53.643942065559024,
    "WLHReal_V1_p": 0.27172903268802745,
    "WLHReal_V2_p": -0.00023237897023158785,
    "WLHReal_V3_p": 1.463699016464294e-06,
    "WLHReal_V4_p": 14.115509742043148,
    "WLHReal_V5_p": 0.12567863489875797,
    "WLHReal_V6_p": 0.0003728078572220306,
    "WLHReal_r0_p": 1.2758081211110137,
    "WLHReal_r1_p": 0.22067996924488092,
    "WLHReal_r2_p": 0.0008942450981080862,
    "WLHReal_r3_p": 9.186835298145984e-06,
    "WLHReal_a0_p": 0.7735677018770861,
    "WLHReal_a1_p": 0.00012960921986368323,
    "WLHReal_a2_p": 6.9475449413141165e-06,
    "WLHReal_a3_p": 0.020854837596390053,
    "WLHReal_a4_p": 0.5425009118700721,
    "WLHReal_V0_n": 54.811944022286006,
    "WLHReal_V1_n": 0.3140550674986849,
    "WLHReal_V2_n": -0.00046719019431959614,
    "WLHReal_V3_n": 4.2611960489853535e-06,
    "WLHReal_V4_n": 19.9616078367109,
    "WLHReal_V5_n": 0.3160732743786973,
    "WLHReal_V6_n": 0.0012843621098643087,
    "WLHReal_r0_n": 1.3262996596092318,
    "WLHReal_r1_n": 0.3973412011496316,
    "WLHReal_r2_n": 0.0009700739411796122,
    "WLHReal_r3_n": 9.204057534252318e-06,
    "WLHReal_a0_n": 0.7559698838294074,
    "WLHReal_a1_n": 0.0008569814597707407,
    "WLHReal_a2_n": 1.0976051273126196e-05,
    "WLHReal_a3_n": 0.22554997564619506,
    "WLHReal_a4_n": 0.8432404373194252,
    "WLHImagVolume_W0_p": 4.4072758159352325,
    "WLHImagVolume_W1_p": 0.20629588258564333,
    "WLHImagVolume_W2_p": 5.594718387584634e-05,
    "WLHImagVolume_W3_p": 10.715657855236131,
    "WLHImagVolume_W4_p": 0.07496770587100206,
    "WLHImagVolume_r0_p": 0.8822161553057446,
    "WLHImagVolume_r1_p": 16.335777000789836,
    "WLHImagVolume_r2_p": 0.35774313231993066,
    "WLHImagVolume_r3_p": 36.525078473662205,
    "WLHImagVolume_r4_p": 0.8777158723013406,
    "WLHImagVolume_r5_p": 1.985192760170521e-06,
    "WLHImagVolume_a0_p": 0.5937747387548631,
    "WLHImagVolume_a1_p": 0.2101656793670754,
    "WLHImagVolume_a2_p": 9.162849551904795,
    "WLHImagVolume_a3_p": 0.459730119650523,
    "WLHImagVolume_a4_p": 0.0030320585406203244,
    "WLHImagVolume_W0_n": 3.7900011796761848,
    "WLHImagVolume_W1_n": 0.3520307773928915,
    "WLHImagVolume_W2_n": 0.0008807405210677684,
    "WLHImagVolume_W3_n": 10.472333249525438,
    "WLHImagVolume_W4_n": 0.06477164427578312,
    "WLHImagVolume_r0_n": 0.5282016330203714,
    "WLHImagVolume_r1_n": 82.70595300297977,
    "WLHImagVolume_r2_n": 0.789695705518965,
    "WLHImagVolume_r3_n": 95.7609535628681,
    "WLHImagVolume_r4_n": 0.9111437664564309,
    "WLHImagVolume_r5_n": 3.674634324904646e-06,
    "WLHImagVolume_a0_n": 0.27531141746153054,
    "WLHImagVolume_a1_n": 0.5695814447391224,
    "WLHImagVolume_a2_n": 3.7234300740456843,
    "WLHImagVolume_a3_n": 0.02027876607704441,
    "WLHImagVolume_a4_n": 0.0005429848919934798,
    "WLHImagSurface_W0_p": 0.5273220010162334,
    "WLHImagSurface_W1_p": -0.004722045862342518,
    "WLHImagSurface_W2_p": -0.060807974480452276,
    "WLHImagSurface_W3_p": -0.030684357080501934,
    "WLHImagSurface_r0_p": 0.8029303419258876,
    "WLHImagSurface_r1_p": 0.23469643261866446,
    "WLHImagSurface_r2_p": 0.0033776148491106396,
    "WLHImagSurface_a0_p": 0.6412577213863699,
    "WLHImagSurface_W0_n": 2.278244542926365,
    "WLHImagSurface_W1_n": 0.06737935986474455,
    "WLHImagSurface_W2_n": 3.783997894638371,
    "WLHImagSurface_W3_n": 0.22385997022126364,
    "WLHImagSurface_r0_n": 1.2967362031216267,
    "WLHImagSurface_r1_n": 1.6952712982349962,
    "WLHImagSurface_r2_n": 0.0031210324181802874,
    "WLHImagSurface_a0_n": 0.8524772479737582,
    "WLHRealSpinOrbit_V0_p": 10.214020512905453,
    "WLHRealSpinOrbit_V1_p": 0.009056153297798498,
    "WLHRealSpinOrbit_r0_p": 1.2678248185398011,
    "WLHRealSpinOrbit_r1_p": 0.8635672261409169,
    "WLHRealSpinOrbit_a0_p": 0.8058970929115833,
    "WLHRealSpinOrbit_a1_p": 0.00034138016475925183,
    "WLHRealSpinOrbit_V0_n": 9.400210772428663,
    "WLHRealSpinOrbit_V1_n": 0.008577733691253982,
    "WLHRealSpinOrbit_r0_n": 1.298440783302272,
    "WLHRealSpinOrbit_r1_n": 0.9139966222943987,
    "WLHRealSpinOrbit_a0_n": 0.8227221862619066,
    "WLHRealSpinOrbit_a1_n": 0.00032782946856705524
}