{
    "WLHReal_V0_p": 58.54281819433445,
    "WLHReal_V1_p": 0.33074848233343845,
    "WLHReal_V2_p": 0.0006238347258487719,
    "WLHReal_V3_p": -1.3633689943113595e-07,
    "WLHReal_V4_p": 14.329984269207493,
    "WLHReal_V5_p": 0.14139459475542965,
    "WLHReal_V6_p": 0.00012017875224746218,
    "WLHReal_r0_p": 1.237142442752817,
    "WLHReal_r1_p": 0.3202423377319959,
    "WLHReal_r2_p": 0.0006547643074901596,
    "WLHReal_r3_p": 1.9753300233830416e-06,
    "WLHReal_a0_p": 0.7592352579198237,
    "WLHReal_a1_p": 0.0002967465752857745,
    "WLHReal_a2_p": -4.807977740409535e-07,
    "WLHReal_a3_p": 0.13577084373417136,
    "WLHReal_a4_p": 0.628698092316112,
    "WLHReal_V0_n": 54.762391486931385,
    "WLHReal_V1_n": 0.2865302229221838,
    "WLHReal_V2_n": 0.0002307570426567572,
    "WLHReal_V3_n": 5.112805081181642e-07,
    "WLHReal_V4_n": 22.01504246334984,
    "WLHReal_V5_n": 0.2495123719541647,
    "WLHReal_V6_n": 0.0006445355097549541,
    "WLHReal_r0_n": 1.2456697765675278,
    "WLHReal_r1_n": 0.28160935010685223,
    "WLHReal_r2_n": 0.0006169096471003031,
    "WLHReal_r3_n": 4.1247652083425595e-06,
    "WLHReal_a0_n": 0.717336539888474,
    "WLHReal_a1_n": 0.00040361628383523627,
    "WLHReal_a2_n": 3.794693335229775e-06,
    "WLHReal_a3_n": 0.250651090947426,
    "WLHReal_a4_n": 0.7608399846064844,
    "WLHImagVolume_W0_p": 3.5812756434987745,
    "WLHImagVolume_W1_p": 0.281006292095449,
    "WLHImagVolume_W2_p": 0.000488949515330407,
    "WLHImagVolume_W3_p": 15.239204296826511,
    "WLHImagVolume_W4_p": 0.07838628927771638,
    "WLHImagVolume_r0_p": 0.5168565174967602,
    "WLHImagVolume_r1_p": 54.70150038541921,
    "WLHImagVolume_r2_p": 0.6653455278606243,
    "WLHImagVolume_r3_p": 62.62227046894385,
    "WLHImagVolume_r4_p": 0.6542446517001944,
    "WLHImagVolume_r5_p": 2.092275021895327e-06,
    "WLHImagVolume_a0_p": 0.518172590092449,
    "WLHImagVolume_a1_p": 0.27858448318409673,
    "WLHImagVolume_a2_p": 13.922355029139103,
    "WLHImagVolume_a3_p": 0.39978048585011783,
    "WLHImagVolume_a4_p": 0.001955558149585536,
    "WLHImagVolume_W0_n": 2.418421745735806,
    "WLHImagVolume_W1_n": 0.2246907857285123,
    "WLHImagVolume_W2_n": 0.00025666470196089933,
    "WLHImagVolume_W3_n": 8.366373421650518,
    "WLHImagVolume_W4_n": 0.034062393094720575,
    "WLHImagVolume_r0_n": 0.6013187684306552,
    "WLHImagVolume_r1_n": 61.946130654898724,
    "WLHImagVolume_r2_n": 0.6366126461596964,
    "WLHImagVolume_r3_n": 67.87076379090959,
    "WLHImagVolume_r4_n": 0.9856521779496118,
    "WLHImagVolume_r5_n": 2.8781787783334897e-06,
    "WLHImagVolume_a0_n": 0.20599159874107423,
    "WLHImagVolume_a1_n": 0.6031201758997145,
    "WLHImagVolume_a2_n": 8.79291316912126,
    "WLHImagVolume_a3_n": 0.0566353350174072,
    "WLHImagVolume_a4_n": 0.0007653115171169453,
    "WLHImagSurface_W0_p": 1.1588842937856527,
    "WLHImagSurface_W1_p": 0.05234147202484095,
    "WLHImagSurface_W2_p": 1.3521249710094059,
    "WLHImagSurface_W3_p": 0.18646256717207865,
    "WLHImagSurface_r0_p": 1.0982550475014392,
    "WLHImagSurface_r1_p": 1.0224556267035558,
    "WLHImagSurface_r2_p": 0.008382052250887447,
    "WLHImagSurface_a0_p": 0.7591112259433273,
    "WLHImagSurface_W0_n": 1.4752581618001015,
    "WLHImagSurface_W1_n": 0.0192191671299246,
    "WLHImagSurface_W2_n": 1.7161997104770441,
    "WLHImagSurface_W3_n": 0.07109718594874512,
    "WLHImagSurface_r0_n": 1.2533822133275783,
    "WLHImagSurface_r1_n": 1.291973786960733,
    "WLHImagSurface_r2_n": 0.0039025053236282884,
    "WLHImagSurface_a0_n": 0.8259178527453136,
    "WLHRealSpinOrbit_V0_p": 10.241869078376958,
    "WLHRealSpinOrbit_V1_p": 0.008371033750734008,
    "WLHRealSpinOrbit_r0_p": 1.1939090486776698,
    "WLHRealSpinOrbit_r1_p": 0.7538256546536382,
    "WLHRealSpinOrbit_a0_p": 0.7446128461876231,
    "WLHRealSpinOrbit_a1_p": 0.0003346522889367556,
    "WLHRealSpinOrbit_V0_n": 10.154722087031722,
    "WLHRealSpinOrbit_V1_n": 0.008558580353300746,
    "WLHRealSpinOrbit_r0_n": 1.226549704233924,
    "WLHRealSpinOrbit_r1_n": 0.7948531682463934,
    "WLHRealSpinOrbit_a0_n": 0.7684646436085816,
    "WLHRealSpinOrbit_a1_n": 0.0003495692653202725
}