{
    "WLHReal_V0_p": 54.57744394558582,
    "WLHReal_V1_p": 0.3113032234932177,
    "WLHReal_V2_p": -0.00015061870796316296,
    "WLHReal_V3_p": 1.8241654190715756e-06,
    "WLHReal_V4_p": 12.602062048297814,
    "WLHReal_V5_p": 0.12646385182240916,
    "WLHReal_V6_p": 0.0003369902172490542,
    "WLHReal_r0_p": 1.2895249953756784,
    "WLHReal_r1_p": 0.24821863824367546,
    "WLHReal_r2_p": 0.000996889803103193,
    "WLHReal_r3_p": 9.168051641024643e-06,
    "WLHReal_a0_p": 0.7843857671167528,
    "WLHReal_a1_p": 0.000127191241992389,
    "WLHReal_a2_p": 6.799332007788766e-06,
    "WLHReal_a3_p": 0.05518622192048158,
    "WLHReal_a4_p": 0.619215585452716,
    "WLHReal_V0_n": 54.65707114924613,
    "WLHReal_V1_n": 0.2924568829449166,
    "WLHReal_V2_n": -0.0003400246717390286,
    "WLHReal_V3_n": 2.873832435682599e-06,
    "WLHReal_V4_n": 21.07599119459023,
    "WLHReal_V5_n": 0.2969110988140834,
    "WLHReal_V6_n": 0.0011769477887502136,
    "WLHReal_r0_n": 1.2904165482989254,
    "WLHReal_r1_n": 0.322924337786651,
    "WLHReal_r2_n": 0.0009454075003700868,
    "WLHReal_r3_n": 9.58895174931275e-06,
    "WLHReal_a0_n": 0.747687895583927,
    "WLHReal_a1_n": 0.0007888499603912932,
    "WLHReal_a2_n": 1.0704877162398505e-05,
    "WLHReal_a3_n": 0.2730418446232357,
    "WLHReal_a4_n": 0.892460191416541,
    "WLHImagVolume_W0_p": 4.704014632261681,
    "WLHImagVolume_W1_p": 0.25143035231232047,
    "WLHImagVolume_W2_p": 0.0003784741320850332,
    "WLHImagVolume_W3_p": 12.746212193152163,
    "WLHImagVolume_W4_p": 0.08183699961889523,
    "WLHImagVolume_r0_p": 0.6986364020251736,
    "WLHImagVolume_r1_p": 43.95912350707947,
    "WLHImagVolume_r2_p": 0.5582758787207363,
    "WLHImagVolume_r3_p": 59.72226461210542,
    "WLHImagVolume_r4_p": 0.7157448980729233,
    "WLHImagVolume_r5_p": 1.6998701519538697e-06,
    "WLHImagVolume_a0_p": 0.5725031383926232,
    "WLHImagVolume_a1_p": 0.2585969998707307,
    "WLHImagVolume_a2_p": 13.442390858054871,
    "WLHImagVolume_a3_p": 0.4338093837840691,
    "WLHImagVolume_a4_p": 0.0026445891809839975,
    "WLHImagVolume_W0_n": 3.5305903600442217,
    "WLHImagVolume_W1_n": 0.29964028619804817,
    "WLHImagVolume_W2_n": 0.0005504517396309785,
    "WLHImagVolume_W3_n": 10.237698377020813,
    "WLHImagVolume_W4_n": 0.044732645173830105,
    "WLHImagVolume_r0_n": 0.6186353143707451,
    "WLHImagVolume_r1_n": 64.0773477331628,
    "WLHImagVolume_r2_n": 0.6651398499810846,
    "WLHImagVolume_r3_n": 80.9425389238813,
    "WLHImagVolume_r4_n": 1.0212605639763306,
    "WLHImagVolume_r5_n": 4.372012757995562e-06,
    "WLHImagVolume_a0_n": 0.26732041220286984,
    "WLHImagVolume_a1_n": 0.5611768210761412,
    "WLHImagVolume_a2_n": 5.224334194115125,
    "WLHImagVolume_a3_n": 0.03006771387026969,
    "WLHImagVolume_a4_n": 0.0006500137124184075,
    "WLHImagSurface_W0_p": 0.7102377636771184,
    "WLHImagSurface_W1_p": 0.014800944577835443,
    "WLHImagSurface_W2_p": 0.04577193464056484,
    "WLHImagSurface_W3_p": 0.04053090206493311,
    "WLHImagSurface_r0_p": 0.9204980633121599,
    "WLHImagSurface_r1_p": 0.41003213138047384,
    "WLHImagSurface_r2_p": 0.0033363430017402844,
    "WLHImagSurface_a0_p": 0.7668182703060954,
    "WLHImagSurface_W0_n": 1.792338278724472,
    "WLHImagSurface_W1_n": 0.04404748120132687,
    "WLHImagSurface_W2_n": 2.4246400821079503,
    "WLHImagSurface_W3_n": 0.14688088731505977,
    "WLHImagSurface_r0_n": 1.260765319766017,
    "WLHImagSurface_r1_n": 1.5070178016877858,
    "WLHImagSurface_r2_n": 0.0031152566130041664,
    "WLHImagSurface_a0_n": 0.8468037362436491,
    "WLHRealSpinOrbit_V0_p": 9.85028700501722,
    "WLHRealSpinOrbit_V1_p": 0.008757917442600757,
    "WLHRealSpinOrbit_r0_p": 1.2687061099359243,
    "WLHRealSpinOrbit_r1_p": 0.8737462016709451,
    "WLHRealSpinOrbit_a0_p": 0.8053397169141173,
    "WLHRealSpinOrbit_a1_p": 0.00032554587633076045,
    "WLHRealSpinOrbit_V0_n": 9.917727738122343,
    "WLHRealSpinOrbit_V1_n": 0.008854553128800674,
    "WLHRealSpinOrbit_r0_n": 1.2733404610873147,
    "WLHRealSpinOrbit_r1_n": 0.8784118392609803,
    "WLHRealSpinOrbit_a0_n": 0.808852463825,
    "WLHRealSpinOrbit_a1_n": 0.00032677703733697416
}