{
    "WLHReal_V0_p": 53.92254438753083,
    "WLHReal_V1_p": 0.283277271375078,
    "WLHReal_V2_p": -0.0003082386447634182,
    "WLHReal_V3_p": 2.4345084084699933e-06,
    "WLHReal_V4_p": 13.307460803228144,
    "WLHReal_V5_p": 0.13645241481190806,
    "WLHReal_V6_p": 0.0004171029941458217,
    "WLHReal_r0_p": 1.3008815313887656,
    "WLHReal_r1_p": 0.27483550867452605,
    "WLHReal_r2_p": 0.000882157732756568,
    "WLHReal_r3_p": 9.10826838396668e-06,
    "WLHReal_a0_p": 0.7843035355322915,
    "WLHReal_a1_p": 0.00016790683708412289,
    "WLHReal_a2_p": 6.694706996316957e-06,
    "WLHReal_a3_p": 0.026345947267873322,
    "WLHReal_a4_p": 0.5525079181454587,
    "WLHReal_V0_n": 58.38617635513439,
    "WLHReal_V1_n": 0.3000947879629645,
    "WLHReal_V2_n": 0.0009789140291130791,
    "WLHReal_V3_n": -2.0355545523111698e-06,
    "WLHReal_V4_n": 22.34799234161012,
    "WLHReal_V5_n": 0.21145078234687992,
    "WLHReal_V6_n": -8.570874515189731e-05,
    "WLHReal_r0_n": 1.2178274883614046,
    "WLHReal_r1_n": 0.3937048214807698,
    "WLHReal_r2_n": -1.0609533765095348e-05,
    "WLHReal_r3_n": -7.029580216103617e-06,
    "WLHReal_a0_n": 0.6804015815989027,
    "WLHReal_a1_n": -0.000461533406769826,
    "WLHReal_a2_n": -1.1820759197353894e-05,
    "WLHReal_a3_n": 0.08292111103994085,
    "WLHReal_a4_n": 0.35186723666203834,
    "WLHImagVolume_W0_p": 4.807708304996891,
    "WLHImagVolume_W1_p": 0.2359898405739626,
    "WLHImagVolume_W2_p": 0.00021137069962636604,
    "WLHImagVolume_W3_p": 11.223534315109482,
    "WLHImagVolume_W4_p": 0.08438891510542909,
    "WLHImagVolume_r0_p": 0.7964434303849393,
    "WLHImagVolume_r1_p": 25.886455984251615,
    "WLHImagVolume_r2_p": 0.4622291825735891,
    "WLHImagVolume_r3_p": 42.555982676417955,
    "WLHImagVolume_r4_p": 0.7861190911299165,
    "WLHImagVolume_r5_p": 1.970074453842736e-06,
    "WLHImagVolume_a0_p": 0.5996972887794357,
    "WLHImagVolume_a1_p": 0.2251473413193257,
    "WLHImagVolume_a2_p": 10.462661038565308,
    "WLHImagVolume_a3_p": 0.4639984548511813,
    "WLHImagVolume_a4_p": 0.003114484233967337,
    "WLHImagVolume_W0_n": 1.5272248462173572,
    "WLHImagVolume_W1_n": 0.2501954670388531,
    "WLHImagVolume_W2_n": 0.00024184631419651114,
    "WLHImagVolume_W3_n": 7.311268081772857,
    "WLHImagVolume_W4_n": 0.07508011986440191,
    "WLHImagVolume_r0_n": 0.5308895132376891,
    "WLHImagVolume_r1_n": 53.01229736204567,
    "WLHImagVolume_r2_n": 0.670171132789935,
    "WLHImagVolume_r3_n": 51.30983913689944,
    "WLHImagVolume_r4_n": 0.9904591255439168,
    "WLHImagVolume_r5_n": 1.8371489684541983e-06,
    "WLHImagVolume_a0_n": 0.1609618709030742,
    "WLHImagVolume_a1_n": 0.6617032229306943,
    "WLHImagVolume_a2_n": 11.490574848043021,
    "WLHImagVolume_a3_n": 0.08150761485258211,
    "WLHImagVolume_a4_n": 0.0013918269613104079,
    "WLHImagSurface_W0_p": 0.6100193401877679,
    "WLHImagSurface_W1_p": 0.008985375518312966,
    "WLHImagSurface_W2_p": 0.2586391543268991,
    "WLHImagSurface_W3_p": 0.02779050243411557,
    "WLHImagSurface_r0_p": 0.820420177404946,
    "WLHImagSurface_r1_p": 0.2901806971857056,
    "WLHImagSurface_r2_p": 0.002834766944258921,
    "WLHImagSurface_a0_p": 0.6554921278307544,
    "WLHImagSurface_W0_n": 1.6540574544164897,
    "WLHImagSurface_W1_n": 0.007668295521900299,
    "WLHImagSurface_W2_n": 2.5014620091670285,
    "WLHImagSurface_W3_n": 0.04270500502496577,
    "WLHImagSurface_r0_n": 1.239440296944828,
    "WLHImagSurface_r1_n": 1.1755656408826736,
    "WLHImagSurface_r2_n": 0.005338701640820563,
    "WLHImagSurface_a0_n": 0.7896917765437164,
    "WLHRealSpinOrbit_V0_p": 9.941594078072288,
    "WLHRealSpinOrbit_V1_p": 0.008912392559288542,
    "WLHRealSpinOrbit_r0_p": 1.2814502187874015,
    "WLHRealSpinOrbit_r1_p": 0.8826625767539004,
    "WLHRealSpinOrbit_a0_p": 0.8133694265422766,
    "WLHRealSpinOrbit_a1_p": 0.00034130124698650326,
    "WLHRealSpinOrbit_V0_n": 10.306071935273955,
    "WLHRealSpinOrbit_V1_n": 0.008052262637266204,
    "WLHRealSpinOrbit_r0_n": 1.1710958433822793,
    "WLHRealSpinOrbit_r1_n": 0.691553449894014,
    "WLHRealSpinOrbit_a0_n": 0.7165080965830499,
    "WLHRealSpinOrbit_a1_n": 0.00037592666696222585
}