{
    "WLHReal_V0_p": 57.5523069576882,
    "WLHReal_V1_p": 0.3456554682092864,
    "WLHReal_V2_p": 0.00028883333033884726,
    "WLHReal_V3_p": 1.2730095483905398e-06,
    "WLHReal_V4_p": 12.404819403985863,
    "WLHReal_V5_p": 0.1529583995387584,
    "WLHReal_V6_p": 0.00024344435527466667,
    "WLHReal_r0_p": 1.2956515459856779,
    "WLHReal_r1_p": 0.3879297626989455,
    "WLHReal_r2_p": 0.0007242772667116843,
    "WLHReal_r3_p": 3.3526143556262186e-06,
    "WLHReal_a0_p": 0.7833316777816839,
    "WLHReal_a1_p": 0.0002894096605943313,
    "WLHReal_a2_p": 1.5689958125136164e-06,
    "WLHReal_a3_p": 0.12099630853003476,
    "WLHReal_a4_p": 0.6394584705602571,
    "WLHReal_V0_n": 51.255308157838755,
    "WLHReal_V1_n": 0.2511380275807392,
    "WLHReal_V2_n": -0.0007810414475718423,
    "WLHReal_V3_n": 4.314851111899064e-06,
    "WLHReal_V4_n": 21.26740690951105,
    "WLHReal_V5_n": 0.31699298301789264,
    "WLHReal_V6_n": 0.001492094568699904,
    "WLHReal_r0_n": 1.3319431683333656,
    "WLHReal_r1_n": 0.3318577490148971,
    "WLHReal_r2_n": 0.0011388252809226616,
    "WLHReal_r3_n": 1.3468672906488533e-05,
    "WLHReal_a0_n": 0.7630617878005321,
    "WLHReal_a1_n": 0.001110427976540991,
    "WLHReal_a2_n": 1.5992931085091882e-05,
    "WLHReal_a3_n": 0.31984293114015544,
    "WLHReal_a4_n": 0.9790186730890411,
    "WLHImagVolume_W0_p": 4.476483947487952,
    "WLHImagVolume_W1_p": 0.31476946309255516,
    "WLHImagVolume_W2_p": 0.0007229734976577028,
    "WLHImagVolume_W3_p": 15.191585044745725,
    "WLHImagVolume_W4_p": 0.09256415024176597,
    "WLHImagVolume_r0_p": 0.408733170365175,
    "WLHImagVolume_r1_p": 70.7543084182158,
    "WLHImagVolume_r2_p": 0.829549929847774,
    "WLHImagVolume_r3_p": 74.58086223358967,
    "WLHImagVolume_r4_p": 0.49485479192647797,
    "WLHImagVolume_r5_p": 1.7894033820808052e-06,
    "WLHImagVolume_a0_p": 0.536766191477482,
    "WLHImagVolume_a1_p": 0.3062508632717499,
    "WLHImagVolume_a2_p": 16.722259406763907,
    "WLHImagVolume_a3_p": 0.4070921502673048,
    "WLHImagVolume_a4_p": 0.0021545833613686896,
    "WLHImagVolume_W0_n": 3.336167427387397,
    "WLHImagVolume_W1_n": 0.2584164538006757,
    "WLHImagVolume_W2_n": 0.0004280247723079953,
    "WLHImagVolume_W3_n": 9.478099045788582,
    "WLHImagVolume_W4_n": 0.004753458709041595,
    "WLHImagVolume_r0_n": 0.6427403399889913,
    "WLHImagVolume_r1_n": 68.06836062812482,
    "WLHImagVolume_r2_n": 0.6770327152892804,
    "WLHImagVolume_r3_n": 86.91061986285669,
    "WLHImagVolume_r4_n": 1.0571924592166542,
    "WLHImagVolume_r5_n": 5.360502673312237e-06,
    "WLHImagVolume_a0_n": 0.29662551035895507,
    "WLHImagVolume_a1_n": 0.5463453355802261,
    "WLHImagVolume_a2_n": 5.574196700603494,
    "WLHImagVolume_a3_n": 0.06575725471537194,
    "WLHImagVolume_a4_n": 0.0008654502978989591,
    "WLHImagSurface_W0_p": 1.211846627414664,
    "WLHImagSurface_W1_p": 0.0681506336130914,
    "WLHImagSurface_W2_p": 1.5776654018259189,
    "WLHImagSurface_W3_p": 0.254406275520062,
    "WLHImagSurface_r0_p": 1.0965960443558203,
    "WLHImagSurface_r1_p": 0.9393722838222491,
    "WLHImagSurface_r2_p": 0.006111291741609551,
    "WLHImagSurface_a0_p": 0.8083306602716261,
    "WLHImagSurface_W0_n": 1.3007816327864719,
    "WLHImagSurface_W1_n": 0.03791206331725813,
    "WLHImagSurface_W2_n": 1.8183043710593965,
    "WLHImagSurface_W3_n": 0.1466091929776644,
    "WLHImagSurface_r0_n": 1.2714702465085947,
    "WLHImagSurface_r1_n": 1.4988194185566819,
    "WLHImagSurface_r2_n": 0.002098260152196962,
    "WLHImagSurface_a0_n": 0.8725165925546305,
    "WLHRealSpinOrbit_V0_p": 9.598726964588,
    "WLHRealSpinOrbit_V1_p": 0.008173388651329978,
    "WLHRealSpinOrbit_r0_p": 1.239650613584987,
    "WLHRealSpinOrbit_r1_p": 0.8207429961994591,
    "WLHRealSpinOrbit_a0_p": 0.7744060283511941,
    "WLHRealSpinOrbit_a1_p": 0.0003353738177914984,
    "WLHRealSpinOrbit_V0_n": 9.665317403296273,
    "WLHRealSpinOrbit_V1_n": 0.008945438111771925,
    "WLHRealSpinOrbit_r0_n": 1.3176242013364743,
    "WLHRealSpinOrbit_r1_n": 0.928626178008663,
    "WLHRealSpinOrbit_a0_n": 0.8374713552926394,
    "WLHRealSpinOrbit_a1_n": 0.00035432870751517205
}