{
    "CH89RealCentral": {
        "V_0": 53.7335,
        "V_t": 23.0117,
        "V_e": -0.335418,
        "r_o": 1.14903,
        "r_o_0": 0.0502252,
        "a_0": 0.73026
    },
    "CH89Coulomb": {
        "r_c": 1.18994,
        "r_c_0": 0.0960344
    },
    "CH89SpinOrbit": {
        "V_so": 5.10209,
        "r_so": 1.37421,
        "r_so_0": -1.55735,
        "a_so": 0.589987
    },
    "CH89ImagCentral": {
        "W_v0": 9.04729,
        "W_ve0": 31.4064,
        "W_vew": 13.9188,
        "W_s0": 13.0912,
        "W_st": 33.853,
        "W_se0": 19.3538,
        "W_sew": 22.4586,
        "r_w": 1.37523,
        "r_w0": -0.612001,
        "a_w": 0.685515
    }
}