{
    "WLHReal_V0_p": 51.872579674415164,
    "WLHReal_V1_p": 0.27997626747392707,
    "WLHReal_V2_p": -8.702711379976409e-05,
    "WLHReal_V3_p": 1.985260429868029e-06,
    "WLHReal_V4_p": 13.716394689158253,
    "WLHReal_V5_p": 0.1180022450088717,
    "WLHReal_V6_p": 0.00028423390424241256,
    "WLHReal_r0_p": 1.2898144185064593,
    "WLHReal_r1_p": 0.2381324647547006,
    "WLHReal_r2_p": 0.0007521607297270626,
    "WLHReal_r3_p": 6.776523691326519e-06,
    "WLHReal_a0_p": 0.7656640727898892,
    "WLHReal_a1_p": 1.006169626317946e-05,
    "WLHReal_a2_p": 6.144841547089985e-06,
    "WLHReal_a3_p": 0.021414280035416084,
    "WLHReal_a4_p": 0.5083844438513199,
    "WLHReal_V0_n": 54.0043094374148,
    "WLHReal_V1_n": 0.28707359857919945,
    "WLHReal_V2_n": -4.0952112753676916e-05,
    "WLHReal_V3_n": 1.7653952885909911e-06,
    "WLHReal_V4_n": 21.383312891895116,
    "WLHReal_V5_n": 0.2721020326371581,
    "WLHReal_V6_n": 0.0008684700872345261,
    "WLHReal_r0_n": 1.280765985304307,
    "WLHReal_r1_n": 0.32709935345165775,
    "WLHReal_r2_n": 0.0007338987682991114,
    "WLHReal_r3_n": 5.970581023765017e-06,
    "WLHReal_a0_n": 0.7304663065880428,
    "WLHReal_a1_n": 0.0005799174605563679,
    "WLHReal_a2_n": 6.45152001857709e-06,
    "WLHReal_a3_n": 0.24326204443740185,
    "WLHReal_a4_n": 0.7810146109056301,
    "WLHImagVolume_W0_p": 3.708053201364035,
    "WLHImagVolume_W1_p": 0.16338245497000473,
    "WLHImagVolume_W2_p": 0.0001268672719111153,
    "WLHImagVolume_W3_p": 9.582225116036579,
    "WLHImagVolume_W4_p": 0.05969301538481868,
    "WLHImagVolume_r0_p": 0.732291547576952,
    "WLHImagVolume_r1_p": 39.19854188964851,
    "WLHImagVolume_r2_p": 0.5271377610215755,
    "WLHImagVolume_r3_p": 54.12350828303339,
    "WLHImagVolume_r4_p": 0.6867660389836093,
    "WLHImagVolume_r5_p": 1.6676983616102352e-06,
    "WLHImagVolume_a0_p": 0.5450167157455345,
    "WLHImagVolume_a1_p": 0.2694158883040536,
    "WLHImagVolume_a2_p": 14.390222664435782,
    "WLHImagVolume_a3_p": 0.39486351303596134,
    "WLHImagVolume_a4_p": 0.0020984332052360706,
    "WLHImagVolume_W0_n": 2.695006890268931,
    "WLHImagVolume_W1_n": 0.25308162496941544,
    "WLHImagVolume_W2_n": 0.0004313057562814547,
    "WLHImagVolume_W3_n": 8.639221156838545,
    "WLHImagVolume_W4_n": 0.03564084632446783,
    "WLHImagVolume_r0_n": 0.5695677700408828,
    "WLHImagVolume_r1_n": 71.53920423737613,
    "WLHImagVolume_r2_n": 0.7013526889538936,
    "WLHImagVolume_r3_n": 78.35745737149365,
    "WLHImagVolume_r4_n": 0.9530164790155702,
    "WLHImagVolume_r5_n": 3.5463709590176084e-06,
    "WLHImagVolume_a0_n": 0.22864991471165816,
    "WLHImagVolume_a1_n": 0.5955560982519691,
    "WLHImagVolume_a2_n": 7.535850598785446,
    "WLHImagVolume_a3_n": 0.05635945940914467,
    "WLHImagVolume_a4_n": 0.0007591458845206641,
    "WLHImagSurface_W0_p": 0.9028360563048999,
    "WLHImagSurface_W1_p": 0.029588090079612214,
    "WLHImagSurface_W2_p": 0.7445876738700967,
    "WLHImagSurface_W3_p": 0.09098338561418763,
    "WLHImagSurface_r0_p": 0.9537087636125838,
    "WLHImagSurface_r1_p": 0.3102355379222438,
    "WLHImagSurface_r2_p": 0.004414791240297028,
    "WLHImagSurface_a0_p": 0.7842095486243993,
    "WLHImagSurface_W0_n": 1.6336619887260708,
    "WLHImagSurface_W1_n": 0.03287626682960441,
    "WLHImagSurface_W2_n": 2.322783746761644,
    "WLHImagSurface_W3_n": 0.12013900854130308,
    "WLHImagSurface_r0_n": 1.2733775797895848,
    "WLHImagSurface_r1_n": 1.4152522479815688,
    "WLHImagSurface_r2_n": 0.003510591279209524,
    "WLHImagSurface_a0_n": 0.8386088771205112,
    "WLHRealSpinOrbit_V0_p": 9.670215041839,
    "WLHRealSpinOrbit_V1_p": 0.008505198243416038,
    "WLHRealSpinOrbit_r0_p": 1.2750191405597733,
    "WLHRealSpinOrbit_r1_p": 0.8586240609262785,
    "WLHRealSpinOrbit_a0_p": 0.8005416284703697,
    "WLHRealSpinOrbit_a1_p": 0.00036654824178222934,
    "WLHRealSpinOrbit_V0_n": 9.814914587932067,
    "WLHRealSpinOrbit_V1_n": 0.008509971315367773,
    "WLHRealSpinOrbit_r0_n": 1.2575236351845551,
    "WLHRealSpinOrbit_r1_n": 0.8386658585988621,
    "WLHRealSpinOrbit_a0_n": 0.7892297135408951,
    "WLHRealSpinOrbit_a1_n": 0.0003527246975108383
}