{
    "WLHReal_V0_p": 50.63048077834985,
    "WLHReal_V1_p": 0.2931845089336932,
    "WLHReal_V2_p": -0.000640306924509461,
    "WLHReal_V3_p": 4.403311766595443e-06,
    "WLHReal_V4_p": 11.184786191100946,
    "WLHReal_V5_p": 0.13774959956605987,
    "WLHReal_V6_p": 0.0004984706761408929,
    "WLHReal_r0_p": 1.3730865893921402,
    "WLHReal_r1_p": 0.334269793006465,
    "WLHReal_r2_p": 0.0008642798419715572,
    "WLHReal_r3_p": 9.200461870049378e-06,
    "WLHReal_a0_p": 0.8019530178115442,
    "WLHReal_a1_p": 2.9211118887142063e-05,
    "WLHReal_a2_p": 8.826921965562709e-06,
    "WLHReal_a3_p": -0.007184246226238464,
    "WLHReal_a4_p": 0.5169660789610665,
    "WLHReal_V0_n": 51.80669423919919,
    "WLHReal_V1_n": 0.25622488596135834,
    "WLHReal_V2_n": 3.9103846629065595e-05,
    "WLHReal_V3_n": 1.5134309220781904e-06,
    "WLHReal_V4_n": 21.965479245380642,
    "WLHReal_V5_n": 0.2566859154208696,
    "WLHReal_V6_n": 0.0007115974848373179,
    "WLHReal_r0_n": 1.2884168267618346,
    "WLHReal_r1_n": 0.3339458584675882,
    "WLHReal_r2_n": 0.0006091238767440945,
    "WLHReal_r3_n": 4.553557836923379e-06,
    "WLHReal_a0_n": 0.7204412650334794,
    "WLHReal_a1_n": 0.0005026573181505637,
    "WLHReal_a2_n": 4.3413960682773095e-06,
    "WLHReal_a3_n": 0.2381717227850617,
    "WLHReal_a4_n": 0.7095925033540211,
    "WLHImagVolume_W0_p": 5.1679766574204535,
    "WLHImagVolume_W1_p": 0.21651399111505681,
    "WLHImagVolume_W2_p": 0.0004065904243870542,
    "WLHImagVolume_W3_p": 9.39175345364583,
    "WLHImagVolume_W4_p": 0.08359952772965817,
    "WLHImagVolume_r0_p": 0.6347639927938031,
    "WLHImagVolume_r1_p": 53.15181458578348,
    "WLHImagVolume_r2_p": 0.7018247974996591,
    "WLHImagVolume_r3_p": 63.741566059759656,
    "WLHImagVolume_r4_p": 0.5172677001976148,
    "WLHImagVolume_r5_p": 6.673079107983608e-07,
    "WLHImagVolume_a0_p": 0.588370117798273,
    "WLHImagVolume_a1_p": 0.28875366035092853,
    "WLHImagVolume_a2_p": 16.624881317000938,
    "WLHImagVolume_a3_p": 0.42586000944745556,
    "WLHImagVolume_a4_p": 0.0026884928354110006,
    "WLHImagVolume_W0_n": 1.7699208806803974,
    "WLHImagVolume_W1_n": 0.1846167367168045,
    "WLHImagVolume_W2_n": 0.0002058642489419222,
    "WLHImagVolume_W3_n": 6.749526860073507,
    "WLHImagVolume_W4_n": 0.00543583850736909,
    "WLHImagVolume_r0_n": 0.5520236779339759,
    "WLHImagVolume_r1_n": 75.97367537495654,
    "WLHImagVolume_r2_n": 0.7201355867582907,
    "WLHImagVolume_r3_n": 75.64919801965716,
    "WLHImagVolume_r4_n": 0.9372323939367382,
    "WLHImagVolume_r5_n": 3.4417873894142136e-06,
    "WLHImagVolume_a0_n": 0.2085074217722687,
    "WLHImagVolume_a1_n": 0.6191815288062696,
    "WLHImagVolume_a2_n": 10.139283355413113,
    "WLHImagVolume_a3_n": 0.10269862105652926,
    "WLHImagVolume_a4_n": 0.0010518131967047842,
    "WLHImagSurface_W0_p": 0.8685046065969795,
    "WLHImagSurface_W1_p": 0.04274064916987974,
    "WLHImagSurface_W2_p": 0.9102853266825555,
    "WLHImagSurface_W3_p": 0.15580386855453138,
    "WLHImagSurface_r0_p": 0.8952292020316156,
    "WLHImagSurface_r1_p": 0.13950935103025813,
    "WLHImagSurface_r2_p": 0.0007745716843951802,
    "WLHImagSurface_a0_p": 0.8008946475315368,
    "WLHImagSurface_W0_n": 1.1525055822335717,
    "WLHImagSurface_W1_n": 0.015136926056544119,
    "WLHImagSurface_W2_n": 1.7322079827936716,
    "WLHImagSurface_W3_n": 0.08246418970523932,
    "WLHImagSurface_r0_n": 1.2825408973835066,
    "WLHImagSurface_r1_n": 1.292679234494842,
    "WLHImagSurface_r2_n": 0.0033784937648601724,
    "WLHImagSurface_a0_n": 0.8424981453799432,
    "WLHRealSpinOrbit_V0_p": 8.885649433426444,
    "WLHRealSpinOrbit_V1_p": 0.008381783605054227,
    "WLHRealSpinOrbit_r0_p": 1.3423987254483694,
    "WLHRealSpinOrbit_r1_p": 0.9586937260096529,
    "WLHRealSpinOrbit_a0_p": 0.8467456794743586,
    "WLHRealSpinOrbit_a1_p": 0.0003648796935193586,
    "WLHRealSpinOrbit_V0_n": 9.685172374332554,
    "WLHRealSpinOrbit_V1_n": 0.008280095589223664,
    "WLHRealSpinOrbit_r0_n": 1.2609149632612822,
    "WLHRealSpinOrbit_r1_n": 0.8196228335397029,
    "WLHRealSpinOrbit_a0_n": 0.7825938360697429,
    "WLHRealSpinOrbit_a1_n": 0.0003920435127589283
}