{
    "ECS_p": 0.47045,
    "ECS_n": 0.451547,
    "APower_p": 0.458537,
    "APower_n": 0.546242
}