{
    "CH89RealCentral": {
        "V_0": 53.5282,
        "V_t": 13.7587,
        "V_e": -0.400626,
        "r_o": 1.21663,
        "r_o_0": -0.106068,
        "a_0": 0.712887
    },
    "CH89Coulomb": {
        "r_c": 1.19779,
        "r_c_0": 0.169304
    },
    "CH89SpinOrbit": {
        "V_so": 4.33243,
        "r_so": 1.17697,
        "r_so_0": -0.624355,
        "a_so": 0.549562
    },
    "CH89ImagCentral": {
        "W_v0": 12.1287,
        "W_ve0": 94.7221,
        "W_vew": 19.5279,
        "W_s0": 19.3473,
        "W_st": 24.0264,
        "W_se0": 7.57855,
        "W_sew": 43.6832,
        "r_w": 1.30355,
        "r_w0": -0.584633,
        "a_w": 0.660547
    }
}