{
    "ECS_p": 0.390884,
    "ECS_n": 0.467177,
    "APower_p": 0.85489,
    "APower_n": 0.58635
}