{
    "WLHReal_V0_p": 55.33176849465126,
    "WLHReal_V1_p": 0.3168780242350787,
    "WLHReal_V2_p": -7.046603000666295e-05,
    "WLHReal_V3_p": 2.286549824694349e-06,
    "WLHReal_V4_p": 12.548397443145763,
    "WLHReal_V5_p": 0.1398388428185872,
    "WLHReal_V6_p": 0.000337704187666668,
    "WLHReal_r0_p": 1.3007857250212826,
    "WLHReal_r1_p": 0.31240281691816785,
    "WLHReal_r2_p": 0.0008713200362299679,
    "WLHReal_r3_p": 6.8823177087327805e-06,
    "WLHReal_a0_p": 0.786218613812337,
    "WLHReal_a1_p": 0.00019455111378682496,
    "WLHReal_a2_p": 5.483518483669271e-06,
    "WLHReal_a3_p": 0.06879073447244549,
    "WLHReal_a4_p": 0.6076457197581908,
    "WLHReal_V0_n": 51.76890006865612,
    "WLHReal_V1_n": 0.29738564927743705,
    "WLHReal_V2_n": -0.0004891906101939109,
    "WLHReal_V3_n": 3.769229699616467e-06,
    "WLHReal_V4_n": 20.217021341003225,
    "WLHReal_V5_n": 0.30381277312828053,
    "WLHReal_V6_n": 0.0012790254160423814,
    "WLHReal_r0_n": 1.3296471132723657,
    "WLHReal_r1_n": 0.3397278073277851,
    "WLHReal_r2_n": 0.001037353733509396,
    "WLHReal_r3_n": 1.0937896061861643e-05,
    "WLHReal_a0_n": 0.7534563619169783,
    "WLHReal_a1_n": 0.0010654375842845717,
    "WLHReal_a2_n": 1.325007469176727e-05,
    "WLHReal_a3_n": 0.2807878575831562,
    "WLHReal_a4_n": 0.9228997979173881,
    "WLHImagVolume_W0_p": 4.731922091157862,
    "WLHImagVolume_W1_p": 0.27226982842412223,
    "WLHImagVolume_W2_p": 0.0004755959164261795,
    "WLHImagVolume_W3_p": 13.156271620036682,
    "WLHImagVolume_W4_p": 0.08760143260832107,
    "WLHImagVolume_r0_p": 0.6119924051481836,
    "WLHImagVolume_r1_p": 50.01015142022443,
    "WLHImagVolume_r2_p": 0.6443934308539849,
    "WLHImagVolume_r3_p": 61.339641318533396,
    "WLHImagVolume_r4_p": 0.6403138355458431,
    "WLHImagVolume_r5_p": 1.8354225104878242e-06,
    "WLHImagVolume_a0_p": 0.5689855036326773,
    "WLHImagVolume_a1_p": 0.26908717545588967,
    "WLHImagVolume_a2_p": 14.064947882921345,
    "WLHImagVolume_a3_p": 0.43312329124108095,
    "WLHImagVolume_a4_p": 0.0026163958978595134,
    "WLHImagVolume_W0_n": 3.132973284831208,
    "WLHImagVolume_W1_n": 0.271837179578303,
    "WLHImagVolume_W2_n": 0.0007173199204026226,
    "WLHImagVolume_W3_n": 8.841564873701795,
    "WLHImagVolume_W4_n": 0.02771543037144014,
    "WLHImagVolume_r0_n": 0.5022746941342695,
    "WLHImagVolume_r1_n": 97.84836119756417,
    "WLHImagVolume_r2_n": 0.8194591103054996,
    "WLHImagVolume_r3_n": 101.50940353949193,
    "WLHImagVolume_r4_n": 0.8174644627448705,
    "WLHImagVolume_r5_n": 3.7329723913931313e-06,
    "WLHImagVolume_a0_n": 0.2483986696512404,
    "WLHImagVolume_a1_n": 0.583321993956589,
    "WLHImagVolume_a2_n": 5.414085949378432,
    "WLHImagVolume_a3_n": 0.043769922391879615,
    "WLHImagVolume_a4_n": 0.0003506698346895287,
    "WLHImagSurface_W0_p": 0.8686124379581248,
    "WLHImagSurface_W1_p": 0.03397619346911521,
    "WLHImagSurface_W2_p": 0.6833113454223879,
    "WLHImagSurface_W3_p": 0.12075840404409503,
    "WLHImagSurface_r0_p": 0.9554280923118315,
    "WLHImagSurface_r1_p": 0.5563368891942839,
    "WLHImagSurface_r2_p": 0.003970429312649349,
    "WLHImagSurface_a0_p": 0.7553617992562409,
    "WLHImagSurface_W0_n": 1.937578576703882,
    "WLHImagSurface_W1_n": 0.05802474365240154,
    "WLHImagSurface_W2_n": 3.167145394402413,
    "WLHImagSurface_W3_n": 0.2021243509468512,
    "WLHImagSurface_r0_n": 1.3217643593820165,
    "WLHImagSurface_r1_n": 1.6319835484601288,
    "WLHImagSurface_r2_n": 0.0028253902028531307,
    "WLHImagSurface_a0_n": 0.8623359942465916,
    "WLHRealSpinOrbit_V0_p": 9.719864596062392,
    "WLHRealSpinOrbit_V1_p": 0.008570160627447565,
    "WLHRealSpinOrbit_r0_p": 1.2665488979488806,
    "WLHRealSpinOrbit_r1_p": 0.8638543923533295,
    "WLHRealSpinOrbit_a0_p": 0.7994748162694774,
    "WLHRealSpinOrbit_a1_p": 0.0003336944926371192,
    "WLHRealSpinOrbit_V0_n": 9.172114898507283,
    "WLHRealSpinOrbit_V1_n": 0.008395261417146556,
    "WLHRealSpinOrbit_r0_n": 1.3090112279948602,
    "WLHRealSpinOrbit_r1_n": 0.9186069582100334,
    "WLHRealSpinOrbit_a0_n": 0.8257131992783753,
    "WLHRealSpinOrbit_a1_n": 0.0003489607398212272
}