{
    "WLHReal_V0_p": 49.58615609006226,
    "WLHReal_V1_p": 0.26581080125590706,
    "WLHReal_V2_p": -0.0006829611962890759,
    "WLHReal_V3_p": 3.854848424916053e-06,
    "WLHReal_V4_p": 12.203461774083355,
    "WLHReal_V5_p": 0.13413148246714435,
    "WLHReal_V6_p": 0.0005085418053465576,
    "WLHReal_r0_p": 1.3639645577034154,
    "WLHReal_r1_p": 0.3090112405622712,
    "WLHReal_r2_p": 0.0007845573480940478,
    "WLHReal_r3_p": 9.435152241919211e-06,
    "WLHReal_a0_p": 0.7926622191151099,
    "WLHReal_a1_p": 2.63280999598337e-06,
    "WLHReal_a2_p": 9.199443143084344e-06,
    "WLHReal_a3_p": -0.03303070660449532,
    "WLHReal_a4_p": 0.45865719427955454,
    "WLHReal_V0_n": 55.162302882621375,
    "WLHReal_V1_n": 0.3232694531296101,
    "WLHReal_V2_n": -0.0008234036276949219,
    "WLHReal_V3_n": 5.866788752813686e-06,
    "WLHReal_V4_n": 18.95266690264232,
    "WLHReal_V5_n": 0.35242661990826374,
    "WLHReal_V6_n": 0.0015880917304155835,
    "WLHReal_r0_n": 1.3732579628726802,
    "WLHReal_r1_n": 0.48724703753343024,
    "WLHReal_r2_n": 0.0010948368462483698,
    "WLHReal_r3_n": 1.1030293025540204e-05,
    "WLHReal_a0_n": 0.7748916048814867,
    "WLHReal_a1_n": 0.001000692160752905,
    "WLHReal_a2_n": 1.3331257967257217e-05,
    "WLHReal_a3_n": 0.1886167053289389,
    "WLHReal_a4_n": 0.8316555526184727,
    "WLHImagVolume_W0_p": 4.835508419022527,
    "WLHImagVolume_W1_p": 0.17471016595136746,
    "WLHImagVolume_W2_p": 0.00017687696156643606,
    "WLHImagVolume_W3_p": 7.71855758949601,
    "WLHImagVolume_W4_p": 0.075416842603985,
    "WLHImagVolume_r0_p": 0.7514746317008458,
    "WLHImagVolume_r1_p": 36.55279212891651,
    "WLHImagVolume_r2_p": 0.5761571178568279,
    "WLHImagVolume_r3_p": 49.99776664816885,
    "WLHImagVolume_r4_p": 0.610749472410714,
    "WLHImagVolume_r5_p": 1.364343423592706e-06,
    "WLHImagVolume_a0_p": 0.5957269721090733,
    "WLHImagVolume_a1_p": 0.26282477680244876,
    "WLHImagVolume_a2_p": 14.370398653554178,
    "WLHImagVolume_a3_p": 0.433529874388253,
    "WLHImagVolume_a4_p": 0.002811102240566329,
    "WLHImagVolume_W0_n": 4.459505610000042,
    "WLHImagVolume_W1_n": 0.42790545715339356,
    "WLHImagVolume_W2_n": 0.0012021882483386225,
    "WLHImagVolume_W3_n": 11.565312046742227,
    "WLHImagVolume_W4_n": 0.08433037393072985,
    "WLHImagVolume_r0_n": 0.49269692877321497,
    "WLHImagVolume_r1_n": 89.70857383025023,
    "WLHImagVolume_r2_n": 0.8690382062591218,
    "WLHImagVolume_r3_n": 107.89117221317585,
    "WLHImagVolume_r4_n": 0.903501518137169,
    "WLHImagVolume_r5_n": 4.492102934447137e-06,
    "WLHImagVolume_a0_n": 0.3176421849404603,
    "WLHImagVolume_a1_n": 0.55399075125447,
    "WLHImagVolume_a2_n": 1.2338304307473607,
    "WLHImagVolume_a3_n": 0.00907949720639168,
    "WLHImagVolume_a4_n": 0.0006152475105271427,
    "WLHImagSurface_W0_p": 0.7803114436823181,
    "WLHImagSurface_W1_p": 0.03203307371104455,
    "WLHImagSurface_W2_p": 0.8834304439818192,
    "WLHImagSurface_W3_p": 0.11478163802674818,
    "WLHImagSurface_r0_p": 0.8325209949018678,
    "WLHImagSurface_r1_p": 0.009490605108986916,
    "WLHImagSurface_r2_p": 0.0009019431076741349,
    "WLHImagSurface_a0_p": 0.737067335397998,
    "WLHImagSurface_W0_n": 2.6644157444147996,
    "WLHImagSurface_W1_n": 0.09083793768851692,
    "WLHImagSurface_W2_n": 4.9335927986988235,
    "WLHImagSurface_W3_n": 0.30253462447018686,
    "WLHImagSurface_r0_n": 1.3140791141776567,
    "WLHImagSurface_r1_n": 1.896512326294808,
    "WLHImagSurface_r2_n": 0.0027348070211160105,
    "WLHImagSurface_a0_n": 0.8652209979601178,
    "WLHRealSpinOrbit_V0_p": 9.072908443424273,
    "WLHRealSpinOrbit_V1_p": 0.008527107707406643,
    "WLHRealSpinOrbit_r0_p": 1.3430262296771283,
    "WLHRealSpinOrbit_r1_p": 0.9516683806386319,
    "WLHRealSpinOrbit_a0_p": 0.846881675074344,
    "WLHRealSpinOrbit_a1_p": 0.00037915095013485434,
    "WLHRealSpinOrbit_V0_n": 9.02304356426912,
    "WLHRealSpinOrbit_V1_n": 0.008578450276190181,
    "WLHRealSpinOrbit_r0_n": 1.3361306911665487,
    "WLHRealSpinOrbit_r1_n": 0.9718370777656219,
    "WLHRealSpinOrbit_a0_n": 0.8496223524863775,
    "WLHRealSpinOrbit_a1_n": 0.0003219548227970854
}