{
    "ECS_p": 0.383101,
    "ECS_n": 0.440379,
    "APower_p": 0.716217,
    "APower_n": 0.288505
}