{
    "WLHReal_V0_p": 53.67054059076237,
    "WLHReal_V1_p": 0.31238855669024546,
    "WLHReal_V2_p": -0.00045494912876610245,
    "WLHReal_V3_p": 3.150079815755622e-06,
    "WLHReal_V4_p": 11.480935423755751,
    "WLHReal_V5_p": 0.13524688354507797,
    "WLHReal_V6_p": 0.0004511164682421753,
    "WLHReal_r0_p": 1.3306540239145117,
    "WLHReal_r1_p": 0.28941852105175037,
    "WLHReal_r2_p": 0.0010479672917676755,
    "WLHReal_r3_p": 1.045369624012844e-05,
    "WLHReal_a0_p": 0.8014711676844894,
    "WLHReal_a1_p": 0.0001276490404007179,
    "WLHReal_a2_p": 8.35502981248984e-06,
    "WLHReal_a3_p": 0.03412153581521944,
    "WLHReal_a4_p": 0.6128800204360056,
    "WLHReal_V0_n": 53.51897616601264,
    "WLHReal_V1_n": 0.28324295465259286,
    "WLHReal_V2_n": 0.00017484079344808848,
    "WLHReal_V3_n": 8.824983322363591e-07,
    "WLHReal_V4_n": 21.645385569585144,
    "WLHReal_V5_n": 0.25350352121416486,
    "WLHReal_V6_n": 0.000650763446579622,
    "WLHReal_r0_n": 1.271133025593206,
    "WLHReal_r1_n": 0.32151351577047665,
    "WLHReal_r2_n": 0.0005932801901953496,
    "WLHReal_r3_n": 3.094967681294531e-06,
    "WLHReal_a0_n": 0.7181705730225031,
    "WLHReal_a1_n": 0.0004430100322417443,
    "WLHReal_a2_n": 3.1821304880387205e-06,
    "WLHReal_a3_n": 0.22842627304502,
    "WLHReal_a4_n": 0.7140244831581554,
    "WLHImagVolume_W0_p": 5.403260980280906,
    "WLHImagVolume_W1_p": 0.269678895789121,
    "WLHImagVolume_W2_p": 0.00047280802346808253,
    "WLHImagVolume_W3_p": 12.287027467647627,
    "WLHImagVolume_W4_p": 0.09239983037918463,
    "WLHImagVolume_r0_p": 0.6766701786231167,
    "WLHImagVolume_r1_p": 47.53308746977533,
    "WLHImagVolume_r2_p": 0.618955850847142,
    "WLHImagVolume_r3_p": 61.88924708054684,
    "WLHImagVolume_r4_p": 0.6506957296048815,
    "WLHImagVolume_r5_p": 1.721476755597008e-06,
    "WLHImagVolume_a0_p": 0.5970415428390605,
    "WLHImagVolume_a1_p": 0.2627819527531697,
    "WLHImagVolume_a2_p": 14.115452436033381,
    "WLHImagVolume_a3_p": 0.45176637061402014,
    "WLHImagVolume_a4_p": 0.0029825341513866547,
    "WLHImagVolume_W0_n": 2.110524359552271,
    "WLHImagVolume_W1_n": 0.21689190277319434,
    "WLHImagVolume_W2_n": 0.0003328522143109715,
    "WLHImagVolume_W3_n": 7.525526752011343,
    "WLHImagVolume_W4_n": 0.02801487964312363,
    "WLHImagVolume_r0_n": 0.5398746888894523,
    "WLHImagVolume_r1_n": 76.25222656255715,
    "WLHImagVolume_r2_n": 0.7197415699297565,
    "WLHImagVolume_r3_n": 76.09141504590201,
    "WLHImagVolume_r4_n": 0.9067372576365268,
    "WLHImagVolume_r5_n": 2.6748125717709213e-06,
    "WLHImagVolume_a0_n": 0.20030754730682918,
    "WLHImagVolume_a1_n": 0.618735859895194,
    "WLHImagVolume_a2_n": 9.191961073361334,
    "WLHImagVolume_a3_n": 0.07368563752749313,
    "WLHImagVolume_a4_n": 0.0008107020927883889,
    "WLHImagSurface_W0_p": 0.6636310872182587,
    "WLHImagSurface_W1_p": 0.018256358471286163,
    "WLHImagSurface_W2_p": 0.0844433139310069,
    "WLHImagSurface_W3_p": 0.0609207522576482,
    "WLHImagSurface_r0_p": 0.8747381326805455,
    "WLHImagSurface_r1_p": 0.2847639088623135,
    "WLHImagSurface_r2_p": 0.0014078412463533565,
    "WLHImagSurface_a0_p": 0.7633281102368007,
    "WLHImagSurface_W0_n": 1.5059742421708073,
    "WLHImagSurface_W1_n": 0.02417711380184731,
    "WLHImagSurface_W2_n": 2.17284109653203,
    "WLHImagSurface_W3_n": 0.09763543946071085,
    "WLHImagSurface_r0_n": 1.280897007126938,
    "WLHImagSurface_r1_n": 1.3430032976938493,
    "WLHImagSurface_r2_n": 0.0037891604187994714,
    "WLHImagSurface_a0_n": 0.8326155824739606,
    "WLHRealSpinOrbit_V0_p": 9.485303609803148,
    "WLHRealSpinOrbit_V1_p": 0.008735427571052787,
    "WLHRealSpinOrbit_r0_p": 1.3043285131874238,
    "WLHRealSpinOrbit_r1_p": 0.9255233815711466,
    "WLHRealSpinOrbit_a0_p": 0.8300113221403788,
    "WLHRealSpinOrbit_a1_p": 0.0003269304940471842,
    "WLHRealSpinOrbit_V0_n": 9.77078995834331,
    "WLHRealSpinOrbit_V1_n": 0.008287395606591067,
    "WLHRealSpinOrbit_r0_n": 1.2448829793712806,
    "WLHRealSpinOrbit_r1_n": 0.8095184369160618,
    "WLHRealSpinOrbit_a0_n": 0.7749040643141907,
    "WLHRealSpinOrbit_a1_n": 0.0003695495253905872
}