{
    "CH89RealCentral": {
        "V_0": 55.9148,
        "V_t": 13.0227,
        "V_e": -0.355533,
        "r_o": 1.19477,
        "r_o_0": -0.128416,
        "a_0": 0.72371
    },
    "CH89Coulomb": {
        "r_c": 1.25302,
        "r_c_0": 0.503434
    },
    "CH89SpinOrbit": {
        "V_so": 5.82354,
        "r_so": 1.2628,
        "r_so_0": -0.820534,
        "a_so": 0.632924
    },
    "CH89ImagCentral": {
        "W_v0": 6.75547,
        "W_ve0": -19.9673,
        "W_vew": 8.49431,
        "W_s0": 11.4085,
        "W_st": 28.4816,
        "W_se0": -40.8148,
        "W_sew": 98.8972,
        "r_w": 1.29751,
        "r_w0": -0.210828,
        "a_w": 0.620049
    }
}