{
    "WLHReal_V0_p": 54.467773820875344,
    "WLHReal_V1_p": 0.32376960769881524,
    "WLHReal_V2_p": -7.52948864539158e-05,
    "WLHReal_V3_p": 2.2889736154729274e-06,
    "WLHReal_V4_p": 11.835264138253919,
    "WLHReal_V5_p": 0.15228581576905864,
    "WLHReal_V6_p": 0.0003493977721957611,
    "WLHReal_r0_p": 1.339047536783403,
    "WLHReal_r1_p": 0.40073898494767285,
    "WLHReal_r2_p": 0.0006901796255121001,
    "WLHReal_r3_p": 4.3855846723207285e-06,
    "WLHReal_a0_p": 0.7910961823191902,
    "WLHReal_a1_p": 0.00018966348511857489,
    "WLHReal_a2_p": 3.0777964898739625e-06,
    "WLHReal_a3_p": 0.06792847635083259,
    "WLHReal_a4_p": 0.5670087055467231,
    "WLHReal_V0_n": 54.350791812441834,
    "WLHReal_V1_n": 0.3046571887023162,
    "WLHReal_V2_n": -0.0002199689347463224,
    "WLHReal_V3_n": 2.2491653366885286e-06,
    "WLHReal_V4_n": 20.82542488687534,
    "WLHReal_V5_n": 0.28824107284454875,
    "WLHReal_V6_n": 0.00108042786764927,
    "WLHReal_r0_n": 1.2875879305762237,
    "WLHReal_r1_n": 0.3131555638144359,
    "WLHReal_r2_n": 0.000908227339707059,
    "WLHReal_r3_n": 8.469319621040702e-06,
    "WLHReal_a0_n": 0.7426762954355695,
    "WLHReal_a1_n": 0.0007893508930592664,
    "WLHReal_a2_n": 9.971719308132216e-06,
    "WLHReal_a3_n": 0.26882135184354494,
    "WLHReal_a4_n": 0.882095431183723,
    "WLHImagVolume_W0_p": 4.684645003582155,
    "WLHImagVolume_W1_p": 0.27216980173506594,
    "WLHImagVolume_W2_p": 0.0006255389072941039,
    "WLHImagVolume_W3_p": 12.466929787060202,
    "WLHImagVolume_W4_p": 0.08893657212490448,
    "WLHImagVolume_r0_p": 0.4504815026953898,
    "WLHImagVolume_r1_p": 68.11463652789662,
    "WLHImagVolume_r2_p": 0.8348030416482916,
    "WLHImagVolume_r3_p": 71.96872540483697,
    "WLHImagVolume_r4_p": 0.4417142351386998,
    "WLHImagVolume_r5_p": 1.0878710796767514e-06,
    "WLHImagVolume_a0_p": 0.5520793530309589,
    "WLHImagVolume_a1_p": 0.31069140829245884,
    "WLHImagVolume_a2_p": 17.60741576340947,
    "WLHImagVolume_a3_p": 0.4066525582446323,
    "WLHImagVolume_a4_p": 0.0022602431442759027,
    "WLHImagVolume_W0_n": 3.3089920966833577,
    "WLHImagVolume_W1_n": 0.28736425858551584,
    "WLHImagVolume_W2_n": 0.0006028030360285853,
    "WLHImagVolume_W3_n": 9.68757037348795,
    "WLHImagVolume_W4_n": 0.045736366669533395,
    "WLHImagVolume_r0_n": 0.5686932181106331,
    "WLHImagVolume_r1_n": 75.97027815709822,
    "WLHImagVolume_r2_n": 0.7137587833226878,
    "WLHImagVolume_r3_n": 85.90522018341076,
    "WLHImagVolume_r4_n": 0.926979518502687,
    "WLHImagVolume_r5_n": 3.2900734990588995e-06,
    "WLHImagVolume_a0_n": 0.24425952852506141,
    "WLHImagVolume_a1_n": 0.5772374284517243,
    "WLHImagVolume_a2_n": 5.6117366088732386,
    "WLHImagVolume_a3_n": 0.0276431291997658,
    "WLHImagVolume_a4_n": 0.0004530917069412283,
    "WLHImagSurface_W0_p": 1.191947393540013,
    "WLHImagSurface_W1_p": 0.0715775273085397,
    "WLHImagSurface_W2_p": 1.7509965354478525,
    "WLHImagSurface_W3_p": 0.2694552989482444,
    "WLHImagSurface_r0_p": 1.040748784497492,
    "WLHImagSurface_r1_p": 0.6563475505649288,
    "WLHImagSurface_r2_p": 0.004180272606767649,
    "WLHImagSurface_a0_p": 0.8137653285049536,
    "WLHImagSurface_W0_n": 1.9292329954393943,
    "WLHImagSurface_W1_n": 0.04782709354148676,
    "WLHImagSurface_W2_n": 2.7220715381652885,
    "WLHImagSurface_W3_n": 0.15738140744755372,
    "WLHImagSurface_r0_n": 1.2805120226438786,
    "WLHImagSurface_r1_n": 1.5290584587172542,
    "WLHImagSurface_r2_n": 0.003343129501883804,
    "WLHImagSurface_a0_n": 0.8439814213018492,
    "WLHRealSpinOrbit_V0_p": 9.132451371036051,
    "WLHRealSpinOrbit_V1_p": 0.008093125974631082,
    "WLHRealSpinOrbit_r0_p": 1.2867498987599901,
    "WLHRealSpinOrbit_r1_p": 0.8772463285885367,
    "WLHRealSpinOrbit_a0_p": 0.8035486637948169,
    "WLHRealSpinOrbit_a1_p": 0.00035840075672097184,
    "WLHRealSpinOrbit_V0_n": 9.737074508824236,
    "WLHRealSpinOrbit_V1_n": 0.00863574816798211,
    "WLHRealSpinOrbit_r0_n": 1.269692781151223,
    "WLHRealSpinOrbit_r1_n": 0.871664944271269,
    "WLHRealSpinOrbit_a0_n": 0.8034612920727023,
    "WLHRealSpinOrbit_a1_n": 0.00032962241804103143
}