{
    "WLHReal_V0_p": 56.72351252303466,
    "WLHReal_V1_p": 0.3264568540868365,
    "WLHReal_V2_p": 0.0006882899311214689,
    "WLHReal_V3_p": -5.080397514531338e-07,
    "WLHReal_V4_p": 14.491254330540272,
    "WLHReal_V5_p": 0.1209580847753717,
    "WLHReal_V6_p": 4.228535865515872e-05,
    "WLHReal_r0_p": 1.225209799177633,
    "WLHReal_r1_p": 0.25510837447080065,
    "WLHReal_r2_p": 0.0006719962228489304,
    "WLHReal_r3_p": 2.3754787564522842e-06,
    "WLHReal_a0_p": 0.7478720689474533,
    "WLHReal_a1_p": 0.00015144056516934663,
    "WLHReal_a2_p": 9.860821513639691e-07,
    "WLHReal_a3_p": 0.12319983546772979,
    "WLHReal_a4_p": 0.6126645253921283,
    "WLHReal_V0_n": 49.6135800226935,
    "WLHReal_V1_n": 0.26046755810757927,
    "WLHReal_V2_n": -0.0003949832937666076,
    "WLHReal_V3_n": 2.38612199543041e-06,
    "WLHReal_V4_n": 21.40078577453395,
    "WLHReal_V5_n": 0.28043410555852927,
    "WLHReal_V6_n": 0.0011526149933271225,
    "WLHReal_r0_n": 1.3089009131866318,
    "WLHReal_r1_n": 0.26845207061516896,
    "WLHReal_r2_n": 0.0010013398412100456,
    "WLHReal_r3_n": 1.078894811688452e-05,
    "WLHReal_a0_n": 0.7432698733045637,
    "WLHReal_a1_n": 0.0010650510753194302,
    "WLHReal_a2_n": 1.361255849825629e-05,
    "WLHReal_a3_n": 0.3350310869149618,
    "WLHReal_a4_n": 0.9615244281890524,
    "WLHImagVolume_W0_p": 2.935989032921092,
    "WLHImagVolume_W1_p": 0.22423125526269444,
    "WLHImagVolume_W2_p": 0.00038601035602251534,
    "WLHImagVolume_W3_p": 13.991776141723648,
    "WLHImagVolume_W4_p": 0.05991779199180934,
    "WLHImagVolume_r0_p": 0.530356531907871,
    "WLHImagVolume_r1_p": 59.95656314190994,
    "WLHImagVolume_r2_p": 0.6556638230199762,
    "WLHImagVolume_r3_p": 69.71201614214897,
    "WLHImagVolume_r4_p": 0.6363895114282394,
    "WLHImagVolume_r5_p": 1.80780782434308e-06,
    "WLHImagVolume_a0_p": 0.4874779250928626,
    "WLHImagVolume_a1_p": 0.30067745316459604,
    "WLHImagVolume_a2_p": 16.12034141758032,
    "WLHImagVolume_a3_p": 0.35755479883096386,
    "WLHImagVolume_a4_p": 0.0013519816308734595,
    "WLHImagVolume_W0_n": 2.346418935549587,
    "WLHImagVolume_W1_n": 0.17678226572110015,
    "WLHImagVolume_W2_n": 0.0003139119397539467,
    "WLHImagVolume_W3_n": 7.350978189665073,
    "WLHImagVolume_W4_n": -0.013802619548901354,
    "WLHImagVolume_r0_n": 0.5585088472891442,
    "WLHImagVolume_r1_n": 90.14836702782763,
    "WLHImagVolume_r2_n": 0.7410106881560422,
    "WLHImagVolume_r3_n": 91.13591890464156,
    "WLHImagVolume_r4_n": 0.8698982194024238,
    "WLHImagVolume_r5_n": 4.251699856164008e-06,
    "WLHImagVolume_a0_n": 0.22788643493556318,
    "WLHImagVolume_a1_n": 0.5896178123537467,
    "WLHImagVolume_a2_n": 8.159978352572246,
    "WLHImagVolume_a3_n": 0.07957862738523815,
    "WLHImagVolume_a4_n": 0.0005081593429268889,
    "WLHImagSurface_W0_p": 1.2310003047994447,
    "WLHImagSurface_W1_p": 0.0523272213419695,
    "WLHImagSurface_W2_p": 1.2013227456043467,
    "WLHImagSurface_W3_p": 0.17210654524185157,
    "WLHImagSurface_r0_p": 1.1577765813035368,
    "WLHImagSurface_r1_p": 0.9300187129969839,
    "WLHImagSurface_r2_p": 0.008788205128356964,
    "WLHImagSurface_a0_p": 0.8518937577360417,
    "WLHImagSurface_W0_n": 1.232875726740038,
    "WLHImagSurface_W1_n": 0.029635654054303875,
    "WLHImagSurface_W2_n": 1.6549323472785895,
    "WLHImagSurface_W3_n": 0.12100578722281458,
    "WLHImagSurface_r0_n": 1.3060679318513684,
    "WLHImagSurface_r1_n": 1.4176874130898962,
    "WLHImagSurface_r2_n": 0.0026099290018906755,
    "WLHImagSurface_a0_n": 0.8642256818539468,
    "WLHRealSpinOrbit_V0_p": 10.131289041511183,
    "WLHRealSpinOrbit_V1_p": 0.008240407420471768,
    "WLHRealSpinOrbit_r0_p": 1.193599074374912,
    "WLHRealSpinOrbit_r1_p": 0.7495351100227324,
    "WLHRealSpinOrbit_a0_p": 0.7423175761215653,
    "WLHRealSpinOrbit_a1_p": 0.0003440958214812165,
    "WLHRealSpinOrbit_V0_n": 9.432106792426078,
    "WLHRealSpinOrbit_V1_n": 0.00846645063158207,
    "WLHRealSpinOrbit_r0_n": 1.2971956604448944,
    "WLHRealSpinOrbit_r1_n": 0.8882029677429093,
    "WLHRealSpinOrbit_a0_n": 0.8151403346689564,
    "WLHRealSpinOrbit_a1_n": 0.00037341350290133696
}