{
    "ECS_p": 0.365273,
    "ECS_n": 0.387315,
    "APower_p": 0.732741,
    "APower_n": 0.615247
}