{
    "WLHReal_V0_p": 48.766343070739715,
    "WLHReal_V1_p": 0.3056945998909141,
    "WLHReal_V2_p": -0.000812848023886024,
    "WLHReal_V3_p": 5.304820613310108e-06,
    "WLHReal_V4_p": 9.668518237909911,
    "WLHReal_V5_p": 0.1396798490902403,
    "WLHReal_V6_p": 0.0005379330114181514,
    "WLHReal_r0_p": 1.4204376867195605,
    "WLHReal_r1_p": 0.38171985157061517,
    "WLHReal_r2_p": 0.0008470049487485662,
    "WLHReal_r3_p": 9.085997372377773e-06,
    "WLHReal_a0_p": 0.8138819682372324,
    "WLHReal_a1_p": -5.326691695257103e-05,
    "WLHReal_a2_p": 9.836300449566964e-06,
    "WLHReal_a3_p": -0.021112586619040905,
    "WLHReal_a4_p": 0.5032298348555624,
    "WLHReal_V0_n": 54.16662545435377,
    "WLHReal_V1_n": 0.29496164058318963,
    "WLHReal_V2_n": -3.565381815022863e-05,
    "WLHReal_V3_n": 2.3248803076563834e-06,
    "WLHReal_V4_n": 21.096087839447456,
    "WLHReal_V5_n": 0.27458383707475514,
    "WLHReal_V6_n": 0.0008650224519395395,
    "WLHReal_r0_n": 1.2869785904730016,
    "WLHReal_r1_n": 0.34387829369626244,
    "WLHReal_r2_n": 0.0007233219010629181,
    "WLHReal_r3_n": 5.401661066390225e-06,
    "WLHReal_a0_n": 0.7309927823458328,
    "WLHReal_a1_n": 0.000576417468995679,
    "WLHReal_a2_n": 5.315963380274958e-06,
    "WLHReal_a3_n": 0.228737171681614,
    "WLHReal_a4_n": 0.7620035753416934,
    "WLHImagVolume_W0_p": 5.393177395072923,
    "WLHImagVolume_W1_p": 0.2110857105335036,
    "WLHImagVolume_W2_p": 0.0005834377196189102,
    "WLHImagVolume_W3_p": 8.556360675431067,
    "WLHImagVolume_W4_p": 0.08390907887338955,
    "WLHImagVolume_r0_p": 0.49469262383941554,
    "WLHImagVolume_r1_p": 75.2630990271264,
    "WLHImagVolume_r2_p": 0.8921565671897405,
    "WLHImagVolume_r3_p": 80.82375698648055,
    "WLHImagVolume_r4_p": 0.3147131435816383,
    "WLHImagVolume_r5_p": 6.408867334437717e-08,
    "WLHImagVolume_a0_p": 0.5756772537486057,
    "WLHImagVolume_a1_p": 0.3380219305067008,
    "WLHImagVolume_a2_p": 21.27168150040223,
    "WLHImagVolume_a3_p": 0.3958354935471503,
    "WLHImagVolume_a4_p": 0.002326752943234819,
    "WLHImagVolume_W0_n": 2.732540221313387,
    "WLHImagVolume_W1_n": 0.26569916310101027,
    "WLHImagVolume_W2_n": 0.0005174006345095868,
    "WLHImagVolume_W3_n": 8.657711735208242,
    "WLHImagVolume_W4_n": 0.04220875844296166,
    "WLHImagVolume_r0_n": 0.5421455059367702,
    "WLHImagVolume_r1_n": 76.82218816233181,
    "WLHImagVolume_r2_n": 0.7348677401566653,
    "WLHImagVolume_r3_n": 81.9225568457372,
    "WLHImagVolume_r4_n": 0.9167313384161829,
    "WLHImagVolume_r5_n": 2.725764112470428e-06,
    "WLHImagVolume_a0_n": 0.22669213532969312,
    "WLHImagVolume_a1_n": 0.6001583302431341,
    "WLHImagVolume_a2_n": 7.23724251982303,
    "WLHImagVolume_a3_n": 0.05271414769573511,
    "WLHImagVolume_a4_n": 0.0007116896688732064,
    "WLHImagSurface_W0_p": 1.0862047343420118,
    "WLHImagSurface_W1_p": 0.06963679538762022,
    "WLHImagSurface_W2_p": 1.428003525025726,
    "WLHImagSurface_W3_p": 0.25778189752546143,
    "WLHImagSurface_r0_p": 0.9682475227654832,
    "WLHImagSurface_r1_p": 0.09279408377051618,
    "WLHImagSurface_r2_p": -0.00035077706665080643,
    "WLHImagSurface_a0_p": 0.9121705033644744,
    "WLHImagSurface_W0_n": 1.7796928604160491,
    "WLHImagSurface_W1_n": 0.03878387788139098,
    "WLHImagSurface_W2_n": 2.6960680744602263,
    "WLHImagSurface_W3_n": 0.13876005606690303,
    "WLHImagSurface_r0_n": 1.283167806198635,
    "WLHImagSurface_r1_n": 1.4603218634957447,
    "WLHImagSurface_r2_n": 0.003585994241685996,
    "WLHImagSurface_a0_n": 0.8383711699262354,
    "WLHRealSpinOrbit_V0_p": 8.15655649433345,
    "WLHRealSpinOrbit_V1_p": 0.007971851111315618,
    "WLHRealSpinOrbit_r0_p": 1.3793847026091868,
    "WLHRealSpinOrbit_r1_p": 1.0046025503691565,
    "WLHRealSpinOrbit_a0_p": 0.865870547958852,
    "WLHRealSpinOrbit_a1_p": 0.0003793442871333328,
    "WLHRealSpinOrbit_V0_n": 9.687833667591462,
    "WLHRealSpinOrbit_V1_n": 0.008416431132950118,
    "WLHRealSpinOrbit_r0_n": 1.260833216489242,
    "WLHRealSpinOrbit_r1_n": 0.8434697146924941,
    "WLHRealSpinOrbit_a0_n": 0.7903874079554717,
    "WLHRealSpinOrbit_a1_n": 0.00035225786135330284
}