{
    "WLHReal_V0_p": 50.8310264731669,
    "WLHReal_V1_p": 0.2857416231838306,
    "WLHReal_V2_p": -0.000613353748934437,
    "WLHReal_V3_p": 3.7407958441048233e-06,
    "WLHReal_V4_p": 11.729596576036592,
    "WLHReal_V5_p": 0.13239937524001166,
    "WLHReal_V6_p": 0.0004843523349588008,
    "WLHReal_r0_p": 1.3547457570607209,
    "WLHReal_r1_p": 0.29778988362500863,
    "WLHReal_r2_p": 0.0008998220516986797,
    "WLHReal_r3_p": 9.594261660495967e-06,
    "WLHReal_a0_p": 0.7968333748847068,
    "WLHReal_a1_p": 2.751019150049786e-05,
    "WLHReal_a2_p": 9.291642774645169e-06,
    "WLHReal_a3_p": -0.009247027787098697,
    "WLHReal_a4_p": 0.5195839614496858,
    "WLHReal_V0_n": 53.62615405930457,
    "WLHReal_V1_n": 0.2737128214121187,
    "WLHReal_V2_n": -0.00022885186579604529,
    "WLHReal_V3_n": 2.4025968240738105e-06,
    "WLHReal_V4_n": 21.19343705683603,
    "WLHReal_V5_n": 0.28862107293158873,
    "WLHReal_V6_n": 0.0009804028760251324,
    "WLHReal_r0_n": 1.3112806599785634,
    "WLHReal_r1_n": 0.3945172868449557,
    "WLHReal_r2_n": 0.0007317718658144284,
    "WLHReal_r3_n": 5.9240128443292645e-06,
    "WLHReal_a0_n": 0.7373803620080036,
    "WLHReal_a1_n": 0.0005763901360025005,
    "WLHReal_a2_n": 6.039724804393089e-06,
    "WLHReal_a3_n": 0.21116897814731342,
    "WLHReal_a4_n": 0.722918854107696,
    "WLHImagVolume_W0_p": 5.04745938000231,
    "WLHImagVolume_W1_p": 0.20722257785379355,
    "WLHImagVolume_W2_p": 0.00030636577933012166,
    "WLHImagVolume_W3_p": 9.35897159738959,
    "WLHImagVolume_W4_p": 0.08064538178021115,
    "WLHImagVolume_r0_p": 0.7100937446660471,
    "WLHImagVolume_r1_p": 43.8244430296717,
    "WLHImagVolume_r2_p": 0.611205994685,
    "WLHImagVolume_r3_p": 57.44575158505422,
    "WLHImagVolume_r4_p": 0.6051945130724573,
    "WLHImagVolume_r5_p": 9.520291745570556e-07,
    "WLHImagVolume_a0_p": 0.5926559715597828,
    "WLHImagVolume_a1_p": 0.2699780544429147,
    "WLHImagVolume_a2_p": 14.976821190397139,
    "WLHImagVolume_a3_p": 0.43411670536576286,
    "WLHImagVolume_a4_p": 0.002792852093653343,
    "WLHImagVolume_W0_n": 2.738217567705193,
    "WLHImagVolume_W1_n": 0.2752732097959143,
    "WLHImagVolume_W2_n": 0.0004939052807478147,
    "WLHImagVolume_W3_n": 8.662910795813653,
    "WLHImagVolume_W4_n": 0.0359164876141381,
    "WLHImagVolume_r0_n": 0.5617694952402726,
    "WLHImagVolume_r1_n": 71.06925293683297,
    "WLHImagVolume_r2_n": 0.7337239177203815,
    "WLHImagVolume_r3_n": 80.76309426081386,
    "WLHImagVolume_r4_n": 0.9891353548123718,
    "WLHImagVolume_r5_n": 4.158849821155293e-06,
    "WLHImagVolume_a0_n": 0.25337297101423606,
    "WLHImagVolume_a1_n": 0.5923431543967758,
    "WLHImagVolume_a2_n": 7.189969142744512,
    "WLHImagVolume_a3_n": 0.07281220920642302,
    "WLHImagVolume_a4_n": 0.0010662703689379035,
    "WLHImagSurface_W0_p": 0.7545126223964216,
    "WLHImagSurface_W1_p": 0.028485419513257795,
    "WLHImagSurface_W2_p": 0.5669958063166978,
    "WLHImagSurface_W3_p": 0.09909185538801107,
    "WLHImagSurface_r0_p": 0.8609773664303353,
    "WLHImagSurface_r1_p": 0.09892263301460597,
    "WLHImagSurface_r2_p": 0.0009490173070019923,
    "WLHImagSurface_a0_p": 0.769606111622741,
    "WLHImagSurface_W0_n": 1.5918426492377789,
    "WLHImagSurface_W1_n": 0.036243066295256685,
    "WLHImagSurface_W2_n": 2.6369649273246942,
    "WLHImagSurface_W3_n": 0.14269350956915494,
    "WLHImagSurface_r0_n": 1.276784359642752,
    "WLHImagSurface_r1_n": 1.461195078715919,
    "WLHImagSurface_r2_n": 0.0032010083662131063,
    "WLHImagSurface_a0_n": 0.8469382930907086,
    "WLHRealSpinOrbit_V0_p": 9.149324461560203,
    "WLHRealSpinOrbit_V1_p": 0.008562971608385685,
    "WLHRealSpinOrbit_r0_p": 1.3320750490863122,
    "WLHRealSpinOrbit_r1_p": 0.9472487532941275,
    "WLHRealSpinOrbit_a0_p": 0.8426832988125439,
    "WLHRealSpinOrbit_a1_p": 0.00035929770380928344,
    "WLHRealSpinOrbit_V0_n": 9.637309510770011,
    "WLHRealSpinOrbit_V1_n": 0.00848815678512308,
    "WLHRealSpinOrbit_r0_n": 1.2794560848644807,
    "WLHRealSpinOrbit_r1_n": 0.8611746564952014,
    "WLHRealSpinOrbit_a0_n": 0.8015545067198542,
    "WLHRealSpinOrbit_a1_n": 0.00036643163654264223
}