{
    "WLHReal_V0_p": 52.02056317800038,
    "WLHReal_V1_p": 0.28347490512175005,
    "WLHReal_V2_p": -0.0007073240880347939,
    "WLHReal_V3_p": 3.97237831882318e-06,
    "WLHReal_V4_p": 11.734504137559757,
    "WLHReal_V5_p": 0.1467798160038667,
    "WLHReal_V6_p": 0.0005583672913618984,
    "WLHReal_r0_p": 1.3625415733077268,
    "WLHReal_r1_p": 0.33676612702272885,
    "WLHReal_r2_p": 0.0009022141838109757,
    "WLHReal_r3_p": 1.0046512484964983e-05,
    "WLHReal_a0_p": 0.8053435587104717,
    "WLHReal_a1_p": 0.0001340350887548411,
    "WLHReal_a2_p": 8.573347298110457e-06,
    "WLHReal_a3_p": -0.006784152679733119,
    "WLHReal_a4_p": 0.5258343350341232,
    "WLHReal_V0_n": 48.43608998931166,
    "WLHReal_V1_n": 0.2692232576082566,
    "WLHReal_V2_n": -0.00042907185731902073,
    "WLHReal_V3_n": 3.1770491872739165e-06,
    "WLHReal_V4_n": 21.026483748822372,
    "WLHReal_V5_n": 0.2799977420614253,
    "WLHReal_V6_n": 0.0011969284655994348,
    "WLHReal_r0_n": 1.3160686004891882,
    "WLHReal_r1_n": 0.24604608157197233,
    "WLHReal_r2_n": 0.001077492361507577,
    "WLHReal_r3_n": 1.2053787004656044e-05,
    "WLHReal_a0_n": 0.7454878852020356,
    "WLHReal_a1_n": 0.0012324326280756174,
    "WLHReal_a2_n": 1.541726183734039e-05,
    "WLHReal_a3_n": 0.357614819574361,
    "WLHReal_a4_n": 1.0183178308028986,
    "WLHImagVolume_W0_p": 5.571577817298275,
    "WLHImagVolume_W1_p": 0.24520139509858874,
    "WLHImagVolume_W2_p": 0.000336703805388394,
    "WLHImagVolume_W3_p": 10.039784563119625,
    "WLHImagVolume_W4_p": 0.09435580698757898,
    "WLHImagVolume_r0_p": 0.7378079678248659,
    "WLHImagVolume_r1_p": 35.11770935825925,
    "WLHImagVolume_r2_p": 0.5802638974973217,
    "WLHImagVolume_r3_p": 48.61138616550096,
    "WLHImagVolume_r4_p": 0.6518376111203109,
    "WLHImagVolume_r5_p": 1.3381658451952776e-06,
    "WLHImagVolume_a0_p": 0.6223848327654322,
    "WLHImagVolume_a1_p": 0.24401675399911482,
    "WLHImagVolume_a2_p": 12.557965512460093,
    "WLHImagVolume_a3_p": 0.47300664903368805,
    "WLHImagVolume_a4_p": 0.0033584462447927843,
    "WLHImagVolume_W0_n": 2.2464581746327337,
    "WLHImagVolume_W1_n": 0.15937159037758888,
    "WLHImagVolume_W2_n": 0.00038276781281784114,
    "WLHImagVolume_W3_n": 6.87318556512111,
    "WLHImagVolume_W4_n": -0.021306547796780925,
    "WLHImagVolume_r0_n": 0.5122366274506992,
    "WLHImagVolume_r1_n": 105.82114828371337,
    "WLHImagVolume_r2_n": 0.7968753034683581,
    "WLHImagVolume_r3_n": 100.48766297448533,
    "WLHImagVolume_r4_n": 0.7641548674863223,
    "WLHImagVolume_r5_n": 3.37373227876672e-06,
    "WLHImagVolume_a0_n": 0.21318747585182146,
    "WLHImagVolume_a1_n": 0.5969968574514878,
    "WLHImagVolume_a2_n": 8.092502186262669,
    "WLHImagVolume_a3_n": 0.07560260595498945,
    "WLHImagVolume_a4_n": 0.00021311754154764448,
    "WLHImagSurface_W0_p": 0.6380351268168574,
    "WLHImagSurface_W1_p": 0.022335105070859826,
    "WLHImagSurface_W2_p": 0.5472571463548215,
    "WLHImagSurface_W3_p": 0.08667402818458103,
    "WLHImagSurface_r0_p": 0.788487968384067,
    "WLHImagSurface_r1_p": 0.11789420227634989,
    "WLHImagSurface_r2_p": 0.0003958626596521947,
    "WLHImagSurface_a0_p": 0.6804219600651787,
    "WLHImagSurface_W0_n": 1.3399296768914093,
    "WLHImagSurface_W1_n": 0.03642462407839764,
    "WLHImagSurface_W2_n": 1.8852915850462741,
    "WLHImagSurface_W3_n": 0.14152109285881373,
    "WLHImagSurface_r0_n": 1.3326264772988605,
    "WLHImagSurface_r1_n": 1.4705900560132608,
    "WLHImagSurface_r2_n": 0.002543781963265364,
    "WLHImagSurface_a0_n": 0.8694175166527845,
    "WLHRealSpinOrbit_V0_p": 9.29376198154947,
    "WLHRealSpinOrbit_V1_p": 0.008744687868540822,
    "WLHRealSpinOrbit_r0_p": 1.334353009887375,
    "WLHRealSpinOrbit_r1_p": 0.9540845125448121,
    "WLHRealSpinOrbit_a0_p": 0.8470298217551824,
    "WLHRealSpinOrbit_a1_p": 0.0003519109679444767,
    "WLHRealSpinOrbit_V0_n": 9.160099466156996,
    "WLHRealSpinOrbit_V1_n": 0.008300775815334909,
    "WLHRealSpinOrbit_r0_n": 1.3073298565682894,
    "WLHRealSpinOrbit_r1_n": 0.9036179760412835,
    "WLHRealSpinOrbit_a0_n": 0.8207891803094334,
    "WLHRealSpinOrbit_a1_n": 0.00037491111639008807
}