{
    "WLHReal_V0_p": 61.55083186164394,
    "WLHReal_V1_p": 0.35745389098094066,
    "WLHReal_V2_p": 0.0014208449966181523,
    "WLHReal_V3_p": -2.868501161753019e-06,
    "WLHReal_V4_p": 15.836755469374108,
    "WLHReal_V5_p": 0.13014331122386424,
    "WLHReal_V6_p": -0.00016568313837755818,
    "WLHReal_r0_p": 1.1611952918834147,
    "WLHReal_r1_p": 0.2867177979865204,
    "WLHReal_r2_p": 0.0005162085991865371,
    "WLHReal_r3_p": -2.928770225084757e-06,
    "WLHReal_a0_p": 0.7283063016008896,
    "WLHReal_a1_p": 0.00033032487898824927,
    "WLHReal_a2_p": -4.9826908766275744e-06,
    "WLHReal_a3_p": 0.21367845698576876,
    "WLHReal_a4_p": 0.6822654918168971,
    "WLHReal_V0_n": 51.868630275454976,
    "WLHReal_V1_n": 0.27586358283939955,
    "WLHReal_V2_n": -0.0003411270129223387,
    "WLHReal_V3_n": 3.1747290469719737e-06,
    "WLHReal_V4_n": 21.13778203157158,
    "WLHReal_V5_n": 0.287432546927424,
    "WLHReal_V6_n": 0.0011222728197498128,
    "WLHReal_r0_n": 1.3066589973276725,
    "WLHReal_r1_n": 0.31475023117584455,
    "WLHReal_r2_n": 0.0009280762382228669,
    "WLHReal_r3_n": 9.624353446135915e-06,
    "WLHReal_a0_n": 0.7434547027234018,
    "WLHReal_a1_n": 0.0008923543652052427,
    "WLHReal_a2_n": 1.0736762729887364e-05,
    "WLHReal_a3_n": 0.28749631919514546,
    "WLHReal_a4_n": 0.8880072363571008,
    "WLHImagVolume_W0_p": 2.1704068019815046,
    "WLHImagVolume_W1_p": 0.27920869626950856,
    "WLHImagVolume_W2_p": 0.000545841320786653,
    "WLHImagVolume_W3_p": 17.754643226356826,
    "WLHImagVolume_W4_p": 0.061698905419040606,
    "WLHImagVolume_r0_p": 0.3858266831436447,
    "WLHImagVolume_r1_p": 69.39468566962356,
    "WLHImagVolume_r2_p": 0.720766266203563,
    "WLHImagVolume_r3_p": 74.54495856036557,
    "WLHImagVolume_r4_p": 0.6386326623716604,
    "WLHImagVolume_r5_p": 2.14705720166135e-06,
    "WLHImagVolume_a0_p": 0.4442459853571945,
    "WLHImagVolume_a1_p": 0.31010666946402854,
    "WLHImagVolume_a2_p": 15.830876690303606,
    "WLHImagVolume_a3_p": 0.3385604176779283,
    "WLHImagVolume_a4_p": 0.0008750524989094319,
    "WLHImagVolume_W0_n": 2.7656911838455893,
    "WLHImagVolume_W1_n": 0.23538889616691672,
    "WLHImagVolume_W2_n": 0.0004535062728955745,
    "WLHImagVolume_W3_n": 8.409486386719902,
    "WLHImagVolume_W4_n": 0.015126400068992457,
    "WLHImagVolume_r0_n": 0.5627723926280345,
    "WLHImagVolume_r1_n": 81.77797599192036,
    "WLHImagVolume_r2_n": 0.7340636980142023,
    "WLHImagVolume_r3_n": 87.95957510743513,
    "WLHImagVolume_r4_n": 0.9168388767937936,
    "WLHImagVolume_r5_n": 3.7042482344892177e-06,
    "WLHImagVolume_a0_n": 0.24230595634192265,
    "WLHImagVolume_a1_n": 0.5845787885913005,
    "WLHImagVolume_a2_n": 7.027462218365664,
    "WLHImagVolume_a3_n": 0.06258885873651773,
    "WLHImagVolume_a4_n": 0.0006278624051164973,
    "WLHImagSurface_W0_p": 1.5030128471101942,
    "WLHImagSurface_W1_p": 0.07117970166607608,
    "WLHImagSurface_W2_p": 1.7857226035605547,
    "WLHImagSurface_W3_p": 0.2439635136639523,
    "WLHImagSurface_r0_p": 1.3071556186500755,
    "WLHImagSurface_r1_p": 1.5133149892714017,
    "WLHImagSurface_r2_p": 0.013164974679010904,
    "WLHImagSurface_a0_p": 0.8479521104833365,
    "WLHImagSurface_W0_n": 1.527185361132673,
    "WLHImagSurface_W1_n": 0.03763943286962305,
    "WLHImagSurface_W2_n": 2.230146979567136,
    "WLHImagSurface_W3_n": 0.14079650893193552,
    "WLHImagSurface_r0_n": 1.2924882913639013,
    "WLHImagSurface_r1_n": 1.471344520791074,
    "WLHImagSurface_r2_n": 0.002905236830194602,
    "WLHImagSurface_a0_n": 0.8557872126605507,
    "WLHRealSpinOrbit_V0_p": 10.71773276861918,
    "WLHRealSpinOrbit_V1_p": 0.008079670631548892,
    "WLHRealSpinOrbit_r0_p": 1.1132927945855247,
    "WLHRealSpinOrbit_r1_p": 0.6370840188168836,
    "WLHRealSpinOrbit_a0_p": 0.6846431687542598,
    "WLHRealSpinOrbit_a1_p": 0.00032845066088778784,
    "WLHRealSpinOrbit_V0_n": 9.548597434067418,
    "WLHRealSpinOrbit_V1_n": 0.008532973897827152,
    "WLHRealSpinOrbit_r0_n": 1.2883299051311254,
    "WLHRealSpinOrbit_r1_n": 0.8820941315846504,
    "WLHRealSpinOrbit_a0_n": 0.8110763937367309,
    "WLHRealSpinOrbit_a1_n": 0.00035922622464708634
}