{
    "ECS_p": 0.419222,
    "ECS_n": 0.308968,
    "APower_p": 0.865949,
    "APower_n": 0.357861
}