{
    "CH89RealCentral": {
        "V_0": 55.4278,
        "V_t": 10.9077,
        "V_e": -0.385541,
        "r_o": 1.24302,
        "r_o_0": -0.330366,
        "a_0": 0.684196
    },
    "CH89Coulomb": {
        "r_c": 1.30388,
        "r_c_0": 0.0812328
    },
    "CH89SpinOrbit": {
        "V_so": 5.49325,
        "r_so": 1.29698,
        "r_so_0": -1.3347,
        "a_so": 0.577754
    },
    "CH89ImagCentral": {
        "W_v0": 5.91847,
        "W_ve0": 6.19212,
        "W_vew": 31.2332,
        "W_s0": 7.0648,
        "W_st": 16.965,
        "W_se0": 50.9974,
        "W_sew": 36.7975,
        "r_w": 1.20989,
        "r_w0": 0.131788,
        "a_w": 0.716591
    }
}