{
    "WLHReal_V0_p": 50.62737309124234,
    "WLHReal_V1_p": 0.289281944996372,
    "WLHReal_V2_p": -0.0005752008820763739,
    "WLHReal_V3_p": 3.6186589335163117e-06,
    "WLHReal_V4_p": 11.764841016068754,
    "WLHReal_V5_p": 0.11850883315964023,
    "WLHReal_V6_p": 0.00044222528223310763,
    "WLHReal_r0_p": 1.3364357060463314,
    "WLHReal_r1_p": 0.23706488399816197,
    "WLHReal_r2_p": 0.0010133680738857187,
    "WLHReal_r3_p": 1.0985005335257935e-05,
    "WLHReal_a0_p": 0.7926421630398294,
    "WLHReal_a1_p": -3.249490157657023e-05,
    "WLHReal_a2_p": 9.814097309221019e-06,
    "WLHReal_a3_p": -0.007477236385415226,
    "WLHReal_a4_p": 0.5475752086247084,
    "WLHReal_V0_n": 56.26982842831686,
    "WLHReal_V1_n": 0.3333657747997524,
    "WLHReal_V2_n": 0.0005214283952605793,
    "WLHReal_V3_n": 3.958452391704497e-07,
    "WLHReal_V4_n": 21.16249337840401,
    "WLHReal_V5_n": 0.23799686965681127,
    "WLHReal_V6_n": 0.00045234702973583356,
    "WLHReal_r0_n": 1.2320038134333973,
    "WLHReal_r1_n": 0.28012269057067485,
    "WLHReal_r2_n": 0.0005278404441740419,
    "WLHReal_r3_n": 1.1609114787525275e-06,
    "WLHReal_a0_n": 0.7088465939821421,
    "WLHReal_a1_n": 0.0003167833970472301,
    "WLHReal_a2_n": 1.0672463286315919e-06,
    "WLHReal_a3_n": 0.2164491361907862,
    "WLHReal_a4_n": 0.7196261695612098,
    "WLHImagVolume_W0_p": 4.881144982226892,
    "WLHImagVolume_W1_p": 0.19346790809820544,
    "WLHImagVolume_W2_p": 0.00026601437038532925,
    "WLHImagVolume_W3_p": 9.566205132715183,
    "WLHImagVolume_W4_p": 0.07401796312153187,
    "WLHImagVolume_r0_p": 0.7495818507168399,
    "WLHImagVolume_r1_p": 43.80424008773101,
    "WLHImagVolume_r2_p": 0.5649660134916646,
    "WLHImagVolume_r3_p": 60.624233664425574,
    "WLHImagVolume_r4_p": 0.651638210931956,
    "WLHImagVolume_r5_p": 1.362086618332667e-06,
    "WLHImagVolume_a0_p": 0.5835940247240786,
    "WLHImagVolume_a1_p": 0.27082520567453994,
    "WLHImagVolume_a2_p": 15.226170455379027,
    "WLHImagVolume_a3_p": 0.423343384276035,
    "WLHImagVolume_a4_p": 0.0026280071311016767,
    "WLHImagVolume_W0_n": 2.485647301353635,
    "WLHImagVolume_W1_n": 0.25390652871340846,
    "WLHImagVolume_W2_n": 0.0005172800200169213,
    "WLHImagVolume_W3_n": 8.435192895610227,
    "WLHImagVolume_W4_n": 0.06385595023406863,
    "WLHImagVolume_r0_n": 0.5037733304711951,
    "WLHImagVolume_r1_n": 80.62799728072596,
    "WLHImagVolume_r2_n": 0.7260756298188479,
    "WLHImagVolume_r3_n": 76.8846931639914,
    "WLHImagVolume_r4_n": 0.8150757219717566,
    "WLHImagVolume_r5_n": 1.5215778751484005e-06,
    "WLHImagVolume_a0_n": 0.1689462666067063,
    "WLHImagVolume_a1_n": 0.6275309092356304,
    "WLHImagVolume_a2_n": 8.159536008024897,
    "WLHImagVolume_a3_n": 0.024637327872672476,
    "WLHImagVolume_a4_n": 0.0002983460971521948,
    "WLHImagSurface_W0_p": 0.6751024493682662,
    "WLHImagSurface_W1_p": 0.015596474130974362,
    "WLHImagSurface_W2_p": 0.039703778979624404,
    "WLHImagSurface_W3_p": 0.040996620281673085,
    "WLHImagSurface_r0_p": 0.8709517290302778,
    "WLHImagSurface_r1_p": 0.04779038388011969,
    "WLHImagSurface_r2_p": 0.0009570789547585657,
    "WLHImagSurface_a0_p": 0.8089641241204701,
    "WLHImagSurface_W0_n": 2.105617402290157,
    "WLHImagSurface_W1_n": 0.0372784788895969,
    "WLHImagSurface_W2_n": 2.8576942473773945,
    "WLHImagSurface_W3_n": 0.11456217438941871,
    "WLHImagSurface_r0_n": 1.2835381186707853,
    "WLHImagSurface_r1_n": 1.4040969241493395,
    "WLHImagSurface_r2_n": 0.0046610503495607665,
    "WLHImagSurface_a0_n": 0.8122070360337157,
    "WLHRealSpinOrbit_V0_p": 9.281592831101324,
    "WLHRealSpinOrbit_V1_p": 0.008661379767165585,
    "WLHRealSpinOrbit_r0_p": 1.3240116170700447,
    "WLHRealSpinOrbit_r1_p": 0.9431004350435951,
    "WLHRealSpinOrbit_a0_p": 0.8404966813578251,
    "WLHRealSpinOrbit_a1_p": 0.0003493460802084081,
    "WLHRealSpinOrbit_V0_n": 9.906193618302838,
    "WLHRealSpinOrbit_V1_n": 0.00820525079542223,
    "WLHRealSpinOrbit_r0_n": 1.2092025787961935,
    "WLHRealSpinOrbit_r1_n": 0.779241685894446,
    "WLHRealSpinOrbit_a0_n": 0.7547113945312561,
    "WLHRealSpinOrbit_a1_n": 0.00033318939221127687
}