{
    "WLHReal_V0_p": 50.46567153221609,
    "WLHReal_V1_p": 0.29143783567527887,
    "WLHReal_V2_p": -0.0002889726224994241,
    "WLHReal_V3_p": 2.9184937072846812e-06,
    "WLHReal_V4_p": 12.339049704164347,
    "WLHReal_V5_p": 0.11624106767909116,
    "WLHReal_V6_p": 0.00033268427352105235,
    "WLHReal_r0_p": 1.324857518487713,
    "WLHReal_r1_p": 0.25360741217744603,
    "WLHReal_r2_p": 0.0008284844354402823,
    "WLHReal_r3_p": 8.336165459080244e-06,
    "WLHReal_a0_p": 0.7782243175773276,
    "WLHReal_a1_p": -6.195463050435283e-05,
    "WLHReal_a2_p": 7.88700514560861e-06,
    "WLHReal_a3_p": 0.008013003961032598,
    "WLHReal_a4_p": 0.5173898266460795,
    "WLHReal_V0_n": 57.393989121260375,
    "WLHReal_V1_n": 0.3102274892608807,
    "WLHReal_V2_n": 0.0002952779360730352,
    "WLHReal_V3_n": 2.4526970652497494e-07,
    "WLHReal_V4_n": 21.917133769095628,
    "WLHReal_V5_n": 0.25281926752640166,
    "WLHReal_V6_n": 0.0006645762137368904,
    "WLHReal_r0_n": 1.2207998969442857,
    "WLHReal_r1_n": 0.2622095059469621,
    "WLHReal_r2_n": 0.0006481327348885001,
    "WLHReal_r3_n": 4.516349375960231e-06,
    "WLHReal_a0_n": 0.7193932515418374,
    "WLHReal_a1_n": 0.0003375904006159004,
    "WLHReal_a2_n": 3.472052917564454e-06,
    "WLHReal_a3_n": 0.2512200869546707,
    "WLHReal_a4_n": 0.7955886265624941,
    "WLHImagVolume_W0_p": 4.0780027698640895,
    "WLHImagVolume_W1_p": 0.16521093390246866,
    "WLHImagVolume_W2_p": 0.0002635631080730158,
    "WLHImagVolume_W3_p": 9.185881324504452,
    "WLHImagVolume_W4_p": 0.0618450227270598,
    "WLHImagVolume_r0_p": 0.6561629306016242,
    "WLHImagVolume_r1_p": 54.189120017201894,
    "WLHImagVolume_r2_p": 0.6445811870523553,
    "WLHImagVolume_r3_p": 67.12081958548595,
    "WLHImagVolume_r4_p": 0.5638210123651212,
    "WLHImagVolume_r5_p": 8.285201585855373e-07,
    "WLHImagVolume_a0_p": 0.5435339350826897,
    "WLHImagVolume_a1_p": 0.3006423773475921,
    "WLHImagVolume_a2_p": 17.52225345600489,
    "WLHImagVolume_a3_p": 0.3802863366882579,
    "WLHImagVolume_a4_p": 0.0019546751253727707,
    "WLHImagVolume_W0_n": 3.1293493691743697,
    "WLHImagVolume_W1_n": 0.27689442576954065,
    "WLHImagVolume_W2_n": 0.0003502848380511148,
    "WLHImagVolume_W3_n": 10.039283125566545,
    "WLHImagVolume_W4_n": 0.06198081183386368,
    "WLHImagVolume_r0_n": 0.6460040977038315,
    "WLHImagVolume_r1_n": 48.66959619049133,
    "WLHImagVolume_r2_n": 0.572801565246527,
    "WLHImagVolume_r3_n": 62.44576795197551,
    "WLHImagVolume_r4_n": 1.0484331217658225,
    "WLHImagVolume_r5_n": 2.477506048248556e-06,
    "WLHImagVolume_a0_n": 0.21799904048901803,
    "WLHImagVolume_a1_n": 0.583602129279818,
    "WLHImagVolume_a2_n": 7.122255995439569,
    "WLHImagVolume_a3_n": 0.017787213389989856,
    "WLHImagVolume_a4_n": 0.0006095111764723174,
    "WLHImagSurface_W0_p": 0.9690566328796362,
    "WLHImagSurface_W1_p": 0.0401860572021764,
    "WLHImagSurface_W2_p": 0.7815744951709459,
    "WLHImagSurface_W3_p": 0.12974903434682825,
    "WLHImagSurface_r0_p": 0.9841479489111975,
    "WLHImagSurface_r1_p": 0.21728777983038905,
    "WLHImagSurface_r2_p": 0.002968533440026411,
    "WLHImagSurface_a0_p": 0.8682695386628614,
    "WLHImagSurface_W0_n": 1.78644351470778,
    "WLHImagSurface_W1_n": 0.026236864645868618,
    "WLHImagSurface_W2_n": 1.8787043533931898,
    "WLHImagSurface_W3_n": 0.07493777294763376,
    "WLHImagSurface_r0_n": 1.2277545302368302,
    "WLHImagSurface_r1_n": 1.3254295802313103,
    "WLHImagSurface_r2_n": 0.0042155688264428936,
    "WLHImagSurface_a0_n": 0.8151249239558009,
    "WLHRealSpinOrbit_V0_p": 9.167418636023937,
    "WLHRealSpinOrbit_V1_p": 0.008309099671924872,
    "WLHRealSpinOrbit_r0_p": 1.306303146973604,
    "WLHRealSpinOrbit_r1_p": 0.9043258498628424,
    "WLHRealSpinOrbit_a0_p": 0.8204116851486174,
    "WLHRealSpinOrbit_a1_p": 0.0003684312834915054,
    "WLHRealSpinOrbit_V0_n": 10.509611870621942,
    "WLHRealSpinOrbit_V1_n": 0.008834722963052145,
    "WLHRealSpinOrbit_r0_n": 1.2063054055492204,
    "WLHRealSpinOrbit_r1_n": 0.7865893798209885,
    "WLHRealSpinOrbit_a0_n": 0.7630122584899389,
    "WLHRealSpinOrbit_a1_n": 0.000314010409839714
}