{
    "ECS_p": 0.380212,
    "ECS_n": 0.279305,
    "APower_p": 0.843653,
    "APower_n": 0.672553
}