{
    "ECS_p": 0.388523,
    "ECS_n": 0.396782,
    "APower_p": 0.550959,
    "APower_n": 0.61209
}