{
    "WLHReal_V0_p": 51.34772848145753,
    "WLHReal_V1_p": 0.2608540893351341,
    "WLHReal_V2_p": -0.00025961163567074107,
    "WLHReal_V3_p": 1.826767303706907e-06,
    "WLHReal_V4_p": 14.103580852778542,
    "WLHReal_V5_p": 0.11803959520650065,
    "WLHReal_V6_p": 0.0003485932724317476,
    "WLHReal_r0_p": 1.29048025602097,
    "WLHReal_r1_p": 0.21799674142685463,
    "WLHReal_r2_p": 0.0007857625752556821,
    "WLHReal_r3_p": 8.168810668945677e-06,
    "WLHReal_a0_p": 0.7671796313187633,
    "WLHReal_a1_p": 1.5303000149254387e-05,
    "WLHReal_a2_p": 6.932450135892522e-06,
    "WLHReal_a3_p": -0.00277667086947133,
    "WLHReal_a4_p": 0.48437512155289897,
    "WLHReal_V0_n": 50.4596642468674,
    "WLHReal_V1_n": 0.2585974760586538,
    "WLHReal_V2_n": -0.0012082517656099834,
    "WLHReal_V3_n": 5.981258480259173e-06,
    "WLHReal_V4_n": 20.150069068363198,
    "WLHReal_V5_n": 0.3544040397427019,
    "WLHReal_V6_n": 0.0018596166486181884,
    "WLHReal_r0_n": 1.3854473625569377,
    "WLHReal_r1_n": 0.40241107133333176,
    "WLHReal_r2_n": 0.0013368998367549105,
    "WLHReal_r3_n": 1.675567866868978e-05,
    "WLHReal_a0_n": 0.784888803295954,
    "WLHReal_a1_n": 0.0013947335693377644,
    "WLHReal_a2_n": 2.0586833643779783e-05,
    "WLHReal_a3_n": 0.30751310268585236,
    "WLHReal_a4_n": 1.0197513662389976,
    "WLHImagVolume_W0_p": 3.913966116562872,
    "WLHImagVolume_W1_p": 0.15243459846028762,
    "WLHImagVolume_W2_p": -1.8607195838517135e-05,
    "WLHImagVolume_W3_p": 8.708961089629726,
    "WLHImagVolume_W4_p": 0.06124254386595167,
    "WLHImagVolume_r0_p": 0.8536314013796822,
    "WLHImagVolume_r1_p": 22.87074449173137,
    "WLHImagVolume_r2_p": 0.4066104672928427,
    "WLHImagVolume_r3_p": 41.414877948092496,
    "WLHImagVolume_r4_p": 0.7911978612945074,
    "WLHImagVolume_r5_p": 1.919888679739448e-06,
    "WLHImagVolume_a0_p": 0.5711276412335922,
    "WLHImagVolume_a1_p": 0.23660962734582336,
    "WLHImagVolume_a2_p": 11.664846939698991,
    "WLHImagVolume_a3_p": 0.4232238694229097,
    "WLHImagVolume_a4_p": 0.002540939660069924,
    "WLHImagVolume_W0_n": 3.9145098921398875,
    "WLHImagVolume_W1_n": 0.31471818662634454,
    "WLHImagVolume_W2_n": 0.0007487427816001055,
    "WLHImagVolume_W3_n": 10.19730576356443,
    "WLHImagVolume_W4_n": 0.013064745963985621,
    "WLHImagVolume_r0_n": 0.5914368467356459,
    "WLHImagVolume_r1_n": 83.24691743093142,
    "WLHImagVolume_r2_n": 0.779723918285615,
    "WLHImagVolume_r3_n": 104.1855555144472,
    "WLHImagVolume_r4_n": 1.0012984326675296,
    "WLHImagVolume_r5_n": 6.200475117893282e-06,
    "WLHImagVolume_a0_n": 0.3338241375414999,
    "WLHImagVolume_a1_n": 0.5318681435074232,
    "WLHImagVolume_a2_n": 3.1752349251701726,
    "WLHImagVolume_a3_n": 0.05698575721041011,
    "WLHImagVolume_a4_n": 0.0007924129233904517,
    "WLHImagSurface_W0_p": 0.699683678747971,
    "WLHImagSurface_W1_p": 0.01083832820820501,
    "WLHImagSurface_W2_p": 0.386274861114009,
    "WLHImagSurface_W3_p": 0.02271622766596447,
    "WLHImagSurface_r0_p": 0.8537979727201956,
    "WLHImagSurface_r1_p": 0.14685837541991537,
    "WLHImagSurface_r2_p": 0.0034984584830453766,
    "WLHImagSurface_a0_p": 0.7075187122788404,
    "WLHImagSurface_W0_n": 1.6490142160350985,
    "WLHImagSurface_W1_n": 0.06283483352333696,
    "WLHImagSurface_W2_n": 2.9096668244350585,
    "WLHImagSurface_W3_n": 0.23128098721472864,
    "WLHImagSurface_r0_n": 1.302766068842203,
    "WLHImagSurface_r1_n": 1.7159945181700542,
    "WLHImagSurface_r2_n": 0.0015342645521167952,
    "WLHImagSurface_a0_n": 0.8913240305833392,
    "WLHRealSpinOrbit_V0_p": 9.851578091583292,
    "WLHRealSpinOrbit_V1_p": 0.00877680733111387,
    "WLHRealSpinOrbit_r0_p": 1.2843260191977508,
    "WLHRealSpinOrbit_r1_p": 0.8732130906397159,
    "WLHRealSpinOrbit_a0_p": 0.8106079794775788,
    "WLHRealSpinOrbit_a1_p": 0.0003663814826297784,
    "WLHRealSpinOrbit_V0_n": 9.140209997066792,
    "WLHRealSpinOrbit_V1_n": 0.008889609751609724,
    "WLHRealSpinOrbit_r0_n": 1.3651249008491628,
    "WLHRealSpinOrbit_r1_n": 0.9997926989494949,
    "WLHRealSpinOrbit_a0_n": 0.8705785308076319,
    "WLHRealSpinOrbit_a1_n": 0.00035215711002363655
}