{
    "ECS_p": 0.379799,
    "ECS_n": 0.318465,
    "APower_p": 0.928856,
    "APower_n": 0.616537
}