{
    "ECS_p": 0.381405,
    "ECS_n": 0.265304,
    "APower_p": 0.734075,
    "APower_n": 0.449867
}