{
    "WLHReal_V0_p": 55.51443630395341,
    "WLHReal_V1_p": 0.3215657034498756,
    "WLHReal_V2_p": -0.00031101121689301465,
    "WLHReal_V3_p": 2.9652221137408214e-06,
    "WLHReal_V4_p": 11.711977175316743,
    "WLHReal_V5_p": 0.14578606314865697,
    "WLHReal_V6_p": 0.0004343823120779321,
    "WLHReal_r0_p": 1.321205078864543,
    "WLHReal_r1_p": 0.324343806133852,
    "WLHReal_r2_p": 0.0010029176557028027,
    "WLHReal_r3_p": 9.101551142240099e-06,
    "WLHReal_a0_p": 0.8016188964738354,
    "WLHReal_a1_p": 0.0002273713446210635,
    "WLHReal_a2_p": 6.868766373366403e-06,
    "WLHReal_a3_p": 0.06030104753805395,
    "WLHReal_a4_p": 0.6352115499974325,
    "WLHReal_V0_n": 47.22569642318442,
    "WLHReal_V1_n": 0.22024166930203387,
    "WLHReal_V2_n": -0.00041924882179789796,
    "WLHReal_V3_n": 2.7067623183299777e-06,
    "WLHReal_V4_n": 22.36286072353949,
    "WLHReal_V5_n": 0.26758700692273807,
    "WLHReal_V6_n": 0.0011102361262308187,
    "WLHReal_r0_n": 1.3058297475588099,
    "WLHReal_r1_n": 0.23018487781726266,
    "WLHReal_r2_n": 0.0009888861441016193,
    "WLHReal_r3_n": 1.1428635515375347e-05,
    "WLHReal_a0_n": 0.7382454798754872,
    "WLHReal_a1_n": 0.0011003781233468132,
    "WLHReal_a2_n": 1.3707784866770943e-05,
    "WLHReal_a3_n": 0.3759572238714624,
    "WLHReal_a4_n": 0.9843107722138866,
    "WLHImagVolume_W0_p": 5.485898056058212,
    "WLHImagVolume_W1_p": 0.3054706186471121,
    "WLHImagVolume_W2_p": 0.0005548150846218249,
    "WLHImagVolume_W3_p": 13.660609250297362,
    "WLHImagVolume_W4_p": 0.1002942515389392,
    "WLHImagVolume_r0_p": 0.6346592546802213,
    "WLHImagVolume_r1_p": 47.97665041194043,
    "WLHImagVolume_r2_p": 0.6414802602775939,
    "WLHImagVolume_r3_p": 60.40128041896344,
    "WLHImagVolume_r4_p": 0.6549209191158845,
    "WLHImagVolume_r5_p": 1.7222697585922122e-06,
    "WLHImagVolume_a0_p": 0.5990398642619187,
    "WLHImagVolume_a1_p": 0.25686355540913236,
    "WLHImagVolume_a2_p": 13.231172117468672,
    "WLHImagVolume_a3_p": 0.46387590007558255,
    "WLHImagVolume_a4_p": 0.003108095574566651,
    "WLHImagVolume_W0_n": 1.6473749963370803,
    "WLHImagVolume_W1_n": 0.0969386090476217,
    "WLHImagVolume_W2_n": -2.2630544055133456e-05,
    "WLHImagVolume_W3_n": 5.954362613862873,
    "WLHImagVolume_W4_n": -0.053936972789896884,
    "WLHImagVolume_r0_n": 0.6039444889237477,
    "WLHImagVolume_r1_n": 84.54503848595424,
    "WLHImagVolume_r2_n": 0.6887036314054891,
    "WLHImagVolume_r3_n": 83.99009734069413,
    "WLHImagVolume_r4_n": 0.9254556713308326,
    "WLHImagVolume_r5_n": 3.9123692940299195e-06,
    "WLHImagVolume_a0_n": 0.22042031267664935,
    "WLHImagVolume_a1_n": 0.5932879633844819,
    "WLHImagVolume_a2_n": 10.473353800454891,
    "WLHImagVolume_a3_n": 0.11986832579241889,
    "WLHImagVolume_a4_n": 0.0007600939009272985,
    "WLHImagSurface_W0_p": 0.7030630002067204,
    "WLHImagSurface_W1_p": 0.023251056609875094,
    "WLHImagSurface_W2_p": 0.29641183346432864,
    "WLHImagSurface_W3_p": 0.08578020181695192,
    "WLHImagSurface_r0_p": 0.8871274830007526,
    "WLHImagSurface_r1_p": 0.45945003757915476,
    "WLHImagSurface_r2_p": 0.0022627879044752664,
    "WLHImagSurface_a0_p": 0.7264000607699871,
    "WLHImagSurface_W0_n": 0.5645215526328664,
    "WLHImagSurface_W1_n": 0.005849092291098909,
    "WLHImagSurface_W2_n": 0.40789532667137607,
    "WLHImagSurface_W3_n": 0.0593335220797469,
    "WLHImagSurface_r0_n": 1.2961284322510964,
    "WLHImagSurface_r1_n": 1.248958515038743,
    "WLHImagSurface_r2_n": 0.0022196608799858243,
    "WLHImagSurface_a0_n": 0.8713905722464776,
    "WLHRealSpinOrbit_V0_p": 9.65605502921887,
    "WLHRealSpinOrbit_V1_p": 0.00874289207281319,
    "WLHRealSpinOrbit_r0_p": 1.286111129359034,
    "WLHRealSpinOrbit_r1_p": 0.9013897564132058,
    "WLHRealSpinOrbit_a0_p": 0.8176084841178078,
    "WLHRealSpinOrbit_a1_p": 0.0003198147057298881,
    "WLHRealSpinOrbit_V0_n": 9.556489622579667,
    "WLHRealSpinOrbit_V1_n": 0.008517373501368521,
    "WLHRealSpinOrbit_r0_n": 1.2991824650703356,
    "WLHRealSpinOrbit_r1_n": 0.874839937116431,
    "WLHRealSpinOrbit_a0_n": 0.8130804970224081,
    "WLHRealSpinOrbit_a1_n": 0.0004022647387234584
}