{
    "WLHReal_V0_p": 55.22963357570939,
    "WLHReal_V1_p": 0.30124976237145307,
    "WLHReal_V2_p": 0.000294926533705808,
    "WLHReal_V3_p": 2.0923382261356411e-07,
    "WLHReal_V4_p": 14.479424769249,
    "WLHReal_V5_p": 0.11439365218298034,
    "WLHReal_V6_p": 0.00016664907794111867,
    "WLHReal_r0_p": 1.2342479138392337,
    "WLHReal_r1_p": 0.1984171627280967,
    "WLHReal_r2_p": 0.0008397389955566958,
    "WLHReal_r3_p": 6.559715855903957e-06,
    "WLHReal_a0_p": 0.7559768623410065,
    "WLHReal_a1_p": 0.0001079538097321085,
    "WLHReal_a2_p": 4.2480898024011e-06,
    "WLHReal_a3_p": 0.07656631269211708,
    "WLHReal_a4_p": 0.5949548427503266,
    "WLHReal_V0_n": 55.40729508960501,
    "WLHReal_V1_n": 0.3404478735892657,
    "WLHReal_V2_n": -0.0001948227643004608,
    "WLHReal_V3_n": 3.49282622941668e-06,
    "WLHReal_V4_n": 19.705540379644543,
    "WLHReal_V5_n": 0.2982395179560377,
    "WLHReal_V6_n": 0.0010893839288300677,
    "WLHReal_r0_n": 1.3048335522726233,
    "WLHReal_r1_n": 0.3642686169411831,
    "WLHReal_r2_n": 0.0008945038279761209,
    "WLHReal_r3_n": 7.412711731473676e-06,
    "WLHReal_a0_n": 0.7457116479301428,
    "WLHReal_a1_n": 0.0007925305024056905,
    "WLHReal_a2_n": 9.162947074586344e-06,
    "WLHReal_a3_n": 0.22137616452547895,
    "WLHReal_a4_n": 0.8343773326192367,
    "WLHImagVolume_W0_p": 3.480952497552641,
    "WLHImagVolume_W1_p": 0.20564652801309616,
    "WLHImagVolume_W2_p": 0.00018758443952992564,
    "WLHImagVolume_W3_p": 12.565611930525822,
    "WLHImagVolume_W4_p": 0.06235081243941405,
    "WLHImagVolume_r0_p": 0.7302498943218956,
    "WLHImagVolume_r1_p": 37.75523177935405,
    "WLHImagVolume_r2_p": 0.47320741984562087,
    "WLHImagVolume_r3_p": 54.6840881039843,
    "WLHImagVolume_r4_p": 0.79185884330137,
    "WLHImagVolume_r5_p": 2.125196394144194e-06,
    "WLHImagVolume_a0_p": 0.5319613831828564,
    "WLHImagVolume_a1_p": 0.2554290496140419,
    "WLHImagVolume_a2_p": 12.69216432120331,
    "WLHImagVolume_a3_p": 0.4000789576387715,
    "WLHImagVolume_a4_p": 0.002050971931173933,
    "WLHImagVolume_W0_n": 3.618913351390641,
    "WLHImagVolume_W1_n": 0.34341197840293947,
    "WLHImagVolume_W2_n": 0.0009481564160911788,
    "WLHImagVolume_W3_n": 10.12034462156312,
    "WLHImagVolume_W4_n": 0.07515007493267209,
    "WLHImagVolume_r0_n": 0.4748505162862124,
    "WLHImagVolume_r1_n": 94.0514274546645,
    "WLHImagVolume_r2_n": 0.826342368100798,
    "WLHImagVolume_r3_n": 98.9067618761046,
    "WLHImagVolume_r4_n": 0.7961444915795899,
    "WLHImagVolume_r5_n": 2.64262712054848e-06,
    "WLHImagVolume_a0_n": 0.23836232484723063,
    "WLHImagVolume_a1_n": 0.5894829933858432,
    "WLHImagVolume_a2_n": 4.074665954632555,
    "WLHImagVolume_a3_n": 0.0036729064471762787,
    "WLHImagVolume_a4_n": 0.00019172442598489736,
    "WLHImagSurface_W0_p": 0.8423709960495015,
    "WLHImagSurface_W1_p": 0.01619919297115292,
    "WLHImagSurface_W2_p": 0.2708532254193764,
    "WLHImagSurface_W3_p": 0.03571629945176834,
    "WLHImagSurface_r0_p": 0.9931910894122616,
    "WLHImagSurface_r1_p": 0.5747134014755813,
    "WLHImagSurface_r2_p": 0.006373955451885376,
    "WLHImagSurface_a0_p": 0.7692790557386914,
    "WLHImagSurface_W0_n": 2.550810999420566,
    "WLHImagSurface_W1_n": 0.07204797548906708,
    "WLHImagSurface_W2_n": 4.138165150893968,
    "WLHImagSurface_W3_n": 0.2288028405637968,
    "WLHImagSurface_r0_n": 1.3133485835435181,
    "WLHImagSurface_r1_n": 1.7090189933125202,
    "WLHImagSurface_r2_n": 0.0036722787861343193,
    "WLHImagSurface_a0_n": 0.8413978460792713,
    "WLHRealSpinOrbit_V0_p": 10.300146723328972,
    "WLHRealSpinOrbit_V1_p": 0.008704942747827486,
    "WLHRealSpinOrbit_r0_p": 1.2208273627427026,
    "WLHRealSpinOrbit_r1_p": 0.7965320483292887,
    "WLHRealSpinOrbit_a0_p": 0.7691772778135925,
    "WLHRealSpinOrbit_a1_p": 0.0003364244921471596,
    "WLHRealSpinOrbit_V0_n": 9.32806262971988,
    "WLHRealSpinOrbit_V1_n": 0.00834711307118944,
    "WLHRealSpinOrbit_r0_n": 1.2783428615781744,
    "WLHRealSpinOrbit_r1_n": 0.8899573329235358,
    "WLHRealSpinOrbit_a0_n": 0.807467595160639,
    "WLHRealSpinOrbit_a1_n": 0.00031893840442191826
}