{
    "WLHReal_V0_p": 51.51273462870468,
    "WLHReal_V1_p": 0.2818760915645191,
    "WLHReal_V2_p": -0.0005674917062564772,
    "WLHReal_V3_p": 3.754934422268119e-06,
    "WLHReal_V4_p": 12.075212515891737,
    "WLHReal_V5_p": 0.14249174677016999,
    "WLHReal_V6_p": 0.0004954706363788244,
    "WLHReal_r0_p": 1.3561423346169037,
    "WLHReal_r1_p": 0.3351190197538644,
    "WLHReal_r2_p": 0.0008057765645581841,
    "WLHReal_r3_p": 8.362050333331967e-06,
    "WLHReal_a0_p": 0.7962381363144535,
    "WLHReal_a1_p": 9.326454942467873e-05,
    "WLHReal_a2_p": 7.5824889115700895e-06,
    "WLHReal_a3_p": -0.003891063181081948,
    "WLHReal_a4_p": 0.5027792163963942,
    "WLHReal_V0_n": 50.31911316553147,
    "WLHReal_V1_n": 0.2771488663651218,
    "WLHReal_V2_n": -0.0008094745715407382,
    "WLHReal_V3_n": 4.403033120578534e-06,
    "WLHReal_V4_n": 20.74756190403663,
    "WLHReal_V5_n": 0.31463382676291496,
    "WLHReal_V6_n": 0.001601717624940028,
    "WLHReal_r0_n": 1.3217740057166856,
    "WLHReal_r1_n": 0.24723078303523321,
    "WLHReal_r2_n": 0.0013377907464563322,
    "WLHReal_r3_n": 1.6403326632067038e-05,
    "WLHReal_a0_n": 0.768342153413507,
    "WLHReal_a1_n": 0.001431244390518518,
    "WLHReal_a2_n": 2.0406108095120956e-05,
    "WLHReal_a3_n": 0.387911359827239,
    "WLHReal_a4_n": 1.150728477925424,
    "WLHImagVolume_W0_p": 5.062677477571854,
    "WLHImagVolume_W1_p": 0.21913631200370517,
    "WLHImagVolume_W2_p": 0.00030700850539874575,
    "WLHImagVolume_W3_p": 9.487739583728613,
    "WLHImagVolume_W4_p": 0.08499299209492428,
    "WLHImagVolume_r0_p": 0.6991604497665195,
    "WLHImagVolume_r1_p": 40.295540404962466,
    "WLHImagVolume_r2_p": 0.6137902549839369,
    "WLHImagVolume_r3_p": 52.20790659091228,
    "WLHImagVolume_r4_p": 0.6069003721027615,
    "WLHImagVolume_r5_p": 1.3579898114434488e-06,
    "WLHImagVolume_a0_p": 0.5985007456760683,
    "WLHImagVolume_a1_p": 0.2613404840019871,
    "WLHImagVolume_a2_p": 13.972044217806406,
    "WLHImagVolume_a3_p": 0.44536090044474663,
    "WLHImagVolume_a4_p": 0.002938815504704142,
    "WLHImagVolume_W0_n": 3.5565150818418596,
    "WLHImagVolume_W1_n": 0.2401300897146626,
    "WLHImagVolume_W2_n": 0.0005334129097211839,
    "WLHImagVolume_W3_n": 9.560142437291868,
    "WLHImagVolume_W4_n": -0.0004428693920329324,
    "WLHImagVolume_r0_n": 0.6066840351074858,
    "WLHImagVolume_r1_n": 86.52308489821962,
    "WLHImagVolume_r2_n": 0.7124511366652396,
    "WLHImagVolume_r3_n": 99.01364314079078,
    "WLHImagVolume_r4_n": 0.9139212378384792,
    "WLHImagVolume_r5_n": 4.548051553319633e-06,
    "WLHImagVolume_a0_n": 0.2744179235283758,
    "WLHImagVolume_a1_n": 0.5435668535656181,
    "WLHImagVolume_a2_n": 4.667630179486866,
    "WLHImagVolume_a3_n": 0.03450567023441681,
    "WLHImagVolume_a4_n": 0.00016527317723214683,
    "WLHImagSurface_W0_p": 0.7931393924909487,
    "WLHImagSurface_W1_p": 0.034477399759997335,
    "WLHImagSurface_W2_p": 0.9081342118909456,
    "WLHImagSurface_W3_p": 0.12842806545575847,
    "WLHImagSurface_r0_p": 0.8496626956396665,
    "WLHImagSurface_r1_p": 0.17421456941172356,
    "WLHImagSurface_r2_p": 0.0014106285417629324,
    "WLHImagSurface_a0_p": 0.7212225117743566,
    "WLHImagSurface_W0_n": 1.568491942794369,
    "WLHImagSurface_W1_n": 0.05006221076412349,
    "WLHImagSurface_W2_n": 1.9618069058143814,
    "WLHImagSurface_W3_n": 0.1700929711571691,
    "WLHImagSurface_r0_n": 1.2994313115854945,
    "WLHImagSurface_r1_n": 1.5794540789360163,
    "WLHImagSurface_r2_n": 0.0020919315650823637,
    "WLHImagSurface_a0_n": 0.8763506929054644,
    "WLHRealSpinOrbit_V0_p": 9.210885803687697,
    "WLHRealSpinOrbit_V1_p": 0.008550659505477044,
    "WLHRealSpinOrbit_r0_p": 1.3270955006186302,
    "WLHRealSpinOrbit_r1_p": 0.9355400437309178,
    "WLHRealSpinOrbit_a0_p": 0.8375817578699591,
    "WLHRealSpinOrbit_a1_p": 0.00036473157502117117,
    "WLHRealSpinOrbit_V0_n": 9.479965824554501,
    "WLHRealSpinOrbit_V1_n": 0.008889164738255682,
    "WLHRealSpinOrbit_r0_n": 1.3208714912010884,
    "WLHRealSpinOrbit_r1_n": 0.9496001682517287,
    "WLHRealSpinOrbit_a0_n": 0.8440759208530351,
    "WLHRealSpinOrbit_a1_n": 0.000332321386810182
}