{
    "CH89RealCentral": {
        "V_0": 57.102,
        "V_t": 19.893,
        "V_e": -0.359673,
        "r_o": 1.16233,
        "r_o_0": -0.150294,
        "a_0": 0.747894
    },
    "CH89Coulomb": {
        "r_c": 0.996938,
        "r_c_0": 0.244735
    },
    "CH89SpinOrbit": {
        "V_so": 5.87622,
        "r_so": 1.15954,
        "r_so_0": -0.41198,
        "a_so": 0.582676
    },
    "CH89ImagCentral": {
        "W_v0": 9.66886,
        "W_ve0": 50.3289,
        "W_vew": 37.6269,
        "W_s0": 17.9553,
        "W_st": 43.928,
        "W_se0": -8.97025,
        "W_sew": 35.2279,
        "r_w": 1.34104,
        "r_w0": -0.221485,
        "a_w": 0.691591
    }
}