{
    "CH89RealCentral": {
        "V_0": 55.9648,
        "V_t": 13.8904,
        "V_e": -0.367082,
        "r_o": 1.21174,
        "r_o_0": -0.289661,
        "a_0": 0.75344
    },
    "CH89Coulomb": {
        "r_c": 1.24906,
        "r_c_0": 0.393197
    },
    "CH89SpinOrbit": {
        "V_so": 5.49439,
        "r_so": 1.25873,
        "r_so_0": -0.794549,
        "a_so": 0.594737
    },
    "CH89ImagCentral": {
        "W_v0": 6.90405,
        "W_ve0": 27.887,
        "W_vew": 26.581,
        "W_s0": 10.6886,
        "W_st": 34.2898,
        "W_se0": 15.214,
        "W_sew": 30.6389,
        "r_w": 1.26202,
        "r_w0": 0.0392816,
        "a_w": 0.667169
    }
}