{
    "WLHReal_V0_p": 53.629800274081546,
    "WLHReal_V1_p": 0.33763546711253534,
    "WLHReal_V2_p": -0.0006092677844924952,
    "WLHReal_V3_p": 4.934272454875478e-06,
    "WLHReal_V4_p": 9.627706147761973,
    "WLHReal_V5_p": 0.15474156672175812,
    "WLHReal_V6_p": 0.0005295843587485223,
    "WLHReal_r0_p": 1.3881104173485252,
    "WLHReal_r1_p": 0.40163471697248276,
    "WLHReal_r2_p": 0.0010061261181438172,
    "WLHReal_r3_p": 9.600245724334953e-06,
    "WLHReal_a0_p": 0.822835466662529,
    "WLHReal_a1_p": 0.00016878906588705346,
    "WLHReal_a2_p": 8.048303927887941e-06,
    "WLHReal_a3_p": 0.04212422206639138,
    "WLHReal_a4_p": 0.6254411913884163,
    "WLHReal_V0_n": 55.44559913963951,
    "WLHReal_V1_n": 0.3107584961098129,
    "WLHReal_V2_n": 0.0005853697612892287,
    "WLHReal_V3_n": -4.2063384009107445e-07,
    "WLHReal_V4_n": 21.742679908863824,
    "WLHReal_V5_n": 0.22783332727148986,
    "WLHReal_V6_n": 0.00034514620951029654,
    "WLHReal_r0_n": 1.2295878029589289,
    "WLHReal_r1_n": 0.2820511541237401,
    "WLHReal_r2_n": 0.00043596586887995856,
    "WLHReal_r3_n": 2.2370884022342184e-07,
    "WLHReal_a0_n": 0.7019434480617088,
    "WLHReal_a1_n": 0.00021380081123795463,
    "WLHReal_a2_n": -8.412070827186564e-07,
    "WLHReal_a3_n": 0.21271599909124841,
    "WLHReal_a4_n": 0.6698996370305484,
    "WLHImagVolume_W0_p": 6.107974854654921,
    "WLHImagVolume_W1_p": 0.3191034481029714,
    "WLHImagVolume_W2_p": 0.0008065346919831251,
    "WLHImagVolume_W3_p": 12.955325540342233,
    "WLHImagVolume_W4_p": 0.10819000518832102,
    "WLHImagVolume_r0_p": 0.47037322884220617,
    "WLHImagVolume_r1_p": 72.55398130990987,
    "WLHImagVolume_r2_p": 0.8721096653131573,
    "WLHImagVolume_r3_p": 78.71756960124499,
    "WLHImagVolume_r4_p": 0.4169572819159181,
    "WLHImagVolume_r5_p": 7.540706485363058e-07,
    "WLHImagVolume_a0_p": 0.5994776260190305,
    "WLHImagVolume_a1_p": 0.30770184838772546,
    "WLHImagVolume_a2_p": 18.093975391804086,
    "WLHImagVolume_a3_p": 0.4458376757309474,
    "WLHImagVolume_a4_p": 0.002948953392145377,
    "WLHImagVolume_W0_n": 1.9953696174019835,
    "WLHImagVolume_W1_n": 0.21645503635602897,
    "WLHImagVolume_W2_n": 0.0003315527228623791,
    "WLHImagVolume_W3_n": 7.559983647582406,
    "WLHImagVolume_W4_n": 0.047368994688915644,
    "WLHImagVolume_r0_n": 0.5221783307257064,
    "WLHImagVolume_r1_n": 75.29067256469952,
    "WLHImagVolume_r2_n": 0.7011853780449947,
    "WLHImagVolume_r3_n": 70.44798932770233,
    "WLHImagVolume_r4_n": 0.8574257117692312,
    "WLHImagVolume_r5_n": 1.5728769522795874e-06,
    "WLHImagVolume_a0_n": 0.1627129884543852,
    "WLHImagVolume_a1_n": 0.6362181322033991,
    "WLHImagVolume_a2_n": 9.754130330697802,
    "WLHImagVolume_a3_n": 0.0522137849539254,
    "WLHImagVolume_a4_n": 0.0005711355878602315,
    "WLHImagSurface_W0_p": 0.9066169539824992,
    "WLHImagSurface_W1_p": 0.05325998607892088,
    "WLHImagSurface_W2_p": 0.8772340764400943,
    "WLHImagSurface_W3_p": 0.20468602203139794,
    "WLHImagSurface_r0_p": 0.9407276794844254,
    "WLHImagSurface_r1_p": 0.39032921356089695,
    "WLHImagSurface_r2_p": 0.00031285417248188554,
    "WLHImagSurface_a0_p": 0.8295345383010903,
    "WLHImagSurface_W0_n": 1.7461996439455523,
    "WLHImagSurface_W1_n": 0.022528042124419258,
    "WLHImagSurface_W2_n": 2.2854818207068135,
    "WLHImagSurface_W3_n": 0.07782849238451735,
    "WLHImagSurface_r0_n": 1.2748574923875793,
    "WLHImagSurface_r1_n": 1.2971462684504085,
    "WLHImagSurface_r2_n": 0.004598712508083234,
    "WLHImagSurface_a0_n": 0.8121123643997947,
    "WLHRealSpinOrbit_V0_p": 8.770431403616545,
    "WLHRealSpinOrbit_V1_p": 0.00831945712184521,
    "WLHRealSpinOrbit_r0_p": 1.3375506915873068,
    "WLHRealSpinOrbit_r1_p": 0.969196912167309,
    "WLHRealSpinOrbit_a0_p": 0.8468542911679806,
    "WLHRealSpinOrbit_a1_p": 0.0003327325941758293,
    "WLHRealSpinOrbit_V0_n": 9.993182828795211,
    "WLHRealSpinOrbit_V1_n": 0.008177224542603173,
    "WLHRealSpinOrbit_r0_n": 1.2049316978123255,
    "WLHRealSpinOrbit_r1_n": 0.7600553374975557,
    "WLHRealSpinOrbit_a0_n": 0.7478943221047843,
    "WLHRealSpinOrbit_a1_n": 0.000353283623707503
}