{
    "WLHReal_V0_p": 51.72809092705721,
    "WLHReal_V1_p": 0.32052704075910105,
    "WLHReal_V2_p": -0.0003185830580474883,
    "WLHReal_V3_p": 3.160418062878611e-06,
    "WLHReal_V4_p": 11.124994250251671,
    "WLHReal_V5_p": 0.11903000071164668,
    "WLHReal_V6_p": 0.00034807627945644524,
    "WLHReal_r0_p": 1.3337247889819355,
    "WLHReal_r1_p": 0.2657931678497028,
    "WLHReal_r2_p": 0.0009900126611698922,
    "WLHReal_r3_p": 9.932299265701832e-06,
    "WLHReal_a0_p": 0.7917926533916535,
    "WLHReal_a1_p": -2.654487937257905e-05,
    "WLHReal_a2_p": 8.497887695500359e-06,
    "WLHReal_a3_p": 0.03234029242955433,
    "WLHReal_a4_p": 0.5950161618747182,
    "WLHReal_V0_n": 51.273607498209785,
    "WLHReal_V1_n": 0.2938070551100629,
    "WLHReal_V2_n": -0.0005029946194239098,
    "WLHReal_V3_n": 3.682189543520626e-06,
    "WLHReal_V4_n": 20.258133212479613,
    "WLHReal_V5_n": 0.30267567001934886,
    "WLHReal_V6_n": 0.0012847373748731345,
    "WLHReal_r0_n": 1.3314910969488256,
    "WLHReal_r1_n": 0.3336587658363488,
    "WLHReal_r2_n": 0.001047980459423306,
    "WLHReal_r3_n": 1.1159947622316934e-05,
    "WLHReal_a0_n": 0.7534041546347902,
    "WLHReal_a1_n": 0.0010966156283339643,
    "WLHReal_a2_n": 1.3255176529545347e-05,
    "WLHReal_a3_n": 0.28822649897374686,
    "WLHReal_a4_n": 0.9329324944565545,
    "WLHImagVolume_W0_p": 4.662386803468891,
    "WLHImagVolume_W1_p": 0.21837559820999664,
    "WLHImagVolume_W2_p": 0.0005015065987611473,
    "WLHImagVolume_W3_p": 11.205853086130949,
    "WLHImagVolume_W4_p": 0.07377178676799102,
    "WLHImagVolume_r0_p": 0.5701621696492367,
    "WLHImagVolume_r1_p": 67.94468334456148,
    "WLHImagVolume_r2_p": 0.7413106043160206,
    "WLHImagVolume_r3_p": 79.64719472422144,
    "WLHImagVolume_r4_p": 0.505545249089866,
    "WLHImagVolume_r5_p": 6.938563725975129e-07,
    "WLHImagVolume_a0_p": 0.5476085873362406,
    "WLHImagVolume_a1_p": 0.3172015645377449,
    "WLHImagVolume_a2_p": 19.059755718868523,
    "WLHImagVolume_a3_p": 0.38562644936146845,
    "WLHImagVolume_a4_p": 0.002030029231408134,
    "WLHImagVolume_W0_n": 3.0323486317796227,
    "WLHImagVolume_W1_n": 0.26011130950566397,
    "WLHImagVolume_W2_n": 0.0006922312544978163,
    "WLHImagVolume_W3_n": 8.59051655099007,
    "WLHImagVolume_W4_n": 0.021751953516078903,
    "WLHImagVolume_r0_n": 0.49897220898534145,
    "WLHImagVolume_r1_n": 99.94701390976293,
    "WLHImagVolume_r2_n": 0.8243781758747069,
    "WLHImagVolume_r3_n": 102.37680118320189,
    "WLHImagVolume_r4_n": 0.806342494205735,
    "WLHImagVolume_r5_n": 3.718716614890237e-06,
    "WLHImagVolume_a0_n": 0.2456053305443455,
    "WLHImagVolume_a1_n": 0.585091848904796,
    "WLHImagVolume_a2_n": 5.668994568722587,
    "WLHImagVolume_a3_n": 0.04839113716158049,
    "WLHImagVolume_a4_n": 0.0003391011765355394,
    "WLHImagSurface_W0_p": 0.951473941783195,
    "WLHImagSurface_W1_p": 0.0411130888122789,
    "WLHImagSurface_W2_p": 0.4826071561116706,
    "WLHImagSurface_W3_p": 0.1339538216165629,
    "WLHImagSurface_r0_p": 1.014598667741233,
    "WLHImagSurface_r1_p": 0.3018525260789926,
    "WLHImagSurface_r2_p": 0.002252029179713603,
    "WLHImagSurface_a0_p": 0.9187863304853141,
    "WLHImagSurface_W0_n": 1.8770176124504725,
    "WLHImagSurface_W1_n": 0.05651835472459216,
    "WLHImagSurface_W2_n": 3.073295477301429,
    "WLHImagSurface_W3_n": 0.1991899711104361,
    "WLHImagSurface_r0_n": 1.3254072746216508,
    "WLHImagSurface_r1_n": 1.6227867256710333,
    "WLHImagSurface_r2_n": 0.0027607388643058465,
    "WLHImagSurface_a0_n": 0.8642951453347969,
    "WLHRealSpinOrbit_V0_p": 9.052712376628826,
    "WLHRealSpinOrbit_V1_p": 0.008294345373267559,
    "WLHRealSpinOrbit_r0_p": 1.308284472897451,
    "WLHRealSpinOrbit_r1_p": 0.9213780688493302,
    "WLHRealSpinOrbit_a0_p": 0.8253466783799069,
    "WLHRealSpinOrbit_a1_p": 0.000344872852584884,
    "WLHRealSpinOrbit_V0_n": 9.132857300564188,
    "WLHRealSpinOrbit_V1_n": 0.008369766703638513,
    "WLHRealSpinOrbit_r0_n": 1.3116423368345957,
    "WLHRealSpinOrbit_r1_n": 0.9202867504483511,
    "WLHRealSpinOrbit_a0_n": 0.826763873918904,
    "WLHRealSpinOrbit_a1_n": 0.00035366720861615647
}