{
    "WLHReal_V0_p": 55.30815523316584,
    "WLHReal_V1_p": 0.31763069123987175,
    "WLHReal_V2_p": 0.00023423047926110857,
    "WLHReal_V3_p": 1.3297639452908672e-06,
    "WLHReal_V4_p": 13.204726393789596,
    "WLHReal_V5_p": 0.14311359004930085,
    "WLHReal_V6_p": 0.00023378750203844462,
    "WLHReal_r0_p": 1.2942565784459157,
    "WLHReal_r1_p": 0.354683105338269,
    "WLHReal_r2_p": 0.0006215267998098729,
    "WLHReal_r3_p": 3.435002364747509e-06,
    "WLHReal_a0_p": 0.7718020656162854,
    "WLHReal_a1_p": 0.00019006790788701604,
    "WLHReal_a2_p": 2.042916538348771e-06,
    "WLHReal_a3_p": 0.08579207221860152,
    "WLHReal_a4_p": 0.5637165741042156,
    "WLHReal_V0_n": 56.36088907863113,
    "WLHReal_V1_n": 0.3134510191305858,
    "WLHReal_V2_n": 0.0003980240132603932,
    "WLHReal_V3_n": 4.0534419082772373e-07,
    "WLHReal_V4_n": 21.13925662004365,
    "WLHReal_V5_n": 0.2521580005591565,
    "WLHReal_V6_n": 0.0004779210487018267,
    "WLHReal_r0_n": 1.2638389322089782,
    "WLHReal_r1_n": 0.3799224374566798,
    "WLHReal_r2_n": 0.0004227753397879124,
    "WLHReal_r3_n": 2.5600792425920067e-07,
    "WLHReal_a0_n": 0.711419640071978,
    "WLHReal_a1_n": 0.0001606082548850817,
    "WLHReal_a2_n": -1.3416847664445866e-06,
    "WLHReal_a3_n": 0.15268870832250003,
    "WLHReal_a4_n": 0.5820762461140325,
    "WLHImagVolume_W0_p": 3.9131329232043117,
    "WLHImagVolume_W1_p": 0.24747059331122204,
    "WLHImagVolume_W2_p": 0.00048586306010841717,
    "WLHImagVolume_W3_p": 12.693464959501227,
    "WLHImagVolume_W4_p": 0.07703427660007693,
    "WLHImagVolume_r0_p": 0.49605255719024444,
    "WLHImagVolume_r1_p": 60.899433058989715,
    "WLHImagVolume_r2_p": 0.7464337004481862,
    "WLHImagVolume_r3_p": 66.74719956668675,
    "WLHImagVolume_r4_p": 0.5298512128139692,
    "WLHImagVolume_r5_p": 1.5171573506458234e-06,
    "WLHImagVolume_a0_p": 0.5290058972567326,
    "WLHImagVolume_a1_p": 0.3002256587732132,
    "WLHImagVolume_a2_p": 16.36106560426292,
    "WLHImagVolume_a3_p": 0.3911096634800678,
    "WLHImagVolume_a4_p": 0.0019549753390084115,
    "WLHImagVolume_W0_n": 2.3821487862374733,
    "WLHImagVolume_W1_n": 0.2818450214657061,
    "WLHImagVolume_W2_n": 0.0005488067423508414,
    "WLHImagVolume_W3_n": 8.31225890914234,
    "WLHImagVolume_W4_n": 0.06807181691039486,
    "WLHImagVolume_r0_n": 0.49890104001497065,
    "WLHImagVolume_r1_n": 74.84193047664824,
    "WLHImagVolume_r2_n": 0.7534019378668328,
    "WLHImagVolume_r3_n": 74.89344732171666,
    "WLHImagVolume_r4_n": 0.8885608603363817,
    "WLHImagVolume_r5_n": 2.4281677453644157e-06,
    "WLHImagVolume_a0_n": 0.19590392849730437,
    "WLHImagVolume_a1_n": 0.630154227726302,
    "WLHImagVolume_a2_n": 8.30859993516323,
    "WLHImagVolume_a3_n": 0.05247776712865374,
    "WLHImagVolume_a4_n": 0.0008473943205084434,
    "WLHImagSurface_W0_p": 1.2192281626526311,
    "WLHImagSurface_W1_p": 0.0656668422398651,
    "WLHImagSurface_W2_p": 1.7038216523310945,
    "WLHImagSurface_W3_p": 0.2398376331230378,
    "WLHImagSurface_r0_p": 1.0741296109662108,
    "WLHImagSurface_r1_p": 0.7669847729625185,
    "WLHImagSurface_r2_p": 0.006216241081433453,
    "WLHImagSurface_a0_p": 0.8012579785073521,
    "WLHImagSurface_W0_n": 1.9983484704436956,
    "WLHImagSurface_W1_n": 0.036329012114086845,
    "WLHImagSurface_W2_n": 3.1933991270861233,
    "WLHImagSurface_W3_n": 0.12863243155439866,
    "WLHImagSurface_r0_n": 1.2790199918848428,
    "WLHImagSurface_r1_n": 1.4187222013941672,
    "WLHImagSurface_r2_n": 0.004456773079706477,
    "WLHImagSurface_a0_n": 0.8169659743554458,
    "WLHRealSpinOrbit_V0_p": 9.5605119829136,
    "WLHRealSpinOrbit_V1_p": 0.008153006349331228,
    "WLHRealSpinOrbit_r0_p": 1.249232125816674,
    "WLHRealSpinOrbit_r1_p": 0.8215008583615883,
    "WLHRealSpinOrbit_a0_p": 0.7776653561739787,
    "WLHRealSpinOrbit_a1_p": 0.0003591123089132918,
    "WLHRealSpinOrbit_V0_n": 9.780258019570756,
    "WLHRealSpinOrbit_V1_n": 0.008152738821255659,
    "WLHRealSpinOrbit_r0_n": 1.226519009837389,
    "WLHRealSpinOrbit_r1_n": 0.7883198262061989,
    "WLHRealSpinOrbit_a0_n": 0.7613737715177133,
    "WLHRealSpinOrbit_a1_n": 0.0003559777065001777
}