{
    "WLHReal_V0_p": 57.473086922509076,
    "WLHReal_V1_p": 0.3268350476285212,
    "WLHReal_V2_p": 0.0002106239473434452,
    "WLHReal_V3_p": 1.1764039844340819e-06,
    "WLHReal_V4_p": 13.346957078914185,
    "WLHReal_V5_p": 0.13389889050753717,
    "WLHReal_V6_p": 0.0002447279128333697,
    "WLHReal_r0_p": 1.2551851140055894,
    "WLHReal_r1_p": 0.2680222122709963,
    "WLHReal_r2_p": 0.0009313559760615241,
    "WLHReal_r3_p": 6.868591112610844e-06,
    "WLHReal_a0_p": 0.7759804291367229,
    "WLHReal_a1_p": 0.0002475842113723793,
    "WLHReal_a2_p": 4.020190151612724e-06,
    "WLHReal_a3_p": 0.10356588103456008,
    "WLHReal_a4_p": 0.6609971942524254,
    "WLHReal_V0_n": 51.44870470573464,
    "WLHReal_V1_n": 0.28259372154238555,
    "WLHReal_V2_n": -0.0006796858494328695,
    "WLHReal_V3_n": 3.987000286845584e-06,
    "WLHReal_V4_n": 20.822031812055656,
    "WLHReal_V5_n": 0.3093006456728842,
    "WLHReal_V6_n": 0.0014889103398746564,
    "WLHReal_r0_n": 1.3120850145585088,
    "WLHReal_r1_n": 0.262050110547252,
    "WLHReal_r2_n": 0.0012404874698952698,
    "WLHReal_r3_n": 1.4846102472385442e-05,
    "WLHReal_a0_n": 0.762822564613589,
    "WLHReal_a1_n": 0.0012723425479017384,
    "WLHReal_a2_n": 1.8391814395097333e-05,
    "WLHReal_a3_n": 0.3609342771072029,
    "WLHReal_a4_n": 1.0902894120781677,
    "WLHImagVolume_W0_p": 4.439067865398587,
    "WLHImagVolume_W1_p": 0.2900446995377564,
    "WLHImagVolume_W2_p": 0.00046153257601771547,
    "WLHImagVolume_W3_p": 14.95612255451815,
    "WLHImagVolume_W4_p": 0.08612333993655415,
    "WLHImagVolume_r0_p": 0.6401961229611941,
    "WLHImagVolume_r1_p": 45.652231015137296,
    "WLHImagVolume_r2_p": 0.5723174061079299,
    "WLHImagVolume_r3_p": 59.492303357951066,
    "WLHImagVolume_r4_p": 0.7418337582398622,
    "WLHImagVolume_r5_p": 2.520908905117689e-06,
    "WLHImagVolume_a0_p": 0.5582811111916437,
    "WLHImagVolume_a1_p": 0.25445306006607327,
    "WLHImagVolume_a2_p": 12.4675521230532,
    "WLHImagVolume_a3_p": 0.4352182124740951,
    "WLHImagVolume_a4_p": 0.002557915656292009,
    "WLHImagVolume_W0_n": 3.556068866706487,
    "WLHImagVolume_W1_n": 0.2545294324387067,
    "WLHImagVolume_W2_n": 0.000539874001220371,
    "WLHImagVolume_W3_n": 9.741861704580367,
    "WLHImagVolume_W4_n": 0.011349226722690085,
    "WLHImagVolume_r0_n": 0.6087835100159495,
    "WLHImagVolume_r1_n": 81.2544525611405,
    "WLHImagVolume_r2_n": 0.7001402944362709,
    "WLHImagVolume_r3_n": 94.57892929428897,
    "WLHImagVolume_r4_n": 0.936001344114244,
    "WLHImagVolume_r5_n": 4.1120524865544015e-06,
    "WLHImagVolume_a0_n": 0.2709118904348664,
    "WLHImagVolume_a1_n": 0.5482531790908054,
    "WLHImagVolume_a2_n": 4.794135205910283,
    "WLHImagVolume_a3_n": 0.03166005663826133,
    "WLHImagVolume_a4_n": 0.0002584792574692107,
    "WLHImagSurface_W0_p": 0.8013162335155959,
    "WLHImagSurface_W1_p": 0.02051142801569325,
    "WLHImagSurface_W2_p": 0.2676128299528675,
    "WLHImagSurface_W3_p": 0.06458580051105152,
    "WLHImagSurface_r0_p": 0.975510274314667,
    "WLHImagSurface_r1_p": 0.7143086204976077,
    "WLHImagSurface_r2_p": 0.005475331218320604,
    "WLHImagSurface_a0_p": 0.7395227924363938,
    "WLHImagSurface_W0_n": 1.6390015431567961,
    "WLHImagSurface_W1_n": 0.048796976990388014,
    "WLHImagSurface_W2_n": 2.079679468377139,
    "WLHImagSurface_W3_n": 0.16404837518190435,
    "WLHImagSurface_r0_n": 1.2900785846335117,
    "WLHImagSurface_r1_n": 1.5616508187482807,
    "WLHImagSurface_r2_n": 0.002372642751937941,
    "WLHImagSurface_a0_n": 0.8683746402087897,
    "WLHRealSpinOrbit_V0_p": 10.233762236683862,
    "WLHRealSpinOrbit_V1_p": 0.008752086430554735,
    "WLHRealSpinOrbit_r0_p": 1.2257073073332836,
    "WLHRealSpinOrbit_r1_p": 0.8156436297435736,
    "WLHRealSpinOrbit_a0_p": 0.7759019408622565,
    "WLHRealSpinOrbit_a1_p": 0.00031388253619953055,
    "WLHRealSpinOrbit_V0_n": 9.595164405511726,
    "WLHRealSpinOrbit_V1_n": 0.008878489470508039,
    "WLHRealSpinOrbit_r0_n": 1.3076556829881458,
    "WLHRealSpinOrbit_r1_n": 0.9307257882943915,
    "WLHRealSpinOrbit_a0_n": 0.8345606765585377,
    "WLHRealSpinOrbit_a1_n": 0.0003297540397686362
}