{
    "WLHReal_V0_p": 56.19926216922548,
    "WLHReal_V1_p": 0.2836486004062942,
    "WLHReal_V2_p": -4.3652317939691794e-05,
    "WLHReal_V3_p": 1.5109382800543759e-06,
    "WLHReal_V4_p": 14.236380427815078,
    "WLHReal_V5_p": 0.15791491670925828,
    "WLHReal_V6_p": 0.0003859482490620753,
    "WLHReal_r0_p": 1.2910035020926525,
    "WLHReal_r1_p": 0.3580530154320516,
    "WLHReal_r2_p": 0.0006498419294508088,
    "WLHReal_r3_p": 5.0685801079002825e-06,
    "WLHReal_a0_p": 0.778270099022123,
    "WLHReal_a1_p": 0.00032731485931138636,
    "WLHReal_a2_p": 2.601867962705624e-06,
    "WLHReal_a3_p": 0.05741858383786276,
    "WLHReal_a4_p": 0.5323767613472019,
    "WLHReal_V0_n": 48.81033946475646,
    "WLHReal_V1_n": 0.23455088281667413,
    "WLHReal_V2_n": -0.0008512884987063872,
    "WLHReal_V3_n": 4.275654188196604e-06,
    "WLHReal_V4_n": 21.38520852094453,
    "WLHReal_V5_n": 0.3126304578767744,
    "WLHReal_V6_n": 0.0015169496613471338,
    "WLHReal_r0_n": 1.3447125660806718,
    "WLHReal_r1_n": 0.3114373401165011,
    "WLHReal_r2_n": 0.0011840643369366625,
    "WLHReal_r3_n": 1.4387810422892294e-05,
    "WLHReal_a0_n": 0.7630193759975538,
    "WLHReal_a1_n": 0.0012623280835899657,
    "WLHReal_a2_n": 1.7325354854236077e-05,
    "WLHReal_a3_n": 0.3495423224400723,
    "WLHReal_a4_n": 1.0164205617787079,
    "WLHImagVolume_W0_p": 4.612448287170266,
    "WLHImagVolume_W1_p": 0.26865949324610455,
    "WLHImagVolume_W2_p": 0.0002581402132355142,
    "WLHImagVolume_W3_p": 12.23539494506643,
    "WLHImagVolume_W4_p": 0.09219548330964886,
    "WLHImagVolume_r0_p": 0.7272712123052705,
    "WLHImagVolume_r1_p": 23.307728045371178,
    "WLHImagVolume_r2_p": 0.4992427146468092,
    "WLHImagVolume_r3_p": 35.03916866616706,
    "WLHImagVolume_r4_p": 0.7710902579592094,
    "WLHImagVolume_r5_p": 2.053237019629762e-06,
    "WLHImagVolume_a0_p": 0.5972768280304415,
    "WLHImagVolume_a1_p": 0.2158594444259821,
    "WLHImagVolume_a2_p": 8.913211444214749,
    "WLHImagVolume_a3_p": 0.476188810192961,
    "WLHImagVolume_a4_p": 0.0032134517676937523,
    "WLHImagVolume_W0_n": 2.831918962449151,
    "WLHImagVolume_W1_n": 0.20441383123595575,
    "WLHImagVolume_W2_n": 0.00032801324103551104,
    "WLHImagVolume_W3_n": 8.205303558568014,
    "WLHImagVolume_W4_n": -0.023096055288086687,
    "WLHImagVolume_r0_n": 0.6170863752351892,
    "WLHImagVolume_r1_n": 80.0440575977599,
    "WLHImagVolume_r2_n": 0.7137968356171372,
    "WLHImagVolume_r3_n": 92.28760908237733,
    "WLHImagVolume_r4_n": 0.9931337117258109,
    "WLHImagVolume_r5_n": 5.140698576038498e-06,
    "WLHImagVolume_a0_n": 0.28309616239557317,
    "WLHImagVolume_a1_n": 0.5569777723842486,
    "WLHImagVolume_a2_n": 6.783310417232309,
    "WLHImagVolume_a3_n": 0.08940386562930619,
    "WLHImagVolume_a4_n": 0.0008188206312552003,
    "WLHImagSurface_W0_p": 0.782149658670745,
    "WLHImagSurface_W1_p": 0.028337478381700483,
    "WLHImagSurface_W2_p": 1.1387515394682375,
    "WLHImagSurface_W3_p": 0.11365550730259326,
    "WLHImagSurface_r0_p": 0.8455207171256669,
    "WLHImagSurface_r1_p": 0.577397486829928,
    "WLHImagSurface_r2_p": 0.004806468998443899,
    "WLHImagSurface_a0_p": 0.5724591657559845,
    "WLHImagSurface_W0_n": 1.0350269694660281,
    "WLHImagSurface_W1_n": 0.03206818620449744,
    "WLHImagSurface_W2_n": 1.4777140940450246,
    "WLHImagSurface_W3_n": 0.13820940695724337,
    "WLHImagSurface_r0_n": 1.292721375498141,
    "WLHImagSurface_r1_n": 1.466850953048904,
    "WLHImagSurface_r2_n": 0.0017879850874380214,
    "WLHImagSurface_a0_n": 0.8825255000819027,
    "WLHRealSpinOrbit_V0_p": 10.140592770565748,
    "WLHRealSpinOrbit_V1_p": 0.00879905072980341,
    "WLHRealSpinOrbit_r0_p": 1.2545171072128232,
    "WLHRealSpinOrbit_r1_p": 0.8343196920664809,
    "WLHRealSpinOrbit_a0_p": 0.7900494555268326,
    "WLHRealSpinOrbit_a1_p": 0.0003501695081023378,
    "WLHRealSpinOrbit_V0_n": 9.421070496532009,
    "WLHRealSpinOrbit_V1_n": 0.00878437931289478,
    "WLHRealSpinOrbit_r0_n": 1.332709714816696,
    "WLHRealSpinOrbit_r1_n": 0.9388778650277715,
    "WLHRealSpinOrbit_a0_n": 0.8433791483096599,
    "WLHRealSpinOrbit_a1_n": 0.00037638898004874595
}