{
    "WLHReal_V0_p": 47.543523016416486,
    "WLHReal_V1_p": 0.2914007927953689,
    "WLHReal_V2_p": -0.0012890541206663426,
    "WLHReal_V3_p": 6.691194107390884e-06,
    "WLHReal_V4_p": 9.119056791011033,
    "WLHReal_V5_p": 0.12245010506705524,
    "WLHReal_V6_p": 0.0006705699374551027,
    "WLHReal_r0_p": 1.4198926802744356,
    "WLHReal_r1_p": 0.2680651930089289,
    "WLHReal_r2_p": 0.0012341142172410155,
    "WLHReal_r3_p": 1.578080270748242e-05,
    "WLHReal_a0_p": 0.8276959025741281,
    "WLHReal_a1_p": -0.00012690658995688896,
    "WLHReal_a2_p": 1.5309765662447407e-05,
    "WLHReal_a3_p": -0.06469259019504185,
    "WLHReal_a4_p": 0.5451220751567284,
    "WLHReal_V0_n": 50.78911718279318,
    "WLHReal_V1_n": 0.2726883090710545,
    "WLHReal_V2_n": -9.550700365470685e-06,
    "WLHReal_V3_n": 9.607355284158757e-07,
    "WLHReal_V4_n": 22.13723221611516,
    "WLHReal_V5_n": 0.2475451567651254,
    "WLHReal_V6_n": 0.0008817091485252468,
    "WLHReal_r0_n": 1.2490335032574609,
    "WLHReal_r1_n": 0.16344792120365034,
    "WLHReal_r2_n": 0.0009217343054678284,
    "WLHReal_r3_n": 9.474866551313898e-06,
    "WLHReal_a0_n": 0.7269795536367893,
    "WLHReal_a1_n": 0.0009293836719107924,
    "WLHReal_a2_n": 1.1228001997972527e-05,
    "WLHReal_a3_n": 0.37540524578987794,
    "WLHReal_a4_n": 1.010827672250607,
    "WLHImagVolume_W0_p": 6.268007554877774,
    "WLHImagVolume_W1_p": 0.2069124598794046,
    "WLHImagVolume_W2_p": 0.0004199241105060782,
    "WLHImagVolume_W3_p": 8.067748262309513,
    "WLHImagVolume_W4_p": 0.08863183153701713,
    "WLHImagVolume_r0_p": 0.7405380004758338,
    "WLHImagVolume_r1_p": 53.0393291849739,
    "WLHImagVolume_r2_p": 0.665815956064787,
    "WLHImagVolume_r3_p": 69.76324943068214,
    "WLHImagVolume_r4_p": 0.5289289036804433,
    "WLHImagVolume_r5_p": 6.581138541796123e-07,
    "WLHImagVolume_a0_p": 0.6286308058599134,
    "WLHImagVolume_a1_p": 0.28677594623240066,
    "WLHImagVolume_a2_p": 17.617188993055862,
    "WLHImagVolume_a3_p": 0.44695493792062757,
    "WLHImagVolume_a4_p": 0.0031602450806060244,
    "WLHImagVolume_W0_n": 2.167411685608107,
    "WLHImagVolume_W1_n": 0.13654825895439643,
    "WLHImagVolume_W2_n": 0.00010606790836687022,
    "WLHImagVolume_W3_n": 7.310438035302289,
    "WLHImagVolume_W4_n": -0.01417813946547673,
    "WLHImagVolume_r0_n": 0.6038853446611014,
    "WLHImagVolume_r1_n": 80.0887227344823,
    "WLHImagVolume_r2_n": 0.6436065292530078,
    "WLHImagVolume_r3_n": 79.18769650600426,
    "WLHImagVolume_r4_n": 0.8799213327636783,
    "WLHImagVolume_r5_n": 2.887966870427488e-06,
    "WLHImagVolume_a0_n": 0.18974522506478317,
    "WLHImagVolume_a1_n": 0.594555393253774,
    "WLHImagVolume_a2_n": 9.33550425074494,
    "WLHImagVolume_a3_n": 0.061125653380229836,
    "WLHImagVolume_a4_n": 0.00022357290865057975,
    "WLHImagSurface_W0_p": 0.5085088961480775,
    "WLHImagSurface_W1_p": 0.012792333541713538,
    "WLHImagSurface_W2_p": -0.3458320612797079,
    "WLHImagSurface_W3_p": 0.03655491855537954,
    "WLHImagSurface_r0_p": 0.7780809806887805,
    "WLHImagSurface_r1_p": -0.3467310551824166,
    "WLHImagSurface_r2_p": -0.003727010484283695,
    "WLHImagSurface_a0_p": 0.8562512108298226,
    "WLHImagSurface_W0_n": 1.1405912636524695,
    "WLHImagSurface_W1_n": 0.015069337550840892,
    "WLHImagSurface_W2_n": 0.8005810835651854,
    "WLHImagSurface_W3_n": 0.057308232826013494,
    "WLHImagSurface_r0_n": 1.2816406473898558,
    "WLHImagSurface_r1_n": 1.2709308274188165,
    "WLHImagSurface_r2_n": 0.0032061493552505444,
    "WLHImagSurface_a0_n": 0.845711006022445,
    "WLHRealSpinOrbit_V0_p": 8.457538273956178,
    "WLHRealSpinOrbit_V1_p": 0.008656315815053653,
    "WLHRealSpinOrbit_r0_p": 1.4064870132119365,
    "WLHRealSpinOrbit_r1_p": 1.0673810898296683,
    "WLHRealSpinOrbit_a0_p": 0.8997430005476132,
    "WLHRealSpinOrbit_a1_p": 0.0003478911697444225,
    "WLHRealSpinOrbit_V0_n": 9.936835773404969,
    "WLHRealSpinOrbit_V1_n": 0.008585791688378508,
    "WLHRealSpinOrbit_r0_n": 1.24993717223865,
    "WLHRealSpinOrbit_r1_n": 0.8316218315017931,
    "WLHRealSpinOrbit_a0_n": 0.78696636555673,
    "WLHRealSpinOrbit_a1_n": 0.0003536215588836263
}