{
    "WLHReal_V0_p": 53.84323611379831,
    "WLHReal_V1_p": 0.30410593527483537,
    "WLHReal_V2_p": 0.0002793239201041351,
    "WLHReal_V3_p": 1.0305784119025497e-06,
    "WLHReal_V4_p": 13.876803331294125,
    "WLHReal_V5_p": 0.12095911323826587,
    "WLHReal_V6_p": 0.00016826681204211801,
    "WLHReal_r0_p": 1.2682164080679539,
    "WLHReal_r1_p": 0.2629834398091954,
    "WLHReal_r2_p": 0.000677346803903243,
    "WLHReal_r3_p": 4.918422791055223e-06,
    "WLHReal_a0_p": 0.7581267476046438,
    "WLHReal_a1_p": 6.539914785167944e-05,
    "WLHReal_a2_p": 3.514463588874622e-06,
    "WLHReal_a3_p": 0.06879015862525986,
    "WLHReal_a4_p": 0.5488989210212958,
    "WLHReal_V0_n": 50.58624797337152,
    "WLHReal_V1_n": 0.24557517919954616,
    "WLHReal_V2_n": -0.000683863735400003,
    "WLHReal_V3_n": 3.7417909911336647e-06,
    "WLHReal_V4_n": 21.278547089805404,
    "WLHReal_V5_n": 0.3091795079220798,
    "WLHReal_V6_n": 0.00136440965350412,
    "WLHReal_r0_n": 1.3394593611641656,
    "WLHReal_r1_n": 0.3573977955664492,
    "WLHReal_r2_n": 0.001028627803735068,
    "WLHReal_r3_n": 1.1679072526870937e-05,
    "WLHReal_a0_n": 0.7562216782269916,
    "WLHReal_a1_n": 0.0010161093989973073,
    "WLHReal_a2_n": 1.402306430236269e-05,
    "WLHReal_a3_n": 0.2929445895661404,
    "WLHReal_a4_n": 0.9010790739414439,
    "WLHImagVolume_W0_p": 3.306743132780121,
    "WLHImagVolume_W1_p": 0.1894452508108811,
    "WLHImagVolume_W2_p": 0.00028488876278625095,
    "WLHImagVolume_W3_p": 11.457664209809652,
    "WLHImagVolume_W4_p": 0.05914812556094961,
    "WLHImagVolume_r0_p": 0.5966455755274489,
    "WLHImagVolume_r1_p": 54.17572727617347,
    "WLHImagVolume_r2_p": 0.6360444131696019,
    "WLHImagVolume_r3_p": 64.96570743421837,
    "WLHImagVolume_r4_p": 0.6117556781843608,
    "WLHImagVolume_r5_p": 1.471459265782312e-06,
    "WLHImagVolume_a0_p": 0.5118061795651182,
    "WLHImagVolume_a1_p": 0.2963616550685204,
    "WLHImagVolume_a2_p": 16.276312398712008,
    "WLHImagVolume_a3_p": 0.36799411996755943,
    "WLHImagVolume_a4_p": 0.0016195819104298536,
    "WLHImagVolume_W0_n": 2.867411542995618,
    "WLHImagVolume_W1_n": 0.23899034285655318,
    "WLHImagVolume_W2_n": 0.00040467804346057314,
    "WLHImagVolume_W3_n": 8.50892371699049,
    "WLHImagVolume_W4_n": -0.000632364172922964,
    "WLHImagVolume_r0_n": 0.6014771126091742,
    "WLHImagVolume_r1_n": 75.21582729151366,
    "WLHImagVolume_r2_n": 0.7221952708827108,
    "WLHImagVolume_r3_n": 88.21419171781096,
    "WLHImagVolume_r4_n": 1.0107213471115812,
    "WLHImagVolume_r5_n": 5.6024335912952176e-06,
    "WLHImagVolume_a0_n": 0.2811728692598281,
    "WLHImagVolume_a1_n": 0.5663897880819853,
    "WLHImagVolume_a2_n": 6.71091135076873,
    "WLHImagVolume_a3_n": 0.08557370961828445,
    "WLHImagVolume_a4_n": 0.0009877093044877872,
    "WLHImagSurface_W0_p": 1.139598386619884,
    "WLHImagSurface_W1_p": 0.04936812137598131,
    "WLHImagSurface_W2_p": 1.1951159334106374,
    "WLHImagSurface_W3_p": 0.164026070996583,
    "WLHImagSurface_r0_p": 1.0754801728482566,
    "WLHImagSurface_r1_p": 0.6207712459196911,
    "WLHImagSurface_r2_p": 0.0065201574315287055,
    "WLHImagSurface_a0_p": 0.8387744726410505,
    "WLHImagSurface_W0_n": 1.2305645075245621,
    "WLHImagSurface_W1_n": 0.03459637008360255,
    "WLHImagSurface_W2_n": 1.9574841713684592,
    "WLHImagSurface_W3_n": 0.1451678889298206,
    "WLHImagSurface_r0_n": 1.2851981320197554,
    "WLHImagSurface_r1_n": 1.4773561268569275,
    "WLHImagSurface_r2_n": 0.0022097953624968395,
    "WLHImagSurface_a0_n": 0.8716711494049485,
    "WLHRealSpinOrbit_V0_p": 9.731815233140848,
    "WLHRealSpinOrbit_V1_p": 0.008255373542442216,
    "WLHRealSpinOrbit_r0_p": 1.2418087576851111,
    "WLHRealSpinOrbit_r1_p": 0.8110286244923011,
    "WLHRealSpinOrbit_a0_p": 0.7742498671096596,
    "WLHRealSpinOrbit_a1_p": 0.00036149472108321334,
    "WLHRealSpinOrbit_V0_n": 9.484382874522359,
    "WLHRealSpinOrbit_V1_n": 0.00870508055562013,
    "WLHRealSpinOrbit_r0_n": 1.3186157813966324,
    "WLHRealSpinOrbit_r1_n": 0.9172639828989266,
    "WLHRealSpinOrbit_a0_n": 0.8318467216466277,
    "WLHRealSpinOrbit_a1_n": 0.0003741560250181571
}