{
    "CH89RealCentral": {
        "V_0": 56.243,
        "V_t": 18.1604,
        "V_e": -0.373289,
        "r_o": 1.19508,
        "r_o_0": -0.177361,
        "a_0": 0.713635
    },
    "CH89Coulomb": {
        "r_c": 1.27213,
        "r_c_0": 0.169925
    },
    "CH89SpinOrbit": {
        "V_so": 5.88672,
        "r_so": 1.37533,
        "r_so_0": -1.42601,
        "a_so": 0.636382
    },
    "CH89ImagCentral": {
        "W_v0": 18.2095,
        "W_ve0": 55.6423,
        "W_vew": 22.9369,
        "W_s0": 8.19365,
        "W_st": 17.4125,
        "W_se0": 27.9544,
        "W_sew": 34.7557,
        "r_w": 1.28155,
        "r_w0": -0.121538,
        "a_w": 0.660537
    }
}