{
    "WLHReal_V0_p": 54.26371638917498,
    "WLHReal_V1_p": 0.26186233697157385,
    "WLHReal_V2_p": 0.0006395181487164424,
    "WLHReal_V3_p": -1.6132009813517289e-06,
    "WLHReal_V4_p": 16.91805080933023,
    "WLHReal_V5_p": 0.12095327803299671,
    "WLHReal_V6_p": 6.306135120397438e-05,
    "WLHReal_r0_p": 1.2152331673033687,
    "WLHReal_r1_p": 0.24333710026178107,
    "WLHReal_r2_p": 0.0003569449953199079,
    "WLHReal_r3_p": 7.948346182186247e-07,
    "WLHReal_a0_p": 0.7253952503424493,
    "WLHReal_a1_p": 0.00011340457478461738,
    "WLHReal_a2_p": -9.500869995504939e-08,
    "WLHReal_a3_p": 0.06566773965962866,
    "WLHReal_a4_p": 0.4490819194891431,
    "WLHReal_V0_n": 49.85917676133267,
    "WLHReal_V1_n": 0.2728516560122107,
    "WLHReal_V2_n": -0.0004483874990909505,
    "WLHReal_V3_n": 2.9791272517425127e-06,
    "WLHReal_V4_n": 21.094929995276143,
    "WLHReal_V5_n": 0.28600353113170407,
    "WLHReal_V6_n": 0.0012348030151242042,
    "WLHReal_r0_n": 1.308856033661512,
    "WLHReal_r1_n": 0.2548958936922336,
    "WLHReal_r2_n": 0.0010822677980682333,
    "WLHReal_r3_n": 1.207600555195368e-05,
    "WLHReal_a0_n": 0.748080254486153,
    "WLHReal_a1_n": 0.0011663309425297007,
    "WLHReal_a2_n": 1.550787572086701e-05,
    "WLHReal_a3_n": 0.3490050557196579,
    "WLHReal_a4_n": 1.0145754151225632,
    "WLHImagVolume_W0_p": 2.044609865969484,
    "WLHImagVolume_W1_p": 0.12710047133333946,
    "WLHImagVolume_W2_p": -0.00011260930136260745,
    "WLHImagVolume_W3_p": 9.800364493992529,
    "WLHImagVolume_W4_p": 0.04155507585622495,
    "WLHImagVolume_r0_p": 0.740219180766341,
    "WLHImagVolume_r1_p": 25.76485643566751,
    "WLHImagVolume_r2_p": 0.4282559955220647,
    "WLHImagVolume_r3_p": 38.638975710753584,
    "WLHImagVolume_r4_p": 0.7855835962925778,
    "WLHImagVolume_r5_p": 1.9793422470827004e-06,
    "WLHImagVolume_a0_p": 0.4977780571577454,
    "WLHImagVolume_a1_p": 0.25163251597701614,
    "WLHImagVolume_a2_p": 11.676322025557914,
    "WLHImagVolume_a3_p": 0.36774802714667,
    "WLHImagVolume_a4_p": 0.001521504479492306,
    "WLHImagVolume_W0_n": 2.6362717325006906,
    "WLHImagVolume_W1_n": 0.19217287008077386,
    "WLHImagVolume_W2_n": 0.00040583283263285097,
    "WLHImagVolume_W3_n": 7.838852030899106,
    "WLHImagVolume_W4_n": -0.007635800914377402,
    "WLHImagVolume_r0_n": 0.552201853953266,
    "WLHImagVolume_r1_n": 93.77402670303536,
    "WLHImagVolume_r2_n": 0.750434273336811,
    "WLHImagVolume_r3_n": 95.28151445997037,
    "WLHImagVolume_r4_n": 0.8418882218841442,
    "WLHImagVolume_r5_n": 3.8084897974168548e-06,
    "WLHImagVolume_a0_n": 0.23066295755101257,
    "WLHImagVolume_a1_n": 0.5826910596804531,
    "WLHImagVolume_a2_n": 7.236868043263326,
    "WLHImagVolume_a3_n": 0.06253361694808908,
    "WLHImagVolume_a4_n": 0.00030032825940442127,
    "WLHImagSurface_W0_p": 1.1775913038639343,
    "WLHImagSurface_W1_p": 0.044670328530702824,
    "WLHImagSurface_W2_p": 1.73123486799807,
    "WLHImagSurface_W3_p": 0.14671349503688377,
    "WLHImagSurface_r0_p": 1.043460285659663,
    "WLHImagSurface_r1_p": 0.7080058875753534,
    "WLHImagSurface_r2_p": 0.009610502210960601,
    "WLHImagSurface_a0_p": 0.7022931902183308,
    "WLHImagSurface_W0_n": 1.4147628084855453,
    "WLHImagSurface_W1_n": 0.037636578500860315,
    "WLHImagSurface_W2_n": 1.884900105494488,
    "WLHImagSurface_W3_n": 0.13966895240924962,
    "WLHImagSurface_r0_n": 1.3115693705334204,
    "WLHImagSurface_r1_n": 1.4754157458506096,
    "WLHImagSurface_r2_n": 0.002596813089283525,
    "WLHImagSurface_a0_n": 0.865451736519696,
    "WLHRealSpinOrbit_V0_p": 10.403577491937499,
    "WLHRealSpinOrbit_V1_p": 0.008385651008300283,
    "WLHRealSpinOrbit_r0_p": 1.1972440273169627,
    "WLHRealSpinOrbit_r1_p": 0.7271216192382195,
    "WLHRealSpinOrbit_a0_p": 0.7392350496090384,
    "WLHRealSpinOrbit_a1_p": 0.0003898204031004027,
    "WLHRealSpinOrbit_V0_n": 9.389737538607063,
    "WLHRealSpinOrbit_V1_n": 0.008504228465245206,
    "WLHRealSpinOrbit_r0_n": 1.3003778365756142,
    "WLHRealSpinOrbit_r1_n": 0.9015289679448186,
    "WLHRealSpinOrbit_a0_n": 0.8202435016968527,
    "WLHRealSpinOrbit_a1_n": 0.0003602899594126689
}