{
    "WLHReal_V0_p": 52.9789397600024,
    "WLHReal_V1_p": 0.30899715159197605,
    "WLHReal_V2_p": -0.00014492290318491894,
    "WLHReal_V3_p": 2.1983744079520964e-06,
    "WLHReal_V4_p": 12.458327791859336,
    "WLHReal_V5_p": 0.11583009587266446,
    "WLHReal_V6_p": 0.00029919087510925255,
    "WLHReal_r0_p": 1.294118200596661,
    "WLHReal_r1_p": 0.22584354941762697,
    "WLHReal_r2_p": 0.0009739020734924552,
    "WLHReal_r3_p": 8.838578998195596e-06,
    "WLHReal_a0_p": 0.7793049216661708,
    "WLHReal_a1_p": 2.3737216740057115e-05,
    "WLHReal_a2_p": 7.283129938345686e-06,
    "WLHReal_a3_p": 0.04277562914298269,
    "WLHReal_a4_p": 0.5966778401688959,
    "WLHReal_V0_n": 52.71815887328727,
    "WLHReal_V1_n": 0.28191482790070155,
    "WLHReal_V2_n": -0.00010403963989148734,
    "WLHReal_V3_n": 2.070074528669776e-06,
    "WLHReal_V4_n": 20.885534754288514,
    "WLHReal_V5_n": 0.2787749249947538,
    "WLHReal_V6_n": 0.0008558058055594114,
    "WLHReal_r0_n": 1.3171428706694008,
    "WLHReal_r1_n": 0.40005041497183813,
    "WLHReal_r2_n": 0.0006628713046931017,
    "WLHReal_r3_n": 4.574414992602921e-06,
    "WLHReal_a0_n": 0.7308571933202048,
    "WLHReal_a1_n": 0.0005683745992544179,
    "WLHReal_a2_n": 5.1997930021290925e-06,
    "WLHReal_a3_n": 0.19646127665795493,
    "WLHReal_a4_n": 0.682872446477609,
    "WLHImagVolume_W0_p": 4.319578015913579,
    "WLHImagVolume_W1_p": 0.2127004514101207,
    "WLHImagVolume_W2_p": 0.0003428438077624795,
    "WLHImagVolume_W3_p": 11.617754257388999,
    "WLHImagVolume_W4_p": 0.07028111316520477,
    "WLHImagVolume_r0_p": 0.6749053837666652,
    "WLHImagVolume_r1_p": 51.356627212111135,
    "WLHImagVolume_r2_p": 0.5952955085093149,
    "WLHImagVolume_r3_p": 66.73136561769257,
    "WLHImagVolume_r4_p": 0.6561787149149656,
    "WLHImagVolume_r5_p": 1.525673166095646e-06,
    "WLHImagVolume_a0_p": 0.550796933693935,
    "WLHImagVolume_a1_p": 0.2824873554745597,
    "WLHImagVolume_a2_p": 15.734996191596425,
    "WLHImagVolume_a3_p": 0.40123119451011213,
    "WLHImagVolume_a4_p": 0.002193970116920292,
    "WLHImagVolume_W0_n": 2.2949565995214565,
    "WLHImagVolume_W1_n": 0.2529852025635853,
    "WLHImagVolume_W2_n": 0.0005470902879224133,
    "WLHImagVolume_W3_n": 7.600044261338768,
    "WLHImagVolume_W4_n": 0.03225018818338804,
    "WLHImagVolume_r0_n": 0.48755983607650144,
    "WLHImagVolume_r1_n": 88.27154687010906,
    "WLHImagVolume_r2_n": 0.8132549434278824,
    "WLHImagVolume_r3_n": 87.97892534552109,
    "WLHImagVolume_r4_n": 0.8651926107656739,
    "WLHImagVolume_r5_n": 3.398963629445058e-06,
    "WLHImagVolume_a0_n": 0.2250122280548837,
    "WLHImagVolume_a1_n": 0.617385871670814,
    "WLHImagVolume_a2_n": 8.045649477647931,
    "WLHImagVolume_a3_n": 0.0814134560581589,
    "WLHImagVolume_a4_n": 0.0009222832241675349,
    "WLHImagSurface_W0_p": 0.8205001292528757,
    "WLHImagSurface_W1_p": 0.02285049640693905,
    "WLHImagSurface_W2_p": 0.17142366020555366,
    "WLHImagSurface_W3_p": 0.06327311825571244,
    "WLHImagSurface_r0_p": 0.9723624246312996,
    "WLHImagSurface_r1_p": 0.3470362777413038,
    "WLHImagSurface_r2_p": 0.0034298898449774398,
    "WLHImagSurface_a0_p": 0.841332387559932,
    "WLHImagSurface_W0_n": 1.69147643382783,
    "WLHImagSurface_W1_n": 0.039595325670665836,
    "WLHImagSurface_W2_n": 3.037375852841858,
    "WLHImagSurface_W3_n": 0.1575260624700219,
    "WLHImagSurface_r0_n": 1.306790332031462,
    "WLHImagSurface_r1_n": 1.4851265223410528,
    "WLHImagSurface_r2_n": 0.003405024802636628,
    "WLHImagSurface_a0_n": 0.8461222695339804,
    "WLHRealSpinOrbit_V0_p": 9.6095311540598,
    "WLHRealSpinOrbit_V1_p": 0.0085675357985569,
    "WLHRealSpinOrbit_r0_p": 1.2772069816642544,
    "WLHRealSpinOrbit_r1_p": 0.8797675789942246,
    "WLHRealSpinOrbit_a0_p": 0.8076596523183686,
    "WLHRealSpinOrbit_a1_p": 0.0003379661672089403,
    "WLHRealSpinOrbit_V0_n": 9.314809073218663,
    "WLHRealSpinOrbit_V1_n": 0.008143076245909934,
    "WLHRealSpinOrbit_r0_n": 1.2812562176259488,
    "WLHRealSpinOrbit_r1_n": 0.8553967681766262,
    "WLHRealSpinOrbit_a0_n": 0.7966233849171702,
    "WLHRealSpinOrbit_a1_n": 0.0003808872471990034
}