{
    "CH89RealCentral": {
        "V_0": 55.4102,
        "V_t": 17.0444,
        "V_e": -0.333679,
        "r_o": 1.17856,
        "r_o_0": -0.142617,
        "a_0": 0.727217
    },
    "CH89Coulomb": {
        "r_c": 1.21612,
        "r_c_0": 0.0308138
    },
    "CH89SpinOrbit": {
        "V_so": 5.08714,
        "r_so": 1.42502,
        "r_so_0": -1.66749,
        "a_so": 0.59092
    },
    "CH89ImagCentral": {
        "W_v0": 11.2488,
        "W_ve0": 31.1469,
        "W_vew": 9.33397,
        "W_s0": 12.4132,
        "W_st": 25.3327,
        "W_se0": 16.3275,
        "W_sew": 19.6406,
        "r_w": 1.48174,
        "r_w0": -1.09632,
        "a_w": 0.782109
    }
}