{
    "WLHReal_V0_p": 50.78903401913416,
    "WLHReal_V1_p": 0.25996152382633053,
    "WLHReal_V2_p": -0.00046218309294777753,
    "WLHReal_V3_p": 3.158357373728138e-06,
    "WLHReal_V4_p": 13.169905369481135,
    "WLHReal_V5_p": 0.1468291189411942,
    "WLHReal_V6_p": 0.0004679725298873627,
    "WLHReal_r0_p": 1.353010873283568,
    "WLHReal_r1_p": 0.3607858879639059,
    "WLHReal_r2_p": 0.0005752923381678759,
    "WLHReal_r3_p": 6.1625907493611015e-06,
    "WLHReal_a0_p": 0.7835614230230509,
    "WLHReal_a1_p": 9.448201700411202e-05,
    "WLHReal_a2_p": 5.647501180589304e-06,
    "WLHReal_a3_p": -0.015752536410552832,
    "WLHReal_a4_p": 0.4253668337210223,
    "WLHReal_V0_n": 47.23799543958711,
    "WLHReal_V1_n": 0.2428781877715607,
    "WLHReal_V2_n": -0.0013104866976680445,
    "WLHReal_V3_n": 6.2217498094004245e-06,
    "WLHReal_V4_n": 20.405995046367217,
    "WLHReal_V5_n": 0.34596463158844326,
    "WLHReal_V6_n": 0.0019476547183240188,
    "WLHReal_r0_n": 1.3861520215609173,
    "WLHReal_r1_n": 0.3188728083366328,
    "WLHReal_r2_n": 0.001496159657821391,
    "WLHReal_r3_n": 1.9772539861585662e-05,
    "WLHReal_a0_n": 0.7870098966702924,
    "WLHReal_a1_n": 0.0017151332801648334,
    "WLHReal_a2_n": 2.4914186722034e-05,
    "WLHReal_a3_n": 0.3907077034784761,
    "WLHReal_a4_n": 1.1673908527590484,
    "WLHImagVolume_W0_p": 4.464346277652581,
    "WLHImagVolume_W1_p": 0.18027461768207953,
    "WLHImagVolume_W2_p": 0.00015257888050760287,
    "WLHImagVolume_W3_p": 7.900902082902418,
    "WLHImagVolume_W4_p": 0.07607095976198804,
    "WLHImagVolume_r0_p": 0.714920037389841,
    "WLHImagVolume_r1_p": 33.046662700480326,
    "WLHImagVolume_r2_p": 0.586785732363074,
    "WLHImagVolume_r3_p": 43.146660190762965,
    "WLHImagVolume_r4_p": 0.6050981983596561,
    "WLHImagVolume_r5_p": 1.223733750488916e-06,
    "WLHImagVolume_a0_p": 0.5876957722847355,
    "WLHImagVolume_a1_p": 0.25670858589539364,
    "WLHImagVolume_a2_p": 13.293529611914728,
    "WLHImagVolume_a3_p": 0.4344889141329301,
    "WLHImagVolume_a4_p": 0.002766865568005976,
    "WLHImagVolume_W0_n": 3.454156575899641,
    "WLHImagVolume_W1_n": 0.23341862753783757,
    "WLHImagVolume_W2_n": 0.0005805457227007312,
    "WLHImagVolume_W3_n": 8.903135547257712,
    "WLHImagVolume_W4_n": -0.027307428348666996,
    "WLHImagVolume_r0_n": 0.5850371009076585,
    "WLHImagVolume_r1_n": 97.33853210815133,
    "WLHImagVolume_r2_n": 0.7897648417772808,
    "WLHImagVolume_r3_n": 110.84896280923098,
    "WLHImagVolume_r4_n": 0.9164039652048263,
    "WLHImagVolume_r5_n": 6.4326570384318145e-06,
    "WLHImagVolume_a0_n": 0.3126356402433608,
    "WLHImagVolume_a1_n": 0.534895549632555,
    "WLHImagVolume_a2_n": 4.3723208879493125,
    "WLHImagVolume_a3_n": 0.07159441636052169,
    "WLHImagVolume_a4_n": 0.00047549445106109844,
    "WLHImagSurface_W0_p": 0.9320745989191632,
    "WLHImagSurface_W1_p": 0.047177862114815776,
    "WLHImagSurface_W2_p": 1.604463726644993,
    "WLHImagSurface_W3_p": 0.17934884768644244,
    "WLHImagSurface_r0_p": 0.857163261168074,
    "WLHImagSurface_r1_p": 0.20070603493887323,
    "WLHImagSurface_r2_p": 0.0026316242210333808,
    "WLHImagSurface_a0_p": 0.6797970669017255,
    "WLHImagSurface_W0_n": 1.303043486874853,
    "WLHImagSurface_W1_n": 0.05474927993462688,
    "WLHImagSurface_W2_n": 2.123288915769027,
    "WLHImagSurface_W3_n": 0.20926175611713732,
    "WLHImagSurface_r0_n": 1.324996599194555,
    "WLHImagSurface_r1_n": 1.6621552114023501,
    "WLHImagSurface_r2_n": 0.0010948303525883689,
    "WLHImagSurface_a0_n": 0.9041966836560913,
    "WLHRealSpinOrbit_V0_p": 9.223575080409216,
    "WLHRealSpinOrbit_V1_p": 0.008414805527951869,
    "WLHRealSpinOrbit_r0_p": 1.3219944156818542,
    "WLHRealSpinOrbit_r1_p": 0.9105162118455983,
    "WLHRealSpinOrbit_a0_p": 0.8275869809854003,
    "WLHRealSpinOrbit_a1_p": 0.00039205237649608067,
    "WLHRealSpinOrbit_V0_n": 8.966692569608163,
    "WLHRealSpinOrbit_V1_n": 0.008825054898775022,
    "WLHRealSpinOrbit_r0_n": 1.3785487766011189,
    "WLHRealSpinOrbit_r1_n": 1.0149645111148928,
    "WLHRealSpinOrbit_a0_n": 0.8788224401500025,
    "WLHRealSpinOrbit_a1_n": 0.00036480558716682867
}