{
    "ECS_p": 0.438227,
    "ECS_n": 0.457834,
    "APower_p": 0.677458,
    "APower_n": 0.388802
}