{
    "WLHReal_V0_p": 53.40820499614948,
    "WLHReal_V1_p": 0.28877287461396445,
    "WLHReal_V2_p": -4.087135934566184e-05,
    "WLHReal_V3_p": 2.194005579759686e-06,
    "WLHReal_V4_p": 13.487541384687216,
    "WLHReal_V5_p": 0.1422440483971291,
    "WLHReal_V6_p": 0.0003231687880664155,
    "WLHReal_r0_p": 1.3108371281137117,
    "WLHReal_r1_p": 0.3418711645102847,
    "WLHReal_r2_p": 0.0006047041557435316,
    "WLHReal_r3_p": 4.405949090306572e-06,
    "WLHReal_a0_p": 0.7736441998874997,
    "WLHReal_a1_p": 0.00014591824166927366,
    "WLHReal_a2_p": 4.0125682930538116e-06,
    "WLHReal_a3_p": 0.04110444614086503,
    "WLHReal_a4_p": 0.5017021435870568,
    "WLHReal_V0_n": 47.57230447759335,
    "WLHReal_V1_n": 0.23612002115920558,
    "WLHReal_V2_n": -0.0016238148334432663,
    "WLHReal_V3_n": 6.893279860749358e-06,
    "WLHReal_V4_n": 20.50321247653974,
    "WLHReal_V5_n": 0.36759001990575785,
    "WLHReal_V6_n": 0.0022636439305071276,
    "WLHReal_r0_n": 1.3884164357848081,
    "WLHReal_r1_n": 0.29274651337650137,
    "WLHReal_r2_n": 0.0017232065345294493,
    "WLHReal_r3_n": 2.3854623811416235e-05,
    "WLHReal_a0_n": 0.803642175000564,
    "WLHReal_a1_n": 0.0019316730839735563,
    "WLHReal_a2_n": 2.9816091235877015e-05,
    "WLHReal_a3_n": 0.44063701604542144,
    "WLHReal_a4_n": 1.3042432732601597,
    "WLHImagVolume_W0_p": 4.047978491411557,
    "WLHImagVolume_W1_p": 0.21180893302202522,
    "WLHImagVolume_W2_p": 0.00029167292313489126,
    "WLHImagVolume_W3_p": 10.540897620734132,
    "WLHImagVolume_W4_p": 0.07449880614597318,
    "WLHImagVolume_r0_p": 0.6217853921154625,
    "WLHImagVolume_r1_p": 44.84978232682833,
    "WLHImagVolume_r2_p": 0.6386300277184158,
    "WLHImagVolume_r3_p": 53.72022765800094,
    "WLHImagVolume_r4_p": 0.5986855823918793,
    "WLHImagVolume_r5_p": 1.5282393468093707e-06,
    "WLHImagVolume_a0_p": 0.5544072360605303,
    "WLHImagVolume_a1_p": 0.2740091934688576,
    "WLHImagVolume_a2_p": 14.367292574821839,
    "WLHImagVolume_a3_p": 0.41150734250231125,
    "WLHImagVolume_a4_p": 0.002320681760898706,
    "WLHImagVolume_W0_n": 4.219097704932421,
    "WLHImagVolume_W1_n": 0.2610812053868099,
    "WLHImagVolume_W2_n": 0.0005756513370382742,
    "WLHImagVolume_W3_n": 10.430666652522712,
    "WLHImagVolume_W4_n": -0.028364247333302246,
    "WLHImagVolume_r0_n": 0.6716061960031986,
    "WLHImagVolume_r1_n": 82.78116559715156,
    "WLHImagVolume_r2_n": 0.7085592496564861,
    "WLHImagVolume_r3_n": 108.62326490739218,
    "WLHImagVolume_r4_n": 1.0349888231667272,
    "WLHImagVolume_r5_n": 7.017424428073294e-06,
    "WLHImagVolume_a0_n": 0.3543476834883089,
    "WLHImagVolume_a1_n": 0.49438099301935,
    "WLHImagVolume_a2_n": 2.51823819030525,
    "WLHImagVolume_a3_n": 0.05186540686926085,
    "WLHImagVolume_a4_n": 0.000444326720465301,
    "WLHImagSurface_W0_p": 1.058601441525684,
    "WLHImagSurface_W1_p": 0.052495986986962936,
    "WLHImagSurface_W2_p": 1.5518643007356347,
    "WLHImagSurface_W3_p": 0.1926977662122158,
    "WLHImagSurface_r0_p": 0.9694748438753866,
    "WLHImagSurface_r1_p": 0.5101739548002793,
    "WLHImagSurface_r2_p": 0.0048537002449567795,
    "WLHImagSurface_a0_p": 0.7360921422702895,
    "WLHImagSurface_W0_n": 1.2450891543323324,
    "WLHImagSurface_W1_n": 0.057456700896839616,
    "WLHImagSurface_W2_n": 1.6976759037750533,
    "WLHImagSurface_W3_n": 0.21007882772324732,
    "WLHImagSurface_r0_n": 1.29935159802137,
    "WLHImagSurface_r1_n": 1.6903933575631769,
    "WLHImagSurface_r2_n": 0.0005744184407546178,
    "WLHImagSurface_a0_n": 0.9132755014666282,
    "WLHRealSpinOrbit_V0_p": 9.529215490072882,
    "WLHRealSpinOrbit_V1_p": 0.008331447681474294,
    "WLHRealSpinOrbit_r0_p": 1.275266529874667,
    "WLHRealSpinOrbit_r1_p": 0.8527156684184154,
    "WLHRealSpinOrbit_a0_p": 0.7964068775427561,
    "WLHRealSpinOrbit_a1_p": 0.0003726247196372968,
    "WLHRealSpinOrbit_V0_n": 9.2352510241234,
    "WLHRealSpinOrbit_V1_n": 0.009294521560984101,
    "WLHRealSpinOrbit_r0_n": 1.390821961563269,
    "WLHRealSpinOrbit_r1_n": 1.0488114686703967,
    "WLHRealSpinOrbit_a0_n": 0.8973174827237418,
    "WLHRealSpinOrbit_a1_n": 0.000341351890384927
}