{
    "WLHReal_V0_p": 50.79873496009363,
    "WLHReal_V1_p": 0.2740417788955032,
    "WLHReal_V2_p": -0.0006495050310970266,
    "WLHReal_V3_p": 3.8350737045202165e-06,
    "WLHReal_V4_p": 12.165196247145722,
    "WLHReal_V5_p": 0.1357865515990784,
    "WLHReal_V6_p": 0.000508869242201052,
    "WLHReal_r0_p": 1.3534121412257285,
    "WLHReal_r1_p": 0.3021118269779018,
    "WLHReal_r2_p": 0.0008589403808660014,
    "WLHReal_r3_p": 1.0091990398778673e-05,
    "WLHReal_a0_p": 0.7953280739653213,
    "WLHReal_a1_p": 5.143135492578123e-05,
    "WLHReal_a2_p": 8.831774731835617e-06,
    "WLHReal_a3_p": -0.018162305154871453,
    "WLHReal_a4_p": 0.49646275900693926,
    "WLHReal_V0_n": 53.333841437456975,
    "WLHReal_V1_n": 0.2803553416007309,
    "WLHReal_V2_n": 1.1498405261868474e-05,
    "WLHReal_V3_n": 1.3761837681888996e-06,
    "WLHReal_V4_n": 21.86698532801139,
    "WLHReal_V5_n": 0.2602879694564996,
    "WLHReal_V6_n": 0.0008430708661991207,
    "WLHReal_r0_n": 1.2597125279951333,
    "WLHReal_r1_n": 0.2592375026801523,
    "WLHReal_r2_n": 0.0007824230660325047,
    "WLHReal_r3_n": 7.294509651888686e-06,
    "WLHReal_a0_n": 0.7273967913158343,
    "WLHReal_a1_n": 0.0006533104423090943,
    "WLHReal_a2_n": 7.994972104898983e-06,
    "WLHReal_a3_n": 0.2927679153786623,
    "WLHReal_a4_n": 0.8619978818894836,
    "WLHImagVolume_W0_p": 5.053392317824761,
    "WLHImagVolume_W1_p": 0.20188438487725552,
    "WLHImagVolume_W2_p": 0.00022473920403661646,
    "WLHImagVolume_W3_p": 8.890884256687325,
    "WLHImagVolume_W4_p": 0.08143074203068842,
    "WLHImagVolume_r0_p": 0.7613733967436236,
    "WLHImagVolume_r1_p": 34.75133746879855,
    "WLHImagVolume_r2_p": 0.5547598911923887,
    "WLHImagVolume_r3_p": 49.25770604356451,
    "WLHImagVolume_r4_p": 0.6535104567435125,
    "WLHImagVolume_r5_p": 1.6871402979442514e-06,
    "WLHImagVolume_a0_p": 0.6037597254448582,
    "WLHImagVolume_a1_p": 0.2523260107331514,
    "WLHImagVolume_a2_p": 13.373118672845807,
    "WLHImagVolume_a3_p": 0.4482529742953955,
    "WLHImagVolume_a4_p": 0.003000695476860107,
    "WLHImagVolume_W0_n": 2.54902721909668,
    "WLHImagVolume_W1_n": 0.21190288720983627,
    "WLHImagVolume_W2_n": 0.00026578864566978075,
    "WLHImagVolume_W3_n": 8.367928477022284,
    "WLHImagVolume_W4_n": 0.019452536616741938,
    "WLHImagVolume_r0_n": 0.6060270420074226,
    "WLHImagVolume_r1_n": 68.03831103329671,
    "WLHImagVolume_r2_n": 0.6473074007970595,
    "WLHImagVolume_r3_n": 74.3062061407601,
    "WLHImagVolume_r4_n": 0.9649028229089825,
    "WLHImagVolume_r5_n": 3.233264001502829e-06,
    "WLHImagVolume_a0_n": 0.21619044392822484,
    "WLHImagVolume_a1_n": 0.5914766538997002,
    "WLHImagVolume_a2_n": 8.264170454721361,
    "WLHImagVolume_a3_n": 0.055961186558706265,
    "WLHImagVolume_a4_n": 0.0006134611225574042,
    "WLHImagSurface_W0_p": 0.6949419249445329,
    "WLHImagSurface_W1_p": 0.02344067341231803,
    "WLHImagSurface_W2_p": 0.5904117759707769,
    "WLHImagSurface_W3_p": 0.0833224389211791,
    "WLHImagSurface_r0_p": 0.8167868938992514,
    "WLHImagSurface_r1_p": 0.06118454014647151,
    "WLHImagSurface_r2_p": 0.0009075160232072431,
    "WLHImagSurface_a0_p": 0.7166537978102135,
    "WLHImagSurface_W0_n": 1.406432605719808,
    "WLHImagSurface_W1_n": 0.0226725295960505,
    "WLHImagSurface_W2_n": 1.5674404992853384,
    "WLHImagSurface_W3_n": 0.08316899521684033,
    "WLHImagSurface_r0_n": 1.2641947086298726,
    "WLHImagSurface_r1_n": 1.3299642454703902,
    "WLHImagSurface_r2_n": 0.003464568065674134,
    "WLHImagSurface_a0_n": 0.8378766897399851,
    "WLHRealSpinOrbit_V0_p": 9.265016261719731,
    "WLHRealSpinOrbit_V1_p": 0.008664238911293259,
    "WLHRealSpinOrbit_r0_p": 1.332417373195643,
    "WLHRealSpinOrbit_r1_p": 0.9450277434223049,
    "WLHRealSpinOrbit_a0_p": 0.8433148185805115,
    "WLHRealSpinOrbit_a1_p": 0.0003634571917064391,
    "WLHRealSpinOrbit_V0_n": 10.016616664436464,
    "WLHRealSpinOrbit_V1_n": 0.00862676712253064,
    "WLHRealSpinOrbit_r0_n": 1.2465521642031943,
    "WLHRealSpinOrbit_r1_n": 0.8263219701908058,
    "WLHRealSpinOrbit_a0_n": 0.7842265033964368,
    "WLHRealSpinOrbit_a1_n": 0.00034880086397251644
}