{
    "ECS_p": 0.287609,
    "ECS_n": 0.554613,
    "APower_p": 0.60095,
    "APower_n": 0.693471
}