{
    "CH89RealCentral": {
        "V_0": 52.5436,
        "V_t": 19.9101,
        "V_e": -0.256744,
        "r_o": 1.14255,
        "r_o_0": 0.0452652,
        "a_0": 0.718423
    },
    "CH89Coulomb": {
        "r_c": 1.28079,
        "r_c_0": 0.136316
    },
    "CH89SpinOrbit": {
        "V_so": 4.76633,
        "r_so": 1.29531,
        "r_so_0": -1.32056,
        "a_so": 0.644238
    },
    "CH89ImagCentral": {
        "W_v0": 11.7583,
        "W_ve0": 45.4272,
        "W_vew": 33.4762,
        "W_s0": 11.4775,
        "W_st": 52.8417,
        "W_se0": 10.9685,
        "W_sew": 19.5476,
        "r_w": 1.4509,
        "r_w0": -0.681104,
        "a_w": 0.683078
    }
}