{
    "CH89RealCentral": {
        "V_0": 55.5145,
        "V_t": 12.3463,
        "V_e": -0.331832,
        "r_o": 1.25983,
        "r_o_0": -0.417939,
        "a_0": 0.725362
    },
    "CH89Coulomb": {
        "r_c": 1.22151,
        "r_c_0": 0.149352
    },
    "CH89SpinOrbit": {
        "V_so": 5.46282,
        "r_so": 1.45302,
        "r_so_0": -1.54467,
        "a_so": 0.60117
    },
    "CH89ImagCentral": {
        "W_v0": 16.2689,
        "W_ve0": 72.9391,
        "W_vew": 25.7173,
        "W_s0": 13.6773,
        "W_st": 30.9953,
        "W_se0": 18.4567,
        "W_sew": 64.2909,
        "r_w": 1.28852,
        "r_w0": -0.597005,
        "a_w": 0.773379
    }
}